assertion_id,building_id,field_name,asserted_value,source_keys,confidence,needs_review,research_note
CHI-B1830-001-A01,CHI-B1830-001,existence_and_identity,First federal lighthouse tower attempt,ANDREAS_CIVIC;EOC_LIGHTHOUSE,high,false,Verified: Congress appropriated funds in March 1831; a planned 50-foot tower collapsed before completion. This is a distinct construction episode from the operating 1832 lighthouse.
CHI-B1830-001-A02,CHI-B1830-001,historical_address,North end of Fort Dearborn reservation near river mouth,ANDREAS_CIVIC;EOC_LIGHTHOUSE,high,false,Verified: Congress appropriated funds in March 1831; a planned 50-foot tower collapsed before completion. This is a distinct construction episode from the operating 1832 lighthouse.
CHI-B1830-001-A03,CHI-B1830-001,architect_or_builder,Samuel Jackson,ANDREAS_CIVIC;EOC_LIGHTHOUSE,high,false,Verified: Congress appropriated funds in March 1831; a planned 50-foot tower collapsed before completion. This is a distinct construction episode from the operating 1832 lighthouse.
CHI-B1830-001-A04,CHI-B1830-001,year_demolished,1831,ANDREAS_CIVIC;EOC_LIGHTHOUSE,high,false,Verified: Congress appropriated funds in March 1831; a planned 50-foot tower collapsed before completion. This is a distinct construction episode from the operating 1832 lighthouse.
CHI-B1830-001-A05,CHI-B1830-001,fire_fate_1871,not exposed,ANDREAS_CIVIC;EOC_LIGHTHOUSE,high,false,Verified: Congress appropriated funds in March 1831; a planned 50-foot tower collapsed before completion. This is a distinct construction episode from the operating 1832 lighthouse.
CHI-B1830-002-A01,CHI-B1830-002,existence_and_identity,Chicago Lighthouse,ANDREAS_CIVIC;EOC_LIGHTHOUSE,high,false,Verified: the replacement tower was 40 feet high and completed in 1832; the Encyclopedia independently identifies Chicago's first operating lighthouse in 1832. Andreas records an earlier failed tower under the same appropriation.
CHI-B1830-002-A02,CHI-B1830-002,year_completed,1832,ANDREAS_CIVIC;EOC_LIGHTHOUSE,high,false,Verified: the replacement tower was 40 feet high and completed in 1832; the Encyclopedia independently identifies Chicago's first operating lighthouse in 1832. Andreas records an earlier failed tower under the same appropriation.
CHI-B1830-002-A03,CHI-B1830-002,historical_address,North end of Fort Dearborn reservation on south bank near river mouth,ANDREAS_CIVIC;EOC_LIGHTHOUSE,high,false,Verified: the replacement tower was 40 feet high and completed in 1832; the Encyclopedia independently identifies Chicago's first operating lighthouse in 1832. Andreas records an earlier failed tower under the same appropriation.
CHI-B1830-002-A04,CHI-B1830-002,architect_or_builder,Samuel Jackson,ANDREAS_CIVIC;EOC_LIGHTHOUSE,high,false,Verified: the replacement tower was 40 feet high and completed in 1832; the Encyclopedia independently identifies Chicago's first operating lighthouse in 1832. Andreas records an earlier failed tower under the same appropriation.
CHI-B1830-002-A05,CHI-B1830-002,year_demolished,1852,ANDREAS_CIVIC;EOC_LIGHTHOUSE,high,false,Verified: the replacement tower was 40 feet high and completed in 1832; the Encyclopedia independently identifies Chicago's first operating lighthouse in 1832. Andreas records an earlier failed tower under the same appropriation.
CHI-B1830-002-A06,CHI-B1830-002,fire_fate_1871,not exposed,ANDREAS_CIVIC;EOC_LIGHTHOUSE,high,false,Verified: the replacement tower was 40 feet high and completed in 1832; the Encyclopedia independently identifies Chicago's first operating lighthouse in 1832. Andreas records an earlier failed tower under the same appropriation.
CHI-B1830-003-A01,CHI-B1830-003,existence_and_identity,P. F. W. Peck log store,ANDREAS_EARLY,high,true,Verified: Andreas explicitly identifies a small log store built by Peck in 1831. Exact lot and later fate are not given.
CHI-B1830-003-A02,CHI-B1830-003,year_completed,1831,ANDREAS_EARLY,high,true,Verified: Andreas explicitly identifies a small log store built by Peck in 1831. Exact lot and later fate are not given.
CHI-B1830-003-A03,CHI-B1830-003,historical_address,Near Fort Dearborn,ANDREAS_EARLY,high,true,Verified: Andreas explicitly identifies a small log store built by Peck in 1831. Exact lot and later fate are not given.
CHI-B1830-003-A04,CHI-B1830-003,fire_fate_1871,unknown,ANDREAS_EARLY,high,true,Verified: Andreas explicitly identifies a small log store built by Peck in 1831. Exact lot and later fate are not given.
CHI-B1830-004-A01,CHI-B1830-004,existence_and_identity,Madore Beaubien log store and tailor shop,ANDREAS_EARLY,high,false,Verified: first building on Lot 1; one room was a store and the other Anson H. Taylor's tailor shop.
CHI-B1830-004-A02,CHI-B1830-004,year_completed,1831,ANDREAS_EARLY,high,false,Verified: first building on Lot 1; one room was a store and the other Anson H. Taylor's tailor shop.
CHI-B1830-004-A03,CHI-B1830-004,historical_address,Lot 1 at southwest corner of South Water and Dearborn Streets,ANDREAS_EARLY,high,false,Verified: first building on Lot 1; one room was a store and the other Anson H. Taylor's tailor shop.
CHI-B1830-004-A04,CHI-B1830-004,fire_fate_1871,unknown,ANDREAS_EARLY,high,false,Verified: first building on Lot 1; one room was a store and the other Anson H. Taylor's tailor shop.
CHI-B1830-005-A01,CHI-B1830-005,existence_and_identity,Sauganash Hotel,ANDREAS_EARLY;ANDREAS_HOTELS,high,false,Verified: the frame hotel was erected in 1831 around/adjacent to an earlier cabin and burned in 1851. Andreas reports a contemporary claim that it was Chicago's first frame building but also notes an earlier frame house for Billy Caldwell; the priority claim is therefore not adopted as fact.
CHI-B1830-005-A02,CHI-B1830-005,year_completed,1831,ANDREAS_EARLY;ANDREAS_HOTELS,high,false,Verified: the frame hotel was erected in 1831 around/adjacent to an earlier cabin and burned in 1851. Andreas reports a contemporary claim that it was Chicago's first frame building but also notes an earlier frame house for Billy Caldwell; the priority claim is therefore not adopted as fact.
CHI-B1830-005-A03,CHI-B1830-005,historical_address,Southeast corner of Lake and Market Streets,ANDREAS_EARLY;ANDREAS_HOTELS,high,false,Verified: the frame hotel was erected in 1831 around/adjacent to an earlier cabin and burned in 1851. Andreas reports a contemporary claim that it was Chicago's first frame building but also notes an earlier frame house for Billy Caldwell; the priority claim is therefore not adopted as fact.
CHI-B1830-005-A04,CHI-B1830-005,year_demolished,1851,ANDREAS_EARLY;ANDREAS_HOTELS,high,false,Verified: the frame hotel was erected in 1831 around/adjacent to an earlier cabin and burned in 1851. Andreas reports a contemporary claim that it was Chicago's first frame building but also notes an earlier frame house for Billy Caldwell; the priority claim is therefore not adopted as fact.
CHI-B1830-005-A05,CHI-B1830-005,fire_fate_1871,not exposed,ANDREAS_EARLY;ANDREAS_HOTELS,high,false,Verified: the frame hotel was erected in 1831 around/adjacent to an earlier cabin and burned in 1851. Andreas reports a contemporary claim that it was Chicago's first frame building but also notes an earlier frame house for Billy Caldwell; the priority claim is therefore not adopted as fact.
CHI-B1830-006-A01,CHI-B1830-006,existence_and_identity,Mansion House,ANDREAS_EARLY;ANDREAS_HOTELS,high,true,Verified: built in 1831; a frame front was added in 1833. The greater portion moved in 1850 and was known as the Dearborn House. Final fate is not established in the cited passage.
CHI-B1830-006-A02,CHI-B1830-006,year_completed,1831,ANDREAS_EARLY;ANDREAS_HOTELS,high,true,Verified: built in 1831; a frame front was added in 1833. The greater portion moved in 1850 and was known as the Dearborn House. Final fate is not established in the cited passage.
CHI-B1830-006-A03,CHI-B1830-006,historical_address,84-86 Lake Street near Dearborn Street,ANDREAS_EARLY;ANDREAS_HOTELS,high,true,Verified: built in 1831; a frame front was added in 1833. The greater portion moved in 1850 and was known as the Dearborn House. Final fate is not established in the cited passage.
CHI-B1830-006-A04,CHI-B1830-006,fire_fate_1871,unknown,ANDREAS_EARLY;ANDREAS_HOTELS,high,true,Verified: built in 1831; a frame front was added in 1833. The greater portion moved in 1850 and was known as the Dearborn House. Final fate is not established in the cited passage.
CHI-B1830-007-A01,CHI-B1830-007,existence_and_identity,South Branch log bridge,ANDREAS_EARLY;ANDREAS_CIVIC,medium,true,"Verified: built in 1832 for $486.20, including $200 contributed by Potawatomi residents; described as the only team bridge before 1834. A chronological-index statement elsewhere suggests 1830, but the detailed narrative's 1832 date is retained and the conflict flagged."
CHI-B1830-007-A02,CHI-B1830-007,year_completed,1832,ANDREAS_EARLY;ANDREAS_CIVIC,medium,true,"Verified: built in 1832 for $486.20, including $200 contributed by Potawatomi residents; described as the only team bridge before 1834. A chronological-index statement elsewhere suggests 1830, but the detailed narrative's 1832 date is retained and the conflict flagged."
CHI-B1830-007-A03,CHI-B1830-007,historical_address,"Across South Branch between Randolph and Lake Streets, nearer Randolph",ANDREAS_EARLY;ANDREAS_CIVIC,medium,true,"Verified: built in 1832 for $486.20, including $200 contributed by Potawatomi residents; described as the only team bridge before 1834. A chronological-index statement elsewhere suggests 1830, but the detailed narrative's 1832 date is retained and the conflict flagged."
CHI-B1830-007-A04,CHI-B1830-007,architect_or_builder,Anson Taylor; Charles Taylor,ANDREAS_EARLY;ANDREAS_CIVIC,medium,true,"Verified: built in 1832 for $486.20, including $200 contributed by Potawatomi residents; described as the only team bridge before 1834. A chronological-index statement elsewhere suggests 1830, but the detailed narrative's 1832 date is retained and the conflict flagged."
CHI-B1830-007-A05,CHI-B1830-007,fire_fate_1871,not exposed,ANDREAS_EARLY;ANDREAS_CIVIC,medium,true,"Verified: built in 1832 for $486.20, including $200 contributed by Potawatomi residents; described as the only team bridge before 1834. A chronological-index statement elsewhere suggests 1830, but the detailed narrative's 1832 date is retained and the conflict flagged."
CHI-B1830-008-A01,CHI-B1830-008,existence_and_identity,John Watkins public school building,ANDREAS_CIVIC,medium,true,Verified: Andreas says Hamilton and Owen erected the building in 1833 and John Watkins used it as a public school. The OCR/name reading 'Owen' should be checked against the scan because other Chicago school histories associate William B. Ogden with early school trustees.
CHI-B1830-008-A02,CHI-B1830-008,year_completed,1833,ANDREAS_CIVIC,medium,true,Verified: Andreas says Hamilton and Owen erected the building in 1833 and John Watkins used it as a public school. The OCR/name reading 'Owen' should be checked against the scan because other Chicago school histories associate William B. Ogden with early school trustees.
CHI-B1830-008-A03,CHI-B1830-008,historical_address,Riverbank just east of Clark Street,ANDREAS_CIVIC,medium,true,Verified: Andreas says Hamilton and Owen erected the building in 1833 and John Watkins used it as a public school. The OCR/name reading 'Owen' should be checked against the scan because other Chicago school histories associate William B. Ogden with early school trustees.
CHI-B1830-008-A04,CHI-B1830-008,fire_fate_1871,unknown,ANDREAS_CIVIC,medium,true,Verified: Andreas says Hamilton and Owen erected the building in 1833 and John Watkins used it as a public school. The OCR/name reading 'Owen' should be checked against the scan because other Chicago school histories associate William B. Ogden with early school trustees.
CHI-B1830-009-A01,CHI-B1830-009,existence_and_identity,Temple Building,ANDREAS_EARLY;ANDREAS_RELIGION,high,true,Verified: erected in 1833; lower hall hosted several congregations and the upper story was a schoolroom. Andreas calls it the earliest Chicago structure specially dedicated to religious and educational use.
CHI-B1830-009-A02,CHI-B1830-009,year_completed,1833,ANDREAS_EARLY;ANDREAS_RELIGION,high,true,Verified: erected in 1833; lower hall hosted several congregations and the upper story was a schoolroom. Andreas calls it the earliest Chicago structure specially dedicated to religious and educational use.
CHI-B1830-009-A03,CHI-B1830-009,historical_address,Southeast corner of Franklin and South Water Streets,ANDREAS_EARLY;ANDREAS_RELIGION,high,true,Verified: erected in 1833; lower hall hosted several congregations and the upper story was a schoolroom. Andreas calls it the earliest Chicago structure specially dedicated to religious and educational use.
CHI-B1830-009-A04,CHI-B1830-009,fire_fate_1871,unknown,ANDREAS_EARLY;ANDREAS_RELIGION,high,true,Verified: erected in 1833; lower hall hosted several congregations and the upper story was a schoolroom. Andreas calls it the earliest Chicago structure specially dedicated to religious and educational use.
CHI-B1830-010-A01,CHI-B1830-010,existence_and_identity,First St. Mary's Catholic Church,ANDREAS_RELIGION,high,true,Verified: frame raised in August and sufficiently complete for October 1833 dedication; cost about $400. It was later moved and enlarged more than once. Exact final disposition of the original fabric is not established.
CHI-B1830-010-A02,CHI-B1830-010,year_completed,1833,ANDREAS_RELIGION,high,true,Verified: frame raised in August and sufficiently complete for October 1833 dedication; cost about $400. It was later moved and enlarged more than once. Exact final disposition of the original fabric is not established.
CHI-B1830-010-A03,CHI-B1830-010,historical_address,Near southwest corner of Lake and State Streets,ANDREAS_RELIGION,high,true,Verified: frame raised in August and sufficiently complete for October 1833 dedication; cost about $400. It was later moved and enlarged more than once. Exact final disposition of the original fabric is not established.
CHI-B1830-010-A04,CHI-B1830-010,architect_or_builder,Augustine Deodat Taylor,ANDREAS_RELIGION,high,true,Verified: frame raised in August and sufficiently complete for October 1833 dedication; cost about $400. It was later moved and enlarged more than once. Exact final disposition of the original fabric is not established.
CHI-B1830-010-A05,CHI-B1830-010,fire_fate_1871,unknown,ANDREAS_RELIGION,high,true,Verified: frame raised in August and sufficiently complete for October 1833 dedication; cost about $400. It was later moved and enlarged more than once. Exact final disposition of the original fabric is not established.
CHI-B1830-011-A01,CHI-B1830-011,existence_and_identity,First Presbyterian Church,ANDREAS_RELIGION,high,true,"Verified: completed in late fall or early winter 1833 and dedicated January 4, 1834; cost about $600. Later church construction makes exposure of this original building to the 1871 fire unlikely, but a precise demolition date requires follow-up."
CHI-B1830-011-A02,CHI-B1830-011,year_completed,1833,ANDREAS_RELIGION,high,true,"Verified: completed in late fall or early winter 1833 and dedicated January 4, 1834; cost about $600. Later church construction makes exposure of this original building to the 1871 fire unlikely, but a precise demolition date requires follow-up."
CHI-B1830-011-A03,CHI-B1830-011,historical_address,"Lot 1, Block 34, southwest corner of Lake and Clark Streets",ANDREAS_RELIGION,high,true,"Verified: completed in late fall or early winter 1833 and dedicated January 4, 1834; cost about $600. Later church construction makes exposure of this original building to the 1871 fire unlikely, but a precise demolition date requires follow-up."
CHI-B1830-011-A04,CHI-B1830-011,architect_or_builder,Joseph Meeker,ANDREAS_RELIGION,high,true,"Verified: completed in late fall or early winter 1833 and dedicated January 4, 1834; cost about $600. Later church construction makes exposure of this original building to the 1871 fire unlikely, but a precise demolition date requires follow-up."
CHI-B1830-011-A05,CHI-B1830-011,fire_fate_1871,not exposed,ANDREAS_RELIGION,high,true,"Verified: completed in late fall or early winter 1833 and dedicated January 4, 1834; cost about $600. Later church construction makes exposure of this original building to the 1871 fire unlikely, but a precise demolition date requires follow-up."
CHI-B1830-012-A01,CHI-B1830-012,existence_and_identity,Green Tree Tavern,ANDREAS_EARLY;ANDREAS_HOTELS,high,false,"Verified: built by James Kinzie in 1833 and moved in 1880; Andreas reported it extant in 1884, proving survival of the 1871 fire. Later destruction/collapse is outside the cited record and should be verified before adding a demolition year."
CHI-B1830-012-A02,CHI-B1830-012,year_completed,1833,ANDREAS_EARLY;ANDREAS_HOTELS,high,false,"Verified: built by James Kinzie in 1833 and moved in 1880; Andreas reported it extant in 1884, proving survival of the 1871 fire. Later destruction/collapse is outside the cited record and should be verified before adding a demolition year."
CHI-B1830-012-A03,CHI-B1830-012,historical_address,"Lot 7, Block 22, northeast corner of North Canal and West Lake Streets",ANDREAS_EARLY;ANDREAS_HOTELS,high,false,"Verified: built by James Kinzie in 1833 and moved in 1880; Andreas reported it extant in 1884, proving survival of the 1871 fire. Later destruction/collapse is outside the cited record and should be verified before adding a demolition year."
CHI-B1830-012-A04,CHI-B1830-012,fire_fate_1871,survived,ANDREAS_EARLY;ANDREAS_HOTELS,high,false,"Verified: built by James Kinzie in 1833 and moved in 1880; Andreas reported it extant in 1884, proving survival of the 1871 fire. Later destruction/collapse is outside the cited record and should be verified before adding a demolition year."
CHI-B1830-013-A01,CHI-B1830-013,existence_and_identity,First Tremont House,ANDREAS_EARLY;ANDREAS_CIVIC;ANDREAS_HOTELS,high,false,"Verified: the first Tremont was built in 1833 and destroyed by fire October 27, 1839."
CHI-B1830-013-A02,CHI-B1830-013,year_completed,1833,ANDREAS_EARLY;ANDREAS_CIVIC;ANDREAS_HOTELS,high,false,"Verified: the first Tremont was built in 1833 and destroyed by fire October 27, 1839."
CHI-B1830-013-A03,CHI-B1830-013,historical_address,Northwest corner of Lake and Dearborn Streets,ANDREAS_EARLY;ANDREAS_CIVIC;ANDREAS_HOTELS,high,false,"Verified: the first Tremont was built in 1833 and destroyed by fire October 27, 1839."
CHI-B1830-013-A04,CHI-B1830-013,year_demolished,1839,ANDREAS_EARLY;ANDREAS_CIVIC;ANDREAS_HOTELS,high,false,"Verified: the first Tremont was built in 1833 and destroyed by fire October 27, 1839."
CHI-B1830-013-A05,CHI-B1830-013,fire_fate_1871,not exposed,ANDREAS_EARLY;ANDREAS_CIVIC;ANDREAS_HOTELS,high,false,"Verified: the first Tremont was built in 1833 and destroyed by fire October 27, 1839."
CHI-B1830-014-A01,CHI-B1830-014,existence_and_identity,First Cook County jail,ANDREAS_CIVIC,high,true,"Verified: erected in fall 1833; a separate oak-cell addition followed. It had been superseded before the fire era, but exact removal date is not established here."
CHI-B1830-014-A02,CHI-B1830-014,year_completed,1833,ANDREAS_CIVIC,high,true,"Verified: erected in fall 1833; a separate oak-cell addition followed. It had been superseded before the fire era, but exact removal date is not established here."
CHI-B1830-014-A03,CHI-B1830-014,historical_address,Northwest corner of the Public Square,ANDREAS_CIVIC,high,true,"Verified: erected in fall 1833; a separate oak-cell addition followed. It had been superseded before the fire era, but exact removal date is not established here."
CHI-B1830-014-A04,CHI-B1830-014,fire_fate_1871,not exposed,ANDREAS_CIVIC,high,true,"Verified: erected in fall 1833; a separate oak-cell addition followed. It had been superseded before the fire era, but exact removal date is not established here."
CHI-B1830-015-A01,CHI-B1830-015,existence_and_identity,John Bates house,ANDREAS_EARLY,high,true,"Verified: first house on Canal Street in fall 1833; lumber reportedly cost $700. Sold to Chief Joseph Laframboise, whose family occupied it until 1836 emigration."
CHI-B1830-015-A02,CHI-B1830-015,year_completed,1833,ANDREAS_EARLY,high,true,"Verified: first house on Canal Street in fall 1833; lumber reportedly cost $700. Sold to Chief Joseph Laframboise, whose family occupied it until 1836 emigration."
CHI-B1830-015-A03,CHI-B1830-015,historical_address,Canal Street,ANDREAS_EARLY,high,true,"Verified: first house on Canal Street in fall 1833; lumber reportedly cost $700. Sold to Chief Joseph Laframboise, whose family occupied it until 1836 emigration."
CHI-B1830-015-A04,CHI-B1830-015,fire_fate_1871,unknown,ANDREAS_EARLY,high,true,"Verified: first house on Canal Street in fall 1833; lumber reportedly cost $700. Sold to Chief Joseph Laframboise, whose family occupied it until 1836 emigration."
CHI-B1830-016-A01,CHI-B1830-016,existence_and_identity,Miller and Hall tannery shed,ANDREAS_EARLY,medium,true,Verified: a tannery shed near Miller's tavern is described as the only manufactory in 1833. Construction year is not stated; 1833 is an active-by date rather than asserted completion.
CHI-B1830-016-A02,CHI-B1830-016,year_completed,1833,ANDREAS_EARLY,medium,true,Verified: a tannery shed near Miller's tavern is described as the only manufactory in 1833. Construction year is not stated; 1833 is an active-by date rather than asserted completion.
CHI-B1830-016-A03,CHI-B1830-016,historical_address,Near Miller's tavern at Wolf Point,ANDREAS_EARLY,medium,true,Verified: a tannery shed near Miller's tavern is described as the only manufactory in 1833. Construction year is not stated; 1833 is an active-by date rather than asserted completion.
CHI-B1830-016-A04,CHI-B1830-016,architect_or_builder,John Miller; Benjamin Hall,ANDREAS_EARLY,medium,true,Verified: a tannery shed near Miller's tavern is described as the only manufactory in 1833. Construction year is not stated; 1833 is an active-by date rather than asserted completion.
CHI-B1830-016-A05,CHI-B1830-016,fire_fate_1871,unknown,ANDREAS_EARLY,medium,true,Verified: a tannery shed near Miller's tavern is described as the only manufactory in 1833. Construction year is not stated; 1833 is an active-by date rather than asserted completion.
CHI-B1830-017-A01,CHI-B1830-017,existence_and_identity,First Chicago harbor south pier section,ANDREAS_EARLY;EOC_INFRASTRUCTURE,medium,true,"Verified: pier work was underway in 1833; the Encyclopedia states the Army Corps completed the initial channel work in 1834. This row represents an infrastructure segment, not a conventional building."
CHI-B1830-017-A02,CHI-B1830-017,year_completed,1834,ANDREAS_EARLY;EOC_INFRASTRUCTURE,medium,true,"Verified: pier work was underway in 1833; the Encyclopedia states the Army Corps completed the initial channel work in 1834. This row represents an infrastructure segment, not a conventional building."
CHI-B1830-017-A03,CHI-B1830-017,historical_address,South side of the Chicago River mouth,ANDREAS_EARLY;EOC_INFRASTRUCTURE,medium,true,"Verified: pier work was underway in 1833; the Encyclopedia states the Army Corps completed the initial channel work in 1834. This row represents an infrastructure segment, not a conventional building."
CHI-B1830-017-A04,CHI-B1830-017,architect_or_builder,U.S. Army engineers,ANDREAS_EARLY;EOC_INFRASTRUCTURE,medium,true,"Verified: pier work was underway in 1833; the Encyclopedia states the Army Corps completed the initial channel work in 1834. This row represents an infrastructure segment, not a conventional building."
CHI-B1830-017-A05,CHI-B1830-017,fire_fate_1871,not exposed,ANDREAS_EARLY;EOC_INFRASTRUCTURE,medium,true,"Verified: pier work was underway in 1833; the Encyclopedia states the Army Corps completed the initial channel work in 1834. This row represents an infrastructure segment, not a conventional building."
CHI-B1830-018-A01,CHI-B1830-018,existence_and_identity,Dearborn Street drawbridge,ANDREAS_EARLY;ANDREAS_CIVIC,high,false,Verified: constructed in March 1834 by William Norton and demolished in 1839.
CHI-B1830-018-A02,CHI-B1830-018,year_completed,1834,ANDREAS_EARLY;ANDREAS_CIVIC,high,false,Verified: constructed in March 1834 by William Norton and demolished in 1839.
CHI-B1830-018-A03,CHI-B1830-018,historical_address,Chicago River at Dearborn Street,ANDREAS_EARLY;ANDREAS_CIVIC,high,false,Verified: constructed in March 1834 by William Norton and demolished in 1839.
CHI-B1830-018-A04,CHI-B1830-018,architect_or_builder,William Norton,ANDREAS_EARLY;ANDREAS_CIVIC,high,false,Verified: constructed in March 1834 by William Norton and demolished in 1839.
CHI-B1830-018-A05,CHI-B1830-018,year_demolished,1839,ANDREAS_EARLY;ANDREAS_CIVIC,high,false,Verified: constructed in March 1834 by William Norton and demolished in 1839.
CHI-B1830-018-A06,CHI-B1830-018,fire_fate_1871,not exposed,ANDREAS_EARLY;ANDREAS_CIVIC,high,false,Verified: constructed in March 1834 by William Norton and demolished in 1839.
CHI-B1830-019-A01,CHI-B1830-019,existence_and_identity,Exchange Coffee House,ANDREAS_HOTELS,high,true,Verified: completed in 1834 and first operated in August by John and Harriet Murphy. Later fate is not established in the cited account.
CHI-B1830-019-A02,CHI-B1830-019,year_completed,1834,ANDREAS_HOTELS,high,true,Verified: completed in 1834 and first operated in August by John and Harriet Murphy. Later fate is not established in the cited account.
CHI-B1830-019-A03,CHI-B1830-019,historical_address,Northwest corner of Wells and Lake Streets,ANDREAS_HOTELS,high,true,Verified: completed in 1834 and first operated in August by John and Harriet Murphy. Later fate is not established in the cited account.
CHI-B1830-019-A04,CHI-B1830-019,fire_fate_1871,unknown,ANDREAS_HOTELS,high,true,Verified: completed in 1834 and first operated in August by John and Harriet Murphy. Later fate is not established in the cited account.
CHI-B1830-020-A01,CHI-B1830-020,existence_and_identity,First Methodist Episcopal Church,ANDREAS_RELIGION,high,true,"Verified: building contract dated June 30, 1834 for $580; completed for use that year. Moved across the river on scows in summer 1838 and enlarged. This corrects the inherited asset's unsupported 1836 date."
CHI-B1830-020-A02,CHI-B1830-020,year_completed,1834,ANDREAS_RELIGION,high,true,"Verified: building contract dated June 30, 1834 for $580; completed for use that year. Moved across the river on scows in summer 1838 and enlarged. This corrects the inherited asset's unsupported 1836 date."
CHI-B1830-020-A03,CHI-B1830-020,historical_address,North Water and Clark Streets,ANDREAS_RELIGION,high,true,"Verified: building contract dated June 30, 1834 for $580; completed for use that year. Moved across the river on scows in summer 1838 and enlarged. This corrects the inherited asset's unsupported 1836 date."
CHI-B1830-020-A04,CHI-B1830-020,architect_or_builder,Henry Whitehead; John Stewart,ANDREAS_RELIGION,high,true,"Verified: building contract dated June 30, 1834 for $580; completed for use that year. Moved across the river on scows in summer 1838 and enlarged. This corrects the inherited asset's unsupported 1836 date."
CHI-B1830-020-A05,CHI-B1830-020,fire_fate_1871,unknown,ANDREAS_RELIGION,high,true,"Verified: building contract dated June 30, 1834 for $580; completed for use that year. Moved across the river on scows in summer 1838 and enlarged. This corrects the inherited asset's unsupported 1836 date."
CHI-B1830-021-A01,CHI-B1830-021,existence_and_identity,Briggs and Humphrey wagon shop,ANDREAS_MFG,high,true,Verified: manufacturing history dates the Randolph Street shop to spring 1834. Exact address and fabric are not supplied.
CHI-B1830-021-A02,CHI-B1830-021,year_completed,1834,ANDREAS_MFG,high,true,Verified: manufacturing history dates the Randolph Street shop to spring 1834. Exact address and fabric are not supplied.
CHI-B1830-021-A03,CHI-B1830-021,historical_address,Randolph Street,ANDREAS_MFG,high,true,Verified: manufacturing history dates the Randolph Street shop to spring 1834. Exact address and fabric are not supplied.
CHI-B1830-021-A04,CHI-B1830-021,fire_fate_1871,unknown,ANDREAS_MFG,high,true,Verified: manufacturing history dates the Randolph Street shop to spring 1834. Exact address and fabric are not supplied.
CHI-B1830-022-A01,CHI-B1830-022,existence_and_identity,New York House,ANDREAS_HOTELS,medium,true,Verified: built in 1834 and opened in 1835 by Lathrop Johnson and George Stevens. Exact location and fate need additional directory/deed research.
CHI-B1830-022-A02,CHI-B1830-022,year_completed,1834,ANDREAS_HOTELS,medium,true,Verified: built in 1834 and opened in 1835 by Lathrop Johnson and George Stevens. Exact location and fate need additional directory/deed research.
CHI-B1830-022-A03,CHI-B1830-022,historical_address,Address not established in cited passage,ANDREAS_HOTELS,medium,true,Verified: built in 1834 and opened in 1835 by Lathrop Johnson and George Stevens. Exact location and fate need additional directory/deed research.
CHI-B1830-022-A04,CHI-B1830-022,fire_fate_1871,unknown,ANDREAS_HOTELS,medium,true,Verified: built in 1834 and opened in 1835 by Lathrop Johnson and George Stevens. Exact location and fate need additional directory/deed research.
CHI-B1830-023-A01,CHI-B1830-023,existence_and_identity,John S. Wright schoolhouse,ANDREAS_CIVIC,high,true,"Verified: first Chicago building erected specifically for school purposes, financed privately, with Ruth Leavenworth teaching. It is not the later 1845 Dearborn School known as 'Miltimore's Folly.'"
CHI-B1830-023-A02,CHI-B1830-023,year_completed,1835,ANDREAS_CIVIC,high,true,"Verified: first Chicago building erected specifically for school purposes, financed privately, with Ruth Leavenworth teaching. It is not the later 1845 Dearborn School known as 'Miltimore's Folly.'"
CHI-B1830-023-A03,CHI-B1830-023,historical_address,Clark Street just south of Lake Street,ANDREAS_CIVIC,high,true,"Verified: first Chicago building erected specifically for school purposes, financed privately, with Ruth Leavenworth teaching. It is not the later 1845 Dearborn School known as 'Miltimore's Folly.'"
CHI-B1830-023-A04,CHI-B1830-023,fire_fate_1871,not exposed,ANDREAS_CIVIC,high,true,"Verified: first Chicago building erected specifically for school purposes, financed privately, with Ruth Leavenworth teaching. It is not the later 1845 Dearborn School known as 'Miltimore's Folly.'"
CHI-B1830-024-A01,CHI-B1830-024,existence_and_identity,First Cook County Courthouse,ANDREAS_CIVIC;ANDREAS_ARCH,high,true,"Verified: completed in fall 1835, with offices below and a courtroom seating about 200 above. It was superseded before 1871; exact demolition/removal date requires follow-up."
CHI-B1830-024-A02,CHI-B1830-024,year_completed,1835,ANDREAS_CIVIC;ANDREAS_ARCH,high,true,"Verified: completed in fall 1835, with offices below and a courtroom seating about 200 above. It was superseded before 1871; exact demolition/removal date requires follow-up."
CHI-B1830-024-A03,CHI-B1830-024,historical_address,Northeast corner of Public Square at Clark and Randolph Streets,ANDREAS_CIVIC;ANDREAS_ARCH,high,true,"Verified: completed in fall 1835, with offices below and a courtroom seating about 200 above. It was superseded before 1871; exact demolition/removal date requires follow-up."
CHI-B1830-024-A04,CHI-B1830-024,fire_fate_1871,not exposed,ANDREAS_CIVIC;ANDREAS_ARCH,high,true,"Verified: completed in fall 1835, with offices below and a courtroom seating about 200 above. It was superseded before 1871; exact demolition/removal date requires follow-up."
CHI-B1830-025-A01,CHI-B1830-025,existence_and_identity,First fire engine house,ANDREAS_CIVIC,medium,true,Verified: an engine house costing $200 was completed by 1836 and stood on the Public Square by 1837. Exact completion date within 1835-36 is not clear.
CHI-B1830-025-A02,CHI-B1830-025,year_completed,1836,ANDREAS_CIVIC,medium,true,Verified: an engine house costing $200 was completed by 1836 and stood on the Public Square by 1837. Exact completion date within 1835-36 is not clear.
CHI-B1830-025-A03,CHI-B1830-025,historical_address,Public Square,ANDREAS_CIVIC,medium,true,Verified: an engine house costing $200 was completed by 1836 and stood on the Public Square by 1837. Exact completion date within 1835-36 is not clear.
CHI-B1830-025-A04,CHI-B1830-025,fire_fate_1871,not exposed,ANDREAS_CIVIC,medium,true,Verified: an engine house costing $200 was completed by 1836 and stood on the Public Square by 1837. Exact completion date within 1835-36 is not clear.
CHI-B1830-026-A01,CHI-B1830-026,existence_and_identity,Chicago Furnace,ANDREAS_MFG,high,true,Verified: erected in fall 1835 and produced its first castings in December. Later fate and exact parcel are not given.
CHI-B1830-026-A02,CHI-B1830-026,year_completed,1835,ANDREAS_MFG,high,true,Verified: erected in fall 1835 and produced its first castings in December. Later fate and exact parcel are not given.
CHI-B1830-026-A03,CHI-B1830-026,historical_address,Polk Street on west side of South Branch,ANDREAS_MFG,high,true,Verified: erected in fall 1835 and produced its first castings in December. Later fate and exact parcel are not given.
CHI-B1830-026-A04,CHI-B1830-026,fire_fate_1871,unknown,ANDREAS_MFG,high,true,Verified: erected in fall 1835 and produced its first castings in December. Later fate and exact parcel are not given.
CHI-B1830-027-A01,CHI-B1830-027,existence_and_identity,Western Hotel,ANDREAS_HOTELS,high,false,"Verified: built about 1835; partially burned and rebuilt in 1854; Andreas reported it still standing in 1884, proving survival of the 1871 fire."
CHI-B1830-027-A02,CHI-B1830-027,year_completed,1835,ANDREAS_HOTELS,high,false,"Verified: built about 1835; partially burned and rebuilt in 1854; Andreas reported it still standing in 1884, proving survival of the 1871 fire."
CHI-B1830-027-A03,CHI-B1830-027,historical_address,Southeast corner of Canal and Randolph Streets,ANDREAS_HOTELS,high,false,"Verified: built about 1835; partially burned and rebuilt in 1854; Andreas reported it still standing in 1884, proving survival of the 1871 fire."
CHI-B1830-027-A04,CHI-B1830-027,fire_fate_1871,survived,ANDREAS_HOTELS,high,false,"Verified: built about 1835; partially burned and rebuilt in 1854; Andreas reported it still standing in 1884, proving survival of the 1871 fire."
CHI-B1830-028-A01,CHI-B1830-028,existence_and_identity,District No. 4 temporary public schoolhouse,ANDREAS_CIVIC,high,true,Verified: built in fall 1836 using $200 borrowed funds and for several years the city's only owned schoolhouse; sold about 1845 for $40. Lot attribution is reported in the school history but should be checked against the original plat.
CHI-B1830-028-A02,CHI-B1830-028,year_completed,1836,ANDREAS_CIVIC,high,true,Verified: built in fall 1836 using $200 borrowed funds and for several years the city's only owned schoolhouse; sold about 1845 for $40. Lot attribution is reported in the school history but should be checked against the original plat.
CHI-B1830-028-A03,CHI-B1830-028,historical_address,"Lot 2, Block 142, First Ward, attribution in later school records",ANDREAS_CIVIC,high,true,Verified: built in fall 1836 using $200 borrowed funds and for several years the city's only owned schoolhouse; sold about 1845 for $40. Lot attribution is reported in the school history but should be checked against the original plat.
CHI-B1830-028-A04,CHI-B1830-028,year_demolished,1845,ANDREAS_CIVIC,high,true,Verified: built in fall 1836 using $200 borrowed funds and for several years the city's only owned schoolhouse; sold about 1845 for $40. Lot attribution is reported in the school history but should be checked against the original plat.
CHI-B1830-028-A05,CHI-B1830-028,fire_fate_1871,not exposed,ANDREAS_CIVIC,high,true,Verified: built in fall 1836 using $200 borrowed funds and for several years the city's only owned schoolhouse; sold about 1845 for $40. Lot attribution is reported in the school history but should be checked against the original plat.
CHI-B1830-029-A01,CHI-B1830-029,existence_and_identity,Lake House,ANDREAS_ARCH;ANDREAS_HOTELS,high,true,Verified: completed/opened in autumn 1836; remodeled in 1854 with an added story and cupola; destroyed in the 1871 fire. Source conflict: hotel chapter says three stories plus basement while architectural recollection calls it four stories.
CHI-B1830-029-A02,CHI-B1830-029,year_completed,1836,ANDREAS_ARCH;ANDREAS_HOTELS,high,true,Verified: completed/opened in autumn 1836; remodeled in 1854 with an added story and cupola; destroyed in the 1871 fire. Source conflict: hotel chapter says three stories plus basement while architectural recollection calls it four stories.
CHI-B1830-029-A03,CHI-B1830-029,historical_address,"At Kinzie, Rush, and Michigan Streets, facing Michigan Avenue",ANDREAS_ARCH;ANDREAS_HOTELS,high,true,Verified: completed/opened in autumn 1836; remodeled in 1854 with an added story and cupola; destroyed in the 1871 fire. Source conflict: hotel chapter says three stories plus basement while architectural recollection calls it four stories.
CHI-B1830-029-A04,CHI-B1830-029,architect_or_builder,Builder not named; later architectural recollections by J. M. Van Osdel,ANDREAS_ARCH;ANDREAS_HOTELS,high,true,Verified: completed/opened in autumn 1836; remodeled in 1854 with an added story and cupola; destroyed in the 1871 fire. Source conflict: hotel chapter says three stories plus basement while architectural recollection calls it four stories.
CHI-B1830-029-A05,CHI-B1830-029,year_demolished,1871,ANDREAS_ARCH;ANDREAS_HOTELS,high,true,Verified: completed/opened in autumn 1836; remodeled in 1854 with an added story and cupola; destroyed in the 1871 fire. Source conflict: hotel chapter says three stories plus basement while architectural recollection calls it four stories.
CHI-B1830-029-A06,CHI-B1830-029,fire_fate_1871,destroyed,ANDREAS_ARCH;ANDREAS_HOTELS,high,true,Verified: completed/opened in autumn 1836; remodeled in 1854 with an added story and cupola; destroyed in the 1871 fire. Source conflict: hotel chapter says three stories plus basement while architectural recollection calls it four stories.
CHI-B1830-030-A01,CHI-B1830-030,existence_and_identity,Steele's Block,ANDREAS_EARLY,medium,true,Verified: specifically listed among 1836 improvements as a block of four-story brick stores. Construction completion may have occurred in 1836 or immediately before the report; exact address/fate need directory research.
CHI-B1830-030-A02,CHI-B1830-030,year_completed,1836,ANDREAS_EARLY,medium,true,Verified: specifically listed among 1836 improvements as a block of four-story brick stores. Construction completion may have occurred in 1836 or immediately before the report; exact address/fate need directory research.
CHI-B1830-030-A03,CHI-B1830-030,historical_address,Lake Street,ANDREAS_EARLY,medium,true,Verified: specifically listed among 1836 improvements as a block of four-story brick stores. Construction completion may have occurred in 1836 or immediately before the report; exact address/fate need directory research.
CHI-B1830-030-A04,CHI-B1830-030,fire_fate_1871,unknown,ANDREAS_EARLY,medium,true,Verified: specifically listed among 1836 improvements as a block of four-story brick stores. Construction completion may have occurred in 1836 or immediately before the report; exact address/fate need directory research.
CHI-B1830-031-A01,CHI-B1830-031,existence_and_identity,Harmon and Loomis Block,ANDREAS_EARLY,medium,true,"Verified: specifically listed among 1836 improvements as a block of four-story brick stores. Exact construction date, lot, and fate need directory/deed research."
CHI-B1830-031-A02,CHI-B1830-031,year_completed,1836,ANDREAS_EARLY,medium,true,"Verified: specifically listed among 1836 improvements as a block of four-story brick stores. Exact construction date, lot, and fate need directory/deed research."
CHI-B1830-031-A03,CHI-B1830-031,historical_address,South Water Street,ANDREAS_EARLY,medium,true,"Verified: specifically listed among 1836 improvements as a block of four-story brick stores. Exact construction date, lot, and fate need directory/deed research."
CHI-B1830-031-A04,CHI-B1830-031,fire_fate_1871,unknown,ANDREAS_EARLY,medium,true,"Verified: specifically listed among 1836 improvements as a block of four-story brick stores. Exact construction date, lot, and fate need directory/deed research."
CHI-B1830-032-A01,CHI-B1830-032,existence_and_identity,City Hotel,ANDREAS_ARCH;ANDREAS_HOTELS,high,true,Verified: built in 1836-37 and opened in December 1837 under Jacob Russell; enlarged by two stories and renamed Sherman House in 1844. The original fabric's final disposition needs a later-volume check.
CHI-B1830-032-A02,CHI-B1830-032,year_completed,1837,ANDREAS_ARCH;ANDREAS_HOTELS,high,true,Verified: built in 1836-37 and opened in December 1837 under Jacob Russell; enlarged by two stories and renamed Sherman House in 1844. The original fabric's final disposition needs a later-volume check.
CHI-B1830-032-A03,CHI-B1830-032,historical_address,Opposite courthouse at Clark and Randolph Streets,ANDREAS_ARCH;ANDREAS_HOTELS,high,true,Verified: built in 1836-37 and opened in December 1837 under Jacob Russell; enlarged by two stories and renamed Sherman House in 1844. The original fabric's final disposition needs a later-volume check.
CHI-B1830-032-A04,CHI-B1830-032,fire_fate_1871,unknown,ANDREAS_ARCH;ANDREAS_HOTELS,high,true,Verified: built in 1836-37 and opened in December 1837 under Jacob Russell; enlarged by two stories and renamed Sherman House in 1844. The original fabric's final disposition needs a later-volume check.
CHI-B1830-033-A01,CHI-B1830-033,existence_and_identity,Lyman and Gage flour mill,ANDREAS_MFG,high,true,Verified: built during winter 1836-37 and completed February 1837.
CHI-B1830-033-A02,CHI-B1830-033,year_completed,1837,ANDREAS_MFG,high,true,Verified: built during winter 1836-37 and completed February 1837.
CHI-B1830-033-A03,CHI-B1830-033,historical_address,West bank of South Branch at west end of later Van Buren Street bridge,ANDREAS_MFG,high,true,Verified: built during winter 1836-37 and completed February 1837.
CHI-B1830-033-A04,CHI-B1830-033,architect_or_builder,Elihu Granger,ANDREAS_MFG,high,true,Verified: built during winter 1836-37 and completed February 1837.
CHI-B1830-033-A05,CHI-B1830-033,fire_fate_1871,unknown,ANDREAS_MFG,high,true,Verified: built during winter 1836-37 and completed February 1837.
CHI-B1830-034-A01,CHI-B1830-034,existence_and_identity,William B. Ogden House,ANDREAS_ARCH,medium,true,"Verified: plans made in fall 1836 and construction supervised/completed in 1837; Andreas says it still stood when the Great Fire began. Inference: Andreas also says the fire destroyed nearly every pre-1838 building, so destruction in 1871 is recorded as inferred rather than directly stated."
CHI-B1830-034-A02,CHI-B1830-034,year_completed,1837,ANDREAS_ARCH,medium,true,"Verified: plans made in fall 1836 and construction supervised/completed in 1837; Andreas says it still stood when the Great Fire began. Inference: Andreas also says the fire destroyed nearly every pre-1838 building, so destruction in 1871 is recorded as inferred rather than directly stated."
CHI-B1830-034-A03,CHI-B1830-034,historical_address,"Center of Block 35, Kinzie Addition, bounded by Rush, Ontario, Cass, and Erie Streets",ANDREAS_ARCH,medium,true,"Verified: plans made in fall 1836 and construction supervised/completed in 1837; Andreas says it still stood when the Great Fire began. Inference: Andreas also says the fire destroyed nearly every pre-1838 building, so destruction in 1871 is recorded as inferred rather than directly stated."
CHI-B1830-034-A04,CHI-B1830-034,architect_or_builder,J. M. Van Osdel,ANDREAS_ARCH,medium,true,"Verified: plans made in fall 1836 and construction supervised/completed in 1837; Andreas says it still stood when the Great Fire began. Inference: Andreas also says the fire destroyed nearly every pre-1838 building, so destruction in 1871 is recorded as inferred rather than directly stated."
CHI-B1830-034-A05,CHI-B1830-034,year_demolished,1871,ANDREAS_ARCH,medium,true,"Verified: plans made in fall 1836 and construction supervised/completed in 1837; Andreas says it still stood when the Great Fire began. Inference: Andreas also says the fire destroyed nearly every pre-1838 building, so destruction in 1871 is recorded as inferred rather than directly stated."
CHI-B1830-034-A06,CHI-B1830-034,fire_fate_1871,destroyed,ANDREAS_ARCH,medium,true,"Verified: plans made in fall 1836 and construction supervised/completed in 1837; Andreas says it still stood when the Great Fire began. Inference: Andreas also says the fire destroyed nearly every pre-1838 building, so destruction in 1871 is recorded as inferred rather than directly stated."
CHI-B1830-035-A01,CHI-B1830-035,existence_and_identity,Henry B. Clarke House,CHI_CLARKE,high,false,"Verified by official landmark record: built circa 1836, moved twice, and now operated as a house museum. It is among the few surviving pre-fire Chicago structures."
CHI-B1830-035-A02,CHI-B1830-035,year_completed,1836,CHI_CLARKE,high,false,"Verified by official landmark record: built circa 1836, moved twice, and now operated as a house museum. It is among the few surviving pre-fire Chicago structures."
CHI-B1830-035-A03,CHI-B1830-035,historical_address,Originally near Michigan Avenue and 16th Street; later 4500 block South Wabash,CHI_CLARKE,high,false,"Verified by official landmark record: built circa 1836, moved twice, and now operated as a house museum. It is among the few surviving pre-fire Chicago structures."
CHI-B1830-035-A04,CHI-B1830-035,architect_or_builder,Unknown,CHI_CLARKE,high,false,"Verified by official landmark record: built circa 1836, moved twice, and now operated as a house museum. It is among the few surviving pre-fire Chicago structures."
CHI-B1830-035-A05,CHI-B1830-035,fire_fate_1871,survived,CHI_CLARKE,high,false,"Verified by official landmark record: built circa 1836, moved twice, and now operated as a house museum. It is among the few surviving pre-fire Chicago structures."
CHI-B1830-036-A01,CHI-B1830-036,existence_and_identity,St. James Episcopal Church,ANDREAS_RELIGION;ANDREAS_ARCH,high,false,"Verified: erected and dedicated June 25, 1837; described as Chicago's first brick church. A replacement building was erected in 1857, so the original was not exposed to the 1871 fire."
CHI-B1830-036-A02,CHI-B1830-036,year_completed,1837,ANDREAS_RELIGION;ANDREAS_ARCH,high,false,"Verified: erected and dedicated June 25, 1837; described as Chicago's first brick church. A replacement building was erected in 1857, so the original was not exposed to the 1871 fire."
CHI-B1830-036-A03,CHI-B1830-036,historical_address,Cass and Illinois Streets,ANDREAS_RELIGION;ANDREAS_ARCH,high,false,"Verified: erected and dedicated June 25, 1837; described as Chicago's first brick church. A replacement building was erected in 1857, so the original was not exposed to the 1871 fire."
CHI-B1830-036-A04,CHI-B1830-036,architect_or_builder,Augustine Deodat Taylor,ANDREAS_RELIGION;ANDREAS_ARCH,high,false,"Verified: erected and dedicated June 25, 1837; described as Chicago's first brick church. A replacement building was erected in 1857, so the original was not exposed to the 1871 fire."
CHI-B1830-036-A05,CHI-B1830-036,year_demolished,1857,ANDREAS_RELIGION;ANDREAS_ARCH,high,false,"Verified: erected and dedicated June 25, 1837; described as Chicago's first brick church. A replacement building was erected in 1857, so the original was not exposed to the 1871 fire."
CHI-B1830-036-A06,CHI-B1830-036,fire_fate_1871,not exposed,ANDREAS_RELIGION;ANDREAS_ARCH,high,false,"Verified: erected and dedicated June 25, 1837; described as Chicago's first brick church. A replacement building was erected in 1857, so the original was not exposed to the 1871 fire."
CHI-B1830-037-A01,CHI-B1830-037,existence_and_identity,St. James parsonage,ANDREAS_RELIGION,high,true,"Verified: erected in 1838 using funds remaining after church construction. Size, builder, and fate are not stated in the cited passage."
CHI-B1830-037-A02,CHI-B1830-037,year_completed,1838,ANDREAS_RELIGION,high,true,"Verified: erected in 1838 using funds remaining after church construction. Size, builder, and fate are not stated in the cited passage."
CHI-B1830-037-A03,CHI-B1830-037,historical_address,Church lots at Cass and Illinois Streets,ANDREAS_RELIGION,high,true,"Verified: erected in 1838 using funds remaining after church construction. Size, builder, and fate are not stated in the cited passage."
CHI-B1830-037-A04,CHI-B1830-037,fire_fate_1871,unknown,ANDREAS_RELIGION,high,true,"Verified: erected in 1838 using funds remaining after church construction. Size, builder, and fate are not stated in the cited passage."
CHI-B1830-038-A01,CHI-B1830-038,existence_and_identity,Charles Morgan furniture factory,ANDREAS_MFG,high,true,Verified: manufacture began in a Lake Street factory in spring 1837; the factory burned in 1852 and was rebuilt.
CHI-B1830-038-A02,CHI-B1830-038,year_completed,1837,ANDREAS_MFG,high,true,Verified: manufacture began in a Lake Street factory in spring 1837; the factory burned in 1852 and was rebuilt.
CHI-B1830-038-A03,CHI-B1830-038,historical_address,Lake Street,ANDREAS_MFG,high,true,Verified: manufacture began in a Lake Street factory in spring 1837; the factory burned in 1852 and was rebuilt.
CHI-B1830-038-A04,CHI-B1830-038,year_demolished,1852,ANDREAS_MFG,high,true,Verified: manufacture began in a Lake Street factory in spring 1837; the factory burned in 1852 and was rebuilt.
CHI-B1830-038-A05,CHI-B1830-038,fire_fate_1871,not exposed,ANDREAS_MFG,high,true,Verified: manufacture began in a Lake Street factory in spring 1837; the factory burned in 1852 and was rebuilt.
CHI-B1830-039-A01,CHI-B1830-039,existence_and_identity,"Ira Miltimore sash, door, and blind factory",ANDREAS_MFG,medium,true,"Verified: business established in 1837 or 1838, with Miltimore acquiring David Scott's works in 1838; burned July 1842. This industrial building is unrelated to the 1845 Dearborn School nickname 'Miltimore's Folly.'"
CHI-B1830-039-A02,CHI-B1830-039,year_completed,1838,ANDREAS_MFG,medium,true,"Verified: business established in 1837 or 1838, with Miltimore acquiring David Scott's works in 1838; burned July 1842. This industrial building is unrelated to the 1845 Dearborn School nickname 'Miltimore's Folly.'"
CHI-B1830-039-A03,CHI-B1830-039,historical_address,South Branch,ANDREAS_MFG,medium,true,"Verified: business established in 1837 or 1838, with Miltimore acquiring David Scott's works in 1838; burned July 1842. This industrial building is unrelated to the 1845 Dearborn School nickname 'Miltimore's Folly.'"
CHI-B1830-039-A04,CHI-B1830-039,year_demolished,1842,ANDREAS_MFG,medium,true,"Verified: business established in 1837 or 1838, with Miltimore acquiring David Scott's works in 1838; burned July 1842. This industrial building is unrelated to the 1845 Dearborn School nickname 'Miltimore's Folly.'"
CHI-B1830-039-A05,CHI-B1830-039,fire_fate_1871,not exposed,ANDREAS_MFG,medium,true,"Verified: business established in 1837 or 1838, with Miltimore acquiring David Scott's works in 1838; burned July 1842. This industrial building is unrelated to the 1845 Dearborn School nickname 'Miltimore's Folly.'"
CHI-B1830-040-A01,CHI-B1830-040,existence_and_identity,Illinois-Indiana State Line Boundary Marker,CHI_BOUNDARY,high,false,Verified by official landmark record: erected in 1838 and moved about 191 feet north in 1988 while remaining on the state line. Survived because it lay far outside the 1871 burn district.
CHI-B1830-040-A02,CHI-B1830-040,year_completed,1838,CHI_BOUNDARY,high,false,Verified by official landmark record: erected in 1838 and moved about 191 feet north in 1988 while remaining on the state line. Survived because it lay far outside the 1871 burn district.
CHI-B1830-040-A03,CHI-B1830-040,historical_address,State line near Lake Michigan,CHI_BOUNDARY,high,false,Verified by official landmark record: erected in 1838 and moved about 191 feet north in 1988 while remaining on the state line. Survived because it lay far outside the 1871 burn district.
CHI-B1830-040-A04,CHI-B1830-040,architect_or_builder,Office of the U.S. Surveyor-General,CHI_BOUNDARY,high,false,Verified by official landmark record: erected in 1838 and moved about 191 feet north in 1988 while remaining on the state line. Survived because it lay far outside the 1871 burn district.
CHI-B1830-040-A05,CHI-B1830-040,fire_fate_1871,survived,CHI_BOUNDARY,high,false,Verified by official landmark record: erected in 1838 and moved about 191 feet north in 1988 while remaining on the state line. Survived because it lay far outside the 1871 burn district.
CHI-B1830-041-A01,CHI-B1830-041,existence_and_identity,Illinois and Michigan Canal south-channel origin,CHI_CANAL,high,false,"Verified by official landmark record: south channel excavated 1836-38. This is a landscape/infrastructure record included for the requested year-by-year city model, not a conventional building."
CHI-B1830-041-A02,CHI-B1830-041,year_completed,1838,CHI_CANAL,high,false,"Verified by official landmark record: south channel excavated 1836-38. This is a landscape/infrastructure record included for the requested year-by-year city model, not a conventional building."
CHI-B1830-041-A03,CHI-B1830-041,historical_address,South fork of South Branch at canal origin,CHI_CANAL,high,false,"Verified by official landmark record: south channel excavated 1836-38. This is a landscape/infrastructure record included for the requested year-by-year city model, not a conventional building."
CHI-B1830-041-A04,CHI-B1830-041,architect_or_builder,Canal commissioners and contractors,CHI_CANAL,high,false,"Verified by official landmark record: south channel excavated 1836-38. This is a landscape/infrastructure record included for the requested year-by-year city model, not a conventional building."
CHI-B1830-041-A05,CHI-B1830-041,fire_fate_1871,survived,CHI_CANAL,high,false,"Verified by official landmark record: south channel excavated 1836-38. This is a landscape/infrastructure record included for the requested year-by-year city model, not a conventional building."
CHI-B1830-042-A01,CHI-B1830-042,existence_and_identity,William Norton residence,ANDREAS_ARCH,medium,true,"Verified: listed among the brick buildings standing in spring 1837. The construction year is only an active-by bound, not an exact completion date."
CHI-B1830-042-A02,CHI-B1830-042,year_completed,1837,ANDREAS_ARCH,medium,true,"Verified: listed among the brick buildings standing in spring 1837. The construction year is only an active-by bound, not an exact completion date."
CHI-B1830-042-A03,CHI-B1830-042,historical_address,Indiana Street near Dearborn Street,ANDREAS_ARCH,medium,true,"Verified: listed among the brick buildings standing in spring 1837. The construction year is only an active-by bound, not an exact completion date."
CHI-B1830-042-A04,CHI-B1830-042,fire_fate_1871,unknown,ANDREAS_ARCH,medium,true,"Verified: listed among the brick buildings standing in spring 1837. The construction year is only an active-by bound, not an exact completion date."
CHI-B1830-043-A01,CHI-B1830-043,existence_and_identity,Joseph Laframboise residence,ANDREAS_ARCH,medium,true,Verified: listed among brick buildings standing in spring 1837. Exact completion and fate are not supplied.
CHI-B1830-043-A02,CHI-B1830-043,year_completed,1837,ANDREAS_ARCH,medium,true,Verified: listed among brick buildings standing in spring 1837. Exact completion and fate are not supplied.
CHI-B1830-043-A03,CHI-B1830-043,historical_address,Jackson and Canal Streets,ANDREAS_ARCH,medium,true,Verified: listed among brick buildings standing in spring 1837. Exact completion and fate are not supplied.
CHI-B1830-043-A04,CHI-B1830-043,fire_fate_1871,unknown,ANDREAS_ARCH,medium,true,Verified: listed among brick buildings standing in spring 1837. Exact completion and fate are not supplied.
CHI-B1830-044-A01,CHI-B1830-044,existence_and_identity,Archibald Clybourn residence,ANDREAS_ARCH;CPL_ANDREAS_INVENTORY,medium,true,"Verified: listed among brick buildings standing in spring 1837. The finding aid identifies a Clybourn house image, but matching it to this structure needs visual/catalog verification."
CHI-B1830-044-A02,CHI-B1830-044,year_completed,1837,ANDREAS_ARCH;CPL_ANDREAS_INVENTORY,medium,true,"Verified: listed among brick buildings standing in spring 1837. The finding aid identifies a Clybourn house image, but matching it to this structure needs visual/catalog verification."
CHI-B1830-044-A03,CHI-B1830-044,historical_address,Extreme northwest part of the city,ANDREAS_ARCH;CPL_ANDREAS_INVENTORY,medium,true,"Verified: listed among brick buildings standing in spring 1837. The finding aid identifies a Clybourn house image, but matching it to this structure needs visual/catalog verification."
CHI-B1830-044-A04,CHI-B1830-044,fire_fate_1871,unknown,ANDREAS_ARCH;CPL_ANDREAS_INVENTORY,medium,true,"Verified: listed among brick buildings standing in spring 1837. The finding aid identifies a Clybourn house image, but matching it to this structure needs visual/catalog verification."
CHI-B1830-045-A01,CHI-B1830-045,existence_and_identity,Peter Pruyn building,ANDREAS_ARCH,low,true,"Verified: listed in the spring 1837 brick-building inventory. Address, use, exact completion, and fate are unresolved."
CHI-B1830-045-A02,CHI-B1830-045,year_completed,1837,ANDREAS_ARCH,low,true,"Verified: listed in the spring 1837 brick-building inventory. Address, use, exact completion, and fate are unresolved."
CHI-B1830-045-A03,CHI-B1830-045,historical_address,"South Division, exact location not stated",ANDREAS_ARCH,low,true,"Verified: listed in the spring 1837 brick-building inventory. Address, use, exact completion, and fate are unresolved."
CHI-B1830-045-A04,CHI-B1830-045,fire_fate_1871,unknown,ANDREAS_ARCH,low,true,"Verified: listed in the spring 1837 brick-building inventory. Address, use, exact completion, and fate are unresolved."
CHI-B1830-046-A01,CHI-B1830-046,existence_and_identity,Saloon Building,ANDREAS_ARCH;ANDREAS_EARLY,medium,true,Verified: listed as a four-story brick building in spring 1837; the post-office account places the later Saloon Building near Bigelow's Building on Clark. Exact parcel and construction date require directory/deed reconciliation.
CHI-B1830-046-A02,CHI-B1830-046,year_completed,1837,ANDREAS_ARCH;ANDREAS_EARLY,medium,true,Verified: listed as a four-story brick building in spring 1837; the post-office account places the later Saloon Building near Bigelow's Building on Clark. Exact parcel and construction date require directory/deed reconciliation.
CHI-B1830-046-A03,CHI-B1830-046,historical_address,South Division; later accounts associate it with Clark Street between Lake and South Water,ANDREAS_ARCH;ANDREAS_EARLY,medium,true,Verified: listed as a four-story brick building in spring 1837; the post-office account places the later Saloon Building near Bigelow's Building on Clark. Exact parcel and construction date require directory/deed reconciliation.
CHI-B1830-046-A04,CHI-B1830-046,fire_fate_1871,unknown,ANDREAS_ARCH;ANDREAS_EARLY,medium,true,Verified: listed as a four-story brick building in spring 1837; the post-office account places the later Saloon Building near Bigelow's Building on Clark. Exact parcel and construction date require directory/deed reconciliation.
CHI-B1830-047-A01,CHI-B1830-047,existence_and_identity,Charles Chapman residence,ANDREAS_ARCH,medium,true,Verified: listed among brick buildings standing in spring 1837. Exact completion date and fate are not given.
CHI-B1830-047-A02,CHI-B1830-047,year_completed,1837,ANDREAS_ARCH,medium,true,Verified: listed among brick buildings standing in spring 1837. Exact completion date and fate are not given.
CHI-B1830-047-A03,CHI-B1830-047,historical_address,Southwest corner of Randolph and Wells Streets,ANDREAS_ARCH,medium,true,Verified: listed among brick buildings standing in spring 1837. Exact completion date and fate are not given.
CHI-B1830-047-A04,CHI-B1830-047,fire_fate_1871,unknown,ANDREAS_ARCH,medium,true,Verified: listed among brick buildings standing in spring 1837. Exact completion date and fate are not given.
CHI-B1830-048-A01,CHI-B1830-048,existence_and_identity,P. F. W. Peck residence,ANDREAS_ARCH,medium,true,Verified: listed among brick buildings standing in spring 1837. Exact completion date and fate are not given.
CHI-B1830-048-A02,CHI-B1830-048,year_completed,1837,ANDREAS_ARCH,medium,true,Verified: listed among brick buildings standing in spring 1837. Exact completion date and fate are not given.
CHI-B1830-048-A03,CHI-B1830-048,historical_address,Southwest corner of LaSalle and Washington Streets,ANDREAS_ARCH,medium,true,Verified: listed among brick buildings standing in spring 1837. Exact completion date and fate are not given.
CHI-B1830-048-A04,CHI-B1830-048,fire_fate_1871,unknown,ANDREAS_ARCH,medium,true,Verified: listed among brick buildings standing in spring 1837. Exact completion date and fate are not given.
CHI-B1830-049-A01,CHI-B1830-049,existence_and_identity,Frontless Block,ANDREAS_ARCH,medium,true,Verified: three attached/adjacent buildings stood in spring 1837 after their store fronts failed from frost; Van Osdel repaired/reconfigured them as dwellings. Exact location and original builder are unresolved.
CHI-B1830-049-A02,CHI-B1830-049,year_completed,1837,ANDREAS_ARCH,medium,true,Verified: three attached/adjacent buildings stood in spring 1837 after their store fronts failed from frost; Van Osdel repaired/reconfigured them as dwellings. Exact location and original builder are unresolved.
CHI-B1830-049-A03,CHI-B1830-049,historical_address,"North Division, exact location not stated",ANDREAS_ARCH,medium,true,Verified: three attached/adjacent buildings stood in spring 1837 after their store fronts failed from frost; Van Osdel repaired/reconfigured them as dwellings. Exact location and original builder are unresolved.
CHI-B1830-049-A04,CHI-B1830-049,architect_or_builder,J. M. Van Osdel repaired/reconfigured,ANDREAS_ARCH,medium,true,Verified: three attached/adjacent buildings stood in spring 1837 after their store fronts failed from frost; Van Osdel repaired/reconfigured them as dwellings. Exact location and original builder are unresolved.
CHI-B1830-049-A05,CHI-B1830-049,fire_fate_1871,unknown,ANDREAS_ARCH,medium,true,Verified: three attached/adjacent buildings stood in spring 1837 after their store fronts failed from frost; Van Osdel repaired/reconfigured them as dwellings. Exact location and original builder are unresolved.
CHI-B1830-050-A01,CHI-B1830-050,existence_and_identity,North Water Street brick store pair,ANDREAS_ARCH,medium,true,Verified: two two-story brick stores are listed in the spring 1837 inventory. They are recorded as one paired/group record because individual names and parcels are absent.
CHI-B1830-050-A02,CHI-B1830-050,year_completed,1837,ANDREAS_ARCH,medium,true,Verified: two two-story brick stores are listed in the spring 1837 inventory. They are recorded as one paired/group record because individual names and parcels are absent.
CHI-B1830-050-A03,CHI-B1830-050,historical_address,North Water Street near foot of Cass Street,ANDREAS_ARCH,medium,true,Verified: two two-story brick stores are listed in the spring 1837 inventory. They are recorded as one paired/group record because individual names and parcels are absent.
CHI-B1830-050-A04,CHI-B1830-050,fire_fate_1871,unknown,ANDREAS_ARCH,medium,true,Verified: two two-story brick stores are listed in the spring 1837 inventory. They are recorded as one paired/group record because individual names and parcels are absent.
CHI-B1830-051-A01,CHI-B1830-051,existence_and_identity,South Water and LaSalle three-story building,ANDREAS_ARCH,medium,true,"Verified: listed among brick buildings standing in spring 1837. Exact completion, use, owner, and fate remain unresolved."
CHI-B1830-051-A02,CHI-B1830-051,year_completed,1837,ANDREAS_ARCH,medium,true,"Verified: listed among brick buildings standing in spring 1837. Exact completion, use, owner, and fate remain unresolved."
CHI-B1830-051-A03,CHI-B1830-051,historical_address,Southwest corner of South Water and LaSalle Streets,ANDREAS_ARCH,medium,true,"Verified: listed among brick buildings standing in spring 1837. Exact completion, use, owner, and fate remain unresolved."
CHI-B1830-051-A04,CHI-B1830-051,fire_fate_1871,unknown,ANDREAS_ARCH,medium,true,"Verified: listed among brick buildings standing in spring 1837. Exact completion, use, owner, and fate remain unresolved."
CHI-B1830-052-A01,CHI-B1830-052,existence_and_identity,Bigelow's Building,ANDREAS_EARLY,medium,true,"Verified: the post office moved here in May 1837. The cited source establishes existence/use by that date, not exact construction."
CHI-B1830-052-A02,CHI-B1830-052,year_completed,1837,ANDREAS_EARLY,medium,true,"Verified: the post office moved here in May 1837. The cited source establishes existence/use by that date, not exact construction."
CHI-B1830-052-A03,CHI-B1830-052,historical_address,Clark Street between Lake and South Water Streets,ANDREAS_EARLY,medium,true,"Verified: the post office moved here in May 1837. The cited source establishes existence/use by that date, not exact construction."
CHI-B1830-052-A04,CHI-B1830-052,fire_fate_1871,unknown,ANDREAS_EARLY,medium,true,"Verified: the post office moved here in May 1837. The cited source establishes existence/use by that date, not exact construction."
CHI-B1830-053-A01,CHI-B1830-053,existence_and_identity,Elihu Granger foundry and finishing shop,ANDREAS_MFG,medium,true,"Verified: built in 1839. An 1839 directory also places Granger's foundry on North Water near LaSalle, a minor location discrepancy requiring directory/plat reconciliation."
CHI-B1830-053-A02,CHI-B1830-053,year_completed,1839,ANDREAS_MFG,medium,true,"Verified: built in 1839. An 1839 directory also places Granger's foundry on North Water near LaSalle, a minor location discrepancy requiring directory/plat reconciliation."
CHI-B1830-053-A03,CHI-B1830-053,historical_address,North Water Street west of Clark Street bridge,ANDREAS_MFG,medium,true,"Verified: built in 1839. An 1839 directory also places Granger's foundry on North Water near LaSalle, a minor location discrepancy requiring directory/plat reconciliation."
CHI-B1830-053-A04,CHI-B1830-053,architect_or_builder,Elihu Granger,ANDREAS_MFG,medium,true,"Verified: built in 1839. An 1839 directory also places Granger's foundry on North Water near LaSalle, a minor location discrepancy requiring directory/plat reconciliation."
CHI-B1830-053-A05,CHI-B1830-053,fire_fate_1871,unknown,ANDREAS_MFG,medium,true,"Verified: built in 1839. An 1839 directory also places Granger's foundry on North Water near LaSalle, a minor location discrepancy requiring directory/plat reconciliation."
CHI-B1830-054-A01,CHI-B1830-054,existence_and_identity,Rankin Brothers brass foundry,ANDREAS_MFG,medium,true,Verified: described as established about 1839; directory address provides an active-by check. Exact completion date and fate are unknown.
CHI-B1830-054-A02,CHI-B1830-054,year_completed,1839,ANDREAS_MFG,medium,true,Verified: described as established about 1839; directory address provides an active-by check. Exact completion date and fate are unknown.
CHI-B1830-054-A03,CHI-B1830-054,historical_address,Corner of Clark and Illinois Streets; 1839 directory lists 55 Clark Street,ANDREAS_MFG,medium,true,Verified: described as established about 1839; directory address provides an active-by check. Exact completion date and fate are unknown.
CHI-B1830-054-A04,CHI-B1830-054,fire_fate_1871,unknown,ANDREAS_MFG,medium,true,Verified: described as established about 1839; directory address provides an active-by check. Exact completion date and fate are unknown.
CHI-B1830-055-A01,CHI-B1830-055,existence_and_identity,Lake Street Greek Revival business block,ANDREAS_ARCH,medium,true,"Verified: Andreas calls it the finest business block erected in 1839 and says it was moved to State near Twelfth before the fire, where it survived 1871. Name, original frontage, owner, and final fate require further research."
CHI-B1830-055-A02,CHI-B1830-055,year_completed,1839,ANDREAS_ARCH,medium,true,"Verified: Andreas calls it the finest business block erected in 1839 and says it was moved to State near Twelfth before the fire, where it survived 1871. Name, original frontage, owner, and final fate require further research."
CHI-B1830-055-A03,CHI-B1830-055,historical_address,Originally Lake Street; moved before 1871 to State Street near Twelfth Street,ANDREAS_ARCH,medium,true,"Verified: Andreas calls it the finest business block erected in 1839 and says it was moved to State near Twelfth before the fire, where it survived 1871. Name, original frontage, owner, and final fate require further research."
CHI-B1830-055-A04,CHI-B1830-055,architect_or_builder,Architect/builder unknown,ANDREAS_ARCH,medium,true,"Verified: Andreas calls it the finest business block erected in 1839 and says it was moved to State near Twelfth before the fire, where it survived 1871. Name, original frontage, owner, and final fate require further research."
CHI-B1830-055-A05,CHI-B1830-055,fire_fate_1871,survived,ANDREAS_ARCH,medium,true,"Verified: Andreas calls it the finest business block erected in 1839 and says it was moved to State near Twelfth before the fire, where it survived 1871. Name, original frontage, owner, and final fate require further research."
CHI-B1830-056-A01,CHI-B1830-056,existence_and_identity,Second Tremont House,ANDREAS_HOTELS,high,false,"Verified: construction began in December 1839 and completed May 20, 1840; included because its start belongs to the decade. Destroyed by fire July 21, 1849."
CHI-B1830-056-A02,CHI-B1830-056,year_completed,1840,ANDREAS_HOTELS,high,false,"Verified: construction began in December 1839 and completed May 20, 1840; included because its start belongs to the decade. Destroyed by fire July 21, 1849."
CHI-B1830-056-A03,CHI-B1830-056,historical_address,Northwest corner of Lake and Dearborn Streets,ANDREAS_HOTELS,high,false,"Verified: construction began in December 1839 and completed May 20, 1840; included because its start belongs to the decade. Destroyed by fire July 21, 1849."
CHI-B1830-056-A04,CHI-B1830-056,year_demolished,1849,ANDREAS_HOTELS,high,false,"Verified: construction began in December 1839 and completed May 20, 1840; included because its start belongs to the decade. Destroyed by fire July 21, 1849."
CHI-B1830-056-A05,CHI-B1830-056,fire_fate_1871,not exposed,ANDREAS_HOTELS,high,false,"Verified: construction began in December 1839 and completed May 20, 1840; included because its start belongs to the decade. Destroyed by fire July 21, 1849."
CHI-CHI1840-001-A01,CHI-CHI1840-001,existence_and_identity,Tremont House II,AND1884V1,high,false,"Construction began December 1839; completed May 20, 1840; burned July 21, 1849. Andreas printed pp. 635-636."
CHI-CHI1840-001-A02,CHI-CHI1840-001,year_completed,1840,AND1884V1,high,false,"Construction began December 1839; completed May 20, 1840; burned July 21, 1849. Andreas printed pp. 635-636."
CHI-CHI1840-001-A03,CHI-CHI1840-001,historical_address,northwest corner Lake and Dearborn streets,AND1884V1,high,false,"Construction began December 1839; completed May 20, 1840; burned July 21, 1849. Andreas printed pp. 635-636."
CHI-CHI1840-001-A04,CHI-CHI1840-001,year_demolished,1849,AND1884V1,high,false,"Construction began December 1839; completed May 20, 1840; burned July 21, 1849. Andreas printed pp. 635-636."
CHI-CHI1840-001-A05,CHI-CHI1840-001,fire_fate_1871,not present,AND1884V1,high,false,"Construction began December 1839; completed May 20, 1840; burned July 21, 1849. Andreas printed pp. 635-636."
CHI-CHI1840-002-A01,CHI-CHI1840-002,existence_and_identity,First Unitarian Church,AND1884V1,high,true,"Built in fall 1840 for $3,758.45 and dedicated May 3, 1841. A tower was erected late in 1844, a bell hung December 31, 1844, and a steeple added in 1845 for $461. Andreas printed pp. 343-345."
CHI-CHI1840-002-A02,CHI-CHI1840-002,year_completed,1840,AND1884V1,high,true,"Built in fall 1840 for $3,758.45 and dedicated May 3, 1841. A tower was erected late in 1844, a bell hung December 31, 1844, and a steeple added in 1845 for $461. Andreas printed pp. 343-345."
CHI-CHI1840-002-A03,CHI-CHI1840-002,historical_address,Washington Street between Clark and Dearborn streets,AND1884V1,high,true,"Built in fall 1840 for $3,758.45 and dedicated May 3, 1841. A tower was erected late in 1844, a bell hung December 31, 1844, and a steeple added in 1845 for $461. Andreas printed pp. 343-345."
CHI-CHI1840-002-A04,CHI-CHI1840-002,architect_or_builder,Alexander Lloyd (contractor),AND1884V1,high,true,"Built in fall 1840 for $3,758.45 and dedicated May 3, 1841. A tower was erected late in 1844, a bell hung December 31, 1844, and a steeple added in 1845 for $461. Andreas printed pp. 343-345."
CHI-CHI1840-002-A05,CHI-CHI1840-002,fire_fate_1871,uncertain,AND1884V1,high,true,"Built in fall 1840 for $3,758.45 and dedicated May 3, 1841. A tower was erected late in 1844, a bell hung December 31, 1844, and a steeple added in 1845 for $461. Andreas printed pp. 343-345."
CHI-CHI1840-003-A01,CHI-CHI1840-003,existence_and_identity,Clark Street floating bridge,AND1884V1,high,false,"Pile driving began April 18, 1840; cost about $3,000. Andreas describes it as the first floating bridge in the West and says it was swept away in the 1849 flood. Printed pp. 198-200."
CHI-CHI1840-003-A02,CHI-CHI1840-003,year_completed,1840,AND1884V1,high,false,"Pile driving began April 18, 1840; cost about $3,000. Andreas describes it as the first floating bridge in the West and says it was swept away in the 1849 flood. Printed pp. 198-200."
CHI-CHI1840-003-A03,CHI-CHI1840-003,historical_address,Clark Street crossing of Chicago River,AND1884V1,high,false,"Pile driving began April 18, 1840; cost about $3,000. Andreas describes it as the first floating bridge in the West and says it was swept away in the 1849 flood. Printed pp. 198-200."
CHI-CHI1840-003-A04,CHI-CHI1840-003,architect_or_builder,William B. Ogden (principal promoter and work leader),AND1884V1,high,false,"Pile driving began April 18, 1840; cost about $3,000. Andreas describes it as the first floating bridge in the West and says it was swept away in the 1849 flood. Printed pp. 198-200."
CHI-CHI1840-003-A05,CHI-CHI1840-003,year_demolished,1849,AND1884V1,high,false,"Pile driving began April 18, 1840; cost about $3,000. Andreas describes it as the first floating bridge in the West and says it was swept away in the 1849 flood. Printed pp. 198-200."
CHI-CHI1840-003-A06,CHI-CHI1840-003,fire_fate_1871,not present,AND1884V1,high,false,"Pile driving began April 18, 1840; cost about $3,000. Andreas describes it as the first floating bridge in the West and says it was swept away in the 1849 flood. Printed pp. 198-200."
CHI-CHI1840-004-A01,CHI-CHI1840-004,existence_and_identity,Gurdon S. Hubbard packing house,AND1884V1,high,true,Andreas says Hubbard built this packing house in 1840 and used it until moving operations in 1848. Later building history is unresolved. Printed p. 562.
CHI-CHI1840-004-A02,CHI-CHI1840-004,year_completed,1840,AND1884V1,high,true,Andreas says Hubbard built this packing house in 1840 and used it until moving operations in 1848. Later building history is unresolved. Printed p. 562.
CHI-CHI1840-004-A03,CHI-CHI1840-004,historical_address,South Water Street between Clark and LaSalle streets,AND1884V1,high,true,Andreas says Hubbard built this packing house in 1840 and used it until moving operations in 1848. Later building history is unresolved. Printed p. 562.
CHI-CHI1840-004-A04,CHI-CHI1840-004,fire_fate_1871,uncertain,AND1884V1,high,true,Andreas says Hubbard built this packing house in 1840 and used it until moving operations in 1848. Later building history is unresolved. Printed p. 562.
CHI-CHI1840-005-A01,CHI-CHI1840-005,existence_and_identity,James Carney brewery,AND1884V1,medium,true,The business began in 1840 at this establishment; the source does not explicitly distinguish construction from adaptation of an existing building. Carney continued until 1855. Andreas printed pp. 564-565.
CHI-CHI1840-005-A02,CHI-CHI1840-005,year_completed,1840,AND1884V1,medium,true,The business began in 1840 at this establishment; the source does not explicitly distinguish construction from adaptation of an existing building. Carney continued until 1855. Andreas printed pp. 564-565.
CHI-CHI1840-005-A03,CHI-CHI1840-005,historical_address,South Water Street between State Street and Wabash Avenue,AND1884V1,medium,true,The business began in 1840 at this establishment; the source does not explicitly distinguish construction from adaptation of an existing building. Carney continued until 1855. Andreas printed pp. 564-565.
CHI-CHI1840-005-A04,CHI-CHI1840-005,fire_fate_1871,uncertain,AND1884V1,medium,true,The business began in 1840 at this establishment; the source does not explicitly distinguish construction from adaptation of an existing building. Carney continued until 1855. Andreas printed pp. 564-565.
CHI-CHI1840-006-A01,CHI-CHI1840-006,existence_and_identity,American Temperance House,AND1884V1,high,false,Built in 1840 and opened in spring 1841; Andreas says it was torn down in 1861 for a business block. Printed p. 636.
CHI-CHI1840-006-A02,CHI-CHI1840-006,year_completed,1840,AND1884V1,high,false,Built in 1840 and opened in spring 1841; Andreas says it was torn down in 1861 for a business block. Printed p. 636.
CHI-CHI1840-006-A03,CHI-CHI1840-006,historical_address,northwest corner Lake Street and Wabash Avenue,AND1884V1,high,false,Built in 1840 and opened in spring 1841; Andreas says it was torn down in 1861 for a business block. Printed p. 636.
CHI-CHI1840-006-A04,CHI-CHI1840-006,year_demolished,1861,AND1884V1,high,false,Built in 1840 and opened in spring 1841; Andreas says it was torn down in 1861 for a business block. Printed p. 636.
CHI-CHI1840-006-A05,CHI-CHI1840-006,fire_fate_1871,not present,AND1884V1,high,false,Built in 1840 and opened in spring 1841; Andreas says it was torn down in 1861 for a business block. Printed p. 636.
CHI-CHI1840-007-A01,CHI-CHI1840-007,existence_and_identity,Wells Street floating bridge,AND1884V1,high,false,"Constructed in 1841, largely with funds advanced by Walter L. Newberry; swept away in the 1849 flood. Andreas printed pp. 199-200."
CHI-CHI1840-007-A02,CHI-CHI1840-007,year_completed,1841,AND1884V1,high,false,"Constructed in 1841, largely with funds advanced by Walter L. Newberry; swept away in the 1849 flood. Andreas printed pp. 199-200."
CHI-CHI1840-007-A03,CHI-CHI1840-007,historical_address,Wells Street crossing of Chicago River,AND1884V1,high,false,"Constructed in 1841, largely with funds advanced by Walter L. Newberry; swept away in the 1849 flood. Andreas printed pp. 199-200."
CHI-CHI1840-007-A04,CHI-CHI1840-007,year_demolished,1849,AND1884V1,high,false,"Constructed in 1841, largely with funds advanced by Walter L. Newberry; swept away in the 1849 flood. Andreas printed pp. 199-200."
CHI-CHI1840-007-A05,CHI-CHI1840-007,fire_fate_1871,not present,AND1884V1,high,false,"Constructed in 1841, largely with funds advanced by Walter L. Newberry; swept away in the 1849 flood. Andreas printed pp. 199-200."
CHI-CHI1840-008-A01,CHI-CHI1840-008,existence_and_identity,Chicago Hydraulic Company waterworks,AND1884V1,high,false,"Work began in 1840 and the system was completed in spring 1842. It used a 25-horsepower steam engine, a 320-foot suction pipe, and two reservoirs of about 1,250 barrels each; cost about $24,000. Service ended when the new works opened in 1853. Andreas printed pp. 185-188."
CHI-CHI1840-008-A02,CHI-CHI1840-008,year_completed,1842,AND1884V1,high,false,"Work began in 1840 and the system was completed in spring 1842. It used a 25-horsepower steam engine, a 320-foot suction pipe, and two reservoirs of about 1,250 barrels each; cost about $24,000. Service ended when the new works opened in 1853. Andreas printed pp. 185-188."
CHI-CHI1840-008-A03,CHI-CHI1840-008,historical_address,"corner Lake Street and Michigan Avenue, with lake pier",AND1884V1,high,false,"Work began in 1840 and the system was completed in spring 1842. It used a 25-horsepower steam engine, a 320-foot suction pipe, and two reservoirs of about 1,250 barrels each; cost about $24,000. Service ended when the new works opened in 1853. Andreas printed pp. 185-188."
CHI-CHI1840-008-A04,CHI-CHI1840-008,architect_or_builder,Ira Miltimore (superintendent and machinist),AND1884V1,high,false,"Work began in 1840 and the system was completed in spring 1842. It used a 25-horsepower steam engine, a 320-foot suction pipe, and two reservoirs of about 1,250 barrels each; cost about $24,000. Service ended when the new works opened in 1853. Andreas printed pp. 185-188."
CHI-CHI1840-008-A05,CHI-CHI1840-008,year_demolished,1853,AND1884V1,high,false,"Work began in 1840 and the system was completed in spring 1842. It used a 25-horsepower steam engine, a 320-foot suction pipe, and two reservoirs of about 1,250 barrels each; cost about $24,000. Service ended when the new works opened in 1853. Andreas printed pp. 185-188."
CHI-CHI1840-008-A06,CHI-CHI1840-008,fire_fate_1871,not present,AND1884V1,high,false,"Work began in 1840 and the system was completed in spring 1842. It used a 25-horsepower steam engine, a 320-foot suction pipe, and two reservoirs of about 1,250 barrels each; cost about $24,000. Service ended when the new works opened in 1853. Andreas printed pp. 185-188."
CHI-CHI1840-009-A01,CHI-CHI1840-009,existence_and_identity,Hydraulic Mills,AND1884V1,high,false,"Built in 1842 beside the waterworks. Andreas says the mills ceased regular business after construction of the new waterworks, with final 1854 operations ending in September; a brief 1855 restart is also reported. Printed pp. 187-188 and 564."
CHI-CHI1840-009-A02,CHI-CHI1840-009,year_completed,1842,AND1884V1,high,false,"Built in 1842 beside the waterworks. Andreas says the mills ceased regular business after construction of the new waterworks, with final 1854 operations ending in September; a brief 1855 restart is also reported. Printed pp. 187-188 and 564."
CHI-CHI1840-009-A03,CHI-CHI1840-009,historical_address,corner Lake Street and Michigan Avenue,AND1884V1,high,false,"Built in 1842 beside the waterworks. Andreas says the mills ceased regular business after construction of the new waterworks, with final 1854 operations ending in September; a brief 1855 restart is also reported. Printed pp. 187-188 and 564."
CHI-CHI1840-009-A04,CHI-CHI1840-009,architect_or_builder,James Long (builder),AND1884V1,high,false,"Built in 1842 beside the waterworks. Andreas says the mills ceased regular business after construction of the new waterworks, with final 1854 operations ending in September; a brief 1855 restart is also reported. Printed pp. 187-188 and 564."
CHI-CHI1840-009-A05,CHI-CHI1840-009,year_demolished,1854,AND1884V1,high,false,"Built in 1842 beside the waterworks. Andreas says the mills ceased regular business after construction of the new waterworks, with final 1854 operations ending in September; a brief 1855 restart is also reported. Printed pp. 187-188 and 564."
CHI-CHI1840-009-A06,CHI-CHI1840-009,fire_fate_1871,not present,AND1884V1,high,false,"Built in 1842 beside the waterworks. Andreas says the mills ceased regular business after construction of the new waterworks, with final 1854 operations ending in September; a brief 1855 restart is also reported. Printed pp. 187-188 and 564."
CHI-CHI1840-010-A01,CHI-CHI1840-010,existence_and_identity,German Settlement public school,AND1884V1,high,false,The council authorized materials in March 1842; residents supplied labor and construction cost the city $211.02. The school was discontinued after a permanent building opened in 1845-46 and was deeded in January 1846 for use as a German school. Andreas printed pp. 209-210.
CHI-CHI1840-010-A02,CHI-CHI1840-010,year_completed,1842,AND1884V1,high,false,The council authorized materials in March 1842; residents supplied labor and construction cost the city $211.02. The school was discontinued after a permanent building opened in 1845-46 and was deeded in January 1846 for use as a German school. Andreas printed pp. 209-210.
CHI-CHI1840-010-A03,CHI-CHI1840-010,historical_address,Green Bay Road between Chicago and North avenues,AND1884V1,high,false,The council authorized materials in March 1842; residents supplied labor and construction cost the city $211.02. The school was discontinued after a permanent building opened in 1845-46 and was deeded in January 1846 for use as a German school. Andreas printed pp. 209-210.
CHI-CHI1840-010-A04,CHI-CHI1840-010,year_demolished,1845,AND1884V1,high,false,The council authorized materials in March 1842; residents supplied labor and construction cost the city $211.02. The school was discontinued after a permanent building opened in 1845-46 and was deeded in January 1846 for use as a German school. Andreas printed pp. 209-210.
CHI-CHI1840-010-A05,CHI-CHI1840-010,fire_fate_1871,not present,AND1884V1,high,false,The council authorized materials in March 1842; residents supplied labor and construction cost the city $211.02. The school was discontinued after a permanent building opened in 1845-46 and was deeded in January 1846 for use as a German school. Andreas printed pp. 209-210.
CHI-CHI1840-011-A01,CHI-CHI1840-011,existence_and_identity,Saloon Building (1842 remodeling),AND1884V1,high,true,"The pre-existing 1836 building was rebuilt or remodeled by Scammon in 1842; this record represents that alteration, not original construction. Andreas printed p. 180 later describes a square three-story frame with stores, offices, and a hall. Great Fire fate is a spatial inference from its Loop location."
CHI-CHI1840-011-A02,CHI-CHI1840-011,year_completed,1842,AND1884V1,high,true,"The pre-existing 1836 building was rebuilt or remodeled by Scammon in 1842; this record represents that alteration, not original construction. Andreas printed p. 180 later describes a square three-story frame with stores, offices, and a hall. Great Fire fate is a spatial inference from its Loop location."
CHI-CHI1840-011-A03,CHI-CHI1840-011,historical_address,southeast corner Lake and Clark streets,AND1884V1,high,true,"The pre-existing 1836 building was rebuilt or remodeled by Scammon in 1842; this record represents that alteration, not original construction. Andreas printed p. 180 later describes a square three-story frame with stores, offices, and a hall. Great Fire fate is a spatial inference from its Loop location."
CHI-CHI1840-011-A04,CHI-CHI1840-011,fire_fate_1871,probably destroyed,AND1884V1,high,true,"The pre-existing 1836 building was rebuilt or remodeled by Scammon in 1842; this record represents that alteration, not original construction. Andreas printed p. 180 later describes a square three-story frame with stores, offices, and a hall. Great Fire fate is a spatial inference from its Loop location."
CHI-CHI1840-012-A01,CHI-CHI1840-012,existence_and_identity,Nancy Chapman building used as City Hall,AND1884V1,medium,true,"The structure's construction date is unknown; Chicago rented it for city offices in 1842. Included as documented 1840s building stock, not as an asserted 1842 completion. Great Fire fate is inferred from location. Andreas printed p. 180."
CHI-CHI1840-012-A02,CHI-CHI1840-012,year_completed,1842,AND1884V1,medium,true,"The structure's construction date is unknown; Chicago rented it for city offices in 1842. Included as documented 1840s building stock, not as an asserted 1842 completion. Great Fire fate is inferred from location. Andreas printed p. 180."
CHI-CHI1840-012-A03,CHI-CHI1840-012,historical_address,"corner LaSalle and Randolph streets, opposite the jail",AND1884V1,medium,true,"The structure's construction date is unknown; Chicago rented it for city offices in 1842. Included as documented 1840s building stock, not as an asserted 1842 completion. Great Fire fate is inferred from location. Andreas printed p. 180."
CHI-CHI1840-012-A04,CHI-CHI1840-012,fire_fate_1871,probably destroyed,AND1884V1,medium,true,"The structure's construction date is unknown; Chicago rented it for city offices in 1842. Included as documented 1840s building stock, not as an asserted 1842 completion. Great Fire fate is inferred from location. Andreas printed p. 180."
CHI-CHI1840-013-A01,CHI-CHI1840-013,existence_and_identity,First North Side smallpox hospital,AND1884V1,high,false,Andreas says a small one-story building was erected in 1843 and burned early in 1845. Printed p. 597.
CHI-CHI1840-013-A02,CHI-CHI1840-013,year_completed,1843,AND1884V1,high,false,Andreas says a small one-story building was erected in 1843 and burned early in 1845. Printed p. 597.
CHI-CHI1840-013-A03,CHI-CHI1840-013,historical_address,north of present North Avenue near the lake,AND1884V1,high,false,Andreas says a small one-story building was erected in 1843 and burned early in 1845. Printed p. 597.
CHI-CHI1840-013-A04,CHI-CHI1840-013,year_demolished,1845,AND1884V1,high,false,Andreas says a small one-story building was erected in 1843 and burned early in 1845. Printed p. 597.
CHI-CHI1840-013-A05,CHI-CHI1840-013,fire_fate_1871,not present,AND1884V1,high,false,Andreas says a small one-story building was erected in 1843 and burned early in 1845. Printed p. 597.
CHI-CHI1840-014-A01,CHI-CHI1840-014,existence_and_identity,Tabernacle Baptist Church,AND1884V1,high,false,"Built and dedicated October 13, 1843, after an eight-week campaign; 40 by 72 feet and cost about $2,200. Destroyed by fire June 26, 1851. Andreas printed pp. 319-321."
CHI-CHI1840-014-A02,CHI-CHI1840-014,year_completed,1843,AND1884V1,high,false,"Built and dedicated October 13, 1843, after an eight-week campaign; 40 by 72 feet and cost about $2,200. Destroyed by fire June 26, 1851. Andreas printed pp. 319-321."
CHI-CHI1840-014-A03,CHI-CHI1840-014,historical_address,west side LaSalle Street between Randolph and Washington streets,AND1884V1,high,false,"Built and dedicated October 13, 1843, after an eight-week campaign; 40 by 72 feet and cost about $2,200. Destroyed by fire June 26, 1851. Andreas printed pp. 319-321."
CHI-CHI1840-014-A04,CHI-CHI1840-014,architect_or_builder,P. L. Updike (construction contractor),AND1884V1,high,false,"Built and dedicated October 13, 1843, after an eight-week campaign; 40 by 72 feet and cost about $2,200. Destroyed by fire June 26, 1851. Andreas printed pp. 319-321."
CHI-CHI1840-014-A05,CHI-CHI1840-014,year_demolished,1851,AND1884V1,high,false,"Built and dedicated October 13, 1843, after an eight-week campaign; 40 by 72 feet and cost about $2,200. Destroyed by fire June 26, 1851. Andreas printed pp. 319-321."
CHI-CHI1840-014-A06,CHI-CHI1840-014,fire_fate_1871,not present,AND1884V1,high,false,"Built and dedicated October 13, 1843, after an eight-week campaign; 40 by 72 feet and cost about $2,200. Destroyed by fire June 26, 1851. Andreas printed pp. 319-321."
CHI-CHI1840-015-A01,CHI-CHI1840-015,existence_and_identity,First German Evangelical Association Church,AND1884V1,high,false,A 30-by-40-foot frame building costing $500 was erected following the congregation's 1843 organization. It moved to Clark Street near Van Buren in 1852. Andreas printed pp. 334-335.
CHI-CHI1840-015-A02,CHI-CHI1840-015,year_completed,1843,AND1884V1,high,false,A 30-by-40-foot frame building costing $500 was erected following the congregation's 1843 organization. It moved to Clark Street near Van Buren in 1852. Andreas printed pp. 334-335.
CHI-CHI1840-015-A03,CHI-CHI1840-015,historical_address,corner Wabash Avenue and Monroe Street,AND1884V1,high,false,A 30-by-40-foot frame building costing $500 was erected following the congregation's 1843 organization. It moved to Clark Street near Van Buren in 1852. Andreas printed pp. 334-335.
CHI-CHI1840-015-A04,CHI-CHI1840-015,year_demolished,1852,AND1884V1,high,false,A 30-by-40-foot frame building costing $500 was erected following the congregation's 1843 organization. It moved to Clark Street near Van Buren in 1852. Andreas printed pp. 334-335.
CHI-CHI1840-015-A05,CHI-CHI1840-015,fire_fate_1871,not present,AND1884V1,high,false,A 30-by-40-foot frame building costing $500 was erected following the congregation's 1843 organization. It moved to Clark Street near Van Buren in 1852. Andreas printed pp. 334-335.
CHI-CHI1840-016-A01,CHI-CHI1840-016,existence_and_identity,St. Mary's Catholic Cathedral,AND1884V1,high,false,"Opened for services December 25, 1843 and consecrated in 1845; 55 by 112 feet including portico and cost about $4,000. Andreas printed pp. 291-292 and 505."
CHI-CHI1840-016-A02,CHI-CHI1840-016,year_completed,1843,AND1884V1,high,false,"Opened for services December 25, 1843 and consecrated in 1845; 55 by 112 feet including portico and cost about $4,000. Andreas printed pp. 291-292 and 505."
CHI-CHI1840-016-A03,CHI-CHI1840-016,historical_address,southwest corner Wabash Avenue and Madison Street,AND1884V1,high,false,"Opened for services December 25, 1843 and consecrated in 1845; 55 by 112 feet including portico and cost about $4,000. Andreas printed pp. 291-292 and 505."
CHI-CHI1840-016-A04,CHI-CHI1840-016,architect_or_builder,Peter Page (brickwork); Augustine D. Taylor (woodwork),AND1884V1,high,false,"Opened for services December 25, 1843 and consecrated in 1845; 55 by 112 feet including portico and cost about $4,000. Andreas printed pp. 291-292 and 505."
CHI-CHI1840-016-A05,CHI-CHI1840-016,year_demolished,1871,AND1884V1,high,false,"Opened for services December 25, 1843 and consecrated in 1845; 55 by 112 feet including portico and cost about $4,000. Andreas printed pp. 291-292 and 505."
CHI-CHI1840-016-A06,CHI-CHI1840-016,fire_fate_1871,destroyed,AND1884V1,high,false,"Opened for services December 25, 1843 and consecrated in 1845; 55 by 112 feet including portico and cost about $4,000. Andreas printed pp. 291-292 and 505."
CHI-CHI1840-017-A01,CHI-CHI1840-017,existence_and_identity,Wadsworth-Dyer-Chapin packing house,AND1884V1,high,true,Built in 1844 after Dyer and Chapin began packing in Reynolds' house; Julius Wadsworth joined them. The later Wadsworth & Dyer firm packed beef for the English market. Andreas printed pp. 562-563.
CHI-CHI1840-017-A02,CHI-CHI1840-017,year_completed,1844,AND1884V1,high,true,Built in 1844 after Dyer and Chapin began packing in Reynolds' house; Julius Wadsworth joined them. The later Wadsworth & Dyer firm packed beef for the English market. Andreas printed pp. 562-563.
CHI-CHI1840-017-A03,CHI-CHI1840-017,historical_address,South Branch near North Street,AND1884V1,high,true,Built in 1844 after Dyer and Chapin began packing in Reynolds' house; Julius Wadsworth joined them. The later Wadsworth & Dyer firm packed beef for the English market. Andreas printed pp. 562-563.
CHI-CHI1840-017-A04,CHI-CHI1840-017,fire_fate_1871,uncertain,AND1884V1,high,true,Built in 1844 after Dyer and Chapin began packing in Reynolds' house; Julius Wadsworth joined them. The later Wadsworth & Dyer firm packed beef for the English market. Andreas printed pp. 562-563.
CHI-CHI1840-018-A01,CHI-CHI1840-018,existence_and_identity,Second Presbyterian Church first building,AND1884V1,high,true,"Dedicated September 13, 1842 and cost about $1,600 plus the lot. It was superseded by the congregation's Washington-and-Wabash stone church project begun in 1849. Andreas printed pp. 303-304."
CHI-CHI1840-018-A02,CHI-CHI1840-018,year_completed,1842,AND1884V1,high,true,"Dedicated September 13, 1842 and cost about $1,600 plus the lot. It was superseded by the congregation's Washington-and-Wabash stone church project begun in 1849. Andreas printed pp. 303-304."
CHI-CHI1840-018-A03,CHI-CHI1840-018,historical_address,Randolph Street near Dearborn Street; described in 1846 as south side Randolph just east of Clark,AND1884V1,high,true,"Dedicated September 13, 1842 and cost about $1,600 plus the lot. It was superseded by the congregation's Washington-and-Wabash stone church project begun in 1849. Andreas printed pp. 303-304."
CHI-CHI1840-018-A04,CHI-CHI1840-018,fire_fate_1871,not present,AND1884V1,high,true,"Dedicated September 13, 1842 and cost about $1,600 plus the lot. It was superseded by the congregation's Washington-and-Wabash stone church project begun in 1849. Andreas printed pp. 303-304."
CHI-CHI1840-019-A01,CHI-CHI1840-019,existence_and_identity,Peck-Robbins-High-Magie commercial block,CHICAGOLOGY1844,medium,true,"The source treats this as four separately owned stores in one coordinated block; retained as one aggregate record until parcel identities are resolved. Cost $13,000. Destruction in 1871 is inferred from location. Chicagology section Chicago Improvements 1844."
CHI-CHI1840-019-A02,CHI-CHI1840-019,year_completed,1844,CHICAGOLOGY1844,medium,true,"The source treats this as four separately owned stores in one coordinated block; retained as one aggregate record until parcel identities are resolved. Cost $13,000. Destruction in 1871 is inferred from location. Chicagology section Chicago Improvements 1844."
CHI-CHI1840-019-A03,CHI-CHI1840-019,historical_address,South Water Street between Clark and Dearborn streets,CHICAGOLOGY1844,medium,true,"The source treats this as four separately owned stores in one coordinated block; retained as one aggregate record until parcel identities are resolved. Cost $13,000. Destruction in 1871 is inferred from location. Chicagology section Chicago Improvements 1844."
CHI-CHI1840-019-A04,CHI-CHI1840-019,architect_or_builder,J. M. Van Osdel (architect and superintendent); A. H. Heald (mason); P. L. Updike & Co. and Shepard & Johnson (builders),CHICAGOLOGY1844,medium,true,"The source treats this as four separately owned stores in one coordinated block; retained as one aggregate record until parcel identities are resolved. Cost $13,000. Destruction in 1871 is inferred from location. Chicagology section Chicago Improvements 1844."
CHI-CHI1840-019-A05,CHI-CHI1840-019,year_demolished,1871,CHICAGOLOGY1844,medium,true,"The source treats this as four separately owned stores in one coordinated block; retained as one aggregate record until parcel identities are resolved. Cost $13,000. Destruction in 1871 is inferred from location. Chicagology section Chicago Improvements 1844."
CHI-CHI1840-019-A06,CHI-CHI1840-019,fire_fate_1871,probably destroyed,CHICAGOLOGY1844,medium,true,"The source treats this as four separately owned stores in one coordinated block; retained as one aggregate record until parcel identities are resolved. Cost $13,000. Destruction in 1871 is inferred from location. Chicagology section Chicago Improvements 1844."
CHI-CHI1840-020-A01,CHI-CHI1840-020,existence_and_identity,George Smith five-building block,CHICAGOLOGY1844,medium,true,"Cost about $8,000. Kept as an aggregate record because the five component buildings are not separately named. Destruction in 1871 is inferred from location. Chicagology section Chicago Improvements 1844."
CHI-CHI1840-020-A02,CHI-CHI1840-020,year_completed,1844,CHICAGOLOGY1844,medium,true,"Cost about $8,000. Kept as an aggregate record because the five component buildings are not separately named. Destruction in 1871 is inferred from location. Chicagology section Chicago Improvements 1844."
CHI-CHI1840-020-A03,CHI-CHI1840-020,historical_address,State Street between Lake and Randolph streets,CHICAGOLOGY1844,medium,true,"Cost about $8,000. Kept as an aggregate record because the five component buildings are not separately named. Destruction in 1871 is inferred from location. Chicagology section Chicago Improvements 1844."
CHI-CHI1840-020-A04,CHI-CHI1840-020,architect_or_builder,J. M. Van Osdel (architect); Peter Page (mason); Campbell & Butler (builders),CHICAGOLOGY1844,medium,true,"Cost about $8,000. Kept as an aggregate record because the five component buildings are not separately named. Destruction in 1871 is inferred from location. Chicagology section Chicago Improvements 1844."
CHI-CHI1840-020-A05,CHI-CHI1840-020,year_demolished,1871,CHICAGOLOGY1844,medium,true,"Cost about $8,000. Kept as an aggregate record because the five component buildings are not separately named. Destruction in 1871 is inferred from location. Chicagology section Chicago Improvements 1844."
CHI-CHI1840-020-A06,CHI-CHI1840-020,fire_fate_1871,probably destroyed,CHICAGOLOGY1844,medium,true,"Cost about $8,000. Kept as an aggregate record because the five component buildings are not separately named. Destruction in 1871 is inferred from location. Chicagology section Chicago Improvements 1844."
CHI-CHI1840-021-A01,CHI-CHI1840-021,existence_and_identity,Denker and Borges triangular building,CHICAGOLOGY1844,medium,true,"The building fronted 54 feet on Lake and 72 feet on South Water and cost about $5,500. Destruction in 1871 is inferred from location. Chicagology section Chicago Improvements 1844."
CHI-CHI1840-021-A02,CHI-CHI1840-021,year_completed,1844,CHICAGOLOGY1844,medium,true,"The building fronted 54 feet on Lake and 72 feet on South Water and cost about $5,500. Destruction in 1871 is inferred from location. Chicagology section Chicago Improvements 1844."
CHI-CHI1840-021-A03,CHI-CHI1840-021,historical_address,junction of Lake Street and South Water Street,CHICAGOLOGY1844,medium,true,"The building fronted 54 feet on Lake and 72 feet on South Water and cost about $5,500. Destruction in 1871 is inferred from location. Chicagology section Chicago Improvements 1844."
CHI-CHI1840-021-A04,CHI-CHI1840-021,architect_or_builder,J. M. Van Osdel (architect); Robert Malcom (mason); Alexander Lloyd (builder),CHICAGOLOGY1844,medium,true,"The building fronted 54 feet on Lake and 72 feet on South Water and cost about $5,500. Destruction in 1871 is inferred from location. Chicagology section Chicago Improvements 1844."
CHI-CHI1840-021-A05,CHI-CHI1840-021,year_demolished,1871,CHICAGOLOGY1844,medium,true,"The building fronted 54 feet on Lake and 72 feet on South Water and cost about $5,500. Destruction in 1871 is inferred from location. Chicagology section Chicago Improvements 1844."
CHI-CHI1840-021-A06,CHI-CHI1840-021,fire_fate_1871,probably destroyed,CHICAGOLOGY1844,medium,true,"The building fronted 54 feet on Lake and 72 feet on South Water and cost about $5,500. Destruction in 1871 is inferred from location. Chicagology section Chicago Improvements 1844."
CHI-CHI1840-022-A01,CHI-CHI1840-022,existence_and_identity,Allan Robbins brick store near Lake and South Water,CHICAGOLOGY1844,medium,true,A contemporary building-season description identifies a four-story 20-by-100-foot store but gives limited construction detail. Destruction in 1871 is inferred from location. Chicagology section Chicago Improvements 1844.
CHI-CHI1840-022-A02,CHI-CHI1840-022,year_completed,1844,CHICAGOLOGY1844,medium,true,A contemporary building-season description identifies a four-story 20-by-100-foot store but gives limited construction detail. Destruction in 1871 is inferred from location. Chicagology section Chicago Improvements 1844.
CHI-CHI1840-022-A03,CHI-CHI1840-022,historical_address,near the Denker and Borges building at Lake and South Water streets,CHICAGOLOGY1844,medium,true,A contemporary building-season description identifies a four-story 20-by-100-foot store but gives limited construction detail. Destruction in 1871 is inferred from location. Chicagology section Chicago Improvements 1844.
CHI-CHI1840-022-A04,CHI-CHI1840-022,year_demolished,1871,CHICAGOLOGY1844,medium,true,A contemporary building-season description identifies a four-story 20-by-100-foot store but gives limited construction detail. Destruction in 1871 is inferred from location. Chicagology section Chicago Improvements 1844.
CHI-CHI1840-022-A05,CHI-CHI1840-022,fire_fate_1871,probably destroyed,CHICAGOLOGY1844,medium,true,A contemporary building-season description identifies a four-story 20-by-100-foot store but gives limited construction detail. Destruction in 1871 is inferred from location. Chicagology section Chicago Improvements 1844.
CHI-CHI1840-023-A01,CHI-CHI1840-023,existence_and_identity,Rush Medical College first building,AND1884V1;NOR1846,high,false,"Cost about $3,500; first lecture December 11 and formal opening December 13, 1844. Andreas describes large lecture rooms, museum, library, and a Pantheon-like central feature. Printed pp. 464-466 and 505-506; Norris 1846 pp. 29 and 32 corroborates the college."
CHI-CHI1840-023-A02,CHI-CHI1840-023,year_completed,1844,AND1884V1;NOR1846,high,false,"Cost about $3,500; first lecture December 11 and formal opening December 13, 1844. Andreas describes large lecture rooms, museum, library, and a Pantheon-like central feature. Printed pp. 464-466 and 505-506; Norris 1846 pp. 29 and 32 corroborates the college."
CHI-CHI1840-023-A03,CHI-CHI1840-023,historical_address,southwest corner Dearborn and Indiana streets,AND1884V1;NOR1846,high,false,"Cost about $3,500; first lecture December 11 and formal opening December 13, 1844. Andreas describes large lecture rooms, museum, library, and a Pantheon-like central feature. Printed pp. 464-466 and 505-506; Norris 1846 pp. 29 and 32 corroborates the college."
CHI-CHI1840-023-A04,CHI-CHI1840-023,architect_or_builder,John M. Van Osdel,AND1884V1;NOR1846,high,false,"Cost about $3,500; first lecture December 11 and formal opening December 13, 1844. Andreas describes large lecture rooms, museum, library, and a Pantheon-like central feature. Printed pp. 464-466 and 505-506; Norris 1846 pp. 29 and 32 corroborates the college."
CHI-CHI1840-023-A05,CHI-CHI1840-023,year_demolished,1871,AND1884V1;NOR1846,high,false,"Cost about $3,500; first lecture December 11 and formal opening December 13, 1844. Andreas describes large lecture rooms, museum, library, and a Pantheon-like central feature. Printed pp. 464-466 and 505-506; Norris 1846 pp. 29 and 32 corroborates the college."
CHI-CHI1840-023-A06,CHI-CHI1840-023,fire_fate_1871,destroyed,AND1884V1;NOR1846,high,false,"Cost about $3,500; first lecture December 11 and formal opening December 13, 1844. Andreas describes large lecture rooms, museum, library, and a Pantheon-like central feature. Printed pp. 464-466 and 505-506; Norris 1846 pp. 29 and 32 corroborates the college."
CHI-CHI1840-024-A01,CHI-CHI1840-024,existence_and_identity,First Baptist Church brick building,AND1884V1,high,false,"Church history dates erection to 1844; Andreas' architecture summary groups it with 1844-45 construction. It measured 55 by 80 feet, cost about $4,500, and burned October 20, 1852. Printed pp. 316-317 and 505-506."
CHI-CHI1840-024-A02,CHI-CHI1840-024,year_completed,1844,AND1884V1,high,false,"Church history dates erection to 1844; Andreas' architecture summary groups it with 1844-45 construction. It measured 55 by 80 feet, cost about $4,500, and burned October 20, 1852. Printed pp. 316-317 and 505-506."
CHI-CHI1840-024-A03,CHI-CHI1840-024,historical_address,southeast corner Washington and LaSalle streets,AND1884V1,high,false,"Church history dates erection to 1844; Andreas' architecture summary groups it with 1844-45 construction. It measured 55 by 80 feet, cost about $4,500, and burned October 20, 1852. Printed pp. 316-317 and 505-506."
CHI-CHI1840-024-A04,CHI-CHI1840-024,year_demolished,1852,AND1884V1,high,false,"Church history dates erection to 1844; Andreas' architecture summary groups it with 1844-45 construction. It measured 55 by 80 feet, cost about $4,500, and burned October 20, 1852. Printed pp. 316-317 and 505-506."
CHI-CHI1840-024-A05,CHI-CHI1840-024,fire_fate_1871,not present,AND1884V1,high,false,"Church history dates erection to 1844; Andreas' architecture summary groups it with 1844-45 construction. It measured 55 by 80 feet, cost about $4,500, and burned October 20, 1852. Printed pp. 316-317 and 505-506."
CHI-CHI1840-025-A01,CHI-CHI1840-025,existence_and_identity,Trinity Episcopal Church first building,AND1884V1,high,true,"Cornerstone laid June 5, 1844; first service held August 25 after completion that month. Great Fire fate is inferred from the Loop location but later congregation/building history needs resolution. Andreas printed pp. 336-337."
CHI-CHI1840-025-A02,CHI-CHI1840-025,year_completed,1844,AND1884V1,high,true,"Cornerstone laid June 5, 1844; first service held August 25 after completion that month. Great Fire fate is inferred from the Loop location but later congregation/building history needs resolution. Andreas printed pp. 336-337."
CHI-CHI1840-025-A03,CHI-CHI1840-025,historical_address,Madison Street between Clark and LaSalle streets,AND1884V1,high,true,"Cornerstone laid June 5, 1844; first service held August 25 after completion that month. Great Fire fate is inferred from the Loop location but later congregation/building history needs resolution. Andreas printed pp. 336-337."
CHI-CHI1840-025-A04,CHI-CHI1840-025,fire_fate_1871,probably destroyed,AND1884V1,high,true,"Cornerstone laid June 5, 1844; first service held August 25 after completion that month. Great Fire fate is inferred from the Loop location but later congregation/building history needs resolution. Andreas printed pp. 336-337."
CHI-CHI1840-026-A01,CHI-CHI1840-026,existence_and_identity,First Universalist Church,AND1884V1,high,true,"Dedicated October 23, 1844; 30 by 45 feet and cost about $3,000. Later sold to Olivet Presbyterian after 1857; physical fate unresolved. Andreas printed p. 343 and p. 505."
CHI-CHI1840-026-A02,CHI-CHI1840-026,year_completed,1844,AND1884V1,high,true,"Dedicated October 23, 1844; 30 by 45 feet and cost about $3,000. Later sold to Olivet Presbyterian after 1857; physical fate unresolved. Andreas printed p. 343 and p. 505."
CHI-CHI1840-026-A03,CHI-CHI1840-026,historical_address,Washington Street near Clark Street Methodist Church,AND1884V1,high,true,"Dedicated October 23, 1844; 30 by 45 feet and cost about $3,000. Later sold to Olivet Presbyterian after 1857; physical fate unresolved. Andreas printed p. 343 and p. 505."
CHI-CHI1840-026-A04,CHI-CHI1840-026,fire_fate_1871,uncertain,AND1884V1,high,true,"Dedicated October 23, 1844; 30 by 45 feet and cost about $3,000. Later sold to Olivet Presbyterian after 1857; physical fate unresolved. Andreas printed p. 343 and p. 505."
CHI-CHI1840-027-A01,CHI-CHI1840-027,existence_and_identity,Dearborn School,AND1884V1;NOR1846,high,false,"Proposals were authorized in June 1844 and the first permanent public school was completed in spring 1845 for about $7,523.42. Norris calls it one of two large two-story brick schools. Andreas printed pp. 210-211; Norris 1846 pp. 6-7 and 26."
CHI-CHI1840-027-A02,CHI-CHI1840-027,year_completed,1845,AND1884V1;NOR1846,high,false,"Proposals were authorized in June 1844 and the first permanent public school was completed in spring 1845 for about $7,523.42. Norris calls it one of two large two-story brick schools. Andreas printed pp. 210-211; Norris 1846 pp. 6-7 and 26."
CHI-CHI1840-027-A03,CHI-CHI1840-027,historical_address,Madison Street opposite the later McVicker's Theatre,AND1884V1;NOR1846,high,false,"Proposals were authorized in June 1844 and the first permanent public school was completed in spring 1845 for about $7,523.42. Norris calls it one of two large two-story brick schools. Andreas printed pp. 210-211; Norris 1846 pp. 6-7 and 26."
CHI-CHI1840-027-A04,CHI-CHI1840-027,architect_or_builder,Ira Miltimore (principal advocate and building agent; architectural attribution not established),AND1884V1;NOR1846,high,false,"Proposals were authorized in June 1844 and the first permanent public school was completed in spring 1845 for about $7,523.42. Norris calls it one of two large two-story brick schools. Andreas printed pp. 210-211; Norris 1846 pp. 6-7 and 26."
CHI-CHI1840-027-A05,CHI-CHI1840-027,year_demolished,1871,AND1884V1;NOR1846,high,false,"Proposals were authorized in June 1844 and the first permanent public school was completed in spring 1845 for about $7,523.42. Norris calls it one of two large two-story brick schools. Andreas printed pp. 210-211; Norris 1846 pp. 6-7 and 26."
CHI-CHI1840-027-A06,CHI-CHI1840-027,fire_fate_1871,destroyed,AND1884V1;NOR1846,high,false,"Proposals were authorized in June 1844 and the first permanent public school was completed in spring 1845 for about $7,523.42. Norris calls it one of two large two-story brick schools. Andreas printed pp. 210-211; Norris 1846 pp. 6-7 and 26."
CHI-CHI1840-028-A01,CHI-CHI1840-028,existence_and_identity,North Division School at Ohio and LaSalle,AND1884V1;NOR1846,medium,true,"Andreas says the 45-by-70-foot, two-story school arose in the 1844-45 program and was ready by 1846, costing about $4,000. Norris corroborates two large two-story brick schools completed within the preceding two years. Exact completion year and fate need review. Andreas printed pp. 210-211; Norris 1846 pp. 6-7 and 26."
CHI-CHI1840-028-A02,CHI-CHI1840-028,year_completed,1846,AND1884V1;NOR1846,medium,true,"Andreas says the 45-by-70-foot, two-story school arose in the 1844-45 program and was ready by 1846, costing about $4,000. Norris corroborates two large two-story brick schools completed within the preceding two years. Exact completion year and fate need review. Andreas printed pp. 210-211; Norris 1846 pp. 6-7 and 26."
CHI-CHI1840-028-A03,CHI-CHI1840-028,historical_address,corner Ohio and LaSalle streets,AND1884V1;NOR1846,medium,true,"Andreas says the 45-by-70-foot, two-story school arose in the 1844-45 program and was ready by 1846, costing about $4,000. Norris corroborates two large two-story brick schools completed within the preceding two years. Exact completion year and fate need review. Andreas printed pp. 210-211; Norris 1846 pp. 6-7 and 26."
CHI-CHI1840-028-A04,CHI-CHI1840-028,fire_fate_1871,uncertain,AND1884V1;NOR1846,medium,true,"Andreas says the 45-by-70-foot, two-story school arose in the 1844-45 program and was ready by 1846, costing about $4,000. Norris corroborates two large two-story brick schools completed within the preceding two years. Exact completion year and fate need review. Andreas printed pp. 210-211; Norris 1846 pp. 6-7 and 26."
CHI-CHI1840-029-A01,CHI-CHI1840-029,existence_and_identity,First Methodist Episcopal Church at Clark and Washington,AND1884V1,high,false,"Cornerstone laid May 8, 1845 and dedicated in November; 66 by 95 feet, capacity about 1,000, cost $12,000. Andreas printed pp. 325-327 and 505."
CHI-CHI1840-029-A02,CHI-CHI1840-029,year_completed,1845,AND1884V1,high,false,"Cornerstone laid May 8, 1845 and dedicated in November; 66 by 95 feet, capacity about 1,000, cost $12,000. Andreas printed pp. 325-327 and 505."
CHI-CHI1840-029-A03,CHI-CHI1840-029,historical_address,corner Clark and Washington streets,AND1884V1,high,false,"Cornerstone laid May 8, 1845 and dedicated in November; 66 by 95 feet, capacity about 1,000, cost $12,000. Andreas printed pp. 325-327 and 505."
CHI-CHI1840-029-A04,CHI-CHI1840-029,architect_or_builder,Sullivan and John M. Van Osdel (design features),AND1884V1,high,false,"Cornerstone laid May 8, 1845 and dedicated in November; 66 by 95 feet, capacity about 1,000, cost $12,000. Andreas printed pp. 325-327 and 505."
CHI-CHI1840-029-A05,CHI-CHI1840-029,year_demolished,1871,AND1884V1,high,false,"Cornerstone laid May 8, 1845 and dedicated in November; 66 by 95 feet, capacity about 1,000, cost $12,000. Andreas printed pp. 325-327 and 505."
CHI-CHI1840-029-A06,CHI-CHI1840-029,fire_fate_1871,destroyed,AND1884V1,high,false,"Cornerstone laid May 8, 1845 and dedicated in November; 66 by 95 feet, capacity about 1,000, cost $12,000. Andreas printed pp. 325-327 and 505."
CHI-CHI1840-030-A01,CHI-CHI1840-030,existence_and_identity,University of St. Mary of the Lake first campus building,AND1884V1;NOR1846,medium,true,"Detailed chronology says foundations began October 17, 1845, the building was under roof November 22, and it opened July 4, apparently 1846, at a cost of $12,000. Another Andreas passage says completion in June 1845, creating an internal conflict. Fire fate is strongly indicated but should be checked against diocesan records. Andreas printed pp. 293 and 466-467; Norris 1846 pp. 29-32 corroborates the institution."
CHI-CHI1840-030-A02,CHI-CHI1840-030,year_completed,1846,AND1884V1;NOR1846,medium,true,"Detailed chronology says foundations began October 17, 1845, the building was under roof November 22, and it opened July 4, apparently 1846, at a cost of $12,000. Another Andreas passage says completion in June 1845, creating an internal conflict. Fire fate is strongly indicated but should be checked against diocesan records. Andreas printed pp. 293 and 466-467; Norris 1846 pp. 29-32 corroborates the institution."
CHI-CHI1840-030-A03,CHI-CHI1840-030,historical_address,"northeast quarter of block bounded by Chicago, Rush, Superior, and State streets",AND1884V1;NOR1846,medium,true,"Detailed chronology says foundations began October 17, 1845, the building was under roof November 22, and it opened July 4, apparently 1846, at a cost of $12,000. Another Andreas passage says completion in June 1845, creating an internal conflict. Fire fate is strongly indicated but should be checked against diocesan records. Andreas printed pp. 293 and 466-467; Norris 1846 pp. 29-32 corroborates the institution."
CHI-CHI1840-030-A04,CHI-CHI1840-030,year_demolished,1871,AND1884V1;NOR1846,medium,true,"Detailed chronology says foundations began October 17, 1845, the building was under roof November 22, and it opened July 4, apparently 1846, at a cost of $12,000. Another Andreas passage says completion in June 1845, creating an internal conflict. Fire fate is strongly indicated but should be checked against diocesan records. Andreas printed pp. 293 and 466-467; Norris 1846 pp. 29-32 corroborates the institution."
CHI-CHI1840-030-A05,CHI-CHI1840-030,fire_fate_1871,probably destroyed,AND1884V1;NOR1846,medium,true,"Detailed chronology says foundations began October 17, 1845, the building was under roof November 22, and it opened July 4, apparently 1846, at a cost of $12,000. Another Andreas passage says completion in June 1845, creating an internal conflict. Fire fate is strongly indicated but should be checked against diocesan records. Andreas printed pp. 293 and 466-467; Norris 1846 pp. 29-32 corroborates the institution."
CHI-CHI1840-031-A01,CHI-CHI1840-031,existence_and_identity,Second North Side smallpox hospital,AND1884V1,high,true,Erected on the same site after the 1843 hospital burned early in 1845. Later fate is not stated in the cited passage. Andreas printed p. 597.
CHI-CHI1840-031-A02,CHI-CHI1840-031,year_completed,1845,AND1884V1,high,true,Erected on the same site after the 1843 hospital burned early in 1845. Later fate is not stated in the cited passage. Andreas printed p. 597.
CHI-CHI1840-031-A03,CHI-CHI1840-031,historical_address,north of present North Avenue near the lake,AND1884V1,high,true,Erected on the same site after the 1843 hospital burned early in 1845. Later fate is not stated in the cited passage. Andreas printed p. 597.
CHI-CHI1840-031-A04,CHI-CHI1840-031,fire_fate_1871,uncertain,AND1884V1,high,true,Erected on the same site after the 1843 hospital burned early in 1845. Later fate is not stated in the cited passage. Andreas printed p. 597.
CHI-CHI1840-032-A01,CHI-CHI1840-032,existence_and_identity,Canal Street Methodist Episcopal Church first building,AND1884V1,medium,true,"The congregation organized in 1843 and its first building was a low 30-by-60-foot frame seating about 300 and costing $1,400. It was sold and converted to a furniture factory in 1853. Andreas printed pp. 327-328."
CHI-CHI1840-032-A02,CHI-CHI1840-032,year_completed,1843,AND1884V1,medium,true,"The congregation organized in 1843 and its first building was a low 30-by-60-foot frame seating about 300 and costing $1,400. It was sold and converted to a furniture factory in 1853. Andreas printed pp. 327-328."
CHI-CHI1840-032-A03,CHI-CHI1840-032,historical_address,west side Canal Street south of Randolph Street,AND1884V1,medium,true,"The congregation organized in 1843 and its first building was a low 30-by-60-foot frame seating about 300 and costing $1,400. It was sold and converted to a furniture factory in 1853. Andreas printed pp. 327-328."
CHI-CHI1840-032-A04,CHI-CHI1840-032,fire_fate_1871,not present,AND1884V1,medium,true,"The congregation organized in 1843 and its first building was a low 30-by-60-foot frame seating about 300 and costing $1,400. It was sold and converted to a furniture factory in 1853. Andreas printed pp. 327-328."
CHI-CHI1840-033-A01,CHI-CHI1840-033,existence_and_identity,First German Evangelical congregation church at LaSalle and Ohio,AND1884V1,medium,true,The congregation began in 1843 and erected this building; H. Rothget and John E. Strobbach enlarged it in 1847. It remained with the United Evangelical group after the 1848 split and was replaced by a brick church in 1854-55. Andreas printed pp. 350-351.
CHI-CHI1840-033-A02,CHI-CHI1840-033,year_completed,1843,AND1884V1,medium,true,The congregation began in 1843 and erected this building; H. Rothget and John E. Strobbach enlarged it in 1847. It remained with the United Evangelical group after the 1848 split and was replaced by a brick church in 1854-55. Andreas printed pp. 350-351.
CHI-CHI1840-033-A03,CHI-CHI1840-033,historical_address,southwest corner LaSalle and Ohio streets,AND1884V1,medium,true,The congregation began in 1843 and erected this building; H. Rothget and John E. Strobbach enlarged it in 1847. It remained with the United Evangelical group after the 1848 split and was replaced by a brick church in 1854-55. Andreas printed pp. 350-351.
CHI-CHI1840-033-A04,CHI-CHI1840-033,year_demolished,1855,AND1884V1,medium,true,The congregation began in 1843 and erected this building; H. Rothget and John E. Strobbach enlarged it in 1847. It remained with the United Evangelical group after the 1848 split and was replaced by a brick church in 1854-55. Andreas printed pp. 350-351.
CHI-CHI1840-033-A05,CHI-CHI1840-033,fire_fate_1871,not present,AND1884V1,medium,true,The congregation began in 1843 and erected this building; H. Rothget and John E. Strobbach enlarged it in 1847. It remained with the United Evangelical group after the 1848 split and was replaced by a brick church in 1854-55. Andreas printed pp. 350-351.
CHI-CHI1840-034-A01,CHI-CHI1840-034,existence_and_identity,St. Patrick's Catholic Church first building,AND1884V1,high,true,"Opened April 12, 1846 and cost $750; later enlarged, moved to Desplaines and Adams, and used as a school. The cited source does not give the move date or final demolition. Andreas printed pp. 294-295."
CHI-CHI1840-034-A02,CHI-CHI1840-034,year_completed,1846,AND1884V1,high,true,"Opened April 12, 1846 and cost $750; later enlarged, moved to Desplaines and Adams, and used as a school. The cited source does not give the move date or final demolition. Andreas printed pp. 294-295."
CHI-CHI1840-034-A03,CHI-CHI1840-034,historical_address,Desplaines Street between Randolph and Washington streets,AND1884V1,high,true,"Opened April 12, 1846 and cost $750; later enlarged, moved to Desplaines and Adams, and used as a school. The cited source does not give the move date or final demolition. Andreas printed pp. 294-295."
CHI-CHI1840-034-A04,CHI-CHI1840-034,architect_or_builder,Augustine D. Taylor,AND1884V1,high,true,"Opened April 12, 1846 and cost $750; later enlarged, moved to Desplaines and Adams, and used as a school. The cited source does not give the move date or final demolition. Andreas printed pp. 294-295."
CHI-CHI1840-034-A05,CHI-CHI1840-034,fire_fate_1871,survived outside main fire zone,AND1884V1,high,true,"Opened April 12, 1846 and cost $750; later enlarged, moved to Desplaines and Adams, and used as a school. The cited source does not give the move date or final demolition. Andreas printed pp. 294-295."
CHI-CHI1840-035-A01,CHI-CHI1840-035,existence_and_identity,St. Peter's German Catholic Church first building,AND1884V1,high,false,"Built in spring 1846 for about $900, seating about 700; moved with associated buildings in 1853 to Clark and Polk. Andreas printed pp. 294-295."
CHI-CHI1840-035-A02,CHI-CHI1840-035,year_completed,1846,AND1884V1,high,false,"Built in spring 1846 for about $900, seating about 700; moved with associated buildings in 1853 to Clark and Polk. Andreas printed pp. 294-295."
CHI-CHI1840-035-A03,CHI-CHI1840-035,historical_address,Washington Street between Wells and Franklin streets,AND1884V1,high,false,"Built in spring 1846 for about $900, seating about 700; moved with associated buildings in 1853 to Clark and Polk. Andreas printed pp. 294-295."
CHI-CHI1840-035-A04,CHI-CHI1840-035,year_demolished,1853,AND1884V1,high,false,"Built in spring 1846 for about $900, seating about 700; moved with associated buildings in 1853 to Clark and Polk. Andreas printed pp. 294-295."
CHI-CHI1840-035-A05,CHI-CHI1840-035,fire_fate_1871,not present,AND1884V1,high,false,"Built in spring 1846 for about $900, seating about 700; moved with associated buildings in 1853 to Clark and Polk. Andreas printed pp. 294-295."
CHI-CHI1840-036-A01,CHI-CHI1840-036,existence_and_identity,St. Peter's German Catholic rectory first building,AND1884V1,medium,true,A separate frame rectory stood on the 1846 St. Peter's lot and was moved with the church property in 1853. Exact completion wording is less explicit than for the church. Andreas printed pp. 294-295.
CHI-CHI1840-036-A02,CHI-CHI1840-036,year_completed,1846,AND1884V1,medium,true,A separate frame rectory stood on the 1846 St. Peter's lot and was moved with the church property in 1853. Exact completion wording is less explicit than for the church. Andreas printed pp. 294-295.
CHI-CHI1840-036-A03,CHI-CHI1840-036,historical_address,Washington Street between Wells and Franklin streets,AND1884V1,medium,true,A separate frame rectory stood on the 1846 St. Peter's lot and was moved with the church property in 1853. Exact completion wording is less explicit than for the church. Andreas printed pp. 294-295.
CHI-CHI1840-036-A04,CHI-CHI1840-036,year_demolished,1853,AND1884V1,medium,true,A separate frame rectory stood on the 1846 St. Peter's lot and was moved with the church property in 1853. Exact completion wording is less explicit than for the church. Andreas printed pp. 294-295.
CHI-CHI1840-036-A05,CHI-CHI1840-036,fire_fate_1871,not present,AND1884V1,medium,true,A separate frame rectory stood on the 1846 St. Peter's lot and was moved with the church property in 1853. Exact completion wording is less explicit than for the church. Andreas printed pp. 294-295.
CHI-CHI1840-037-A01,CHI-CHI1840-037,existence_and_identity,St. Peter's German Catholic schoolhouse first building,AND1884V1,medium,true,A separate frame schoolhouse stood on the 1846 St. Peter's lot and was moved with the church property in 1853. Exact completion wording is less explicit than for the church. Andreas printed pp. 294-295.
CHI-CHI1840-037-A02,CHI-CHI1840-037,year_completed,1846,AND1884V1,medium,true,A separate frame schoolhouse stood on the 1846 St. Peter's lot and was moved with the church property in 1853. Exact completion wording is less explicit than for the church. Andreas printed pp. 294-295.
CHI-CHI1840-037-A03,CHI-CHI1840-037,historical_address,Washington Street between Wells and Franklin streets,AND1884V1,medium,true,A separate frame schoolhouse stood on the 1846 St. Peter's lot and was moved with the church property in 1853. Exact completion wording is less explicit than for the church. Andreas printed pp. 294-295.
CHI-CHI1840-037-A04,CHI-CHI1840-037,year_demolished,1853,AND1884V1,medium,true,A separate frame schoolhouse stood on the 1846 St. Peter's lot and was moved with the church property in 1853. Exact completion wording is less explicit than for the church. Andreas printed pp. 294-295.
CHI-CHI1840-037-A05,CHI-CHI1840-037,fire_fate_1871,not present,AND1884V1,medium,true,A separate frame schoolhouse stood on the 1846 St. Peter's lot and was moved with the church property in 1853. Exact completion wording is less explicit than for the church. Andreas printed pp. 294-295.
CHI-CHI1840-038-A01,CHI-CHI1840-038,existence_and_identity,St. Joseph's German Catholic Church first building,AND1884V1,high,true,Built in 1846 for about $900 and seating about 600. Later replaced after 1861; exact removal date and 1871 status need review. Andreas printed pp. 295-296.
CHI-CHI1840-038-A02,CHI-CHI1840-038,year_completed,1846,AND1884V1,high,true,Built in 1846 for about $900 and seating about 600. Later replaced after 1861; exact removal date and 1871 status need review. Andreas printed pp. 295-296.
CHI-CHI1840-038-A03,CHI-CHI1840-038,historical_address,northeast corner Chicago Avenue and Cass Street,AND1884V1,high,true,Built in 1846 for about $900 and seating about 600. Later replaced after 1861; exact removal date and 1871 status need review. Andreas printed pp. 295-296.
CHI-CHI1840-038-A04,CHI-CHI1840-038,fire_fate_1871,uncertain,AND1884V1,high,true,Built in 1846 for about $900 and seating about 600. Later replaced after 1861; exact removal date and 1871 status need review. Andreas printed pp. 295-296.
CHI-CHI1840-039-A01,CHI-CHI1840-039,existence_and_identity,Scammon School,AND1884V1,high,true,"Completed in May 1847 at a cost of $6,795. Its west-side location was outside the main 1871 burned district, but later demolition history remains unresolved. Andreas printed p. 212."
CHI-CHI1840-039-A02,CHI-CHI1840-039,year_completed,1847,AND1884V1,high,true,"Completed in May 1847 at a cost of $6,795. Its west-side location was outside the main 1871 burned district, but later demolition history remains unresolved. Andreas printed p. 212."
CHI-CHI1840-039-A03,CHI-CHI1840-039,historical_address,West Madison Street near Halsted Street,AND1884V1,high,true,"Completed in May 1847 at a cost of $6,795. Its west-side location was outside the main 1871 burned district, but later demolition history remains unresolved. Andreas printed p. 212."
CHI-CHI1840-039-A04,CHI-CHI1840-039,fire_fate_1871,survived outside main fire zone,AND1884V1,high,true,"Completed in May 1847 at a cost of $6,795. Its west-side location was outside the main 1871 burned district, but later demolition history remains unresolved. Andreas printed p. 212."
CHI-CHI1840-040-A01,CHI-CHI1840-040,existence_and_identity,Rice's first Chicago theater,AND1884V1,high,false,"A 40-by-80-foot frame completed in six weeks and opened June 28, 1847; totally destroyed by fire July 30, 1850. Andreas printed pp. 484-490."
CHI-CHI1840-040-A02,CHI-CHI1840-040,year_completed,1847,AND1884V1,high,false,"A 40-by-80-foot frame completed in six weeks and opened June 28, 1847; totally destroyed by fire July 30, 1850. Andreas printed pp. 484-490."
CHI-CHI1840-040-A03,CHI-CHI1840-040,historical_address,"south side Randolph Street, one or two lots east of southeast corner Dearborn Street",AND1884V1,high,false,"A 40-by-80-foot frame completed in six weeks and opened June 28, 1847; totally destroyed by fire July 30, 1850. Andreas printed pp. 484-490."
CHI-CHI1840-040-A04,CHI-CHI1840-040,architect_or_builder,P. L. Updike (contractor),AND1884V1,high,false,"A 40-by-80-foot frame completed in six weeks and opened June 28, 1847; totally destroyed by fire July 30, 1850. Andreas printed pp. 484-490."
CHI-CHI1840-040-A05,CHI-CHI1840-040,year_demolished,1850,AND1884V1,high,false,"A 40-by-80-foot frame completed in six weeks and opened June 28, 1847; totally destroyed by fire July 30, 1850. Andreas printed pp. 484-490."
CHI-CHI1840-040-A06,CHI-CHI1840-040,fire_fate_1871,not present,AND1884V1,high,false,"A 40-by-80-foot frame completed in six weeks and opened June 28, 1847; totally destroyed by fire July 30, 1850. Andreas printed pp. 484-490."
CHI-CHI1840-041-A01,CHI-CHI1840-041,existence_and_identity,Dr. Edward Mead private insane asylum,AND1884V1,medium,true,"Andreas says Mead first used quarters on Kinzie Street, then purchased land two miles north and had a new asylum ready in 1847. Exact parcel, form, and later fate require review. Printed p. 597."
CHI-CHI1840-041-A02,CHI-CHI1840-041,year_completed,1847,AND1884V1,medium,true,"Andreas says Mead first used quarters on Kinzie Street, then purchased land two miles north and had a new asylum ready in 1847. Exact parcel, form, and later fate require review. Printed p. 597."
CHI-CHI1840-041-A03,CHI-CHI1840-041,historical_address,two miles north of the city; after temporary Kinzie Street quarters,AND1884V1,medium,true,"Andreas says Mead first used quarters on Kinzie Street, then purchased land two miles north and had a new asylum ready in 1847. Exact parcel, form, and later fate require review. Printed p. 597."
CHI-CHI1840-041-A04,CHI-CHI1840-041,architect_or_builder,Dr. Edward Mead,AND1884V1,medium,true,"Andreas says Mead first used quarters on Kinzie Street, then purchased land two miles north and had a new asylum ready in 1847. Exact parcel, form, and later fate require review. Printed p. 597."
CHI-CHI1840-041-A05,CHI-CHI1840-041,fire_fate_1871,uncertain,AND1884V1,medium,true,"Andreas says Mead first used quarters on Kinzie Street, then purchased land two miles north and had a new asylum ready in 1847. Exact parcel, form, and later fate require review. Printed p. 597."
CHI-CHI1840-042-A01,CHI-CHI1840-042,existence_and_identity,Stiles Burton's City Hotel,CHICAGOLOGY1844,medium,true,A later directory retrospective says Burton built the City Hotel in 1848 to Van Osdel's design. Destruction in 1871 is inferred from its Loop location and should be confirmed in a primary fire-loss list. Chicagology pre-fire transcription.
CHI-CHI1840-042-A02,CHI-CHI1840-042,year_completed,1848,CHICAGOLOGY1844,medium,true,A later directory retrospective says Burton built the City Hotel in 1848 to Van Osdel's design. Destruction in 1871 is inferred from its Loop location and should be confirmed in a primary fire-loss list. Chicagology pre-fire transcription.
CHI-CHI1840-042-A03,CHI-CHI1840-042,historical_address,southeast corner State and Lake streets,CHICAGOLOGY1844,medium,true,A later directory retrospective says Burton built the City Hotel in 1848 to Van Osdel's design. Destruction in 1871 is inferred from its Loop location and should be confirmed in a primary fire-loss list. Chicagology pre-fire transcription.
CHI-CHI1840-042-A04,CHI-CHI1840-042,architect_or_builder,John M. Van Osdel,CHICAGOLOGY1844,medium,true,A later directory retrospective says Burton built the City Hotel in 1848 to Van Osdel's design. Destruction in 1871 is inferred from its Loop location and should be confirmed in a primary fire-loss list. Chicagology pre-fire transcription.
CHI-CHI1840-042-A05,CHI-CHI1840-042,year_demolished,1871,CHICAGOLOGY1844,medium,true,A later directory retrospective says Burton built the City Hotel in 1848 to Van Osdel's design. Destruction in 1871 is inferred from its Loop location and should be confirmed in a primary fire-loss list. Chicagology pre-fire transcription.
CHI-CHI1840-042-A06,CHI-CHI1840-042,fire_fate_1871,probably destroyed,CHICAGOLOGY1844,medium,true,A later directory retrospective says Burton built the City Hotel in 1848 to Van Osdel's design. Destruction in 1871 is inferred from its Loop location and should be confirmed in a primary fire-loss list. Chicagology pre-fire transcription.
CHI-CHI1840-043-A01,CHI-CHI1840-043,existence_and_identity,State Street Market Building and City Hall,AND1884V1,high,false,"Erected beginning in January 1848 for $11,070; contained 32 ground-floor market stalls and city rooms above. Council first met there November 13, 1848. Andreas printed pp. 180-181."
CHI-CHI1840-043-A02,CHI-CHI1840-043,year_completed,1848,AND1884V1,high,false,"Erected beginning in January 1848 for $11,070; contained 32 ground-floor market stalls and city rooms above. Council first met there November 13, 1848. Andreas printed pp. 180-181."
CHI-CHI1840-043-A03,CHI-CHI1840-043,historical_address,"center of State Street, fronting Randolph Street and extending north toward Lake Street",AND1884V1,high,false,"Erected beginning in January 1848 for $11,070; contained 32 ground-floor market stalls and city rooms above. Council first met there November 13, 1848. Andreas printed pp. 180-181."
CHI-CHI1840-043-A04,CHI-CHI1840-043,architect_or_builder,John M. Van Osdel (architect and superintendent),AND1884V1,high,false,"Erected beginning in January 1848 for $11,070; contained 32 ground-floor market stalls and city rooms above. Council first met there November 13, 1848. Andreas printed pp. 180-181."
CHI-CHI1840-043-A05,CHI-CHI1840-043,year_demolished,1871,AND1884V1,high,false,"Erected beginning in January 1848 for $11,070; contained 32 ground-floor market stalls and city rooms above. Council first met there November 13, 1848. Andreas printed pp. 180-181."
CHI-CHI1840-043-A06,CHI-CHI1840-043,fire_fate_1871,destroyed,AND1884V1,high,false,"Erected beginning in January 1848 for $11,070; contained 32 ground-floor market stalls and city rooms above. Council first met there November 13, 1848. Andreas printed pp. 180-181."
CHI-CHI1840-044-A01,CHI-CHI1840-044,existence_and_identity,Galena and Chicago Union Railroad first depot,AND1884V1;ECH1849MAP,medium,true,The railroad's initial Chicago depot was at Kinzie and Canal. The 1849 Rees & Rucker map page explicitly describes the line running west from this depot; exact building completion and replacement history need confirmation from railroad records. Andreas' railroad chapter provides the 1848 opening context.
CHI-CHI1840-044-A02,CHI-CHI1840-044,year_completed,1848,AND1884V1;ECH1849MAP,medium,true,The railroad's initial Chicago depot was at Kinzie and Canal. The 1849 Rees & Rucker map page explicitly describes the line running west from this depot; exact building completion and replacement history need confirmation from railroad records. Andreas' railroad chapter provides the 1848 opening context.
CHI-CHI1840-044-A03,CHI-CHI1840-044,historical_address,Kinzie Street and Canal Street,AND1884V1;ECH1849MAP,medium,true,The railroad's initial Chicago depot was at Kinzie and Canal. The 1849 Rees & Rucker map page explicitly describes the line running west from this depot; exact building completion and replacement history need confirmation from railroad records. Andreas' railroad chapter provides the 1848 opening context.
CHI-CHI1840-044-A04,CHI-CHI1840-044,fire_fate_1871,uncertain,AND1884V1;ECH1849MAP,medium,true,The railroad's initial Chicago depot was at Kinzie and Canal. The 1849 Rees & Rucker map page explicitly describes the line running west from this depot; exact building completion and replacement history need confirmation from railroad records. Andreas' railroad chapter provides the 1848 opening context.
CHI-CHI1840-045-A01,CHI-CHI1840-045,existence_and_identity,Bull's Head cattle yards,AND1884V1,high,true,Opened in 1848 as an early makeshift cattle yard. It is included as a built complex rather than a single enclosed building; later closure date needs review. Andreas printed p. 564.
CHI-CHI1840-045-A02,CHI-CHI1840-045,year_completed,1848,AND1884V1,high,true,Opened in 1848 as an early makeshift cattle yard. It is included as a built complex rather than a single enclosed building; later closure date needs review. Andreas printed p. 564.
CHI-CHI1840-045-A03,CHI-CHI1840-045,historical_address,vicinity of Madison Street and Ashland Avenue,AND1884V1,high,true,Opened in 1848 as an early makeshift cattle yard. It is included as a built complex rather than a single enclosed building; later closure date needs review. Andreas printed p. 564.
CHI-CHI1840-045-A04,CHI-CHI1840-045,fire_fate_1871,survived outside main fire zone,AND1884V1,high,true,Opened in 1848 as an early makeshift cattle yard. It is included as a built complex rather than a single enclosed building; later closure date needs review. Andreas printed p. 564.
CHI-CHI1840-046-A01,CHI-CHI1840-046,existence_and_identity,First Chicago steam grain elevator,AND1884V1,low,true,"Andreas' general manufacturing narrative credits R. C. Bristol with an elevator erected in 1848, while a biographical passage credits George Steel with the first steam elevator at North Franklin and the river, 100,000-bushel capacity, burned about 1854. This unresolved internal contradiction must not be silently normalized. Andreas printed pp. 580-581 and George Steel biographical passage."
CHI-CHI1840-046-A02,CHI-CHI1840-046,year_completed,1848,AND1884V1,low,true,"Andreas' general manufacturing narrative credits R. C. Bristol with an elevator erected in 1848, while a biographical passage credits George Steel with the first steam elevator at North Franklin and the river, 100,000-bushel capacity, burned about 1854. This unresolved internal contradiction must not be silently normalized. Andreas printed pp. 580-581 and George Steel biographical passage."
CHI-CHI1840-046-A03,CHI-CHI1840-046,historical_address,possibly North Franklin Street at the river,AND1884V1,low,true,"Andreas' general manufacturing narrative credits R. C. Bristol with an elevator erected in 1848, while a biographical passage credits George Steel with the first steam elevator at North Franklin and the river, 100,000-bushel capacity, burned about 1854. This unresolved internal contradiction must not be silently normalized. Andreas printed pp. 580-581 and George Steel biographical passage."
CHI-CHI1840-046-A04,CHI-CHI1840-046,year_demolished,1854,AND1884V1,low,true,"Andreas' general manufacturing narrative credits R. C. Bristol with an elevator erected in 1848, while a biographical passage credits George Steel with the first steam elevator at North Franklin and the river, 100,000-bushel capacity, burned about 1854. This unresolved internal contradiction must not be silently normalized. Andreas printed pp. 580-581 and George Steel biographical passage."
CHI-CHI1840-046-A05,CHI-CHI1840-046,fire_fate_1871,not present,AND1884V1,low,true,"Andreas' general manufacturing narrative credits R. C. Bristol with an elevator erected in 1848, while a biographical passage credits George Steel with the first steam elevator at North Franklin and the river, 100,000-bushel capacity, burned about 1854. This unresolved internal contradiction must not be silently normalized. Andreas printed pp. 580-581 and George Steel biographical passage."
CHI-CHI1840-047-A01,CHI-CHI1840-047,existence_and_identity,Scoville and Sons foundry,AND1884V1,medium,true,"The establishment began in 1848 and later built railroad cars and an early western locomotive. The source documents establishment, not unequivocal new construction, so the completion year is approximate. Andreas printed p. 568."
CHI-CHI1840-047-A02,CHI-CHI1840-047,year_completed,1848,AND1884V1,medium,true,"The establishment began in 1848 and later built railroad cars and an early western locomotive. The source documents establishment, not unequivocal new construction, so the completion year is approximate. Andreas printed p. 568."
CHI-CHI1840-047-A03,CHI-CHI1840-047,historical_address,corner Canal and Adams streets,AND1884V1,medium,true,"The establishment began in 1848 and later built railroad cars and an early western locomotive. The source documents establishment, not unequivocal new construction, so the completion year is approximate. Andreas printed p. 568."
CHI-CHI1840-047-A04,CHI-CHI1840-047,fire_fate_1871,survived outside main fire zone,AND1884V1,medium,true,"The establishment began in 1848 and later built railroad cars and an early western locomotive. The source documents establishment, not unequivocal new construction, so the completion year is approximate. Andreas printed p. 568."
CHI-CHI1840-048-A01,CHI-CHI1840-048,existence_and_identity,Nugent and Owens brass foundry,AND1884V1,medium,true,The Market Street works were established in 1848 and burned in 1854. The cited text does not explicitly state whether a new building was erected at establishment. Andreas printed p. 569.
CHI-CHI1840-048-A02,CHI-CHI1840-048,year_completed,1848,AND1884V1,medium,true,The Market Street works were established in 1848 and burned in 1854. The cited text does not explicitly state whether a new building was erected at establishment. Andreas printed p. 569.
CHI-CHI1840-048-A03,CHI-CHI1840-048,historical_address,Market Street,AND1884V1,medium,true,The Market Street works were established in 1848 and burned in 1854. The cited text does not explicitly state whether a new building was erected at establishment. Andreas printed p. 569.
CHI-CHI1840-048-A04,CHI-CHI1840-048,year_demolished,1854,AND1884V1,medium,true,The Market Street works were established in 1848 and burned in 1854. The cited text does not explicitly state whether a new building was erected at establishment. Andreas printed p. 569.
CHI-CHI1840-048-A05,CHI-CHI1840-048,fire_fate_1871,not present,AND1884V1,medium,true,The Market Street works were established in 1848 and burned in 1854. The cited text does not explicitly state whether a new building was erected at establishment. Andreas printed p. 569.
CHI-CHI1840-049-A01,CHI-CHI1840-049,existence_and_identity,McCormick reaper manufactory 1848 expansion,AND1884V1,high,true,"McCormick arranged Chicago manufacture in 1847 and enlarged the manufactory near the harbor in 1848; this is an expansion record, not a claim that every component was newly built. Andreas printed p. 569."
CHI-CHI1840-049-A02,CHI-CHI1840-049,year_completed,1848,AND1884V1,high,true,"McCormick arranged Chicago manufacture in 1847 and enlarged the manufactory near the harbor in 1848; this is an expansion record, not a claim that every component was newly built. Andreas printed p. 569."
CHI-CHI1840-049-A03,CHI-CHI1840-049,historical_address,north side near mouth of harbor,AND1884V1,high,true,"McCormick arranged Chicago manufacture in 1847 and enlarged the manufactory near the harbor in 1848; this is an expansion record, not a claim that every component was newly built. Andreas printed p. 569."
CHI-CHI1840-049-A04,CHI-CHI1840-049,architect_or_builder,C. M. Gray (manufacturing partner),AND1884V1,high,true,"McCormick arranged Chicago manufacture in 1847 and enlarged the manufactory near the harbor in 1848; this is an expansion record, not a claim that every component was newly built. Andreas printed p. 569."
CHI-CHI1840-049-A05,CHI-CHI1840-049,fire_fate_1871,uncertain,AND1884V1,high,true,"McCormick arranged Chicago manufacture in 1847 and enlarged the manufactory near the harbor in 1848; this is an expansion record, not a claim that every component was newly built. Andreas printed p. 569."
CHI-CHI1840-050-A01,CHI-CHI1840-050,existence_and_identity,First Norwegian Evangelical Lutheran Church building,AND1884V1,high,false,"After organizing February 14, 1848, the congregation bought an unfinished church that had blown down and rebuilt it for about $1,000; purchase cost $800. Sold in 1856. Andreas printed pp. 349-350."
CHI-CHI1840-050-A02,CHI-CHI1840-050,year_completed,1848,AND1884V1,high,false,"After organizing February 14, 1848, the congregation bought an unfinished church that had blown down and rebuilt it for about $1,000; purchase cost $800. Sold in 1856. Andreas printed pp. 349-350."
CHI-CHI1840-050-A03,CHI-CHI1840-050,historical_address,Superior Street between Wells and LaSalle streets,AND1884V1,high,false,"After organizing February 14, 1848, the congregation bought an unfinished church that had blown down and rebuilt it for about $1,000; purchase cost $800. Sold in 1856. Andreas printed pp. 349-350."
CHI-CHI1840-050-A04,CHI-CHI1840-050,year_demolished,1856,AND1884V1,high,false,"After organizing February 14, 1848, the congregation bought an unfinished church that had blown down and rebuilt it for about $1,000; purchase cost $800. Sold in 1856. Andreas printed pp. 349-350."
CHI-CHI1840-050-A05,CHI-CHI1840-050,fire_fate_1871,not present,AND1884V1,high,false,"After organizing February 14, 1848, the congregation bought an unfinished church that had blown down and rebuilt it for about $1,000; purchase cost $800. Sold in 1856. Andreas printed pp. 349-350."
CHI-CHI1840-051-A01,CHI-CHI1840-051,existence_and_identity,Holy Name Catholic Church first building,AND1884V1,high,true,"Begun in 1848, completed in 1849, and first used November 18, 1849. It was superseded as the parish/cathedral complex developed; exact removal date needs verification. Andreas printed pp. 296-297."
CHI-CHI1840-051-A02,CHI-CHI1840-051,year_completed,1849,AND1884V1,high,true,"Begun in 1848, completed in 1849, and first used November 18, 1849. It was superseded as the parish/cathedral complex developed; exact removal date needs verification. Andreas printed pp. 296-297."
CHI-CHI1840-051-A03,CHI-CHI1840-051,historical_address,southwest corner of St. Mary college grounds at Rush and Superior streets,AND1884V1,high,true,"Begun in 1848, completed in 1849, and first used November 18, 1849. It was superseded as the parish/cathedral complex developed; exact removal date needs verification. Andreas printed pp. 296-297."
CHI-CHI1840-051-A04,CHI-CHI1840-051,architect_or_builder,Rev. Jeremiah Kinsella (project leader); Clowry and Breen (building committee),AND1884V1,high,true,"Begun in 1848, completed in 1849, and first used November 18, 1849. It was superseded as the parish/cathedral complex developed; exact removal date needs verification. Andreas printed pp. 296-297."
CHI-CHI1840-051-A05,CHI-CHI1840-051,fire_fate_1871,not present,AND1884V1,high,true,"Begun in 1848, completed in 1849, and first used November 18, 1849. It was superseded as the parish/cathedral complex developed; exact removal date needs verification. Andreas printed pp. 296-297."
CHI-CHI1840-052-A01,CHI-CHI1840-052,existence_and_identity,St. Paul's German Evangelical Lutheran Church first building,AND1884V1,high,true,Built after the 1848 congregation split and ready in June 1849; replaced in the 1860s. Andreas printed pp. 349-350.
CHI-CHI1840-052-A02,CHI-CHI1840-052,year_completed,1849,AND1884V1,high,true,Built after the 1848 congregation split and ready in June 1849; replaced in the 1860s. Andreas printed pp. 349-350.
CHI-CHI1840-052-A03,CHI-CHI1840-052,historical_address,Indiana Street between Wells and Franklin streets,AND1884V1,high,true,Built after the 1848 congregation split and ready in June 1849; replaced in the 1860s. Andreas printed pp. 349-350.
CHI-CHI1840-052-A04,CHI-CHI1840-052,year_demolished,1864,AND1884V1,high,true,Built after the 1848 congregation split and ready in June 1849; replaced in the 1860s. Andreas printed pp. 349-350.
CHI-CHI1840-052-A05,CHI-CHI1840-052,fire_fate_1871,not present,AND1884V1,high,true,Built after the 1848 congregation split and ready in June 1849; replaced in the 1860s. Andreas printed pp. 349-350.
CHI-CHI1840-053-A01,CHI-CHI1840-053,existence_and_identity,Jones School first building,AND1884V1,high,true,"A brick school was ordered February 12, 1849 and completed December 17 for $9,745; it opened January 1850. Exact street address and individually documented fire fate need review; probable destruction is a spatial inference. Andreas printed pp. 213-214."
CHI-CHI1840-053-A02,CHI-CHI1840-053,year_completed,1849,AND1884V1,high,true,"A brick school was ordered February 12, 1849 and completed December 17 for $9,745; it opened January 1850. Exact street address and individually documented fire fate need review; probable destruction is a spatial inference. Andreas printed pp. 213-214."
CHI-CHI1840-053-A03,CHI-CHI1840-053,historical_address,"Block 113, School District No. 2",AND1884V1,high,true,"A brick school was ordered February 12, 1849 and completed December 17 for $9,745; it opened January 1850. Exact street address and individually documented fire fate need review; probable destruction is a spatial inference. Andreas printed pp. 213-214."
CHI-CHI1840-053-A04,CHI-CHI1840-053,fire_fate_1871,probably destroyed,AND1884V1,high,true,"A brick school was ordered February 12, 1849 and completed December 17 for $9,745; it opened January 1850. Exact street address and individually documented fire fate need review; probable destruction is a spatial inference. Andreas printed pp. 213-214."
CHI-CHI1840-054-A01,CHI-CHI1840-054,existence_and_identity,Eighteenth Street temporary cholera hospital,AND1884V1,high,true,Opened in May 1849 during the cholera emergency. Andreas does not give a demolition date; temporary status is explicit in context. Printed pp. 597-598.
CHI-CHI1840-054-A02,CHI-CHI1840-054,year_completed,1849,AND1884V1,high,true,Opened in May 1849 during the cholera emergency. Andreas does not give a demolition date; temporary status is explicit in context. Printed pp. 597-598.
CHI-CHI1840-054-A03,CHI-CHI1840-054,historical_address,Eighteenth Street near the river,AND1884V1,high,true,Opened in May 1849 during the cholera emergency. Andreas does not give a demolition date; temporary status is explicit in context. Printed pp. 597-598.
CHI-CHI1840-054-A04,CHI-CHI1840-054,fire_fate_1871,survived outside main fire zone,AND1884V1,high,true,Opened in May 1849 during the cholera emergency. Andreas does not give a demolition date; temporary status is explicit in context. Printed pp. 597-598.
CHI-CHI1840-055-A01,CHI-CHI1840-055,existence_and_identity,Erie Street cholera hospital,AND1884V1,medium,true,"A second emergency hospital site described in the 1849 cholera narrative; neighbors threatened demolition. The OCR/source context associates its plan with Dr. Boone, but exact attribution and survival require page-image checking. Andreas printed pp. 597-598."
CHI-CHI1840-055-A02,CHI-CHI1840-055,year_completed,1849,AND1884V1,medium,true,"A second emergency hospital site described in the 1849 cholera narrative; neighbors threatened demolition. The OCR/source context associates its plan with Dr. Boone, but exact attribution and survival require page-image checking. Andreas printed pp. 597-598."
CHI-CHI1840-055-A03,CHI-CHI1840-055,historical_address,Erie Street between Wells Street and the river,AND1884V1,medium,true,"A second emergency hospital site described in the 1849 cholera narrative; neighbors threatened demolition. The OCR/source context associates its plan with Dr. Boone, but exact attribution and survival require page-image checking. Andreas printed pp. 597-598."
CHI-CHI1840-055-A04,CHI-CHI1840-055,architect_or_builder,Dr. Daniel Brainard or Dr. Levi Boone plan attribution requires review,AND1884V1,medium,true,"A second emergency hospital site described in the 1849 cholera narrative; neighbors threatened demolition. The OCR/source context associates its plan with Dr. Boone, but exact attribution and survival require page-image checking. Andreas printed pp. 597-598."
CHI-CHI1840-055-A05,CHI-CHI1840-055,fire_fate_1871,uncertain,AND1884V1,medium,true,"A second emergency hospital site described in the 1849 cholera narrative; neighbors threatened demolition. The OCR/source context associates its plan with Dr. Boone, but exact attribution and survival require page-image checking. Andreas printed pp. 597-598."
CHI-CHI1840-056-A01,CHI-CHI1840-056,existence_and_identity,Kehilath Anshe Ma'arav first synagogue,AND1884V1,high,true,Erected in 1849 on leased ground and identified by Andreas as Chicago's first synagogue; the congregation moved to a second building after the lease period. Andreas printed pp. 347-348.
CHI-CHI1840-056-A02,CHI-CHI1840-056,year_completed,1849,AND1884V1,high,true,Erected in 1849 on leased ground and identified by Andreas as Chicago's first synagogue; the congregation moved to a second building after the lease period. Andreas printed pp. 347-348.
CHI-CHI1840-056-A03,CHI-CHI1840-056,historical_address,Clark Street between Quincy and Adams streets,AND1884V1,high,true,Erected in 1849 on leased ground and identified by Andreas as Chicago's first synagogue; the congregation moved to a second building after the lease period. Andreas printed pp. 347-348.
CHI-CHI1840-056-A04,CHI-CHI1840-056,year_demolished,1855,AND1884V1,high,true,Erected in 1849 on leased ground and identified by Andreas as Chicago's first synagogue; the congregation moved to a second building after the lease period. Andreas printed pp. 347-348.
CHI-CHI1840-056-A05,CHI-CHI1840-056,fire_fate_1871,not present,AND1884V1,high,true,Erected in 1849 on leased ground and identified by Andreas as Chicago's first synagogue; the congregation moved to a second building after the lease period. Andreas printed pp. 347-348.
CHI-CHI1840-057-A01,CHI-CHI1840-057,existence_and_identity,Second Presbyterian Church stone building,AND1884V1,high,false,"Included in the 1840s cohort because its cornerstone was laid in 1849; it was dedicated January 24, 1851. Andreas says it was destroyed in the 1871 fire. Printed pp. 304 and 505-506."
CHI-CHI1840-057-A02,CHI-CHI1840-057,year_completed,1851,AND1884V1,high,false,"Included in the 1840s cohort because its cornerstone was laid in 1849; it was dedicated January 24, 1851. Andreas says it was destroyed in the 1871 fire. Printed pp. 304 and 505-506."
CHI-CHI1840-057-A03,CHI-CHI1840-057,historical_address,corner Washington Street and Wabash Avenue,AND1884V1,high,false,"Included in the 1840s cohort because its cornerstone was laid in 1849; it was dedicated January 24, 1851. Andreas says it was destroyed in the 1871 fire. Printed pp. 304 and 505-506."
CHI-CHI1840-057-A04,CHI-CHI1840-057,year_demolished,1871,AND1884V1,high,false,"Included in the 1840s cohort because its cornerstone was laid in 1849; it was dedicated January 24, 1851. Andreas says it was destroyed in the 1871 fire. Printed pp. 304 and 505-506."
CHI-CHI1840-057-A05,CHI-CHI1840-057,fire_fate_1871,destroyed,AND1884V1,high,false,"Included in the 1840s cohort because its cornerstone was laid in 1849; it was dedicated January 24, 1851. Andreas says it was destroyed in the 1871 fire. Printed pp. 304 and 505-506."
CHI-CHI1840-058-A01,CHI-CHI1840-058,existence_and_identity,Charles Cleaver soap and candle factory at Madison and Canal,AND1884V1,medium,true,Cleaver moved his factory to this site in 1842 and moved again in 1849. The source establishes the industrial premises but not whether the 1842 move used a new or adapted building. Andreas printed pp. 564-565.
CHI-CHI1840-058-A02,CHI-CHI1840-058,year_completed,1842,AND1884V1,medium,true,Cleaver moved his factory to this site in 1842 and moved again in 1849. The source establishes the industrial premises but not whether the 1842 move used a new or adapted building. Andreas printed pp. 564-565.
CHI-CHI1840-058-A03,CHI-CHI1840-058,historical_address,corner Madison Street and Canal Street,AND1884V1,medium,true,Cleaver moved his factory to this site in 1842 and moved again in 1849. The source establishes the industrial premises but not whether the 1842 move used a new or adapted building. Andreas printed pp. 564-565.
CHI-CHI1840-058-A04,CHI-CHI1840-058,year_demolished,1849,AND1884V1,medium,true,Cleaver moved his factory to this site in 1842 and moved again in 1849. The source establishes the industrial premises but not whether the 1842 move used a new or adapted building. Andreas printed pp. 564-565.
CHI-CHI1840-058-A05,CHI-CHI1840-058,fire_fate_1871,not present,AND1884V1,medium,true,Cleaver moved his factory to this site in 1842 and moved again in 1849. The source establishes the industrial premises but not whether the 1842 move used a new or adapted building. Andreas printed pp. 564-565.
CHI-CHI1840-059-A01,CHI-CHI1840-059,existence_and_identity,Charles Cleaver soap and candle factory on North Branch,AND1884V1,medium,true,Cleaver moved the factory here in 1849 and to Cleaverville in 1851. The source does not establish whether the North Branch premises were newly constructed. Andreas printed pp. 564-565.
CHI-CHI1840-059-A02,CHI-CHI1840-059,year_completed,1849,AND1884V1,medium,true,Cleaver moved the factory here in 1849 and to Cleaverville in 1851. The source does not establish whether the North Branch premises were newly constructed. Andreas printed pp. 564-565.
CHI-CHI1840-059-A03,CHI-CHI1840-059,historical_address,North Branch near Division Street,AND1884V1,medium,true,Cleaver moved the factory here in 1849 and to Cleaverville in 1851. The source does not establish whether the North Branch premises were newly constructed. Andreas printed pp. 564-565.
CHI-CHI1840-059-A04,CHI-CHI1840-059,year_demolished,1851,AND1884V1,medium,true,Cleaver moved the factory here in 1849 and to Cleaverville in 1851. The source does not establish whether the North Branch premises were newly constructed. Andreas printed pp. 564-565.
CHI-CHI1840-059-A05,CHI-CHI1840-059,fire_fate_1871,not present,AND1884V1,medium,true,Cleaver moved the factory here in 1849 and to Cleaverville in 1851. The source does not establish whether the North Branch premises were newly constructed. Andreas printed pp. 564-565.
CHI-CHI1840-060-A01,CHI-CHI1840-060,existence_and_identity,City Hotel to Sherman House enlargement,AND1884V1,medium,true,"The older City Hotel was remodeled in 1844 by adding two stories and renamed the Sherman House. This record represents the alteration, not original construction. Successive Sherman House rebuildings make demolition and fire fate ambiguous without parcel-level lifecycle work. Andreas hotel chapter printed pp. 633-636."
CHI-CHI1840-060-A02,CHI-CHI1840-060,year_completed,1844,AND1884V1,medium,true,"The older City Hotel was remodeled in 1844 by adding two stories and renamed the Sherman House. This record represents the alteration, not original construction. Successive Sherman House rebuildings make demolition and fire fate ambiguous without parcel-level lifecycle work. Andreas hotel chapter printed pp. 633-636."
CHI-CHI1840-060-A03,CHI-CHI1840-060,historical_address,City Hotel site; historical address requires parcel reconciliation,AND1884V1,medium,true,"The older City Hotel was remodeled in 1844 by adding two stories and renamed the Sherman House. This record represents the alteration, not original construction. Successive Sherman House rebuildings make demolition and fire fate ambiguous without parcel-level lifecycle work. Andreas hotel chapter printed pp. 633-636."
CHI-CHI1840-060-A04,CHI-CHI1840-060,fire_fate_1871,uncertain,AND1884V1,medium,true,"The older City Hotel was remodeled in 1844 by adding two stories and renamed the Sherman House. This record represents the alteration, not original construction. Successive Sherman House rebuildings make demolition and fire fate ambiguous without parcel-level lifecycle work. Andreas hotel chapter printed pp. 633-636."
CHI-CHI1850-001-A01,CHI-CHI1850-001,existence_and_identity,Chicago Gas Light and Coke Works,ANDREAS_V1;ENCYC_GAS,high,false,"Works and street mains began October 1849; plant completed August 1850 and Chicago's first public gas was supplied September 4, 1850. This is an industrial complex record, not a single building."
CHI-CHI1850-001-A02,CHI-CHI1850-001,year_completed,1850,ANDREAS_V1;ENCYC_GAS,high,false,"Works and street mains began October 1849; plant completed August 1850 and Chicago's first public gas was supplied September 4, 1850. This is an industrial complex record, not a single building."
CHI-CHI1850-001-A03,CHI-CHI1850-001,historical_address,South side of Monroe Street near Market Street,ANDREAS_V1;ENCYC_GAS,high,false,"Works and street mains began October 1849; plant completed August 1850 and Chicago's first public gas was supplied September 4, 1850. This is an industrial complex record, not a single building."
CHI-CHI1850-001-A04,CHI-CHI1850-001,architect_or_builder,George F. Lee (construction contractor),ANDREAS_V1;ENCYC_GAS,high,false,"Works and street mains began October 1849; plant completed August 1850 and Chicago's first public gas was supplied September 4, 1850. This is an industrial complex record, not a single building."
CHI-CHI1850-001-A05,CHI-CHI1850-001,fire_fate_1871,not established,ANDREAS_V1;ENCYC_GAS,high,false,"Works and street mains began October 1849; plant completed August 1850 and Chicago's first public gas was supplied September 4, 1850. This is an industrial complex record, not a single building."
CHI-CHI1850-002-A01,CHI-CHI1850-002,existence_and_identity,Tremont House (third),ANDREAS_V2,high,false,"Opened September 29, 1850; contemporary account gave a $75,000 building cost. Remodeled and enlarged in 1861, so late pre-fire views may not show the 1850 form unchanged."
CHI-CHI1850-002-A02,CHI-CHI1850-002,year_completed,1850,ANDREAS_V2,high,false,"Opened September 29, 1850; contemporary account gave a $75,000 building cost. Remodeled and enlarged in 1861, so late pre-fire views may not show the 1850 form unchanged."
CHI-CHI1850-002-A03,CHI-CHI1850-002,historical_address,Northwest corner Lake and Dearborn Streets,ANDREAS_V2,high,false,"Opened September 29, 1850; contemporary account gave a $75,000 building cost. Remodeled and enlarged in 1861, so late pre-fire views may not show the 1850 form unchanged."
CHI-CHI1850-002-A04,CHI-CHI1850-002,architect_or_builder,John M. Van Osdel (architect and superintendent); C. and W. Price (masons); Updike & Sollitt (builders),ANDREAS_V2,high,false,"Opened September 29, 1850; contemporary account gave a $75,000 building cost. Remodeled and enlarged in 1861, so late pre-fire views may not show the 1850 form unchanged."
CHI-CHI1850-002-A05,CHI-CHI1850-002,year_demolished,1871,ANDREAS_V2,high,false,"Opened September 29, 1850; contemporary account gave a $75,000 building cost. Remodeled and enlarged in 1861, so late pre-fire views may not show the 1850 form unchanged."
CHI-CHI1850-002-A06,CHI-CHI1850-002,fire_fate_1871,"destroyed in Great Chicago Fire, 1871",ANDREAS_V2,high,false,"Opened September 29, 1850; contemporary account gave a $75,000 building cost. Remodeled and enlarged in 1861, so late pre-fire views may not show the 1850 form unchanged."
CHI-CHI1850-003-A01,CHI-CHI1850-003,existence_and_identity,Matteson House,ANDREAS_V2;CHICAGOLOGY_MATTESON,high,false,"Opened in 1851; 80 feet on Randolph by 90 feet on Dearborn; reported cost $20,000. Raised about eight feet in 1859, an alteration that should be modeled separately."
CHI-CHI1850-003-A02,CHI-CHI1850-003,year_completed,1850,ANDREAS_V2;CHICAGOLOGY_MATTESON,high,false,"Opened in 1851; 80 feet on Randolph by 90 feet on Dearborn; reported cost $20,000. Raised about eight feet in 1859, an alteration that should be modeled separately."
CHI-CHI1850-003-A03,CHI-CHI1850-003,historical_address,Northwest corner Randolph and Dearborn Streets,ANDREAS_V2;CHICAGOLOGY_MATTESON,high,false,"Opened in 1851; 80 feet on Randolph by 90 feet on Dearborn; reported cost $20,000. Raised about eight feet in 1859, an alteration that should be modeled separately."
CHI-CHI1850-003-A04,CHI-CHI1850-003,architect_or_builder,"John M. Van Osdel (architect, corroborating source); Robert Malcolm (mason); Shepherd & Johnson (builders)",ANDREAS_V2;CHICAGOLOGY_MATTESON,high,false,"Opened in 1851; 80 feet on Randolph by 90 feet on Dearborn; reported cost $20,000. Raised about eight feet in 1859, an alteration that should be modeled separately."
CHI-CHI1850-003-A05,CHI-CHI1850-003,year_demolished,1871,ANDREAS_V2;CHICAGOLOGY_MATTESON,high,false,"Opened in 1851; 80 feet on Randolph by 90 feet on Dearborn; reported cost $20,000. Raised about eight feet in 1859, an alteration that should be modeled separately."
CHI-CHI1850-003-A06,CHI-CHI1850-003,fire_fate_1871,"destroyed in Great Chicago Fire, 1871",ANDREAS_V2;CHICAGOLOGY_MATTESON,high,false,"Opened in 1851; 80 feet on Randolph by 90 feet on Dearborn; reported cost $20,000. Raised about eight feet in 1859, an alteration that should be modeled separately."
CHI-CHI1850-004-A01,CHI-CHI1850-004,existence_and_identity,United States Marine Hospital,ANDREAS_V1,high,true,"Built 1850-51 at a reported cost of $50,000. This purpose-built federal hospital should not be confused with later Marine Hospital facilities."
CHI-CHI1850-004-A02,CHI-CHI1850-004,year_completed,1851,ANDREAS_V1,high,true,"Built 1850-51 at a reported cost of $50,000. This purpose-built federal hospital should not be confused with later Marine Hospital facilities."
CHI-CHI1850-004-A03,CHI-CHI1850-004,historical_address,Michigan Avenue near old Fort Dearborn,ANDREAS_V1,high,true,"Built 1850-51 at a reported cost of $50,000. This purpose-built federal hospital should not be confused with later Marine Hospital facilities."
CHI-CHI1850-004-A04,CHI-CHI1850-004,architect_or_builder,Lt. John D. Webster (construction superintendent),ANDREAS_V1,high,true,"Built 1850-51 at a reported cost of $50,000. This purpose-built federal hospital should not be confused with later Marine Hospital facilities."
CHI-CHI1850-004-A05,CHI-CHI1850-004,fire_fate_1871,not established,ANDREAS_V1,high,true,"Built 1850-51 at a reported cost of $50,000. This purpose-built federal hospital should not be confused with later Marine Hospital facilities."
CHI-CHI1850-005-A01,CHI-CHI1850-005,existence_and_identity,Chicago Bridewell,ANDREAS_V1,high,true,Opened December 1851. Main building measured about 100 by 24 feet and contained roughly 200 cells; David Walsh was first keeper.
CHI-CHI1850-005-A02,CHI-CHI1850-005,year_completed,1851,ANDREAS_V1,high,true,Opened December 1851. Main building measured about 100 by 24 feet and contained roughly 200 cells; David Walsh was first keeper.
CHI-CHI1850-005-A03,CHI-CHI1850-005,historical_address,Block 87 of the school section; corner Polk and Wells Streets,ANDREAS_V1,high,true,Opened December 1851. Main building measured about 100 by 24 feet and contained roughly 200 cells; David Walsh was first keeper.
CHI-CHI1850-005-A04,CHI-CHI1850-005,architect_or_builder,not identified,ANDREAS_V1,high,true,Opened December 1851. Main building measured about 100 by 24 feet and contained roughly 200 cells; David Walsh was first keeper.
CHI-CHI1850-005-A05,CHI-CHI1850-005,fire_fate_1871,not established,ANDREAS_V1,high,true,Opened December 1851. Main building measured about 100 by 24 feet and contained roughly 200 cells; David Walsh was first keeper.
CHI-CHI1850-006-A01,CHI-CHI1850-006,existence_and_identity,Second Presbyterian Church,ANDREAS_V1,high,false,"Cornerstone laid in 1849 and dedicated January 24, 1851. Approximately 73 by 130 feet, walls about 50 feet high, galleries, seating about 1,800, and stained glass."
CHI-CHI1850-006-A02,CHI-CHI1850-006,year_completed,1851,ANDREAS_V1,high,false,"Cornerstone laid in 1849 and dedicated January 24, 1851. Approximately 73 by 130 feet, walls about 50 feet high, galleries, seating about 1,800, and stained glass."
CHI-CHI1850-006-A03,CHI-CHI1850-006,historical_address,Washington Street at Wabash Avenue,ANDREAS_V1,high,false,"Cornerstone laid in 1849 and dedicated January 24, 1851. Approximately 73 by 130 feet, walls about 50 feet high, galleries, seating about 1,800, and stained glass."
CHI-CHI1850-006-A04,CHI-CHI1850-006,architect_or_builder,John M. Van Osdel,ANDREAS_V1,high,false,"Cornerstone laid in 1849 and dedicated January 24, 1851. Approximately 73 by 130 feet, walls about 50 feet high, galleries, seating about 1,800, and stained glass."
CHI-CHI1850-006-A05,CHI-CHI1850-006,year_demolished,1871,ANDREAS_V1,high,false,"Cornerstone laid in 1849 and dedicated January 24, 1851. Approximately 73 by 130 feet, walls about 50 feet high, galleries, seating about 1,800, and stained glass."
CHI-CHI1850-006-A06,CHI-CHI1850-006,fire_fate_1871,"destroyed in Great Chicago Fire, 1871",ANDREAS_V1,high,false,"Cornerstone laid in 1849 and dedicated January 24, 1851. Approximately 73 by 130 feet, walls about 50 feet high, galleries, seating about 1,800, and stained glass."
CHI-CHI1850-007-A01,CHI-CHI1850-007,existence_and_identity,State Street Methodist Episcopal Church building,ANDREAS_V1,high,false,"Not new construction: part of the former Second Presbyterian frame building was purchased, moved, and fitted for worship in spring/summer 1851. Retained because relocation materially changed Chicago's building inventory."
CHI-CHI1850-007-A02,CHI-CHI1850-007,year_completed,1851,ANDREAS_V1,high,false,"Not new construction: part of the former Second Presbyterian frame building was purchased, moved, and fitted for worship in spring/summer 1851. Retained because relocation materially changed Chicago's building inventory."
CHI-CHI1850-007-A03,CHI-CHI1850-007,historical_address,Northwest corner State and Harrison Streets,ANDREAS_V1,high,false,"Not new construction: part of the former Second Presbyterian frame building was purchased, moved, and fitted for worship in spring/summer 1851. Retained because relocation materially changed Chicago's building inventory."
CHI-CHI1850-007-A04,CHI-CHI1850-007,architect_or_builder,unknown; moved building,ANDREAS_V1,high,false,"Not new construction: part of the former Second Presbyterian frame building was purchased, moved, and fitted for worship in spring/summer 1851. Retained because relocation materially changed Chicago's building inventory."
CHI-CHI1850-007-A05,CHI-CHI1850-007,fire_fate_1871,not established,ANDREAS_V1,high,false,"Not new construction: part of the former Second Presbyterian frame building was purchased, moved, and fitted for worship in spring/summer 1851. Retained because relocation materially changed Chicago's building inventory."
CHI-CHI1850-008-A01,CHI-CHI1850-008,existence_and_identity,Michigan Southern Railroad depot,ANDREAS_V1,high,true,Built when the Michigan Southern reached Chicago in February 1852. Superseded operationally by the later joint Michigan Southern/Rock Island train shed.
CHI-CHI1850-008-A02,CHI-CHI1850-008,year_completed,1852,ANDREAS_V1,high,true,Built when the Michigan Southern reached Chicago in February 1852. Superseded operationally by the later joint Michigan Southern/Rock Island train shed.
CHI-CHI1850-008-A03,CHI-CHI1850-008,historical_address,"Prairie near Gurnee's tannery, opposite the Rock Island depot",ANDREAS_V1,high,true,Built when the Michigan Southern reached Chicago in February 1852. Superseded operationally by the later joint Michigan Southern/Rock Island train shed.
CHI-CHI1850-008-A04,CHI-CHI1850-008,architect_or_builder,not identified,ANDREAS_V1,high,true,Built when the Michigan Southern reached Chicago in February 1852. Superseded operationally by the later joint Michigan Southern/Rock Island train shed.
CHI-CHI1850-008-A05,CHI-CHI1850-008,fire_fate_1871,not established,ANDREAS_V1,high,true,Built when the Michigan Southern reached Chicago in February 1852. Superseded operationally by the later joint Michigan Southern/Rock Island train shed.
CHI-CHI1850-009-A01,CHI-CHI1850-009,existence_and_identity,Michigan Central temporary depot,ANDREAS_V1,high,true,Temporary terminal used from May 1852 until Michigan Central trains shifted to the Illinois Central depot at Lake Street in 1856.
CHI-CHI1850-009-A02,CHI-CHI1850-009,year_completed,1852,ANDREAS_V1,high,true,Temporary terminal used from May 1852 until Michigan Central trains shifted to the Illinois Central depot at Lake Street in 1856.
CHI-CHI1850-009-A03,CHI-CHI1850-009,historical_address,Lake shore south of Twelfth Street,ANDREAS_V1,high,true,Temporary terminal used from May 1852 until Michigan Central trains shifted to the Illinois Central depot at Lake Street in 1856.
CHI-CHI1850-009-A04,CHI-CHI1850-009,architect_or_builder,not identified,ANDREAS_V1,high,true,Temporary terminal used from May 1852 until Michigan Central trains shifted to the Illinois Central depot at Lake Street in 1856.
CHI-CHI1850-009-A05,CHI-CHI1850-009,year_demolished,1856,ANDREAS_V1,high,true,Temporary terminal used from May 1852 until Michigan Central trains shifted to the Illinois Central depot at Lake Street in 1856.
CHI-CHI1850-009-A06,CHI-CHI1850-009,fire_fate_1871,not applicable—superseded before 1871,ANDREAS_V1,high,true,Temporary terminal used from May 1852 until Michigan Central trains shifted to the Illinois Central depot at Lake Street in 1856.
CHI-CHI1850-010-A01,CHI-CHI1850-010,existence_and_identity,St. Michael's Church (first),ANDREAS_V1,high,false,"Frame church approximately 40 by 60 feet, with tower and bell; reported cost $730. Enlarged around 1858 and later used as a school after a new church was built."
CHI-CHI1850-010-A02,CHI-CHI1850-010,year_completed,1852,ANDREAS_V1,high,false,"Frame church approximately 40 by 60 feet, with tower and bell; reported cost $730. Enlarged around 1858 and later used as a school after a new church was built."
CHI-CHI1850-010-A03,CHI-CHI1850-010,historical_address,Northwest corner North Avenue and Church Street,ANDREAS_V1,high,false,"Frame church approximately 40 by 60 feet, with tower and bell; reported cost $730. Enlarged around 1858 and later used as a school after a new church was built."
CHI-CHI1850-010-A04,CHI-CHI1850-010,architect_or_builder,not identified,ANDREAS_V1,high,false,"Frame church approximately 40 by 60 feet, with tower and bell; reported cost $730. Enlarged around 1858 and later used as a school after a new church was built."
CHI-CHI1850-010-A05,CHI-CHI1850-010,year_demolished,1871,ANDREAS_V1,high,false,"Frame church approximately 40 by 60 feet, with tower and bell; reported cost $730. Enlarged around 1858 and later used as a school after a new church was built."
CHI-CHI1850-010-A06,CHI-CHI1850-010,fire_fate_1871,"destroyed in Great Chicago Fire, 1871",ANDREAS_V1,high,false,"Frame church approximately 40 by 60 feet, with tower and bell; reported cost $730. Enlarged around 1858 and later used as a school after a new church was built."
CHI-CHI1850-011-A01,CHI-CHI1850-011,existence_and_identity,St. Louis Catholic Church,ANDREAS_V1,medium,true,"Construction began in 1850 and the frame building was completed/refitted by 1852; about 25 by 75 feet and reported cost roughly $3,000. Later moved, so demolition/fate needs parcel-level follow-up."
CHI-CHI1850-011-A02,CHI-CHI1850-011,year_completed,1852,ANDREAS_V1,medium,true,"Construction began in 1850 and the frame building was completed/refitted by 1852; about 25 by 75 feet and reported cost roughly $3,000. Later moved, so demolition/fate needs parcel-level follow-up."
CHI-CHI1850-011-A03,CHI-CHI1850-011,historical_address,East side of Clark Street between Adams and Jackson Streets,ANDREAS_V1,medium,true,"Construction began in 1850 and the frame building was completed/refitted by 1852; about 25 by 75 feet and reported cost roughly $3,000. Later moved, so demolition/fate needs parcel-level follow-up."
CHI-CHI1850-011-A04,CHI-CHI1850-011,architect_or_builder,not identified,ANDREAS_V1,medium,true,"Construction began in 1850 and the frame building was completed/refitted by 1852; about 25 by 75 feet and reported cost roughly $3,000. Later moved, so demolition/fate needs parcel-level follow-up."
CHI-CHI1850-011-A05,CHI-CHI1850-011,fire_fate_1871,not established,ANDREAS_V1,medium,true,"Construction began in 1850 and the frame building was completed/refitted by 1852; about 25 by 75 feet and reported cost roughly $3,000. Later moved, so demolition/fate needs parcel-level follow-up."
CHI-CHI1850-012-A01,CHI-CHI1850-012,existence_and_identity,Welsh Calvinistic Methodist Church,ANDREAS_V1,high,true,"Dedicated July 26, 1852; about 30 by 40 feet and cost $781.33. Later sold when the congregation relocated."
CHI-CHI1850-012-A02,CHI-CHI1850-012,year_completed,1852,ANDREAS_V1,high,true,"Dedicated July 26, 1852; about 30 by 40 feet and cost $781.33. Later sold when the congregation relocated."
CHI-CHI1850-012-A03,CHI-CHI1850-012,historical_address,Desplaines Street between Randolph and Lake Streets,ANDREAS_V1,high,true,"Dedicated July 26, 1852; about 30 by 40 feet and cost $781.33. Later sold when the congregation relocated."
CHI-CHI1850-012-A04,CHI-CHI1850-012,architect_or_builder,not identified,ANDREAS_V1,high,true,"Dedicated July 26, 1852; about 30 by 40 feet and cost $781.33. Later sold when the congregation relocated."
CHI-CHI1850-012-A05,CHI-CHI1850-012,fire_fate_1871,not established,ANDREAS_V1,high,true,"Dedicated July 26, 1852; about 30 by 40 feet and cost $781.33. Later sold when the congregation relocated."
CHI-CHI1850-013-A01,CHI-CHI1850-013,existence_and_identity,Chicago Courthouse and City Hall,ANDREAS_V1,high,false,"Cornerstone laid September 12, 1851; completed 1853. Shared city/county government complex with later cupola and public-square alterations."
CHI-CHI1850-013-A02,CHI-CHI1850-013,year_completed,1853,ANDREAS_V1,high,false,"Cornerstone laid September 12, 1851; completed 1853. Shared city/county government complex with later cupola and public-square alterations."
CHI-CHI1850-013-A03,CHI-CHI1850-013,historical_address,Courthouse Square; Clark Street between Washington and Randolph Streets,ANDREAS_V1,high,false,"Cornerstone laid September 12, 1851; completed 1853. Shared city/county government complex with later cupola and public-square alterations."
CHI-CHI1850-013-A04,CHI-CHI1850-013,architect_or_builder,John M. Van Osdel,ANDREAS_V1,high,false,"Cornerstone laid September 12, 1851; completed 1853. Shared city/county government complex with later cupola and public-square alterations."
CHI-CHI1850-013-A05,CHI-CHI1850-013,year_demolished,1871,ANDREAS_V1,high,false,"Cornerstone laid September 12, 1851; completed 1853. Shared city/county government complex with later cupola and public-square alterations."
CHI-CHI1850-013-A06,CHI-CHI1850-013,fire_fate_1871,"destroyed in Great Chicago Fire, 1871",ANDREAS_V1,high,false,"Cornerstone laid September 12, 1851; completed 1853. Shared city/county government complex with later cupola and public-square alterations."
CHI-CHI1850-014-A01,CHI-CHI1850-014,existence_and_identity,Briggs House,ANDREAS_V2,high,false,Built in 1853 and opened April 1854 by George H. French and John Floyd. Same hotel site was rebuilt after the fire.
CHI-CHI1850-014-A02,CHI-CHI1850-014,year_completed,1853,ANDREAS_V2,high,false,Built in 1853 and opened April 1854 by George H. French and John Floyd. Same hotel site was rebuilt after the fire.
CHI-CHI1850-014-A03,CHI-CHI1850-014,historical_address,Corner Randolph and Wells Streets,ANDREAS_V2,high,false,Built in 1853 and opened April 1854 by George H. French and John Floyd. Same hotel site was rebuilt after the fire.
CHI-CHI1850-014-A04,CHI-CHI1850-014,architect_or_builder,not identified,ANDREAS_V2,high,false,Built in 1853 and opened April 1854 by George H. French and John Floyd. Same hotel site was rebuilt after the fire.
CHI-CHI1850-014-A05,CHI-CHI1850-014,year_demolished,1871,ANDREAS_V2,high,false,Built in 1853 and opened April 1854 by George H. French and John Floyd. Same hotel site was rebuilt after the fire.
CHI-CHI1850-014-A06,CHI-CHI1850-014,fire_fate_1871,"destroyed in Great Chicago Fire, 1871",ANDREAS_V2,high,false,Built in 1853 and opened April 1854 by George H. French and John Floyd. Same hotel site was rebuilt after the fire.
CHI-CHI1850-015-A01,CHI-CHI1850-015,existence_and_identity,Young America Hotel,ANDREAS_V2,high,false,Opened in 1854 on the European plan; renamed Revere House in 1857. Pulled down in 1859 for the McCormick Block. Do not conflate with the later Revere at Clark and Kinzie.
CHI-CHI1850-015-A02,CHI-CHI1850-015,year_completed,1853,ANDREAS_V2,high,false,Opened in 1854 on the European plan; renamed Revere House in 1857. Pulled down in 1859 for the McCormick Block. Do not conflate with the later Revere at Clark and Kinzie.
CHI-CHI1850-015-A03,CHI-CHI1850-015,historical_address,Northeast corner Randolph and Dearborn Streets,ANDREAS_V2,high,false,Opened in 1854 on the European plan; renamed Revere House in 1857. Pulled down in 1859 for the McCormick Block. Do not conflate with the later Revere at Clark and Kinzie.
CHI-CHI1850-015-A04,CHI-CHI1850-015,architect_or_builder,not identified,ANDREAS_V2,high,false,Opened in 1854 on the European plan; renamed Revere House in 1857. Pulled down in 1859 for the McCormick Block. Do not conflate with the later Revere at Clark and Kinzie.
CHI-CHI1850-015-A05,CHI-CHI1850-015,year_demolished,1859,ANDREAS_V2,high,false,Opened in 1854 on the European plan; renamed Revere House in 1857. Pulled down in 1859 for the McCormick Block. Do not conflate with the later Revere at Clark and Kinzie.
CHI-CHI1850-015-A06,CHI-CHI1850-015,fire_fate_1871,not applicable—demolished before 1871,ANDREAS_V2,high,false,Opened in 1854 on the European plan; renamed Revere House in 1857. Pulled down in 1859 for the McCormick Block. Do not conflate with the later Revere at Clark and Kinzie.
CHI-CHI1850-016-A01,CHI-CHI1850-016,existence_and_identity,Quinn Chapel A.M.E. Church,ANDREAS_V1,high,true,"Construction began September 1852; cornerstone laid April 27, 1853; dedicated November 20, 1853. Historical Buffalo Street requires street-name crosswalk before geocoding."
CHI-CHI1850-016-A02,CHI-CHI1850-016,year_completed,1853,ANDREAS_V1,high,true,"Construction began September 1852; cornerstone laid April 27, 1853; dedicated November 20, 1853. Historical Buffalo Street requires street-name crosswalk before geocoding."
CHI-CHI1850-016-A03,CHI-CHI1850-016,historical_address,Jackson Street at Buffalo Street,ANDREAS_V1,high,true,"Construction began September 1852; cornerstone laid April 27, 1853; dedicated November 20, 1853. Historical Buffalo Street requires street-name crosswalk before geocoding."
CHI-CHI1850-016-A04,CHI-CHI1850-016,architect_or_builder,not identified,ANDREAS_V1,high,true,"Construction began September 1852; cornerstone laid April 27, 1853; dedicated November 20, 1853. Historical Buffalo Street requires street-name crosswalk before geocoding."
CHI-CHI1850-016-A05,CHI-CHI1850-016,year_demolished,1871,ANDREAS_V1,high,true,"Construction began September 1852; cornerstone laid April 27, 1853; dedicated November 20, 1853. Historical Buffalo Street requires street-name crosswalk before geocoding."
CHI-CHI1850-016-A06,CHI-CHI1850-016,fire_fate_1871,"destroyed in Great Chicago Fire, 1871",ANDREAS_V1,high,true,"Construction began September 1852; cornerstone laid April 27, 1853; dedicated November 20, 1853. Historical Buffalo Street requires street-name crosswalk before geocoding."
CHI-CHI1850-017-A01,CHI-CHI1850-017,existence_and_identity,New England Congregational Church,ANDREAS_V1,high,true,"Erected summer 1853; about 36 by 60 feet; reported $2,500 including furnishings. A school/conference building stood adjacent. Wolcott in this context was later State Street; confirm parcel."
CHI-CHI1850-017-A02,CHI-CHI1850-017,year_completed,1853,ANDREAS_V1,high,true,"Erected summer 1853; about 36 by 60 feet; reported $2,500 including furnishings. A school/conference building stood adjacent. Wolcott in this context was later State Street; confirm parcel."
CHI-CHI1850-017-A03,CHI-CHI1850-017,historical_address,Corner Indiana Street and Wolcott Street,ANDREAS_V1,high,true,"Erected summer 1853; about 36 by 60 feet; reported $2,500 including furnishings. A school/conference building stood adjacent. Wolcott in this context was later State Street; confirm parcel."
CHI-CHI1850-017-A04,CHI-CHI1850-017,architect_or_builder,not identified,ANDREAS_V1,high,true,"Erected summer 1853; about 36 by 60 feet; reported $2,500 including furnishings. A school/conference building stood adjacent. Wolcott in this context was later State Street; confirm parcel."
CHI-CHI1850-017-A05,CHI-CHI1850-017,fire_fate_1871,not established,ANDREAS_V1,high,true,"Erected summer 1853; about 36 by 60 feet; reported $2,500 including furnishings. A school/conference building stood adjacent. Wolcott in this context was later State Street; confirm parcel."
CHI-CHI1850-018-A01,CHI-CHI1850-018,existence_and_identity,Owen Street Methodist Episcopal Church,ANDREAS_V1,medium,true,"Small frame edifice about 25 by 35 feet, seating about 300, and costing roughly $800. The society formed in 1852 and had a pastor by 1853; exact completion month is not stated."
CHI-CHI1850-018-A02,CHI-CHI1850-018,year_completed,1853,ANDREAS_V1,medium,true,"Small frame edifice about 25 by 35 feet, seating about 300, and costing roughly $800. The society formed in 1852 and had a pastor by 1853; exact completion month is not stated."
CHI-CHI1850-018-A03,CHI-CHI1850-018,historical_address,Northeast corner Sangamon and Owen Streets,ANDREAS_V1,medium,true,"Small frame edifice about 25 by 35 feet, seating about 300, and costing roughly $800. The society formed in 1852 and had a pastor by 1853; exact completion month is not stated."
CHI-CHI1850-018-A04,CHI-CHI1850-018,architect_or_builder,not identified,ANDREAS_V1,medium,true,"Small frame edifice about 25 by 35 feet, seating about 300, and costing roughly $800. The society formed in 1852 and had a pastor by 1853; exact completion month is not stated."
CHI-CHI1850-018-A05,CHI-CHI1850-018,year_demolished,1863,ANDREAS_V1,medium,true,"Small frame edifice about 25 by 35 feet, seating about 300, and costing roughly $800. The society formed in 1852 and had a pastor by 1853; exact completion month is not stated."
CHI-CHI1850-018-A06,CHI-CHI1850-018,fire_fate_1871,not applicable—demolished before 1871,ANDREAS_V1,medium,true,"Small frame edifice about 25 by 35 feet, seating about 300, and costing roughly $800. The society formed in 1852 and had a pastor by 1853; exact completion month is not stated."
CHI-CHI1850-019-A01,CHI-CHI1850-019,existence_and_identity,Chicago Avenue Water Works,ANDREAS_V1,high,false,Buildings and approximately 136-foot square tower were finished in 1853; water service began February 1854. Engine house about 40 by 50 feet with boiler-house wings. Model as a utility complex.
CHI-CHI1850-019-A02,CHI-CHI1850-019,year_completed,1853,ANDREAS_V1,high,false,Buildings and approximately 136-foot square tower were finished in 1853; water service began February 1854. Engine house about 40 by 50 feet with boiler-house wings. Model as a utility complex.
CHI-CHI1850-019-A03,CHI-CHI1850-019,historical_address,Lake Michigan at foot of Chicago Avenue,ANDREAS_V1,high,false,Buildings and approximately 136-foot square tower were finished in 1853; water service began February 1854. Engine house about 40 by 50 feet with boiler-house wings. Model as a utility complex.
CHI-CHI1850-019-A04,CHI-CHI1850-019,architect_or_builder,not identified,ANDREAS_V1,high,false,Buildings and approximately 136-foot square tower were finished in 1853; water service began February 1854. Engine house about 40 by 50 feet with boiler-house wings. Model as a utility complex.
CHI-CHI1850-019-A05,CHI-CHI1850-019,fire_fate_1871,not established,ANDREAS_V1,high,false,Buildings and approximately 136-foot square tower were finished in 1853; water service began February 1854. Engine house about 40 by 50 feet with boiler-house wings. Model as a utility complex.
CHI-CHI1850-020-A01,CHI-CHI1850-020,existence_and_identity,Holy Name Cathedral (first cathedral),ANDREAS_V1,high,false,"Cornerstone laid August 3, 1853; completed fall 1854; first Mass Christmas 1854. About 84 by 190 feet with a reported 245-foot steeple and cost near $100,000."
CHI-CHI1850-020-A02,CHI-CHI1850-020,year_completed,1854,ANDREAS_V1,high,false,"Cornerstone laid August 3, 1853; completed fall 1854; first Mass Christmas 1854. About 84 by 190 feet with a reported 245-foot steeple and cost near $100,000."
CHI-CHI1850-020-A03,CHI-CHI1850-020,historical_address,State Street at Superior Street,ANDREAS_V1,high,false,"Cornerstone laid August 3, 1853; completed fall 1854; first Mass Christmas 1854. About 84 by 190 feet with a reported 245-foot steeple and cost near $100,000."
CHI-CHI1850-020-A04,CHI-CHI1850-020,architect_or_builder,not identified,ANDREAS_V1,high,false,"Cornerstone laid August 3, 1853; completed fall 1854; first Mass Christmas 1854. About 84 by 190 feet with a reported 245-foot steeple and cost near $100,000."
CHI-CHI1850-020-A05,CHI-CHI1850-020,year_demolished,1871,ANDREAS_V1,high,false,"Cornerstone laid August 3, 1853; completed fall 1854; first Mass Christmas 1854. About 84 by 190 feet with a reported 245-foot steeple and cost near $100,000."
CHI-CHI1850-020-A06,CHI-CHI1850-020,fire_fate_1871,"destroyed in Great Chicago Fire, 1871",ANDREAS_V1,high,false,"Cornerstone laid August 3, 1853; completed fall 1854; first Mass Christmas 1854. About 84 by 190 feet with a reported 245-foot steeple and cost near $100,000."
CHI-CHI1850-021-A01,CHI-CHI1850-021,existence_and_identity,Clark Street pivot bridge (1854),ANDREAS_V1,high,false,"Double carriageway and sidewalks; cost about $12,000. Arches failed in 1855 and were repaired; bridge replaced by another Clark Street structure in 1858."
CHI-CHI1850-021-A02,CHI-CHI1850-021,year_completed,1854,ANDREAS_V1,high,false,"Double carriageway and sidewalks; cost about $12,000. Arches failed in 1855 and were repaired; bridge replaced by another Clark Street structure in 1858."
CHI-CHI1850-021-A03,CHI-CHI1850-021,historical_address,Clark Street crossing of the Chicago River,ANDREAS_V1,high,false,"Double carriageway and sidewalks; cost about $12,000. Arches failed in 1855 and were repaired; bridge replaced by another Clark Street structure in 1858."
CHI-CHI1850-021-A04,CHI-CHI1850-021,architect_or_builder,D. Harper,ANDREAS_V1,high,false,"Double carriageway and sidewalks; cost about $12,000. Arches failed in 1855 and were repaired; bridge replaced by another Clark Street structure in 1858."
CHI-CHI1850-021-A05,CHI-CHI1850-021,year_demolished,1858,ANDREAS_V1,high,false,"Double carriageway and sidewalks; cost about $12,000. Arches failed in 1855 and were repaired; bridge replaced by another Clark Street structure in 1858."
CHI-CHI1850-021-A06,CHI-CHI1850-021,fire_fate_1871,not applicable—replaced before 1871,ANDREAS_V1,high,false,"Double carriageway and sidewalks; cost about $12,000. Arches failed in 1855 and were repaired; bridge replaced by another Clark Street structure in 1858."
CHI-CHI1850-022-A01,CHI-CHI1850-022,existence_and_identity,Van Buren Street German Methodist Episcopal Church,ANDREAS_V1,medium,true,Construction began spring 1854 at Griswold/Van Buren; the site was sold mid-project and the building and parsonage were moved to Van Buren/Fourth Avenue and completed. Preserve both locations in future phase table.
CHI-CHI1850-022-A02,CHI-CHI1850-022,year_completed,1854,ANDREAS_V1,medium,true,Construction began spring 1854 at Griswold/Van Buren; the site was sold mid-project and the building and parsonage were moved to Van Buren/Fourth Avenue and completed. Preserve both locations in future phase table.
CHI-CHI1850-022-A03,CHI-CHI1850-022,historical_address,Van Buren Street at Fourth Avenue; begun at Griswold and Van Buren,ANDREAS_V1,medium,true,Construction began spring 1854 at Griswold/Van Buren; the site was sold mid-project and the building and parsonage were moved to Van Buren/Fourth Avenue and completed. Preserve both locations in future phase table.
CHI-CHI1850-022-A04,CHI-CHI1850-022,architect_or_builder,not identified,ANDREAS_V1,medium,true,Construction began spring 1854 at Griswold/Van Buren; the site was sold mid-project and the building and parsonage were moved to Van Buren/Fourth Avenue and completed. Preserve both locations in future phase table.
CHI-CHI1850-022-A05,CHI-CHI1850-022,fire_fate_1871,not established,ANDREAS_V1,medium,true,Construction began spring 1854 at Griswold/Van Buren; the site was sold mid-project and the building and parsonage were moved to Van Buren/Fourth Avenue and completed. Preserve both locations in future phase table.
CHI-CHI1850-023-A01,CHI-CHI1850-023,existence_and_identity,John Wingert House,CITY_WINGERT;CITY_PREFIRE,high,false,Official landmark record dates the core to 1854; additions followed in 1868-75. Included in the modern-city database but it was not inside Chicago at construction.
CHI-CHI1850-023-A02,CHI-CHI1850-023,year_completed,1854,CITY_WINGERT;CITY_PREFIRE,high,false,Official landmark record dates the core to 1854; additions followed in 1868-75. Included in the modern-city database but it was not inside Chicago at construction.
CHI-CHI1850-023-A03,CHI-CHI1850-023,historical_address,Norwood Park area; outside 1854 Chicago limits,CITY_WINGERT;CITY_PREFIRE,high,false,Official landmark record dates the core to 1854; additions followed in 1868-75. Included in the modern-city database but it was not inside Chicago at construction.
CHI-CHI1850-023-A04,CHI-CHI1850-023,architect_or_builder,unknown,CITY_WINGERT;CITY_PREFIRE,high,false,Official landmark record dates the core to 1854; additions followed in 1868-75. Included in the modern-city database but it was not inside Chicago at construction.
CHI-CHI1850-023-A05,CHI-CHI1850-023,fire_fate_1871,survived; outside 1871 burn area and then-city limits,CITY_WINGERT;CITY_PREFIRE,high,false,Official landmark record dates the core to 1854; additions followed in 1868-75. Included in the modern-city database but it was not inside Chicago at construction.
CHI-CHI1850-024-A01,CHI-CHI1850-024,existence_and_identity,Twelfth Street bridge (1855 rebuild),ANDREAS_V1,high,true,"Rebuilt in 1855 for a reported $2,877. The source does not establish its exact removal date or 1871 condition."
CHI-CHI1850-024-A02,CHI-CHI1850-024,year_completed,1855,ANDREAS_V1,high,true,"Rebuilt in 1855 for a reported $2,877. The source does not establish its exact removal date or 1871 condition."
CHI-CHI1850-024-A03,CHI-CHI1850-024,historical_address,Twelfth Street crossing of the Chicago River,ANDREAS_V1,high,true,"Rebuilt in 1855 for a reported $2,877. The source does not establish its exact removal date or 1871 condition."
CHI-CHI1850-024-A04,CHI-CHI1850-024,architect_or_builder,not identified,ANDREAS_V1,high,true,"Rebuilt in 1855 for a reported $2,877. The source does not establish its exact removal date or 1871 condition."
CHI-CHI1850-024-A05,CHI-CHI1850-024,fire_fate_1871,not established,ANDREAS_V1,high,true,"Rebuilt in 1855 for a reported $2,877. The source does not establish its exact removal date or 1871 condition."
CHI-CHI1850-025-A01,CHI-CHI1850-025,existence_and_identity,Metropolitan Hall,CHICAGOLOGY_METRO,medium,true,"An important lecture, concert, and assembly venue. Date/location are corroborated by a historical compilation; architect and construction details remain unresolved."
CHI-CHI1850-025-A02,CHI-CHI1850-025,year_completed,1855,CHICAGOLOGY_METRO,medium,true,"An important lecture, concert, and assembly venue. Date/location are corroborated by a historical compilation; architect and construction details remain unresolved."
CHI-CHI1850-025-A03,CHI-CHI1850-025,historical_address,Northwest corner Randolph and LaSalle Streets,CHICAGOLOGY_METRO,medium,true,"An important lecture, concert, and assembly venue. Date/location are corroborated by a historical compilation; architect and construction details remain unresolved."
CHI-CHI1850-025-A04,CHI-CHI1850-025,architect_or_builder,not identified,CHICAGOLOGY_METRO,medium,true,"An important lecture, concert, and assembly venue. Date/location are corroborated by a historical compilation; architect and construction details remain unresolved."
CHI-CHI1850-025-A05,CHI-CHI1850-025,year_demolished,1871,CHICAGOLOGY_METRO,medium,true,"An important lecture, concert, and assembly venue. Date/location are corroborated by a historical compilation; architect and construction details remain unresolved."
CHI-CHI1850-025-A06,CHI-CHI1850-025,fire_fate_1871,"destroyed in Great Chicago Fire, 1871",CHICAGOLOGY_METRO,medium,true,"An important lecture, concert, and assembly venue. Date/location are corroborated by a historical compilation; architect and construction details remain unresolved."
CHI-CHI1850-026-A01,CHI-CHI1850-026,existence_and_identity,Boardman House,ANDREAS_V2,high,true,Built 1855-56 and opened early 1856 by J. W. Boardman; described as Chicago's only exclusively family hotel at the time. Later sold to Henry H. Honore.
CHI-CHI1850-026-A02,CHI-CHI1850-026,year_completed,1856,ANDREAS_V2,high,true,Built 1855-56 and opened early 1856 by J. W. Boardman; described as Chicago's only exclusively family hotel at the time. Later sold to Henry H. Honore.
CHI-CHI1850-026-A03,CHI-CHI1850-026,historical_address,Corner Clark and Harrison Streets,ANDREAS_V2,high,true,Built 1855-56 and opened early 1856 by J. W. Boardman; described as Chicago's only exclusively family hotel at the time. Later sold to Henry H. Honore.
CHI-CHI1850-026-A04,CHI-CHI1850-026,architect_or_builder,not identified,ANDREAS_V2,high,true,Built 1855-56 and opened early 1856 by J. W. Boardman; described as Chicago's only exclusively family hotel at the time. Later sold to Henry H. Honore.
CHI-CHI1850-026-A05,CHI-CHI1850-026,fire_fate_1871,not established,ANDREAS_V2,high,true,Built 1855-56 and opened early 1856 by J. W. Boardman; described as Chicago's only exclusively family hotel at the time. Later sold to Henry H. Honore.
CHI-CHI1850-027-A01,CHI-CHI1850-027,existence_and_identity,Central High School,ANDREAS_V1;ANDREAS_V2,high,true,"Completed fall 1856 and opened October 8, 1856. The historical address comes from the attached chronology and should be parcel-verified; construction date and institutional use are confirmed by Andreas."
CHI-CHI1850-027-A02,CHI-CHI1850-027,year_completed,1856,ANDREAS_V1;ANDREAS_V2,high,true,"Completed fall 1856 and opened October 8, 1856. The historical address comes from the attached chronology and should be parcel-verified; construction date and institutional use are confirmed by Andreas."
CHI-CHI1850-027-A03,CHI-CHI1850-027,historical_address,Monroe Street near Halsted Street,ANDREAS_V1;ANDREAS_V2,high,true,"Completed fall 1856 and opened October 8, 1856. The historical address comes from the attached chronology and should be parcel-verified; construction date and institutional use are confirmed by Andreas."
CHI-CHI1850-027-A04,CHI-CHI1850-027,architect_or_builder,not identified,ANDREAS_V1;ANDREAS_V2,high,true,"Completed fall 1856 and opened October 8, 1856. The historical address comes from the attached chronology and should be parcel-verified; construction date and institutional use are confirmed by Andreas."
CHI-CHI1850-027-A05,CHI-CHI1850-027,year_demolished,1871,ANDREAS_V1;ANDREAS_V2,high,true,"Completed fall 1856 and opened October 8, 1856. The historical address comes from the attached chronology and should be parcel-verified; construction date and institutional use are confirmed by Andreas."
CHI-CHI1850-027-A06,CHI-CHI1850-027,fire_fate_1871,"destroyed in Great Chicago Fire, 1871",ANDREAS_V1;ANDREAS_V2,high,true,"Completed fall 1856 and opened October 8, 1856. The historical address comes from the attached chronology and should be parcel-verified; construction date and institutional use are confirmed by Andreas."
CHI-CHI1850-028-A01,CHI-CHI1850-028,existence_and_identity,Ogden School (first permanent building),ANDREAS_V1;ANDREAS_V2,high,false,Lot purchased and three-story brick building erected in 1856. Andreas explicitly states that the Great Fire destroyed it.
CHI-CHI1850-028-A02,CHI-CHI1850-028,year_completed,1856,ANDREAS_V1;ANDREAS_V2,high,false,Lot purchased and three-story brick building erected in 1856. Andreas explicitly states that the Great Fire destroyed it.
CHI-CHI1850-028-A03,CHI-CHI1850-028,historical_address,Chestnut Street north of Chicago Avenue,ANDREAS_V1;ANDREAS_V2,high,false,Lot purchased and three-story brick building erected in 1856. Andreas explicitly states that the Great Fire destroyed it.
CHI-CHI1850-028-A04,CHI-CHI1850-028,architect_or_builder,not identified,ANDREAS_V1;ANDREAS_V2,high,false,Lot purchased and three-story brick building erected in 1856. Andreas explicitly states that the Great Fire destroyed it.
CHI-CHI1850-028-A05,CHI-CHI1850-028,year_demolished,1871,ANDREAS_V1;ANDREAS_V2,high,false,Lot purchased and three-story brick building erected in 1856. Andreas explicitly states that the Great Fire destroyed it.
CHI-CHI1850-028-A06,CHI-CHI1850-028,fire_fate_1871,"destroyed in Great Chicago Fire, 1871",ANDREAS_V1;ANDREAS_V2,high,false,Lot purchased and three-story brick building erected in 1856. Andreas explicitly states that the Great Fire destroyed it.
CHI-CHI1850-029-A01,CHI-CHI1850-029,existence_and_identity,Moseley School (first building),ANDREAS_V2,high,true,Three-story brick school erected 1856. The later school history does not state that this building burned in 1871.
CHI-CHI1850-029-A02,CHI-CHI1850-029,year_completed,1856,ANDREAS_V2,high,true,Three-story brick school erected 1856. The later school history does not state that this building burned in 1871.
CHI-CHI1850-029-A03,CHI-CHI1850-029,historical_address,Michigan Avenue at Twenty-fourth Street,ANDREAS_V2,high,true,Three-story brick school erected 1856. The later school history does not state that this building burned in 1871.
CHI-CHI1850-029-A04,CHI-CHI1850-029,architect_or_builder,not identified,ANDREAS_V2,high,true,Three-story brick school erected 1856. The later school history does not state that this building burned in 1871.
CHI-CHI1850-029-A05,CHI-CHI1850-029,fire_fate_1871,outside documented 1871 burn area; survival not established,ANDREAS_V2,high,true,Three-story brick school erected 1856. The later school history does not state that this building burned in 1871.
CHI-CHI1850-030-A01,CHI-CHI1850-030,existence_and_identity,Michigan Southern and Rock Island joint depot,ANDREAS_V1,high,true,"Projected in October 1855 and used until October 1871. Reported 355 feet long excluding offices, 116-foot roof span, 22-foot walls, and about 42 feet to center of arch."
CHI-CHI1850-030-A02,CHI-CHI1850-030,year_completed,1856,ANDREAS_V1,high,true,"Projected in October 1855 and used until October 1871. Reported 355 feet long excluding offices, 116-foot roof span, 22-foot walls, and about 42 feet to center of arch."
CHI-CHI1850-030-A03,CHI-CHI1850-030,historical_address,Van Buren Street near railroad approaches,ANDREAS_V1,high,true,"Projected in October 1855 and used until October 1871. Reported 355 feet long excluding offices, 116-foot roof span, 22-foot walls, and about 42 feet to center of arch."
CHI-CHI1850-030-A04,CHI-CHI1850-030,architect_or_builder,not identified,ANDREAS_V1,high,true,"Projected in October 1855 and used until October 1871. Reported 355 feet long excluding offices, 116-foot roof span, 22-foot walls, and about 42 feet to center of arch."
CHI-CHI1850-030-A05,CHI-CHI1850-030,year_demolished,1871,ANDREAS_V1,high,true,"Projected in October 1855 and used until October 1871. Reported 355 feet long excluding offices, 116-foot roof span, 22-foot walls, and about 42 feet to center of arch."
CHI-CHI1850-030-A06,CHI-CHI1850-030,fire_fate_1871,"destroyed in Great Chicago Fire, 1871",ANDREAS_V1,high,true,"Projected in October 1855 and used until October 1871. Reported 355 feet long excluding offices, 116-foot roof span, 22-foot walls, and about 42 feet to center of arch."
CHI-CHI1850-031-A01,CHI-CHI1850-031,existence_and_identity,Illinois Central Great Central Depot,ANDREAS_V1,high,true,Completed April 1856. Michigan Central trains also used it under agreement. Exact construction start and detailed fabric need further research.
CHI-CHI1850-031-A02,CHI-CHI1850-031,year_completed,1856,ANDREAS_V1,high,true,Completed April 1856. Michigan Central trains also used it under agreement. Exact construction start and detailed fabric need further research.
CHI-CHI1850-031-A03,CHI-CHI1850-031,historical_address,Foot of Lake Street at the lakefront,ANDREAS_V1,high,true,Completed April 1856. Michigan Central trains also used it under agreement. Exact construction start and detailed fabric need further research.
CHI-CHI1850-031-A04,CHI-CHI1850-031,architect_or_builder,not identified,ANDREAS_V1,high,true,Completed April 1856. Michigan Central trains also used it under agreement. Exact construction start and detailed fabric need further research.
CHI-CHI1850-031-A05,CHI-CHI1850-031,year_demolished,1871,ANDREAS_V1,high,true,Completed April 1856. Michigan Central trains also used it under agreement. Exact construction start and detailed fabric need further research.
CHI-CHI1850-031-A06,CHI-CHI1850-031,fire_fate_1871,"destroyed in Great Chicago Fire, 1871",ANDREAS_V1,high,true,Completed April 1856. Michigan Central trains also used it under agreement. Exact construction start and detailed fabric need further research.
CHI-CHI1850-032-A01,CHI-CHI1850-032,existence_and_identity,Old St. Patrick's Church,ANDREAS_V1,high,false,"Construction began 1854 and the church was sufficiently complete by summer 1856. Approximately 1,200 seats. Later alterations mean extant fabric should be phase-tagged."
CHI-CHI1850-032-A02,CHI-CHI1850-032,year_completed,1856,ANDREAS_V1,high,false,"Construction began 1854 and the church was sufficiently complete by summer 1856. Approximately 1,200 seats. Later alterations mean extant fabric should be phase-tagged."
CHI-CHI1850-032-A03,CHI-CHI1850-032,historical_address,Corner Desplaines and Adams Streets,ANDREAS_V1,high,false,"Construction began 1854 and the church was sufficiently complete by summer 1856. Approximately 1,200 seats. Later alterations mean extant fabric should be phase-tagged."
CHI-CHI1850-032-A04,CHI-CHI1850-032,architect_or_builder,not established,ANDREAS_V1,high,false,"Construction began 1854 and the church was sufficiently complete by summer 1856. Approximately 1,200 seats. Later alterations mean extant fabric should be phase-tagged."
CHI-CHI1850-032-A05,CHI-CHI1850-032,fire_fate_1871,survived Great Chicago Fire,ANDREAS_V1,high,false,"Construction began 1854 and the church was sufficiently complete by summer 1856. Approximately 1,200 seats. Later alterations mean extant fabric should be phase-tagged."
CHI-CHI1850-033-A01,CHI-CHI1850-033,existence_and_identity,Charles J. Hull House,CITY_HULL;CITY_PREFIRE,high,false,"Built as Hull's country residence in 1856; became the core of Hull-House in 1889. Official record notes later campus changes and reconstruction of missing portions, so extant authenticity is element-specific."
CHI-CHI1850-033-A02,CHI-CHI1850-033,year_completed,1856,CITY_HULL;CITY_PREFIRE,high,false,"Built as Hull's country residence in 1856; became the core of Hull-House in 1889. Official record notes later campus changes and reconstruction of missing portions, so extant authenticity is element-specific."
CHI-CHI1850-033-A03,CHI-CHI1850-033,historical_address,Polk and Halsted area,CITY_HULL;CITY_PREFIRE,high,false,"Built as Hull's country residence in 1856; became the core of Hull-House in 1889. Official record notes later campus changes and reconstruction of missing portions, so extant authenticity is element-specific."
CHI-CHI1850-033-A04,CHI-CHI1850-033,architect_or_builder,not identified,CITY_HULL;CITY_PREFIRE,high,false,"Built as Hull's country residence in 1856; became the core of Hull-House in 1889. Official record notes later campus changes and reconstruction of missing portions, so extant authenticity is element-specific."
CHI-CHI1850-033-A05,CHI-CHI1850-033,fire_fate_1871,survived; west of main 1871 burn area,CITY_HULL;CITY_PREFIRE,high,false,"Built as Hull's country residence in 1856; became the core of Hull-House in 1889. Official record notes later campus changes and reconstruction of missing portions, so extant authenticity is element-specific."
CHI-CHI1850-034-A01,CHI-CHI1850-034,existence_and_identity,Cleveland House,ANDREAS_V2,high,false,Built by A. Cleveland and operated with I. N. Merritt as manager; destroyed in the major 1859 fire. Do not conflate with the later Cleveland House at Clark/Kinzie.
CHI-CHI1850-034-A02,CHI-CHI1850-034,year_completed,1856,ANDREAS_V2,high,false,Built by A. Cleveland and operated with I. N. Merritt as manager; destroyed in the major 1859 fire. Do not conflate with the later Cleveland House at Clark/Kinzie.
CHI-CHI1850-034-A03,CHI-CHI1850-034,historical_address,46-52 West Lake Street,ANDREAS_V2,high,false,Built by A. Cleveland and operated with I. N. Merritt as manager; destroyed in the major 1859 fire. Do not conflate with the later Cleveland House at Clark/Kinzie.
CHI-CHI1850-034-A04,CHI-CHI1850-034,architect_or_builder,not identified,ANDREAS_V2,high,false,Built by A. Cleveland and operated with I. N. Merritt as manager; destroyed in the major 1859 fire. Do not conflate with the later Cleveland House at Clark/Kinzie.
CHI-CHI1850-034-A05,CHI-CHI1850-034,year_demolished,1859,ANDREAS_V2,high,false,Built by A. Cleveland and operated with I. N. Merritt as manager; destroyed in the major 1859 fire. Do not conflate with the later Cleveland House at Clark/Kinzie.
CHI-CHI1850-034-A06,CHI-CHI1850-034,fire_fate_1871,not applicable—destroyed before 1871,ANDREAS_V2,high,false,Built by A. Cleveland and operated with I. N. Merritt as manager; destroyed in the major 1859 fire. Do not conflate with the later Cleveland House at Clark/Kinzie.
CHI-CHI1850-035-A01,CHI-CHI1850-035,existence_and_identity,Richmond House,ANDREAS_V2,high,false,"Opened 1857; furnishing reportedly exceeded $60,000. Converted to a business block after hotel ventures failed, and remained so until October 1871."
CHI-CHI1850-035-A02,CHI-CHI1850-035,year_completed,1856,ANDREAS_V2,high,false,"Opened 1857; furnishing reportedly exceeded $60,000. Converted to a business block after hotel ventures failed, and remained so until October 1871."
CHI-CHI1850-035-A03,CHI-CHI1850-035,historical_address,Northwest corner South Water Street and Michigan Avenue,ANDREAS_V2,high,false,"Opened 1857; furnishing reportedly exceeded $60,000. Converted to a business block after hotel ventures failed, and remained so until October 1871."
CHI-CHI1850-035-A04,CHI-CHI1850-035,architect_or_builder,not identified,ANDREAS_V2,high,false,"Opened 1857; furnishing reportedly exceeded $60,000. Converted to a business block after hotel ventures failed, and remained so until October 1871."
CHI-CHI1850-035-A05,CHI-CHI1850-035,year_demolished,1871,ANDREAS_V2,high,false,"Opened 1857; furnishing reportedly exceeded $60,000. Converted to a business block after hotel ventures failed, and remained so until October 1871."
CHI-CHI1850-035-A06,CHI-CHI1850-035,fire_fate_1871,"destroyed in Great Chicago Fire, 1871",ANDREAS_V2,high,false,"Opened 1857; furnishing reportedly exceeded $60,000. Converted to a business block after hotel ventures failed, and remained so until October 1871."
CHI-CHI1850-036-A01,CHI-CHI1850-036,existence_and_identity,Wells Street bridge (1856),ANDREAS_V1,high,true,"Completed summer 1856; about 190 feet and reported cost $20,000; described as the longest drawbridge in the West. Replacement/removal date needs bridge-specific study."
CHI-CHI1850-036-A02,CHI-CHI1850-036,year_completed,1856,ANDREAS_V1,high,true,"Completed summer 1856; about 190 feet and reported cost $20,000; described as the longest drawbridge in the West. Replacement/removal date needs bridge-specific study."
CHI-CHI1850-036-A03,CHI-CHI1850-036,historical_address,Wells Street crossing of the Chicago River,ANDREAS_V1,high,true,"Completed summer 1856; about 190 feet and reported cost $20,000; described as the longest drawbridge in the West. Replacement/removal date needs bridge-specific study."
CHI-CHI1850-036-A04,CHI-CHI1850-036,architect_or_builder,H. Harper,ANDREAS_V1,high,true,"Completed summer 1856; about 190 feet and reported cost $20,000; described as the longest drawbridge in the West. Replacement/removal date needs bridge-specific study."
CHI-CHI1850-036-A05,CHI-CHI1850-036,fire_fate_1871,not established,ANDREAS_V1,high,true,"Completed summer 1856; about 190 feet and reported cost $20,000; described as the longest drawbridge in the West. Replacement/removal date needs bridge-specific study."
CHI-CHI1850-037-A01,CHI-CHI1850-037,existence_and_identity,Randolph Street bridge (1856),ANDREAS_V1,medium,true,A new bridge was ready for foot travel by July 1856. Additional structural and fate details were not established in this pass.
CHI-CHI1850-037-A02,CHI-CHI1850-037,year_completed,1856,ANDREAS_V1,medium,true,A new bridge was ready for foot travel by July 1856. Additional structural and fate details were not established in this pass.
CHI-CHI1850-037-A03,CHI-CHI1850-037,historical_address,Randolph Street crossing of the Chicago River,ANDREAS_V1,medium,true,A new bridge was ready for foot travel by July 1856. Additional structural and fate details were not established in this pass.
CHI-CHI1850-037-A04,CHI-CHI1850-037,architect_or_builder,not identified,ANDREAS_V1,medium,true,A new bridge was ready for foot travel by July 1856. Additional structural and fate details were not established in this pass.
CHI-CHI1850-037-A05,CHI-CHI1850-037,fire_fate_1871,not established,ANDREAS_V1,medium,true,A new bridge was ready for foot travel by July 1856. Additional structural and fate details were not established in this pass.
CHI-CHI1850-038-A01,CHI-CHI1850-038,existence_and_identity,Rush Street iron bridge,ANDREAS_V1;ANDREAS_V2,high,false,"Contracted June 1856 for about $48,000-50,000; described as the first iron bridge in the West. Accidentally destroyed November 1863."
CHI-CHI1850-038-A02,CHI-CHI1850-038,year_completed,1856,ANDREAS_V1;ANDREAS_V2,high,false,"Contracted June 1856 for about $48,000-50,000; described as the first iron bridge in the West. Accidentally destroyed November 1863."
CHI-CHI1850-038-A03,CHI-CHI1850-038,historical_address,Rush Street crossing of the Chicago River,ANDREAS_V1;ANDREAS_V2,high,false,"Contracted June 1856 for about $48,000-50,000; described as the first iron bridge in the West. Accidentally destroyed November 1863."
CHI-CHI1850-038-A04,CHI-CHI1850-038,architect_or_builder,Harper & Tweedale (civil engineers),ANDREAS_V1;ANDREAS_V2,high,false,"Contracted June 1856 for about $48,000-50,000; described as the first iron bridge in the West. Accidentally destroyed November 1863."
CHI-CHI1850-038-A05,CHI-CHI1850-038,year_demolished,1863,ANDREAS_V1;ANDREAS_V2,high,false,"Contracted June 1856 for about $48,000-50,000; described as the first iron bridge in the West. Accidentally destroyed November 1863."
CHI-CHI1850-038-A06,CHI-CHI1850-038,fire_fate_1871,not applicable—destroyed before 1871,ANDREAS_V1;ANDREAS_V2,high,false,"Contracted June 1856 for about $48,000-50,000; described as the first iron bridge in the West. Accidentally destroyed November 1863."
CHI-CHI1850-039-A01,CHI-CHI1850-039,existence_and_identity,Phebe and John Gray House,CITY_GRAY;CITY_PREFIRE,high,false,Official designation material dates the farmhouse circa 1856. Cupola and later changes require phase research. Included because site is now within Chicago.
CHI-CHI1850-039-A02,CHI-CHI1850-039,year_completed,1856,CITY_GRAY;CITY_PREFIRE,high,false,Official designation material dates the farmhouse circa 1856. Cupola and later changes require phase research. Included because site is now within Chicago.
CHI-CHI1850-039-A03,CHI-CHI1850-039,historical_address,Jefferson Township; outside 1856 Chicago limits,CITY_GRAY;CITY_PREFIRE,high,false,Official designation material dates the farmhouse circa 1856. Cupola and later changes require phase research. Included because site is now within Chicago.
CHI-CHI1850-039-A04,CHI-CHI1850-039,architect_or_builder,not identified,CITY_GRAY;CITY_PREFIRE,high,false,Official designation material dates the farmhouse circa 1856. Cupola and later changes require phase research. Included because site is now within Chicago.
CHI-CHI1850-039-A05,CHI-CHI1850-039,fire_fate_1871,survived; outside 1871 burn area and then-city limits,CITY_GRAY;CITY_PREFIRE,high,false,Official designation material dates the farmhouse circa 1856. Cupola and later changes require phase research. Included because site is now within Chicago.
CHI-CHI1850-040-A01,CHI-CHI1850-040,existence_and_identity,Adams House,ANDREAS_V2,high,true,Built in 1857 and opened autumn 1858 by William Adams. Andreas confirms destruction but the excerpt used here does not supply a precise street number/corner.
CHI-CHI1850-040-A02,CHI-CHI1850-040,year_completed,1857,ANDREAS_V2,high,true,Built in 1857 and opened autumn 1858 by William Adams. Andreas confirms destruction but the excerpt used here does not supply a precise street number/corner.
CHI-CHI1850-040-A03,CHI-CHI1850-040,historical_address,Michigan Avenue; exact corner not established,ANDREAS_V2,high,true,Built in 1857 and opened autumn 1858 by William Adams. Andreas confirms destruction but the excerpt used here does not supply a precise street number/corner.
CHI-CHI1850-040-A04,CHI-CHI1850-040,architect_or_builder,not identified,ANDREAS_V2,high,true,Built in 1857 and opened autumn 1858 by William Adams. Andreas confirms destruction but the excerpt used here does not supply a precise street number/corner.
CHI-CHI1850-040-A05,CHI-CHI1850-040,year_demolished,1871,ANDREAS_V2,high,true,Built in 1857 and opened autumn 1858 by William Adams. Andreas confirms destruction but the excerpt used here does not supply a precise street number/corner.
CHI-CHI1850-040-A06,CHI-CHI1850-040,fire_fate_1871,"destroyed in Great Chicago Fire, 1871",ANDREAS_V2,high,true,Built in 1857 and opened autumn 1858 by William Adams. Andreas confirms destruction but the excerpt used here does not supply a precise street number/corner.
CHI-CHI1850-041-A01,CHI-CHI1850-041,existence_and_identity,Massasoit House,ANDREAS_V2,high,false,"Opened in 1858 by John C. Parks and John W. Humphreys; 72 rooms and reported cost $32,000. OCR says a 1851 sale, an obvious typographical error inconsistent with the 1857 construction; not propagated."
CHI-CHI1850-041-A02,CHI-CHI1850-041,year_completed,1857,ANDREAS_V2,high,false,"Opened in 1858 by John C. Parks and John W. Humphreys; 72 rooms and reported cost $32,000. OCR says a 1851 sale, an obvious typographical error inconsistent with the 1857 construction; not propagated."
CHI-CHI1850-041-A03,CHI-CHI1850-041,historical_address,Southwest corner Central Avenue and South Water Street,ANDREAS_V2,high,false,"Opened in 1858 by John C. Parks and John W. Humphreys; 72 rooms and reported cost $32,000. OCR says a 1851 sale, an obvious typographical error inconsistent with the 1857 construction; not propagated."
CHI-CHI1850-041-A04,CHI-CHI1850-041,architect_or_builder,not identified,ANDREAS_V2,high,false,"Opened in 1858 by John C. Parks and John W. Humphreys; 72 rooms and reported cost $32,000. OCR says a 1851 sale, an obvious typographical error inconsistent with the 1857 construction; not propagated."
CHI-CHI1850-041-A05,CHI-CHI1850-041,year_demolished,1871,ANDREAS_V2,high,false,"Opened in 1858 by John C. Parks and John W. Humphreys; 72 rooms and reported cost $32,000. OCR says a 1851 sale, an obvious typographical error inconsistent with the 1857 construction; not propagated."
CHI-CHI1850-041-A06,CHI-CHI1850-041,fire_fate_1871,"destroyed in Great Chicago Fire, 1871",ANDREAS_V2,high,false,"Opened in 1858 by John C. Parks and John W. Humphreys; 72 rooms and reported cost $32,000. OCR says a 1851 sale, an obvious typographical error inconsistent with the 1857 construction; not propagated."
CHI-CHI1850-042-A01,CHI-CHI1850-042,existence_and_identity,McVicker's Theatre,ANDREAS_V2,high,true,"Opened November 5, 1857; reported cost $85,000, seating about 2,500, and stage about 80 by 53 feet. Substantially altered in 1864 before its 1871 destruction."
CHI-CHI1850-042-A02,CHI-CHI1850-042,year_completed,1857,ANDREAS_V2,high,true,"Opened November 5, 1857; reported cost $85,000, seating about 2,500, and stage about 80 by 53 feet. Substantially altered in 1864 before its 1871 destruction."
CHI-CHI1850-042-A03,CHI-CHI1850-042,historical_address,Madison Street between State and Dearborn Streets,ANDREAS_V2,high,true,"Opened November 5, 1857; reported cost $85,000, seating about 2,500, and stage about 80 by 53 feet. Substantially altered in 1864 before its 1871 destruction."
CHI-CHI1850-042-A04,CHI-CHI1850-042,architect_or_builder,not identified,ANDREAS_V2,high,true,"Opened November 5, 1857; reported cost $85,000, seating about 2,500, and stage about 80 by 53 feet. Substantially altered in 1864 before its 1871 destruction."
CHI-CHI1850-042-A05,CHI-CHI1850-042,year_demolished,1871,ANDREAS_V2,high,true,"Opened November 5, 1857; reported cost $85,000, seating about 2,500, and stage about 80 by 53 feet. Substantially altered in 1864 before its 1871 destruction."
CHI-CHI1850-042-A06,CHI-CHI1850-042,fire_fate_1871,"destroyed in Great Chicago Fire, 1871",ANDREAS_V2,high,true,"Opened November 5, 1857; reported cost $85,000, seating about 2,500, and stage about 80 by 53 feet. Substantially altered in 1864 before its 1871 destruction."
CHI-CHI1850-043-A01,CHI-CHI1850-043,existence_and_identity,St. James Episcopal Church (1857),ANDREAS_V1,high,true,"Completed and opened December 1857; reported cost $60,000 excluding land and tower. Cass Street later became Wabash Avenue in this area; confirm address crosswalk."
CHI-CHI1850-043-A02,CHI-CHI1850-043,year_completed,1857,ANDREAS_V1,high,true,"Completed and opened December 1857; reported cost $60,000 excluding land and tower. Cass Street later became Wabash Avenue in this area; confirm address crosswalk."
CHI-CHI1850-043-A03,CHI-CHI1850-043,historical_address,Southeast corner Cass and Huron Streets,ANDREAS_V1,high,true,"Completed and opened December 1857; reported cost $60,000 excluding land and tower. Cass Street later became Wabash Avenue in this area; confirm address crosswalk."
CHI-CHI1850-043-A04,CHI-CHI1850-043,architect_or_builder,not identified,ANDREAS_V1,high,true,"Completed and opened December 1857; reported cost $60,000 excluding land and tower. Cass Street later became Wabash Avenue in this area; confirm address crosswalk."
CHI-CHI1850-043-A05,CHI-CHI1850-043,year_demolished,1871,ANDREAS_V1,high,true,"Completed and opened December 1857; reported cost $60,000 excluding land and tower. Cass Street later became Wabash Avenue in this area; confirm address crosswalk."
CHI-CHI1850-043-A06,CHI-CHI1850-043,fire_fate_1871,"destroyed in Great Chicago Fire, 1871",ANDREAS_V1,high,true,"Completed and opened December 1857; reported cost $60,000 excluding land and tower. Cass Street later became Wabash Avenue in this area; confirm address crosswalk."
CHI-CHI1850-044-A01,CHI-CHI1850-044,existence_and_identity,Desplaines Street Methodist Episcopal Church,ANDREAS_V1,high,true,"Dedicated July 26, 1857; about 45 by 70 feet with a large steeple, cost roughly $5,200. Sold to a Lutheran congregation after the Methodist society moved."
CHI-CHI1850-044-A02,CHI-CHI1850-044,year_completed,1857,ANDREAS_V1,high,true,"Dedicated July 26, 1857; about 45 by 70 feet with a large steeple, cost roughly $5,200. Sold to a Lutheran congregation after the Methodist society moved."
CHI-CHI1850-044-A03,CHI-CHI1850-044,historical_address,241-243 South Desplaines Street between Van Buren and Harrison Streets,ANDREAS_V1,high,true,"Dedicated July 26, 1857; about 45 by 70 feet with a large steeple, cost roughly $5,200. Sold to a Lutheran congregation after the Methodist society moved."
CHI-CHI1850-044-A04,CHI-CHI1850-044,architect_or_builder,not identified,ANDREAS_V1,high,true,"Dedicated July 26, 1857; about 45 by 70 feet with a large steeple, cost roughly $5,200. Sold to a Lutheran congregation after the Methodist society moved."
CHI-CHI1850-044-A05,CHI-CHI1850-044,fire_fate_1871,not established,ANDREAS_V1,high,true,"Dedicated July 26, 1857; about 45 by 70 feet with a large steeple, cost roughly $5,200. Sold to a Lutheran congregation after the Methodist society moved."
CHI-CHI1850-045-A01,CHI-CHI1850-045,existence_and_identity,Foster School brick building,ANDREAS_V2,high,false,"Three-story brick building erected in 1857 for $28,000, replacing/supplementing a two-story wooden 1855 schoolhouse. Named Foster School in 1858. The attached timeline's 1856 date is not supported by Andreas."
CHI-CHI1850-045-A02,CHI-CHI1850-045,year_completed,1857,ANDREAS_V2,high,false,"Three-story brick building erected in 1857 for $28,000, replacing/supplementing a two-story wooden 1855 schoolhouse. Named Foster School in 1858. The attached timeline's 1856 date is not supported by Andreas."
CHI-CHI1850-045-A03,CHI-CHI1850-045,historical_address,Union Street near Twelfth Street,ANDREAS_V2,high,false,"Three-story brick building erected in 1857 for $28,000, replacing/supplementing a two-story wooden 1855 schoolhouse. Named Foster School in 1858. The attached timeline's 1856 date is not supported by Andreas."
CHI-CHI1850-045-A04,CHI-CHI1850-045,architect_or_builder,not identified,ANDREAS_V2,high,false,"Three-story brick building erected in 1857 for $28,000, replacing/supplementing a two-story wooden 1855 schoolhouse. Named Foster School in 1858. The attached timeline's 1856 date is not supported by Andreas."
CHI-CHI1850-045-A05,CHI-CHI1850-045,fire_fate_1871,outside documented 1871 burn area; survival not established,ANDREAS_V2,high,false,"Three-story brick building erected in 1857 for $28,000, replacing/supplementing a two-story wooden 1855 schoolhouse. Named Foster School in 1858. The attached timeline's 1856 date is not supported by Andreas."
CHI-CHI1850-046-A01,CHI-CHI1850-046,existence_and_identity,Charles D. Iglehart House,CITY_IGLEHART;CITY_PREFIRE,high,false,Official landmark record dates the house to 1857; front bay and rear wing were added in the 1870s. Included because site is now within Chicago.
CHI-CHI1850-046-A02,CHI-CHI1850-046,year_completed,1857,CITY_IGLEHART;CITY_PREFIRE,high,false,Official landmark record dates the house to 1857; front bay and rear wing were added in the 1870s. Included because site is now within Chicago.
CHI-CHI1850-046-A03,CHI-CHI1850-046,historical_address,Morgan Park area; outside 1857 Chicago limits,CITY_IGLEHART;CITY_PREFIRE,high,false,Official landmark record dates the house to 1857; front bay and rear wing were added in the 1870s. Included because site is now within Chicago.
CHI-CHI1850-046-A04,CHI-CHI1850-046,architect_or_builder,unknown,CITY_IGLEHART;CITY_PREFIRE,high,false,Official landmark record dates the house to 1857; front bay and rear wing were added in the 1870s. Included because site is now within Chicago.
CHI-CHI1850-046-A05,CHI-CHI1850-046,fire_fate_1871,survived; outside 1871 burn area and then-city limits,CITY_IGLEHART;CITY_PREFIRE,high,false,Official landmark record dates the house to 1857; front bay and rear wing were added in the 1870s. Included because site is now within Chicago.
CHI-CHI1850-047-A01,CHI-CHI1850-047,existence_and_identity,Madison Street iron bridge,ANDREAS_V1;ANDREAS_V2,high,true,"Built 1857; reported 155 feet and cost $42,000. Bridge-specific replacement chronology remains to be established."
CHI-CHI1850-047-A02,CHI-CHI1850-047,year_completed,1857,ANDREAS_V1;ANDREAS_V2,high,true,"Built 1857; reported 155 feet and cost $42,000. Bridge-specific replacement chronology remains to be established."
CHI-CHI1850-047-A03,CHI-CHI1850-047,historical_address,Madison Street crossing of the Chicago River,ANDREAS_V1;ANDREAS_V2,high,true,"Built 1857; reported 155 feet and cost $42,000. Bridge-specific replacement chronology remains to be established."
CHI-CHI1850-047-A04,CHI-CHI1850-047,architect_or_builder,Gaylord & Company,ANDREAS_V1;ANDREAS_V2,high,true,"Built 1857; reported 155 feet and cost $42,000. Bridge-specific replacement chronology remains to be established."
CHI-CHI1850-047-A05,CHI-CHI1850-047,fire_fate_1871,not established,ANDREAS_V1;ANDREAS_V2,high,true,"Built 1857; reported 155 feet and cost $42,000. Bridge-specific replacement chronology remains to be established."
CHI-CHI1850-048-A01,CHI-CHI1850-048,existence_and_identity,Polk Street drawbridge,ANDREAS_V1,medium,true,"Built during the 1856-57 bridge program; reported cost about $5,000. Exact completion date unresolved."
CHI-CHI1850-048-A02,CHI-CHI1850-048,year_completed,1857,ANDREAS_V1,medium,true,"Built during the 1856-57 bridge program; reported cost about $5,000. Exact completion date unresolved."
CHI-CHI1850-048-A03,CHI-CHI1850-048,historical_address,Polk Street crossing of the Chicago River,ANDREAS_V1,medium,true,"Built during the 1856-57 bridge program; reported cost about $5,000. Exact completion date unresolved."
CHI-CHI1850-048-A04,CHI-CHI1850-048,architect_or_builder,not identified,ANDREAS_V1,medium,true,"Built during the 1856-57 bridge program; reported cost about $5,000. Exact completion date unresolved."
CHI-CHI1850-048-A05,CHI-CHI1850-048,fire_fate_1871,not established,ANDREAS_V1,medium,true,"Built during the 1856-57 bridge program; reported cost about $5,000. Exact completion date unresolved."
CHI-CHI1850-049-A01,CHI-CHI1850-049,existence_and_identity,Indiana Street floating bridge,ANDREAS_V1,medium,true,"Built during the 1856-57 bridge program; reported cost about $5,000. Historical street and crossing require geospatial reconciliation."
CHI-CHI1850-049-A02,CHI-CHI1850-049,year_completed,1857,ANDREAS_V1,medium,true,"Built during the 1856-57 bridge program; reported cost about $5,000. Historical street and crossing require geospatial reconciliation."
CHI-CHI1850-049-A03,CHI-CHI1850-049,historical_address,Indiana Street crossing,ANDREAS_V1,medium,true,"Built during the 1856-57 bridge program; reported cost about $5,000. Historical street and crossing require geospatial reconciliation."
CHI-CHI1850-049-A04,CHI-CHI1850-049,architect_or_builder,not identified,ANDREAS_V1,medium,true,"Built during the 1856-57 bridge program; reported cost about $5,000. Historical street and crossing require geospatial reconciliation."
CHI-CHI1850-049-A05,CHI-CHI1850-049,fire_fate_1871,not established,ANDREAS_V1,medium,true,"Built during the 1856-57 bridge program; reported cost about $5,000. Historical street and crossing require geospatial reconciliation."
CHI-CHI1850-050-A01,CHI-CHI1850-050,existence_and_identity,Erie Street floating bridge,ANDREAS_V1,medium,true,"Built during the 1856-57 bridge program; reported cost about $5,000. Exact completion date and removal history unresolved."
CHI-CHI1850-050-A02,CHI-CHI1850-050,year_completed,1857,ANDREAS_V1,medium,true,"Built during the 1856-57 bridge program; reported cost about $5,000. Exact completion date and removal history unresolved."
CHI-CHI1850-050-A03,CHI-CHI1850-050,historical_address,Erie Street crossing,ANDREAS_V1,medium,true,"Built during the 1856-57 bridge program; reported cost about $5,000. Exact completion date and removal history unresolved."
CHI-CHI1850-050-A04,CHI-CHI1850-050,architect_or_builder,not identified,ANDREAS_V1,medium,true,"Built during the 1856-57 bridge program; reported cost about $5,000. Exact completion date and removal history unresolved."
CHI-CHI1850-050-A05,CHI-CHI1850-050,fire_fate_1871,not established,ANDREAS_V1,medium,true,"Built during the 1856-57 bridge program; reported cost about $5,000. Exact completion date and removal history unresolved."
CHI-CHI1850-051-A01,CHI-CHI1850-051,existence_and_identity,Wabash Avenue Methodist Episcopal Church,ANDREAS_V1,high,true,"Cornerstone laid July 13, 1857; completed and dedicated July 15, 1858. Successor to the State Street Methodist congregation; $32,555 was initially subscribed for construction."
CHI-CHI1850-051-A02,CHI-CHI1850-051,year_completed,1858,ANDREAS_V1,high,true,"Cornerstone laid July 13, 1857; completed and dedicated July 15, 1858. Successor to the State Street Methodist congregation; $32,555 was initially subscribed for construction."
CHI-CHI1850-051-A03,CHI-CHI1850-051,historical_address,Northwest corner Wabash Avenue and Harrison Street,ANDREAS_V1,high,true,"Cornerstone laid July 13, 1857; completed and dedicated July 15, 1858. Successor to the State Street Methodist congregation; $32,555 was initially subscribed for construction."
CHI-CHI1850-051-A04,CHI-CHI1850-051,architect_or_builder,not identified,ANDREAS_V1,high,true,"Cornerstone laid July 13, 1857; completed and dedicated July 15, 1858. Successor to the State Street Methodist congregation; $32,555 was initially subscribed for construction."
CHI-CHI1850-051-A05,CHI-CHI1850-051,fire_fate_1871,not established,ANDREAS_V1,high,true,"Cornerstone laid July 13, 1857; completed and dedicated July 15, 1858. Successor to the State Street Methodist congregation; $32,555 was initially subscribed for construction."
CHI-CHI1850-052-A01,CHI-CHI1850-052,existence_and_identity,Newberry School,ANDREAS_V2,high,true,Erected 1858 and opened January 1859. Andreas says it stood on the northwest border of the fire limits and sheltered fire victims; it therefore survived the conflagration. Later demolition date not established here.
CHI-CHI1850-052-A02,CHI-CHI1850-052,year_completed,1858,ANDREAS_V2,high,true,Erected 1858 and opened January 1859. Andreas says it stood on the northwest border of the fire limits and sheltered fire victims; it therefore survived the conflagration. Later demolition date not established here.
CHI-CHI1850-052-A03,CHI-CHI1850-052,historical_address,Corner Orchard and Willow Streets,ANDREAS_V2,high,true,Erected 1858 and opened January 1859. Andreas says it stood on the northwest border of the fire limits and sheltered fire victims; it therefore survived the conflagration. Later demolition date not established here.
CHI-CHI1850-052-A04,CHI-CHI1850-052,architect_or_builder,not identified,ANDREAS_V2,high,true,Erected 1858 and opened January 1859. Andreas says it stood on the northwest border of the fire limits and sheltered fire victims; it therefore survived the conflagration. Later demolition date not established here.
CHI-CHI1850-052-A05,CHI-CHI1850-052,fire_fate_1871,survived at edge of Great Fire; used as hospital and relief depot,ANDREAS_V2,high,true,Erected 1858 and opened January 1859. Andreas says it stood on the northwest border of the fire limits and sheltered fire victims; it therefore survived the conflagration. Later demolition date not established here.
CHI-CHI1850-053-A01,CHI-CHI1850-053,existence_and_identity,Clifton House,ANDREAS_V2,medium,true,"First kept as a hotel in 1858 by Joshua Barrell; construction may slightly predate hotel use, so 1858 is not asserted as an exact build date. Enlarged after 1861."
CHI-CHI1850-053-A02,CHI-CHI1850-053,year_completed,1858,ANDREAS_V2,medium,true,"First kept as a hotel in 1858 by Joshua Barrell; construction may slightly predate hotel use, so 1858 is not asserted as an exact build date. Enlarged after 1861."
CHI-CHI1850-053-A03,CHI-CHI1850-053,historical_address,Southeast corner Wabash Avenue and Madison Street,ANDREAS_V2,medium,true,"First kept as a hotel in 1858 by Joshua Barrell; construction may slightly predate hotel use, so 1858 is not asserted as an exact build date. Enlarged after 1861."
CHI-CHI1850-053-A04,CHI-CHI1850-053,architect_or_builder,Mr. Knights (builder),ANDREAS_V2,medium,true,"First kept as a hotel in 1858 by Joshua Barrell; construction may slightly predate hotel use, so 1858 is not asserted as an exact build date. Enlarged after 1861."
CHI-CHI1850-053-A05,CHI-CHI1850-053,year_demolished,1871,ANDREAS_V2,medium,true,"First kept as a hotel in 1858 by Joshua Barrell; construction may slightly predate hotel use, so 1858 is not asserted as an exact build date. Enlarged after 1861."
CHI-CHI1850-053-A06,CHI-CHI1850-053,fire_fate_1871,"destroyed in Great Chicago Fire, 1871",ANDREAS_V2,medium,true,"First kept as a hotel in 1858 by Joshua Barrell; construction may slightly predate hotel use, so 1858 is not asserted as an exact build date. Enlarged after 1861."
CHI-CHI1850-054-A01,CHI-CHI1850-054,existence_and_identity,Clark Street bridge (1858 replacement),ANDREAS_V2,medium,true,Constructed in 1858 to replace the troubled 1854 pivot bridge. Further structural and removal chronology needs bridge-specific research.
CHI-CHI1850-054-A02,CHI-CHI1850-054,year_completed,1858,ANDREAS_V2,medium,true,Constructed in 1858 to replace the troubled 1854 pivot bridge. Further structural and removal chronology needs bridge-specific research.
CHI-CHI1850-054-A03,CHI-CHI1850-054,historical_address,Clark Street crossing of the Chicago River,ANDREAS_V2,medium,true,Constructed in 1858 to replace the troubled 1854 pivot bridge. Further structural and removal chronology needs bridge-specific research.
CHI-CHI1850-054-A04,CHI-CHI1850-054,architect_or_builder,not identified,ANDREAS_V2,medium,true,Constructed in 1858 to replace the troubled 1854 pivot bridge. Further structural and removal chronology needs bridge-specific research.
CHI-CHI1850-054-A05,CHI-CHI1850-054,fire_fate_1871,not established,ANDREAS_V2,medium,true,Constructed in 1858 to replace the troubled 1854 pivot bridge. Further structural and removal chronology needs bridge-specific research.
CHI-CHI1850-055-A01,CHI-CHI1850-055,existence_and_identity,Couch family mausoleum,CPD_COUCH;CITY_PREFIRE,high,false,Official Park District record identifies installation in 1858 and a roughly fifty-ton structure. It is the principal above-ground remnant of the former City Cemetery; restored in 1999.
CHI-CHI1850-055-A02,CHI-CHI1850-055,year_completed,1858,CPD_COUCH;CITY_PREFIRE,high,false,Official Park District record identifies installation in 1858 and a roughly fifty-ton structure. It is the principal above-ground remnant of the former City Cemetery; restored in 1999.
CHI-CHI1850-055-A03,CHI-CHI1850-055,historical_address,Chicago City Cemetery,CPD_COUCH;CITY_PREFIRE,high,false,Official Park District record identifies installation in 1858 and a roughly fifty-ton structure. It is the principal above-ground remnant of the former City Cemetery; restored in 1999.
CHI-CHI1850-055-A04,CHI-CHI1850-055,architect_or_builder,John M. Van Osdel and Frederick Baumann,CPD_COUCH;CITY_PREFIRE,high,false,Official Park District record identifies installation in 1858 and a roughly fifty-ton structure. It is the principal above-ground remnant of the former City Cemetery; restored in 1999.
CHI-CHI1850-055-A05,CHI-CHI1850-055,fire_fate_1871,survived; within later North Side fire area but mausoleum remained,CPD_COUCH;CITY_PREFIRE,high,false,Official Park District record identifies installation in 1858 and a roughly fifty-ton structure. It is the principal above-ground remnant of the former City Cemetery; restored in 1999.
CHI-CHI1850-056-A01,CHI-CHI1850-056,existence_and_identity,Old University of Chicago south wing,ANDREAS_V2;UCHI_OLDU;UCHI_PHOTO,high,false,"Cornerstone of the university building laid July 4, 1857; the south wing was completed for classes in 1859. Critical correction: the main Douglas Hall and observatory were not complete until 1864, so this record covers only the first wing."
CHI-CHI1850-056-A02,CHI-CHI1850-056,year_completed,1859,ANDREAS_V2;UCHI_OLDU;UCHI_PHOTO,high,false,"Cornerstone of the university building laid July 4, 1857; the south wing was completed for classes in 1859. Critical correction: the main Douglas Hall and observatory were not complete until 1864, so this record covers only the first wing."
CHI-CHI1850-056-A03,CHI-CHI1850-056,historical_address,West side Cottage Grove Avenue just north of 35th Street,ANDREAS_V2;UCHI_OLDU;UCHI_PHOTO,high,false,"Cornerstone of the university building laid July 4, 1857; the south wing was completed for classes in 1859. Critical correction: the main Douglas Hall and observatory were not complete until 1864, so this record covers only the first wing."
CHI-CHI1850-056-A04,CHI-CHI1850-056,architect_or_builder,not established,ANDREAS_V2;UCHI_OLDU;UCHI_PHOTO,high,false,"Cornerstone of the university building laid July 4, 1857; the south wing was completed for classes in 1859. Critical correction: the main Douglas Hall and observatory were not complete until 1864, so this record covers only the first wing."
CHI-CHI1850-056-A05,CHI-CHI1850-056,year_demolished,1890,ANDREAS_V2;UCHI_OLDU;UCHI_PHOTO,high,false,"Cornerstone of the university building laid July 4, 1857; the south wing was completed for classes in 1859. Critical correction: the main Douglas Hall and observatory were not complete until 1864, so this record covers only the first wing."
CHI-CHI1850-056-A06,CHI-CHI1850-056,fire_fate_1871,survived; south of Great Chicago Fire burn area,ANDREAS_V2;UCHI_OLDU;UCHI_PHOTO,high,false,"Cornerstone of the university building laid July 4, 1857; the south wing was completed for classes in 1859. Critical correction: the main Douglas Hall and observatory were not complete until 1864, so this record covers only the first wing."
CHI-CHI1850-057-A01,CHI-CHI1850-057,existence_and_identity,Orient House,ANDREAS_V2,medium,true,"First appears as a hotel in the 1859 city directory, operated by L. L. Atwood. This does not prove the building itself was newly constructed in 1859; retain as an occupancy record pending permit/deed research."
CHI-CHI1850-057-A02,CHI-CHI1850-057,year_completed,1859,ANDREAS_V2,medium,true,"First appears as a hotel in the 1859 city directory, operated by L. L. Atwood. This does not prove the building itself was newly constructed in 1859; retain as an occupancy record pending permit/deed research."
CHI-CHI1850-057-A03,CHI-CHI1850-057,historical_address,281-285 State Street,ANDREAS_V2,medium,true,"First appears as a hotel in the 1859 city directory, operated by L. L. Atwood. This does not prove the building itself was newly constructed in 1859; retain as an occupancy record pending permit/deed research."
CHI-CHI1850-057-A04,CHI-CHI1850-057,architect_or_builder,not identified,ANDREAS_V2,medium,true,"First appears as a hotel in the 1859 city directory, operated by L. L. Atwood. This does not prove the building itself was newly constructed in 1859; retain as an occupancy record pending permit/deed research."
CHI-CHI1850-057-A05,CHI-CHI1850-057,fire_fate_1871,not established,ANDREAS_V2,medium,true,"First appears as a hotel in the 1859 city directory, operated by L. L. Atwood. This does not prove the building itself was newly constructed in 1859; retain as an occupancy record pending permit/deed research."
CHI-CHI1850-058-A01,CHI-CHI1850-058,existence_and_identity,Wright's Hotel,ANDREAS_V2,medium,true,"Opened in 1859. The source does not establish a construction year; treat 1859 as hotel opening/first-use evidence, not exact building completion."
CHI-CHI1850-058-A02,CHI-CHI1850-058,year_completed,1859,ANDREAS_V2,medium,true,"Opened in 1859. The source does not establish a construction year; treat 1859 as hotel opening/first-use evidence, not exact building completion."
CHI-CHI1850-058-A03,CHI-CHI1850-058,historical_address,22-24 North Wells Street,ANDREAS_V2,medium,true,"Opened in 1859. The source does not establish a construction year; treat 1859 as hotel opening/first-use evidence, not exact building completion."
CHI-CHI1850-058-A04,CHI-CHI1850-058,architect_or_builder,not identified,ANDREAS_V2,medium,true,"Opened in 1859. The source does not establish a construction year; treat 1859 as hotel opening/first-use evidence, not exact building completion."
CHI-CHI1850-058-A05,CHI-CHI1850-058,fire_fate_1871,not established,ANDREAS_V2,medium,true,"Opened in 1859. The source does not establish a construction year; treat 1859 as hotel opening/first-use evidence, not exact building completion."
CHI-CHI1850-059-A01,CHI-CHI1850-059,existence_and_identity,Rice's Theater (second),ANDREAS_V1;ANDREAS_V2,high,false,"Completed January 1851 and opened in February. Building measured about 80 by 100 feet and had galvanized-iron cornices. The OCR of the reported cost is ambiguous, so cost is not normalized here."
CHI-CHI1850-059-A02,CHI-CHI1850-059,year_completed,1851,ANDREAS_V1;ANDREAS_V2,high,false,"Completed January 1851 and opened in February. Building measured about 80 by 100 feet and had galvanized-iron cornices. The OCR of the reported cost is ambiguous, so cost is not normalized here."
CHI-CHI1850-059-A03,CHI-CHI1850-059,historical_address,Dearborn Street between Randolph and Washington Streets,ANDREAS_V1;ANDREAS_V2,high,false,"Completed January 1851 and opened in February. Building measured about 80 by 100 feet and had galvanized-iron cornices. The OCR of the reported cost is ambiguous, so cost is not normalized here."
CHI-CHI1850-059-A04,CHI-CHI1850-059,architect_or_builder,John M. Van Osdel (architect); C. and W. Price (masons); Updike & Sollitt (builders),ANDREAS_V1;ANDREAS_V2,high,false,"Completed January 1851 and opened in February. Building measured about 80 by 100 feet and had galvanized-iron cornices. The OCR of the reported cost is ambiguous, so cost is not normalized here."
CHI-CHI1850-059-A05,CHI-CHI1850-059,year_demolished,1861,ANDREAS_V1;ANDREAS_V2,high,false,"Completed January 1851 and opened in February. Building measured about 80 by 100 feet and had galvanized-iron cornices. The OCR of the reported cost is ambiguous, so cost is not normalized here."
CHI-CHI1850-059-A06,CHI-CHI1850-059,fire_fate_1871,not applicable—demolished before 1871,ANDREAS_V1;ANDREAS_V2,high,false,"Completed January 1851 and opened in February. Building measured about 80 by 100 feet and had galvanized-iron cornices. The OCR of the reported cost is ambiguous, so cost is not normalized here."
CHI-CHI1850-060-A01,CHI-CHI1850-060,existence_and_identity,First German Theater,ANDREAS_V1,high,true,Andreas identifies this as Chicago's first German theater and says it burned early in 1853. No dimensions or builder were found in the cited passage.
CHI-CHI1850-060-A02,CHI-CHI1850-060,year_completed,1852,ANDREAS_V1,high,true,Andreas identifies this as Chicago's first German theater and says it burned early in 1853. No dimensions or builder were found in the cited passage.
CHI-CHI1850-060-A03,CHI-CHI1850-060,historical_address,West Randolph Street near Canal Street,ANDREAS_V1,high,true,Andreas identifies this as Chicago's first German theater and says it burned early in 1853. No dimensions or builder were found in the cited passage.
CHI-CHI1850-060-A04,CHI-CHI1850-060,architect_or_builder,not identified,ANDREAS_V1,high,true,Andreas identifies this as Chicago's first German theater and says it burned early in 1853. No dimensions or builder were found in the cited passage.
CHI-CHI1850-060-A05,CHI-CHI1850-060,year_demolished,1853,ANDREAS_V1,high,true,Andreas identifies this as Chicago's first German theater and says it burned early in 1853. No dimensions or builder were found in the cited passage.
CHI-CHI1850-060-A06,CHI-CHI1850-060,fire_fate_1871,not applicable—destroyed before 1871,ANDREAS_V1,high,true,Andreas identifies this as Chicago's first German theater and says it burned early in 1853. No dimensions or builder were found in the cited passage.
CHI-CHI1850-061-A01,CHI-CHI1850-061,existence_and_identity,North's National Amphitheater,ANDREAS_V1,high,true,"About 90 by 206 feet; seating 3,062; 42-foot ring; 120 gas jets; rear company rooms and horse stables. Newspaper chronology places opening on November 19, 1855."
CHI-CHI1850-061-A02,CHI-CHI1850-061,year_completed,1855,ANDREAS_V1,high,true,"About 90 by 206 feet; seating 3,062; 42-foot ring; 120 gas jets; rear company rooms and horse stables. Newspaper chronology places opening on November 19, 1855."
CHI-CHI1850-061-A03,CHI-CHI1850-061,historical_address,Monroe Street between Clark and South Wells (later Fifth Avenue),ANDREAS_V1,high,true,"About 90 by 206 feet; seating 3,062; 42-foot ring; 120 gas jets; rear company rooms and horse stables. Newspaper chronology places opening on November 19, 1855."
CHI-CHI1850-061-A04,CHI-CHI1850-061,architect_or_builder,Levi J. North and Harry Turner,ANDREAS_V1,high,true,"About 90 by 206 feet; seating 3,062; 42-foot ring; 120 gas jets; rear company rooms and horse stables. Newspaper chronology places opening on November 19, 1855."
CHI-CHI1850-061-A05,CHI-CHI1850-061,fire_fate_1871,not established,ANDREAS_V1,high,true,"About 90 by 206 feet; seating 3,062; 42-foot ring; 120 gas jets; rear company rooms and horse stables. Newspaper chronology places opening on November 19, 1855."
CHI-CHI1850-062-A01,CHI-CHI1850-062,existence_and_identity,German Theater at Wells and Indiana Streets,ANDREAS_V1,medium,true,"Opened April 19, 1856 in a new building. The cited chronicle establishes new construction and opening but not dimensions, owner, or later fate."
CHI-CHI1850-062-A02,CHI-CHI1850-062,year_completed,1856,ANDREAS_V1,medium,true,"Opened April 19, 1856 in a new building. The cited chronicle establishes new construction and opening but not dimensions, owner, or later fate."
CHI-CHI1850-062-A03,CHI-CHI1850-062,historical_address,Corner Wells and Indiana Streets,ANDREAS_V1,medium,true,"Opened April 19, 1856 in a new building. The cited chronicle establishes new construction and opening but not dimensions, owner, or later fate."
CHI-CHI1850-062-A04,CHI-CHI1850-062,architect_or_builder,not identified,ANDREAS_V1,medium,true,"Opened April 19, 1856 in a new building. The cited chronicle establishes new construction and opening but not dimensions, owner, or later fate."
CHI-CHI1850-062-A05,CHI-CHI1850-062,fire_fate_1871,not established,ANDREAS_V1,medium,true,"Opened April 19, 1856 in a new building. The cited chronicle establishes new construction and opening but not dimensions, owner, or later fate."
CHI-CHI1850-063-A01,CHI-CHI1850-063,existence_and_identity,Hamilton House at Clark and North Water,ANDREAS_V2,high,false,"Not new construction: the 1840 Washington House was moved from South Water near Clark in 1851, enlarged, remodeled, and renamed. Included as a major physical relocation/alteration; torn down spring 1868."
CHI-CHI1850-063-A02,CHI-CHI1850-063,year_completed,1851,ANDREAS_V2,high,false,"Not new construction: the 1840 Washington House was moved from South Water near Clark in 1851, enlarged, remodeled, and renamed. Included as a major physical relocation/alteration; torn down spring 1868."
CHI-CHI1850-063-A03,CHI-CHI1850-063,historical_address,Southeast corner Clark and North Water Streets,ANDREAS_V2,high,false,"Not new construction: the 1840 Washington House was moved from South Water near Clark in 1851, enlarged, remodeled, and renamed. Included as a major physical relocation/alteration; torn down spring 1868."
CHI-CHI1850-063-A04,CHI-CHI1850-063,architect_or_builder,not identified,ANDREAS_V2,high,false,"Not new construction: the 1840 Washington House was moved from South Water near Clark in 1851, enlarged, remodeled, and renamed. Included as a major physical relocation/alteration; torn down spring 1868."
CHI-CHI1850-063-A05,CHI-CHI1850-063,year_demolished,1868,ANDREAS_V2,high,false,"Not new construction: the 1840 Washington House was moved from South Water near Clark in 1851, enlarged, remodeled, and renamed. Included as a major physical relocation/alteration; torn down spring 1868."
CHI-CHI1850-063-A06,CHI-CHI1850-063,fire_fate_1871,not applicable—demolished before 1871,ANDREAS_V2,high,false,"Not new construction: the 1840 Washington House was moved from South Water near Clark in 1851, enlarged, remodeled, and renamed. Included as a major physical relocation/alteration; torn down spring 1868."
CHI-CHI1850-064-A01,CHI-CHI1850-064,existence_and_identity,First German Evangelical Lutheran Church at Polk and Edina,ANDREAS_V1,high,true,"The first congregation moved its earlier building to Clark Street in 1852, then erected this church in 1855 and worshiped here until the fire. Historical Edina Place requires street crosswalk research."
CHI-CHI1850-064-A02,CHI-CHI1850-064,year_completed,1855,ANDREAS_V1,high,true,"The first congregation moved its earlier building to Clark Street in 1852, then erected this church in 1855 and worshiped here until the fire. Historical Edina Place requires street crosswalk research."
CHI-CHI1850-064-A03,CHI-CHI1850-064,historical_address,Corner Polk Street and Edina Place,ANDREAS_V1,high,true,"The first congregation moved its earlier building to Clark Street in 1852, then erected this church in 1855 and worshiped here until the fire. Historical Edina Place requires street crosswalk research."
CHI-CHI1850-064-A04,CHI-CHI1850-064,architect_or_builder,not identified,ANDREAS_V1,high,true,"The first congregation moved its earlier building to Clark Street in 1852, then erected this church in 1855 and worshiped here until the fire. Historical Edina Place requires street crosswalk research."
CHI-CHI1850-064-A05,CHI-CHI1850-064,year_demolished,1871,ANDREAS_V1,high,true,"The first congregation moved its earlier building to Clark Street in 1852, then erected this church in 1855 and worshiped here until the fire. Historical Edina Place requires street crosswalk research."
CHI-CHI1850-064-A06,CHI-CHI1850-064,fire_fate_1871,"destroyed in Great Chicago Fire, 1871",ANDREAS_V1,high,true,"The first congregation moved its earlier building to Clark Street in 1852, then erected this church in 1855 and worshiped here until the fire. Historical Edina Place requires street crosswalk research."
CHI-CHI1850-065-A01,CHI-CHI1850-065,existence_and_identity,Second German Evangelical Lutheran Church,ANDREAS_V1,high,true,"The source directly states that the Second Church erected this building in 1856; dimensions, fabric, and later fate were not established in this pass."
CHI-CHI1850-065-A02,CHI-CHI1850-065,year_completed,1856,ANDREAS_V1,high,true,"The source directly states that the Second Church erected this building in 1856; dimensions, fabric, and later fate were not established in this pass."
CHI-CHI1850-065-A03,CHI-CHI1850-065,historical_address,Southeast corner Wells Street and Chicago Avenue,ANDREAS_V1,high,true,"The source directly states that the Second Church erected this building in 1856; dimensions, fabric, and later fate were not established in this pass."
CHI-CHI1850-065-A04,CHI-CHI1850-065,architect_or_builder,not identified,ANDREAS_V1,high,true,"The source directly states that the Second Church erected this building in 1856; dimensions, fabric, and later fate were not established in this pass."
CHI-CHI1850-065-A05,CHI-CHI1850-065,fire_fate_1871,not established,ANDREAS_V1,high,true,"The source directly states that the Second Church erected this building in 1856; dimensions, fabric, and later fate were not established in this pass."
CHI-CHI1850-066-A01,CHI-CHI1850-066,existence_and_identity,St. John's Episcopal Church (first building),ANDREAS_V1,high,true,"Plain frame church about 30 by 65 feet, initially seating 300. Pews were offered September 1, 1856; the building was enlarged in 1857 to about 500 seats. Address needs parish-specific research."
CHI-CHI1850-066-A02,CHI-CHI1850-066,year_completed,1856,ANDREAS_V1,high,true,"Plain frame church about 30 by 65 feet, initially seating 300. Pews were offered September 1, 1856; the building was enlarged in 1857 to about 500 seats. Address needs parish-specific research."
CHI-CHI1850-066-A03,CHI-CHI1850-066,historical_address,location not established,ANDREAS_V1,high,true,"Plain frame church about 30 by 65 feet, initially seating 300. Pews were offered September 1, 1856; the building was enlarged in 1857 to about 500 seats. Address needs parish-specific research."
CHI-CHI1850-066-A04,CHI-CHI1850-066,architect_or_builder,not identified,ANDREAS_V1,high,true,"Plain frame church about 30 by 65 feet, initially seating 300. Pews were offered September 1, 1856; the building was enlarged in 1857 to about 500 seats. Address needs parish-specific research."
CHI-CHI1850-066-A05,CHI-CHI1850-066,fire_fate_1871,not established,ANDREAS_V1,high,true,"Plain frame church about 30 by 65 feet, initially seating 300. Pews were offered September 1, 1856; the building was enlarged in 1857 to about 500 seats. Address needs parish-specific research."
CHI-CHI1850-067-A01,CHI-CHI1850-067,existence_and_identity,First German Methodist Episcopal Church on Clybourn Avenue,ANDREAS_V1,high,true,"Wood building about 30 by 50 feet and cost roughly $2,000. Moved to the back of the lot in 1863 when a brick church replaced it; Andreas states the fire swept away all church property."
CHI-CHI1850-067-A02,CHI-CHI1850-067,year_completed,1857,ANDREAS_V1,high,true,"Wood building about 30 by 50 feet and cost roughly $2,000. Moved to the back of the lot in 1863 when a brick church replaced it; Andreas states the fire swept away all church property."
CHI-CHI1850-067-A03,CHI-CHI1850-067,historical_address,Clybourn Avenue; exact parcel not established,ANDREAS_V1,high,true,"Wood building about 30 by 50 feet and cost roughly $2,000. Moved to the back of the lot in 1863 when a brick church replaced it; Andreas states the fire swept away all church property."
CHI-CHI1850-067-A04,CHI-CHI1850-067,architect_or_builder,not identified,ANDREAS_V1,high,true,"Wood building about 30 by 50 feet and cost roughly $2,000. Moved to the back of the lot in 1863 when a brick church replaced it; Andreas states the fire swept away all church property."
CHI-CHI1850-067-A05,CHI-CHI1850-067,year_demolished,1871,ANDREAS_V1,high,true,"Wood building about 30 by 50 feet and cost roughly $2,000. Moved to the back of the lot in 1863 when a brick church replaced it; Andreas states the fire swept away all church property."
CHI-CHI1850-067-A06,CHI-CHI1850-067,fire_fate_1871,"destroyed in Great Chicago Fire, 1871",ANDREAS_V1,high,true,"Wood building about 30 by 50 feet and cost roughly $2,000. Moved to the back of the lot in 1863 when a brick church replaced it; Andreas states the fire swept away all church property."
CHI-B1860-001-A01,CHI-B1860-001,existence_and_identity,Republican Wigwam,EOC_WIGWAM;LOC_WIGWAM_IMAGE,high,true,Built in little more than a month; later subdivided as stores. Demolition year is represented by midpoint only; source gives 1867-71 range.
CHI-B1860-001-A02,CHI-B1860-001,year_completed,1860,EOC_WIGWAM;LOC_WIGWAM_IMAGE,high,true,Built in little more than a month; later subdivided as stores. Demolition year is represented by midpoint only; source gives 1867-71 range.
CHI-B1860-001-A03,CHI-B1860-001,historical_address,Lake Street near Market Street,EOC_WIGWAM;LOC_WIGWAM_IMAGE,high,true,Built in little more than a month; later subdivided as stores. Demolition year is represented by midpoint only; source gives 1867-71 range.
CHI-B1860-001-A04,CHI-B1860-001,year_demolished,1869,EOC_WIGWAM;LOC_WIGWAM_IMAGE,high,true,Built in little more than a month; later subdivided as stores. Demolition year is represented by midpoint only; source gives 1867-71 range.
CHI-B1860-001-A05,CHI-B1860-001,fire_fate_1871,not exposed,EOC_WIGWAM;LOC_WIGWAM_IMAGE,high,true,Built in little more than a month; later subdivided as stores. Demolition year is represented by midpoint only; source gives 1867-71 range.
CHI-B1860-002-A01,CHI-B1860-002,existence_and_identity,Bryan Hall,ANDREAS2_DRAMA,high,false,"Auditorium 65 by 80 feet with 1,100 seats; dedicated September 17, 1860; converted to Hooley's Opera House in 1870-71."
CHI-B1860-002-A02,CHI-B1860-002,year_completed,1860,ANDREAS2_DRAMA,high,false,"Auditorium 65 by 80 feet with 1,100 seats; dedicated September 17, 1860; converted to Hooley's Opera House in 1870-71."
CHI-B1860-002-A03,CHI-B1860-002,historical_address,Clark Street between Washington and Randolph Streets,ANDREAS2_DRAMA,high,false,"Auditorium 65 by 80 feet with 1,100 seats; dedicated September 17, 1860; converted to Hooley's Opera House in 1870-71."
CHI-B1860-002-A04,CHI-B1860-002,year_demolished,1871,ANDREAS2_DRAMA,high,false,"Auditorium 65 by 80 feet with 1,100 seats; dedicated September 17, 1860; converted to Hooley's Opera House in 1870-71."
CHI-B1860-002-A05,CHI-B1860-002,fire_fate_1871,destroyed,ANDREAS2_DRAMA,high,false,"Auditorium 65 by 80 feet with 1,100 seats; dedicated September 17, 1860; converted to Hooley's Opera House in 1870-71."
CHI-B1860-003-A01,CHI-B1860-003,existence_and_identity,Church of the Holy Family,ANDREAS2_CATHOLIC,high,false,Completed and consecrated in 1860; outside the 1871 burn district. Later alterations require event-level modeling.
CHI-B1860-003-A02,CHI-B1860-003,year_completed,1860,ANDREAS2_CATHOLIC,high,false,Completed and consecrated in 1860; outside the 1871 burn district. Later alterations require event-level modeling.
CHI-B1860-003-A03,CHI-B1860-003,historical_address,"Eleventh, May, and Twelfth Streets",ANDREAS2_CATHOLIC,high,false,Completed and consecrated in 1860; outside the 1871 burn district. Later alterations require event-level modeling.
CHI-B1860-003-A04,CHI-B1860-003,fire_fate_1871,survived,ANDREAS2_CATHOLIC,high,false,Completed and consecrated in 1860; outside the 1871 burn district. Later alterations require event-level modeling.
CHI-B1860-004-A01,CHI-B1860-004,existence_and_identity,Orrington Lunt & Brother grain elevator,ANDREAS2_GRAIN,high,true,"The firm established an elevator in 1860; Andreas explicitly says it was destroyed October 9, 1871. Exact parcel and construction month remain unresolved."
CHI-B1860-004-A02,CHI-B1860-004,year_completed,1860,ANDREAS2_GRAIN,high,true,"The firm established an elevator in 1860; Andreas explicitly says it was destroyed October 9, 1871. Exact parcel and construction month remain unresolved."
CHI-B1860-004-A03,CHI-B1860-004,historical_address,Exact site not stated in cited passage,ANDREAS2_GRAIN,high,true,"The firm established an elevator in 1860; Andreas explicitly says it was destroyed October 9, 1871. Exact parcel and construction month remain unresolved."
CHI-B1860-004-A04,CHI-B1860-004,year_demolished,1871,ANDREAS2_GRAIN,high,true,"The firm established an elevator in 1860; Andreas explicitly says it was destroyed October 9, 1871. Exact parcel and construction month remain unresolved."
CHI-B1860-004-A05,CHI-B1860-004,fire_fate_1871,destroyed,ANDREAS2_GRAIN,high,true,"The firm established an elevator in 1860; Andreas explicitly says it was destroyed October 9, 1871. Exact parcel and construction month remain unresolved."
CHI-B1860-005-A01,CHI-B1860-005,existence_and_identity,Church of the Redeemer,ANDREAS2_PROTESTANT,high,true,"Dedicated January 23, 1861. Later disposition is not stated in the cited passage."
CHI-B1860-005-A02,CHI-B1860-005,year_completed,1861,ANDREAS2_PROTESTANT,high,true,"Dedicated January 23, 1861. Later disposition is not stated in the cited passage."
CHI-B1860-005-A03,CHI-B1860-005,historical_address,Washington and Sangamon Streets,ANDREAS2_PROTESTANT,high,true,"Dedicated January 23, 1861. Later disposition is not stated in the cited passage."
CHI-B1860-005-A04,CHI-B1860-005,fire_fate_1871,unknown,ANDREAS2_PROTESTANT,high,true,"Dedicated January 23, 1861. Later disposition is not stated in the cited passage."
CHI-B1860-006-A01,CHI-B1860-006,existence_and_identity,North Star Mission chapel,ANDREAS2_PROTESTANT,high,false,"Dedicated December 29, 1861; remodeled and enlarged in 1867; source explicitly reports destruction in the Great Fire."
CHI-B1860-006-A02,CHI-B1860-006,year_completed,1861,ANDREAS2_PROTESTANT,high,false,"Dedicated December 29, 1861; remodeled and enlarged in 1867; source explicitly reports destruction in the Great Fire."
CHI-B1860-006-A03,CHI-B1860-006,historical_address,Division and Sedgwick Streets,ANDREAS2_PROTESTANT,high,false,"Dedicated December 29, 1861; remodeled and enlarged in 1867; source explicitly reports destruction in the Great Fire."
CHI-B1860-006-A04,CHI-B1860-006,year_demolished,1871,ANDREAS2_PROTESTANT,high,false,"Dedicated December 29, 1861; remodeled and enlarged in 1867; source explicitly reports destruction in the Great Fire."
CHI-B1860-006-A05,CHI-B1860-006,fire_fate_1871,destroyed,ANDREAS2_PROTESTANT,high,false,"Dedicated December 29, 1861; remodeled and enlarged in 1867; source explicitly reports destruction in the Great Fire."
CHI-B1860-007-A01,CHI-B1860-007,existence_and_identity,Camp Douglas YMCA chapel,ANDREAS2_SOCIAL;ANDREAS2_CIVILWAR,medium,true,"Built October 1861 for $2,300; Andreas calls it the first camp chapel ever erected. Removal is inferred from postwar camp dismantling and needs confirmation."
CHI-B1860-007-A02,CHI-B1860-007,year_completed,1861,ANDREAS2_SOCIAL;ANDREAS2_CIVILWAR,medium,true,"Built October 1861 for $2,300; Andreas calls it the first camp chapel ever erected. Removal is inferred from postwar camp dismantling and needs confirmation."
CHI-B1860-007-A03,CHI-B1860-007,historical_address,Camp Douglas,ANDREAS2_SOCIAL;ANDREAS2_CIVILWAR,medium,true,"Built October 1861 for $2,300; Andreas calls it the first camp chapel ever erected. Removal is inferred from postwar camp dismantling and needs confirmation."
CHI-B1860-007-A04,CHI-B1860-007,year_demolished,1865,ANDREAS2_SOCIAL;ANDREAS2_CIVILWAR,medium,true,"Built October 1861 for $2,300; Andreas calls it the first camp chapel ever erected. Removal is inferred from postwar camp dismantling and needs confirmation."
CHI-B1860-007-A05,CHI-B1860-007,fire_fate_1871,not exposed,ANDREAS2_SOCIAL;ANDREAS2_CIVILWAR,medium,true,"Built October 1861 for $2,300; Andreas calls it the first camp chapel ever erected. Removal is inferred from postwar camp dismantling and needs confirmation."
CHI-B1860-008-A01,CHI-B1860-008,existence_and_identity,Camp Douglas barracks and prison complex,ANDREAS2_CIVILWAR,medium,true,Grouped complex record: construction and rebuilding occurred 1861-64. Individual barracks were numerous and not consistently named; this is not a substitute for a future plan-level inventory.
CHI-B1860-008-A02,CHI-B1860-008,year_completed,1864,ANDREAS2_CIVILWAR,medium,true,Grouped complex record: construction and rebuilding occurred 1861-64. Individual barracks were numerous and not consistently named; this is not a substitute for a future plan-level inventory.
CHI-B1860-008-A03,CHI-B1860-008,historical_address,South of Chicago near Cottage Grove Avenue,ANDREAS2_CIVILWAR,medium,true,Grouped complex record: construction and rebuilding occurred 1861-64. Individual barracks were numerous and not consistently named; this is not a substitute for a future plan-level inventory.
CHI-B1860-008-A04,CHI-B1860-008,architect_or_builder,U.S. Army quartermasters and contractors,ANDREAS2_CIVILWAR,medium,true,Grouped complex record: construction and rebuilding occurred 1861-64. Individual barracks were numerous and not consistently named; this is not a substitute for a future plan-level inventory.
CHI-B1860-008-A05,CHI-B1860-008,year_demolished,1865,ANDREAS2_CIVILWAR,medium,true,Grouped complex record: construction and rebuilding occurred 1861-64. Individual barracks were numerous and not consistently named; this is not a substitute for a future plan-level inventory.
CHI-B1860-008-A06,CHI-B1860-008,fire_fate_1871,not exposed,ANDREAS2_CIVILWAR,medium,true,Grouped complex record: construction and rebuilding occurred 1861-64. Individual barracks were numerous and not consistently named; this is not a substitute for a future plan-level inventory.
CHI-B1860-009-A01,CHI-B1860-009,existence_and_identity,Haven School,ANDREAS2_EDU,high,true,"Dedicated September 20, 1862. It remained in school use after 1871, supporting survival, but final demolition date is unresolved."
CHI-B1860-009-A02,CHI-B1860-009,year_completed,1862,ANDREAS2_EDU,high,true,"Dedicated September 20, 1862. It remained in school use after 1871, supporting survival, but final demolition date is unresolved."
CHI-B1860-009-A03,CHI-B1860-009,historical_address,Wabash Avenue south of Twelfth Street,ANDREAS2_EDU,high,true,"Dedicated September 20, 1862. It remained in school use after 1871, supporting survival, but final demolition date is unresolved."
CHI-B1860-009-A04,CHI-B1860-009,fire_fate_1871,survived,ANDREAS2_EDU,high,true,"Dedicated September 20, 1862. It remained in school use after 1871, supporting survival, but final demolition date is unresolved."
CHI-B1860-010-A01,CHI-B1860-010,existence_and_identity,Kinzie School branch,ANDREAS2_EDU,high,false,Authorized in May and completed in 1862; Andreas states both main and branch were destroyed in 1871.
CHI-B1860-010-A02,CHI-B1860-010,year_completed,1862,ANDREAS2_EDU,high,false,Authorized in May and completed in 1862; Andreas states both main and branch were destroyed in 1871.
CHI-B1860-010-A03,CHI-B1860-010,historical_address,Kinzie School lot at LaSalle Avenue and Ohio Street,ANDREAS2_EDU,high,false,Authorized in May and completed in 1862; Andreas states both main and branch were destroyed in 1871.
CHI-B1860-010-A04,CHI-B1860-010,year_demolished,1871,ANDREAS2_EDU,high,false,Authorized in May and completed in 1862; Andreas states both main and branch were destroyed in 1871.
CHI-B1860-010-A05,CHI-B1860-010,fire_fate_1871,destroyed,ANDREAS2_EDU,high,false,Authorized in May and completed in 1862; Andreas states both main and branch were destroyed in 1871.
CHI-B1860-011-A01,CHI-B1860-011,existence_and_identity,Scammon School branch,ANDREAS2_EDU,high,true,"Ordered October 1861 and completed in 1862 for about $2,800. Later fate not supplied."
CHI-B1860-011-A02,CHI-B1860-011,year_completed,1862,ANDREAS2_EDU,high,true,"Ordered October 1861 and completed in 1862 for about $2,800. Later fate not supplied."
CHI-B1860-011-A03,CHI-B1860-011,historical_address,Scammon School lot on Madison Street east of Halsted,ANDREAS2_EDU,high,true,"Ordered October 1861 and completed in 1862 for about $2,800. Later fate not supplied."
CHI-B1860-011-A04,CHI-B1860-011,fire_fate_1871,unknown,ANDREAS2_EDU,high,true,"Ordered October 1861 and completed in 1862 for about $2,800. Later fate not supplied."
CHI-B1860-012-A01,CHI-B1860-012,existence_and_identity,St. Joseph's Catholic Church,ANDREAS2_CATHOLIC,high,false,"Used for worship late in 1862 and dedicated March 19, 1865; source explicitly reports fire destruction."
CHI-B1860-012-A02,CHI-B1860-012,year_completed,1865,ANDREAS2_CATHOLIC,high,false,"Used for worship late in 1862 and dedicated March 19, 1865; source explicitly reports fire destruction."
CHI-B1860-012-A03,CHI-B1860-012,historical_address,Northeast corner Chicago Avenue and Cass Street,ANDREAS2_CATHOLIC,high,false,"Used for worship late in 1862 and dedicated March 19, 1865; source explicitly reports fire destruction."
CHI-B1860-012-A04,CHI-B1860-012,year_demolished,1871,ANDREAS2_CATHOLIC,high,false,"Used for worship late in 1862 and dedicated March 19, 1865; source explicitly reports fire destruction."
CHI-B1860-012-A05,CHI-B1860-012,fire_fate_1871,destroyed,ANDREAS2_CATHOLIC,high,false,"Used for worship late in 1862 and dedicated March 19, 1865; source explicitly reports fire destruction."
CHI-B1860-013-A01,CHI-B1860-013,existence_and_identity,Indiana Avenue Baptist Church,ANDREAS2_PROTESTANT,high,true,"Dedicated April 12, 1863; cost nearly $8,000. Exact parcel and later fate require follow-up."
CHI-B1860-013-A02,CHI-B1860-013,year_completed,1863,ANDREAS2_PROTESTANT,high,true,"Dedicated April 12, 1863; cost nearly $8,000. Exact parcel and later fate require follow-up."
CHI-B1860-013-A03,CHI-B1860-013,historical_address,Indiana Avenue near Ridgely Place,ANDREAS2_PROTESTANT,high,true,"Dedicated April 12, 1863; cost nearly $8,000. Exact parcel and later fate require follow-up."
CHI-B1860-013-A04,CHI-B1860-013,fire_fate_1871,unknown,ANDREAS2_PROTESTANT,high,true,"Dedicated April 12, 1863; cost nearly $8,000. Exact parcel and later fate require follow-up."
CHI-B1860-014-A01,CHI-B1860-014,existence_and_identity,First Unitarian Church,ANDREAS2_PROTESTANT,high,true,"Services began November 22, 1863; Andreas explicitly says the building survived on the edge of the burn district after nearby buildings were blown up."
CHI-B1860-014-A02,CHI-B1860-014,year_completed,1863,ANDREAS2_PROTESTANT,high,true,"Services began November 22, 1863; Andreas explicitly says the building survived on the edge of the burn district after nearby buildings were blown up."
CHI-B1860-014-A03,CHI-B1860-014,historical_address,Wabash Avenue north of Hubbard Court,ANDREAS2_PROTESTANT,high,true,"Services began November 22, 1863; Andreas explicitly says the building survived on the edge of the burn district after nearby buildings were blown up."
CHI-B1860-014-A04,CHI-B1860-014,fire_fate_1871,survived,ANDREAS2_PROTESTANT,high,true,"Services began November 22, 1863; Andreas explicitly says the building survived on the edge of the burn district after nearby buildings were blown up."
CHI-B1860-015-A01,CHI-B1860-015,existence_and_identity,Noble-Seymour-Crippen House 1863 addition,CITY_NOBLE,high,true,Official landmark record dates the major addition to 1863. Modeled separately from the 1833 core because it is a material construction event.
CHI-B1860-015-A02,CHI-B1860-015,year_completed,1863,CITY_NOBLE,high,true,Official landmark record dates the major addition to 1863. Modeled separately from the 1833 core because it is a material construction event.
CHI-B1860-015-A03,CHI-B1860-015,historical_address,Norwood Park,CITY_NOBLE,high,true,Official landmark record dates the major addition to 1863. Modeled separately from the 1833 core because it is a material construction event.
CHI-B1860-015-A04,CHI-B1860-015,architect_or_builder,Unknown,CITY_NOBLE,high,true,Official landmark record dates the major addition to 1863. Modeled separately from the 1833 core because it is a material construction event.
CHI-B1860-015-A05,CHI-B1860-015,fire_fate_1871,survived,CITY_NOBLE,high,true,Official landmark record dates the major addition to 1863. Modeled separately from the 1833 core because it is a material construction event.
CHI-B1860-016-A01,CHI-B1860-016,existence_and_identity,Rosehill Cemetery Entrance,CITY_ROSEHILL,high,false,"Official city record confirms date, architect, address, and survival; outside the 1871 burn district."
CHI-B1860-016-A02,CHI-B1860-016,year_completed,1864,CITY_ROSEHILL,high,false,"Official city record confirms date, architect, address, and survival; outside the 1871 burn district."
CHI-B1860-016-A03,CHI-B1860-016,historical_address,Rosehill Cemetery entrance,CITY_ROSEHILL,high,false,"Official city record confirms date, architect, address, and survival; outside the 1871 burn district."
CHI-B1860-016-A04,CHI-B1860-016,architect_or_builder,William W. Boyington,CITY_ROSEHILL,high,false,"Official city record confirms date, architect, address, and survival; outside the 1871 burn district."
CHI-B1860-016-A05,CHI-B1860-016,fire_fate_1871,survived,CITY_ROSEHILL,high,false,"Official city record confirms date, architect, address, and survival; outside the 1871 burn district."
CHI-B1860-017-A01,CHI-B1860-017,existence_and_identity,Soldiers' Rest,ANDREAS2_CIVILWAR,high,true,"Opened January 22, 1864; contained dining room, three bunk rooms, and kitchen. Approximate removal after war needs confirmation."
CHI-B1860-017-A02,CHI-B1860-017,year_completed,1864,ANDREAS2_CIVILWAR,high,true,"Opened January 22, 1864; contained dining room, three bunk rooms, and kitchen. Approximate removal after war needs confirmation."
CHI-B1860-017-A03,CHI-B1860-017,historical_address,Lake shore near Dearborn Park,ANDREAS2_CIVILWAR,high,true,"Opened January 22, 1864; contained dining room, three bunk rooms, and kitchen. Approximate removal after war needs confirmation."
CHI-B1860-017-A04,CHI-B1860-017,architect_or_builder,Post quartermaster,ANDREAS2_CIVILWAR,high,true,"Opened January 22, 1864; contained dining room, three bunk rooms, and kitchen. Approximate removal after war needs confirmation."
CHI-B1860-017-A05,CHI-B1860-017,year_demolished,1865,ANDREAS2_CIVILWAR,high,true,"Opened January 22, 1864; contained dining room, three bunk rooms, and kitchen. Approximate removal after war needs confirmation."
CHI-B1860-017-A06,CHI-B1860-017,fire_fate_1871,not exposed,ANDREAS2_CIVILWAR,high,true,"Opened January 22, 1864; contained dining room, three bunk rooms, and kitchen. Approximate removal after war needs confirmation."
CHI-B1860-018-A01,CHI-B1860-018,existence_and_identity,Chicago Soldiers' Home,ANDREAS2_CIVILWAR;CITY_SOLDIERS,high,false,"First plain brick wing opened May 13, 1864; main 65-by-65-foot building erected 1865-66 and opened May 10, 1866. Later additions surround original fabric."
CHI-B1860-018-A02,CHI-B1860-018,year_completed,1866,ANDREAS2_CIVILWAR;CITY_SOLDIERS,high,false,"First plain brick wing opened May 13, 1864; main 65-by-65-foot building erected 1865-66 and opened May 10, 1866. Later additions surround original fabric."
CHI-B1860-018-A03,CHI-B1860-018,historical_address,Douglas Place at Thirty-fifth Street and Lake Avenue,ANDREAS2_CIVILWAR;CITY_SOLDIERS,high,false,"First plain brick wing opened May 13, 1864; main 65-by-65-foot building erected 1865-66 and opened May 10, 1866. Later additions surround original fabric."
CHI-B1860-018-A04,CHI-B1860-018,architect_or_builder,William W. Boyington,ANDREAS2_CIVILWAR;CITY_SOLDIERS,high,false,"First plain brick wing opened May 13, 1864; main 65-by-65-foot building erected 1865-66 and opened May 10, 1866. Later additions surround original fabric."
CHI-B1860-018-A05,CHI-B1860-018,fire_fate_1871,survived,ANDREAS2_CIVILWAR;CITY_SOLDIERS,high,false,"First plain brick wing opened May 13, 1864; main 65-by-65-foot building erected 1865-66 and opened May 10, 1866. Later additions surround original fabric."
CHI-B1860-019-A01,CHI-B1860-019,existence_and_identity,Holy Family boys' school,ANDREAS2_CATHOLIC,high,true,"Built in 1864. Exact address, architect, and final disposition need parish-archive research."
CHI-B1860-019-A02,CHI-B1860-019,year_completed,1864,ANDREAS2_CATHOLIC,high,true,"Built in 1864. Exact address, architect, and final disposition need parish-archive research."
CHI-B1860-019-A03,CHI-B1860-019,historical_address,A few blocks east of Holy Family Church,ANDREAS2_CATHOLIC,high,true,"Built in 1864. Exact address, architect, and final disposition need parish-archive research."
CHI-B1860-019-A04,CHI-B1860-019,fire_fate_1871,unknown,ANDREAS2_CATHOLIC,high,true,"Built in 1864. Exact address, architect, and final disposition need parish-archive research."
CHI-B1860-020-A01,CHI-B1860-020,existence_and_identity,Grace Methodist Episcopal Church complex,ANDREAS2_PROTESTANT,high,false,"Chapel dedicated July 3, 1864; main foundations laid 1866, superstructure 1867, completion/dedication 1868; destroyed October 9, 1871."
CHI-B1860-020-A02,CHI-B1860-020,year_completed,1868,ANDREAS2_PROTESTANT,high,false,"Chapel dedicated July 3, 1864; main foundations laid 1866, superstructure 1867, completion/dedication 1868; destroyed October 9, 1871."
CHI-B1860-020-A03,CHI-B1860-020,historical_address,Northwest corner LaSalle Street and Chicago Avenue,ANDREAS2_PROTESTANT,high,false,"Chapel dedicated July 3, 1864; main foundations laid 1866, superstructure 1867, completion/dedication 1868; destroyed October 9, 1871."
CHI-B1860-020-A04,CHI-B1860-020,year_demolished,1871,ANDREAS2_PROTESTANT,high,false,"Chapel dedicated July 3, 1864; main foundations laid 1866, superstructure 1867, completion/dedication 1868; destroyed October 9, 1871."
CHI-B1860-020-A05,CHI-B1860-020,fire_fate_1871,destroyed,ANDREAS2_PROTESTANT,high,false,"Chapel dedicated July 3, 1864; main foundations laid 1866, superstructure 1867, completion/dedication 1868; destroyed October 9, 1871."
CHI-B1860-021-A01,CHI-B1860-021,existence_and_identity,Trinity Methodist Episcopal Church,ANDREAS2_PROTESTANT,high,true,"Dedicated April 10, 1864; property sold in 1870 for replacement construction. Thus the building survived the Great Fire but its later fate is unresolved."
CHI-B1860-021-A02,CHI-B1860-021,year_completed,1864,ANDREAS2_PROTESTANT,high,true,"Dedicated April 10, 1864; property sold in 1870 for replacement construction. Thus the building survived the Great Fire but its later fate is unresolved."
CHI-B1860-021-A03,CHI-B1860-021,historical_address,Indiana Avenue and Twenty-first Street,ANDREAS2_PROTESTANT,high,true,"Dedicated April 10, 1864; property sold in 1870 for replacement construction. Thus the building survived the Great Fire but its later fate is unresolved."
CHI-B1860-021-A04,CHI-B1860-021,fire_fate_1871,survived,ANDREAS2_PROTESTANT,high,true,"Dedicated April 10, 1864; property sold in 1870 for replacement construction. Thus the building survived the Great Fire but its later fate is unresolved."
CHI-B1860-022-A01,CHI-B1860-022,existence_and_identity,Chamber of Commerce Building,ANDREAS2_COMMERCE,high,false,"Cornerstone September 11, 1864; completed August 28, 1865; 93 by 180 feet; explicitly destroyed in 1871."
CHI-B1860-022-A02,CHI-B1860-022,year_completed,1865,ANDREAS2_COMMERCE,high,false,"Cornerstone September 11, 1864; completed August 28, 1865; 93 by 180 feet; explicitly destroyed in 1871."
CHI-B1860-022-A03,CHI-B1860-022,historical_address,Southeast corner Washington and LaSalle Streets,ANDREAS2_COMMERCE,high,false,"Cornerstone September 11, 1864; completed August 28, 1865; 93 by 180 feet; explicitly destroyed in 1871."
CHI-B1860-022-A04,CHI-B1860-022,year_demolished,1871,ANDREAS2_COMMERCE,high,false,"Cornerstone September 11, 1864; completed August 28, 1865; 93 by 180 feet; explicitly destroyed in 1871."
CHI-B1860-022-A05,CHI-B1860-022,fire_fate_1871,destroyed,ANDREAS2_COMMERCE,high,false,"Cornerstone September 11, 1864; completed August 28, 1865; 93 by 180 feet; explicitly destroyed in 1871."
CHI-B1860-023-A01,CHI-B1860-023,existence_and_identity,Union Stock Yard original complex,EOC_STOCKYARD;ANDREAS2_CIVILWAR,high,true,"Opened Christmas Day 1865. This grouped complex needs later decomposition into pens, exchange, hotel, rail structures, and utilities; original 1865 gate is not the surviving 1875 gate."
CHI-B1860-023-A02,CHI-B1860-023,year_completed,1865,EOC_STOCKYARD;ANDREAS2_CIVILWAR,high,true,"Opened Christmas Day 1865. This grouped complex needs later decomposition into pens, exchange, hotel, rail structures, and utilities; original 1865 gate is not the surviving 1875 gate."
CHI-B1860-023-A03,CHI-B1860-023,historical_address,"Exchange Avenue and Halsted Street, then outside city limits",EOC_STOCKYARD;ANDREAS2_CIVILWAR,high,true,"Opened Christmas Day 1865. This grouped complex needs later decomposition into pens, exchange, hotel, rail structures, and utilities; original 1865 gate is not the surviving 1875 gate."
CHI-B1860-023-A04,CHI-B1860-023,year_demolished,1971,EOC_STOCKYARD;ANDREAS2_CIVILWAR,high,true,"Opened Christmas Day 1865. This grouped complex needs later decomposition into pens, exchange, hotel, rail structures, and utilities; original 1865 gate is not the surviving 1875 gate."
CHI-B1860-023-A05,CHI-B1860-023,fire_fate_1871,survived,EOC_STOCKYARD;ANDREAS2_CIVILWAR,high,true,"Opened Christmas Day 1865. This grouped complex needs later decomposition into pens, exchange, hotel, rail structures, and utilities; original 1865 gate is not the surviving 1875 gate."
CHI-B1860-024-A01,CHI-B1860-024,existence_and_identity,Crosby's Opera House,ANDREAS2_DRAMA,high,false,"Completed spring 1865 for reported $600,000; first performance April 20 after Lincoln-assassination postponement; destroyed in 1871."
CHI-B1860-024-A02,CHI-B1860-024,year_completed,1865,ANDREAS2_DRAMA,high,false,"Completed spring 1865 for reported $600,000; first performance April 20 after Lincoln-assassination postponement; destroyed in 1871."
CHI-B1860-024-A03,CHI-B1860-024,historical_address,North side Washington Street between State and Dearborn Streets,ANDREAS2_DRAMA,high,false,"Completed spring 1865 for reported $600,000; first performance April 20 after Lincoln-assassination postponement; destroyed in 1871."
CHI-B1860-024-A04,CHI-B1860-024,architect_or_builder,William W. Boyington; assistant John W. Roberts; multiple named contractors,ANDREAS2_DRAMA,high,false,"Completed spring 1865 for reported $600,000; first performance April 20 after Lincoln-assassination postponement; destroyed in 1871."
CHI-B1860-024-A05,CHI-B1860-024,year_demolished,1871,ANDREAS2_DRAMA,high,false,"Completed spring 1865 for reported $600,000; first performance April 20 after Lincoln-assassination postponement; destroyed in 1871."
CHI-B1860-024-A06,CHI-B1860-024,fire_fate_1871,destroyed,ANDREAS2_DRAMA,high,false,"Completed spring 1865 for reported $600,000; first performance April 20 after Lincoln-assassination postponement; destroyed in 1871."
CHI-B1860-025-A01,CHI-B1860-025,existence_and_identity,Eighth Presbyterian Church,ANDREAS2_PROTESTANT,high,true,"First chapel dedicated February 9, 1865 and removed; replacement basement occupied December 1866 and main room June 1867. West-side location supports survival, but later fate needs confirmation."
CHI-B1860-025-A02,CHI-B1860-025,year_completed,1867,ANDREAS2_PROTESTANT,high,true,"First chapel dedicated February 9, 1865 and removed; replacement basement occupied December 1866 and main room June 1867. West-side location supports survival, but later fate needs confirmation."
CHI-B1860-025-A03,CHI-B1860-025,historical_address,Northwest corner Washington and Robey Streets,ANDREAS2_PROTESTANT,high,true,"First chapel dedicated February 9, 1865 and removed; replacement basement occupied December 1866 and main room June 1867. West-side location supports survival, but later fate needs confirmation."
CHI-B1860-025-A04,CHI-B1860-025,fire_fate_1871,survived,ANDREAS2_PROTESTANT,high,true,"First chapel dedicated February 9, 1865 and removed; replacement basement occupied December 1866 and main room June 1867. West-side location supports survival, but later fate needs confirmation."
CHI-B1860-026-A01,CHI-B1860-026,existence_and_identity,Park Avenue Methodist Episcopal Church,ANDREAS2_PROTESTANT,high,true,"Dedicated in 1865 for $10,000; used by the Relief Society immediately after the Great Fire, directly demonstrating survival."
CHI-B1860-026-A02,CHI-B1860-026,year_completed,1865,ANDREAS2_PROTESTANT,high,true,"Dedicated in 1865 for $10,000; used by the Relief Society immediately after the Great Fire, directly demonstrating survival."
CHI-B1860-026-A03,CHI-B1860-026,historical_address,Southeast corner Robey Street and Park Avenue,ANDREAS2_PROTESTANT,high,true,"Dedicated in 1865 for $10,000; used by the Relief Society immediately after the Great Fire, directly demonstrating survival."
CHI-B1860-026-A04,CHI-B1860-026,fire_fate_1871,survived,ANDREAS2_PROTESTANT,high,true,"Dedicated in 1865 for $10,000; used by the Relief Society immediately after the Great Fire, directly demonstrating survival."
CHI-B1860-027-A01,CHI-B1860-027,existence_and_identity,New England Congregational Church,ANDREAS2_PROTESTANT,high,true,"Cornerstone August 10, 1865; dedicated February 7, 1867; explicitly destroyed in the Great Fire."
CHI-B1860-027-A02,CHI-B1860-027,year_completed,1867,ANDREAS2_PROTESTANT,high,true,"Cornerstone August 10, 1865; dedicated February 7, 1867; explicitly destroyed in the Great Fire."
CHI-B1860-027-A03,CHI-B1860-027,historical_address,White and Dearborn Streets,ANDREAS2_PROTESTANT,high,true,"Cornerstone August 10, 1865; dedicated February 7, 1867; explicitly destroyed in the Great Fire."
CHI-B1860-027-A04,CHI-B1860-027,year_demolished,1871,ANDREAS2_PROTESTANT,high,true,"Cornerstone August 10, 1865; dedicated February 7, 1867; explicitly destroyed in the Great Fire."
CHI-B1860-027-A05,CHI-B1860-027,fire_fate_1871,destroyed,ANDREAS2_PROTESTANT,high,true,"Cornerstone August 10, 1865; dedicated February 7, 1867; explicitly destroyed in the Great Fire."
CHI-B1860-028-A01,CHI-B1860-028,existence_and_identity,Plymouth Congregational Church,ANDREAS2_PROTESTANT,high,true,"Lecture rooms dedicated April 15, 1866; main auditorium completed October 1 and dedicated October 13, 1867; cost $100,000 and seated 1,500. Fire fate not stated in cited passage."
CHI-B1860-028-A02,CHI-B1860-028,year_completed,1867,ANDREAS2_PROTESTANT,high,true,"Lecture rooms dedicated April 15, 1866; main auditorium completed October 1 and dedicated October 13, 1867; cost $100,000 and seated 1,500. Fire fate not stated in cited passage."
CHI-B1860-028-A03,CHI-B1860-028,historical_address,Wabash Avenue and Eldridge Court,ANDREAS2_PROTESTANT,high,true,"Lecture rooms dedicated April 15, 1866; main auditorium completed October 1 and dedicated October 13, 1867; cost $100,000 and seated 1,500. Fire fate not stated in cited passage."
CHI-B1860-028-A04,CHI-B1860-028,fire_fate_1871,unknown,ANDREAS2_PROTESTANT,high,true,"Lecture rooms dedicated April 15, 1866; main auditorium completed October 1 and dedicated October 13, 1867; cost $100,000 and seated 1,500. Fire fate not stated in cited passage."
CHI-B1860-029-A01,CHI-B1860-029,existence_and_identity,Illinois River Elevator,ANDREAS2_GRAIN,high,true,"Built and opened in 1865; ownership changed in 1867-68. Address, capacity, and fire fate require directory/insurance-map research."
CHI-B1860-029-A02,CHI-B1860-029,year_completed,1865,ANDREAS2_GRAIN,high,true,"Built and opened in 1865; ownership changed in 1867-68. Address, capacity, and fire fate require directory/insurance-map research."
CHI-B1860-029-A03,CHI-B1860-029,historical_address,Exact site not stated in cited passage,ANDREAS2_GRAIN,high,true,"Built and opened in 1865; ownership changed in 1867-68. Address, capacity, and fire fate require directory/insurance-map research."
CHI-B1860-029-A04,CHI-B1860-029,fire_fate_1871,unknown,ANDREAS2_GRAIN,high,true,"Built and opened in 1865; ownership changed in 1867-68. Address, capacity, and fire fate require directory/insurance-map research."
CHI-B1860-030-A01,CHI-B1860-030,existence_and_identity,Barnes House,ANDREAS2_HOTELS,high,false,"Built in 1866 and described by Andreas as operating in the mid-1880s, directly proving 1871 survival."
CHI-B1860-030-A02,CHI-B1860-030,year_completed,1866,ANDREAS2_HOTELS,high,false,"Built in 1866 and described by Andreas as operating in the mid-1880s, directly proving 1871 survival."
CHI-B1860-030-A03,CHI-B1860-030,historical_address,Corner Randolph and Canal Streets,ANDREAS2_HOTELS,high,false,"Built in 1866 and described by Andreas as operating in the mid-1880s, directly proving 1871 survival."
CHI-B1860-030-A04,CHI-B1860-030,fire_fate_1871,survived,ANDREAS2_HOTELS,high,false,"Built in 1866 and described by Andreas as operating in the mid-1880s, directly proving 1871 survival."
CHI-B1860-031-A01,CHI-B1860-031,existence_and_identity,Wells School,ANDREAS2_EDU,high,true,"Dedicated September 14, 1866; cost $37,000. Continued institutional history supports survival, but final demolition date is unresolved."
CHI-B1860-031-A02,CHI-B1860-031,year_completed,1866,ANDREAS2_EDU,high,true,"Dedicated September 14, 1866; cost $37,000. Continued institutional history supports survival, but final demolition date is unresolved."
CHI-B1860-031-A03,CHI-B1860-031,historical_address,Reuben Street at Cornelia Street,ANDREAS2_EDU,high,true,"Dedicated September 14, 1866; cost $37,000. Continued institutional history supports survival, but final demolition date is unresolved."
CHI-B1860-031-A04,CHI-B1860-031,fire_fate_1871,survived,ANDREAS2_EDU,high,true,"Dedicated September 14, 1866; cost $37,000. Continued institutional history supports survival, but final demolition date is unresolved."
CHI-B1860-032-A01,CHI-B1860-032,existence_and_identity,Cottage Grove School,ANDREAS2_EDU,high,true,"Erected fall 1866 and first occupied January 2, 1867; principal remained until 1877, supporting survival of the fire."
CHI-B1860-032-A02,CHI-B1860-032,year_completed,1866,ANDREAS2_EDU,high,true,"Erected fall 1866 and first occupied January 2, 1867; principal remained until 1877, supporting survival of the fire."
CHI-B1860-032-A03,CHI-B1860-032,historical_address,Douglas Avenue near Cottage Grove Avenue,ANDREAS2_EDU,high,true,"Erected fall 1866 and first occupied January 2, 1867; principal remained until 1877, supporting survival of the fire."
CHI-B1860-032-A04,CHI-B1860-032,fire_fate_1871,survived,ANDREAS2_EDU,high,true,"Erected fall 1866 and first occupied January 2, 1867; principal remained until 1877, supporting survival of the fire."
CHI-B1860-033-A01,CHI-B1860-033,existence_and_identity,Two-mile lake tunnel and intake crib,ANDREAS2_INFRA,high,true,"Tunnel inaugurated March 25, 1867 and connected to pumps July 20. Grouped linear/offshore infrastructure record should later split tunnel, crib, shafts, and connections."
CHI-B1860-033-A02,CHI-B1860-033,year_completed,1867,ANDREAS2_INFRA,high,true,"Tunnel inaugurated March 25, 1867 and connected to pumps July 20. Grouped linear/offshore infrastructure record should later split tunnel, crib, shafts, and connections."
CHI-B1860-033-A03,CHI-B1860-033,historical_address,From Chicago Avenue waterworks two miles into Lake Michigan,ANDREAS2_INFRA,high,true,"Tunnel inaugurated March 25, 1867 and connected to pumps July 20. Grouped linear/offshore infrastructure record should later split tunnel, crib, shafts, and connections."
CHI-B1860-033-A04,CHI-B1860-033,architect_or_builder,Ellis S. Chesbrough; contractors Dull & Gowan,ANDREAS2_INFRA,high,true,"Tunnel inaugurated March 25, 1867 and connected to pumps July 20. Grouped linear/offshore infrastructure record should later split tunnel, crib, shafts, and connections."
CHI-B1860-033-A05,CHI-B1860-033,fire_fate_1871,survived,ANDREAS2_INFRA,high,true,"Tunnel inaugurated March 25, 1867 and connected to pumps July 20. Grouped linear/offshore infrastructure record should later split tunnel, crib, shafts, and connections."
CHI-B1860-034-A01,CHI-B1860-034,existence_and_identity,First Farwell Hall,ANDREAS2_SOCIAL,high,false,"Dedicated September 29, 1867; 2,500-seat hall; destroyed after just over three months."
CHI-B1860-034-A02,CHI-B1860-034,year_completed,1867,ANDREAS2_SOCIAL,high,false,"Dedicated September 29, 1867; 2,500-seat hall; destroyed after just over three months."
CHI-B1860-034-A03,CHI-B1860-034,historical_address,Madison Street between Clark and LaSalle Streets,ANDREAS2_SOCIAL,high,false,"Dedicated September 29, 1867; 2,500-seat hall; destroyed after just over three months."
CHI-B1860-034-A04,CHI-B1860-034,year_demolished,1868,ANDREAS2_SOCIAL,high,false,"Dedicated September 29, 1867; 2,500-seat hall; destroyed after just over three months."
CHI-B1860-034-A05,CHI-B1860-034,fire_fate_1871,not exposed,ANDREAS2_SOCIAL,high,false,"Dedicated September 29, 1867; 2,500-seat hall; destroyed after just over three months."
CHI-B1860-035-A01,CHI-B1860-035,existence_and_identity,Dore School,ANDREAS2_EDU,high,true,"Completed December 1867 and dedicated January 4, 1868. West-side location and postfire operation support survival."
CHI-B1860-035-A02,CHI-B1860-035,year_completed,1867,ANDREAS2_EDU,high,true,"Completed December 1867 and dedicated January 4, 1868. West-side location and postfire operation support survival."
CHI-B1860-035-A03,CHI-B1860-035,historical_address,Harrison Street near Halsted Street,ANDREAS2_EDU,high,true,"Completed December 1867 and dedicated January 4, 1868. West-side location and postfire operation support survival."
CHI-B1860-035-A04,CHI-B1860-035,fire_fate_1871,survived,ANDREAS2_EDU,high,true,"Completed December 1867 and dedicated January 4, 1868. West-side location and postfire operation support survival."
CHI-B1860-036-A01,CHI-B1860-036,existence_and_identity,Walsh Street Primary School,ANDREAS2_EDU,high,true,"Opened May 6, 1867; same plan as Cottage Grove. Source follows the school beyond 1871, supporting survival."
CHI-B1860-036-A02,CHI-B1860-036,year_completed,1867,ANDREAS2_EDU,high,true,"Opened May 6, 1867; same plan as Cottage Grove. Source follows the school beyond 1871, supporting survival."
CHI-B1860-036-A03,CHI-B1860-036,historical_address,Twentieth Street and Johnson Street,ANDREAS2_EDU,high,true,"Opened May 6, 1867; same plan as Cottage Grove. Source follows the school beyond 1871, supporting survival."
CHI-B1860-036-A04,CHI-B1860-036,fire_fate_1871,survived,ANDREAS2_EDU,high,true,"Opened May 6, 1867; same plan as Cottage Grove. Source follows the school beyond 1871, supporting survival."
CHI-B1860-037-A01,CHI-B1860-037,existence_and_identity,Pearson Street Primary School,ANDREAS2_EDU,high,true,"Opened January 2, 1867; explicitly destroyed in the Great Fire with property valued above $16,000."
CHI-B1860-037-A02,CHI-B1860-037,year_completed,1867,ANDREAS2_EDU,high,true,"Opened January 2, 1867; explicitly destroyed in the Great Fire with property valued above $16,000."
CHI-B1860-037-A03,CHI-B1860-037,historical_address,Pearson and Market Streets,ANDREAS2_EDU,high,true,"Opened January 2, 1867; explicitly destroyed in the Great Fire with property valued above $16,000."
CHI-B1860-037-A04,CHI-B1860-037,year_demolished,1871,ANDREAS2_EDU,high,true,"Opened January 2, 1867; explicitly destroyed in the Great Fire with property valued above $16,000."
CHI-B1860-037-A05,CHI-B1860-037,fire_fate_1871,destroyed,ANDREAS2_EDU,high,true,"Opened January 2, 1867; explicitly destroyed in the Great Fire with property valued above $16,000."
CHI-B1860-038-A01,CHI-B1860-038,existence_and_identity,National Elevator,ANDREAS2_GRAIN,high,true,"Built in 1867 with 250,000-bushel capacity and burned October 9, 1871; rebuilt 1871-72 as a distinct successor."
CHI-B1860-038-A02,CHI-B1860-038,year_completed,1867,ANDREAS2_GRAIN,high,true,"Built in 1867 with 250,000-bushel capacity and burned October 9, 1871; rebuilt 1871-72 as a distinct successor."
CHI-B1860-038-A03,CHI-B1860-038,historical_address,Exact site not stated in cited passage,ANDREAS2_GRAIN,high,true,"Built in 1867 with 250,000-bushel capacity and burned October 9, 1871; rebuilt 1871-72 as a distinct successor."
CHI-B1860-038-A04,CHI-B1860-038,year_demolished,1871,ANDREAS2_GRAIN,high,true,"Built in 1867 with 250,000-bushel capacity and burned October 9, 1871; rebuilt 1871-72 as a distinct successor."
CHI-B1860-038-A05,CHI-B1860-038,fire_fate_1871,destroyed,ANDREAS2_GRAIN,high,true,"Built in 1867 with 250,000-bushel capacity and burned October 9, 1871; rebuilt 1871-72 as a distinct successor."
CHI-B1860-039-A01,CHI-B1860-039,existence_and_identity,Jews' Hospital,ANDREAS2_HOSPITALS,high,false,"Cornerstone September 2, 1867; completed 1868 for about $30,000; destroyed around 11 a.m. October 9, 1871."
CHI-B1860-039-A02,CHI-B1860-039,year_completed,1868,ANDREAS2_HOSPITALS,high,false,"Cornerstone September 2, 1867; completed 1868 for about $30,000; destroyed around 11 a.m. October 9, 1871."
CHI-B1860-039-A03,CHI-B1860-039,historical_address,537 North LaSalle Street between Schiller and Goethe Streets,ANDREAS2_HOSPITALS,high,false,"Cornerstone September 2, 1867; completed 1868 for about $30,000; destroyed around 11 a.m. October 9, 1871."
CHI-B1860-039-A04,CHI-B1860-039,year_demolished,1871,ANDREAS2_HOSPITALS,high,false,"Cornerstone September 2, 1867; completed 1868 for about $30,000; destroyed around 11 a.m. October 9, 1871."
CHI-B1860-039-A05,CHI-B1860-039,fire_fate_1871,destroyed,ANDREAS2_HOSPITALS,high,false,"Cornerstone September 2, 1867; completed 1868 for about $30,000; destroyed around 11 a.m. October 9, 1871."
CHI-B1860-040-A01,CHI-B1860-040,existence_and_identity,Chicago Avenue waterworks machine shop,ANDREAS2_INFRA,high,false,Construction began fall 1867 and completed February 1868; almost total loss in fire and rebuilt on old foundation.
CHI-B1860-040-A02,CHI-B1860-040,year_completed,1868,ANDREAS2_INFRA,high,false,Construction began fall 1867 and completed February 1868; almost total loss in fire and rebuilt on old foundation.
CHI-B1860-040-A03,CHI-B1860-040,historical_address,"Waterworks grounds bounded by Chicago Avenue, Pine, Pearson, and lake",ANDREAS2_INFRA,high,false,Construction began fall 1867 and completed February 1868; almost total loss in fire and rebuilt on old foundation.
CHI-B1860-040-A04,CHI-B1860-040,year_demolished,1871,ANDREAS2_INFRA,high,false,Construction began fall 1867 and completed February 1868; almost total loss in fire and rebuilt on old foundation.
CHI-B1860-040-A05,CHI-B1860-040,fire_fate_1871,destroyed,ANDREAS2_INFRA,high,false,Construction began fall 1867 and completed February 1868; almost total loss in fire and rebuilt on old foundation.
CHI-B1860-041-A01,CHI-B1860-041,existence_and_identity,Elm Street Primary School,ANDREAS2_EDU,high,false,"Opened September 5, 1868; cost nearly $20,000; explicitly destroyed in 1871."
CHI-B1860-041-A02,CHI-B1860-041,year_completed,1868,ANDREAS2_EDU,high,false,"Opened September 5, 1868; cost nearly $20,000; explicitly destroyed in 1871."
CHI-B1860-041-A03,CHI-B1860-041,historical_address,Rush and Elm Streets,ANDREAS2_EDU,high,false,"Opened September 5, 1868; cost nearly $20,000; explicitly destroyed in 1871."
CHI-B1860-041-A04,CHI-B1860-041,year_demolished,1871,ANDREAS2_EDU,high,false,"Opened September 5, 1868; cost nearly $20,000; explicitly destroyed in 1871."
CHI-B1860-041-A05,CHI-B1860-041,fire_fate_1871,destroyed,ANDREAS2_EDU,high,false,"Opened September 5, 1868; cost nearly $20,000; explicitly destroyed in 1871."
CHI-B1860-042-A01,CHI-B1860-042,existence_and_identity,Holden School,ANDREAS2_EDU,high,true,"Dedicated May 2, 1868; cost over $70,000. Location south of fire and continued principalship support survival."
CHI-B1860-042-A02,CHI-B1860-042,year_completed,1868,ANDREAS2_EDU,high,true,"Dedicated May 2, 1868; cost over $70,000. Location south of fire and continued principalship support survival."
CHI-B1860-042-A03,CHI-B1860-042,historical_address,Deering Street and Thirty-first Street,ANDREAS2_EDU,high,true,"Dedicated May 2, 1868; cost over $70,000. Location south of fire and continued principalship support survival."
CHI-B1860-042-A04,CHI-B1860-042,fire_fate_1871,survived,ANDREAS2_EDU,high,true,"Dedicated May 2, 1868; cost over $70,000. Location south of fire and continued principalship support survival."
CHI-B1860-043-A01,CHI-B1860-043,existence_and_identity,Hayes School,ANDREAS2_EDU,high,true,"Built for over $70,000 and dedicated September 25, 1868; west-side location and continued operation support survival."
CHI-B1860-043-A02,CHI-B1860-043,year_completed,1868,ANDREAS2_EDU,high,true,"Built for over $70,000 and dedicated September 25, 1868; west-side location and continued operation support survival."
CHI-B1860-043-A03,CHI-B1860-043,historical_address,Leavitt Street between Walnut and Fulton Streets,ANDREAS2_EDU,high,true,"Built for over $70,000 and dedicated September 25, 1868; west-side location and continued operation support survival."
CHI-B1860-043-A04,CHI-B1860-043,fire_fate_1871,survived,ANDREAS2_EDU,high,true,"Built for over $70,000 and dedicated September 25, 1868; west-side location and continued operation support survival."
CHI-B1860-044-A01,CHI-B1860-044,existence_and_identity,Carpenter School,ANDREAS2_EDU,high,true,"Built in 1868 for over $75,000. Postfire continuation supports survival; final fate unresolved."
CHI-B1860-044-A02,CHI-B1860-044,year_completed,1868,ANDREAS2_EDU,high,true,"Built in 1868 for over $75,000. Postfire continuation supports survival; final fate unresolved."
CHI-B1860-044-A03,CHI-B1860-044,historical_address,Centre Avenue and Second Street,ANDREAS2_EDU,high,true,"Built in 1868 for over $75,000. Postfire continuation supports survival; final fate unresolved."
CHI-B1860-044-A04,CHI-B1860-044,fire_fate_1871,survived,ANDREAS2_EDU,high,true,"Built in 1868 for over $75,000. Postfire continuation supports survival; final fate unresolved."
CHI-B1860-045-A01,CHI-B1860-045,existence_and_identity,Wentworth Avenue Primary School,ANDREAS2_EDU,high,true,"Opened September 5, 1868; cost nearly $20,000. Exact parcel and final disposition need review."
CHI-B1860-045-A02,CHI-B1860-045,year_completed,1868,ANDREAS2_EDU,high,true,"Opened September 5, 1868; cost nearly $20,000. Exact parcel and final disposition need review."
CHI-B1860-045-A03,CHI-B1860-045,historical_address,"Wentworth Avenue, exact cross street not stated",ANDREAS2_EDU,high,true,"Opened September 5, 1868; cost nearly $20,000. Exact parcel and final disposition need review."
CHI-B1860-045-A04,CHI-B1860-045,fire_fate_1871,survived,ANDREAS2_EDU,high,true,"Opened September 5, 1868; cost nearly $20,000. Exact parcel and final disposition need review."
CHI-B1860-046-A01,CHI-B1860-046,existence_and_identity,Chicago Water Tower,ANDREAS2_INFRA;CITY_WATERTOWER,high,false,"Cornerstone March 25, 1867; completed early 1869. Official landmark record confirms survival within the burn district."
CHI-B1860-046-A02,CHI-B1860-046,year_completed,1869,ANDREAS2_INFRA;CITY_WATERTOWER,high,false,"Cornerstone March 25, 1867; completed early 1869. Official landmark record confirms survival within the burn district."
CHI-B1860-046-A03,CHI-B1860-046,historical_address,Pine Street waterworks grounds,ANDREAS2_INFRA;CITY_WATERTOWER,high,false,"Cornerstone March 25, 1867; completed early 1869. Official landmark record confirms survival within the burn district."
CHI-B1860-046-A04,CHI-B1860-046,architect_or_builder,William W. Boyington,ANDREAS2_INFRA;CITY_WATERTOWER,high,false,"Cornerstone March 25, 1867; completed early 1869. Official landmark record confirms survival within the burn district."
CHI-B1860-046-A05,CHI-B1860-046,fire_fate_1871,survived,ANDREAS2_INFRA;CITY_WATERTOWER,high,false,"Cornerstone March 25, 1867; completed early 1869. Official landmark record confirms survival within the burn district."
CHI-B1860-047-A01,CHI-B1860-047,existence_and_identity,Chicago Avenue Pumping Station,ANDREAS2_INFRA;CITY_WATERTOWER,high,false,"Pump foundations begun 1866; building completed early 1869. Fire damaged roof/works and disabled machinery, but masonry building survived and was repaired."
CHI-B1860-047-A02,CHI-B1860-047,year_completed,1869,ANDREAS2_INFRA;CITY_WATERTOWER,high,false,"Pump foundations begun 1866; building completed early 1869. Fire damaged roof/works and disabled machinery, but masonry building survived and was repaired."
CHI-B1860-047-A03,CHI-B1860-047,historical_address,"Chicago Avenue, Pine Street, Pearson Street, and lake",ANDREAS2_INFRA;CITY_WATERTOWER,high,false,"Pump foundations begun 1866; building completed early 1869. Fire damaged roof/works and disabled machinery, but masonry building survived and was repaired."
CHI-B1860-047-A04,CHI-B1860-047,architect_or_builder,William W. Boyington; engineering by Ellis S. Chesbrough and DeWitt C. Cregier,ANDREAS2_INFRA;CITY_WATERTOWER,high,false,"Pump foundations begun 1866; building completed early 1869. Fire damaged roof/works and disabled machinery, but masonry building survived and was repaired."
CHI-B1860-047-A05,CHI-B1860-047,fire_fate_1871,survived,ANDREAS2_INFRA;CITY_WATERTOWER,high,false,"Pump foundations begun 1866; building completed early 1869. Fire damaged roof/works and disabled machinery, but masonry building survived and was repaired."
CHI-B1860-048-A01,CHI-B1860-048,existence_and_identity,New Franklin School,ANDREAS2_EDU,high,false,"Occupied January 4 and dedicated January 8, 1869; explicitly destroyed with its branch in the Great Fire."
CHI-B1860-048-A02,CHI-B1860-048,year_completed,1869,ANDREAS2_EDU,high,false,"Occupied January 4 and dedicated January 8, 1869; explicitly destroyed with its branch in the Great Fire."
CHI-B1860-048-A03,CHI-B1860-048,historical_address,Division and Sedgwick Streets,ANDREAS2_EDU,high,false,"Occupied January 4 and dedicated January 8, 1869; explicitly destroyed with its branch in the Great Fire."
CHI-B1860-048-A04,CHI-B1860-048,year_demolished,1871,ANDREAS2_EDU,high,false,"Occupied January 4 and dedicated January 8, 1869; explicitly destroyed with its branch in the Great Fire."
CHI-B1860-048-A05,CHI-B1860-048,fire_fate_1871,destroyed,ANDREAS2_EDU,high,false,"Occupied January 4 and dedicated January 8, 1869; explicitly destroyed with its branch in the Great Fire."
CHI-B1860-049-A01,CHI-B1860-049,existence_and_identity,Second Farwell Hall,ANDREAS2_SOCIAL,high,false,"Dedicated January 19, 1869 and swept away in the Great Fire."
CHI-B1860-049-A02,CHI-B1860-049,year_completed,1869,ANDREAS2_SOCIAL,high,false,"Dedicated January 19, 1869 and swept away in the Great Fire."
CHI-B1860-049-A03,CHI-B1860-049,historical_address,Madison Street between Clark and LaSalle Streets,ANDREAS2_SOCIAL,high,false,"Dedicated January 19, 1869 and swept away in the Great Fire."
CHI-B1860-049-A04,CHI-B1860-049,year_demolished,1871,ANDREAS2_SOCIAL,high,false,"Dedicated January 19, 1869 and swept away in the Great Fire."
CHI-B1860-049-A05,CHI-B1860-049,fire_fate_1871,destroyed,ANDREAS2_SOCIAL,high,false,"Dedicated January 19, 1869 and swept away in the Great Fire."
CHI-B1860-050-A01,CHI-B1860-050,existence_and_identity,Abraham Groesbeck House,CITY_GROESBECK,high,false,"Official landmark record confirms date, architect, use, address, and survival."
CHI-B1860-050-A02,CHI-B1860-050,year_completed,1869,CITY_GROESBECK,high,false,"Official landmark record confirms date, architect, use, address, and survival."
CHI-B1860-050-A03,CHI-B1860-050,historical_address,Washington Boulevard,CITY_GROESBECK,high,false,"Official landmark record confirms date, architect, use, address, and survival."
CHI-B1860-050-A04,CHI-B1860-050,architect_or_builder,Otis L. Wheelock,CITY_GROESBECK,high,false,"Official landmark record confirms date, architect, use, address, and survival."
CHI-B1860-050-A05,CHI-B1860-050,fire_fate_1871,survived,CITY_GROESBECK,high,false,"Official landmark record confirms date, architect, use, address, and survival."
CHI-B1860-051-A01,CHI-B1860-051,existence_and_identity,Chicago Tribune Building of 1869,ANDREAS2_ARCH,high,true,"Erected for $225,000 and considered fireproof; destroyed in the fire, illustrating failure of ante-fire fireproofing assumptions."
CHI-B1860-051-A02,CHI-B1860-051,year_completed,1869,ANDREAS2_ARCH,high,true,"Erected for $225,000 and considered fireproof; destroyed in the fire, illustrating failure of ante-fire fireproofing assumptions."
CHI-B1860-051-A03,CHI-B1860-051,historical_address,Dearborn Street business district,ANDREAS2_ARCH,high,true,"Erected for $225,000 and considered fireproof; destroyed in the fire, illustrating failure of ante-fire fireproofing assumptions."
CHI-B1860-051-A04,CHI-B1860-051,architect_or_builder,Edward Burling association,ANDREAS2_ARCH,high,true,"Erected for $225,000 and considered fireproof; destroyed in the fire, illustrating failure of ante-fire fireproofing assumptions."
CHI-B1860-051-A05,CHI-B1860-051,year_demolished,1871,ANDREAS2_ARCH,high,true,"Erected for $225,000 and considered fireproof; destroyed in the fire, illustrating failure of ante-fire fireproofing assumptions."
CHI-B1860-051-A06,CHI-B1860-051,fire_fate_1871,destroyed,ANDREAS2_ARCH,high,true,"Erected for $225,000 and considered fireproof; destroyed in the fire, illustrating failure of ante-fire fireproofing assumptions."
CHI-B1860-052-A01,CHI-B1860-052,existence_and_identity,Carpenter Chapel,CITY_FIRSTBAPTIST,high,false,Official city record identifies the adjacent chapel as an 1869 Wheelock design; survives within First Baptist Congregational complex.
CHI-B1860-052-A02,CHI-B1860-052,year_completed,1869,CITY_FIRSTBAPTIST,high,false,Official city record identifies the adjacent chapel as an 1869 Wheelock design; survives within First Baptist Congregational complex.
CHI-B1860-052-A03,CHI-B1860-052,historical_address,Union Park at Ashland Avenue,CITY_FIRSTBAPTIST,high,false,Official city record identifies the adjacent chapel as an 1869 Wheelock design; survives within First Baptist Congregational complex.
CHI-B1860-052-A04,CHI-B1860-052,architect_or_builder,Otis L. Wheelock,CITY_FIRSTBAPTIST,high,false,Official city record identifies the adjacent chapel as an 1869 Wheelock design; survives within First Baptist Congregational complex.
CHI-B1860-052-A05,CHI-B1860-052,fire_fate_1871,survived,CITY_FIRSTBAPTIST,high,false,Official city record identifies the adjacent chapel as an 1869 Wheelock design; survives within First Baptist Congregational complex.
CHI-B1860-053-A01,CHI-B1860-053,existence_and_identity,St. Ignatius College main building,CITY_IGNATIUS,high,false,Built in 1869 and opened in 1870; 1874 west addition is a separate later event.
CHI-B1860-053-A02,CHI-B1860-053,year_completed,1869,CITY_IGNATIUS,high,false,Built in 1869 and opened in 1870; 1874 west addition is a separate later event.
CHI-B1860-053-A03,CHI-B1860-053,historical_address,Twelfth Street near May Street,CITY_IGNATIUS,high,false,Built in 1869 and opened in 1870; 1874 west addition is a separate later event.
CHI-B1860-053-A04,CHI-B1860-053,architect_or_builder,Toussaint Menard; John P. Huber,CITY_IGNATIUS,high,false,Built in 1869 and opened in 1870; 1874 west addition is a separate later event.
CHI-B1860-053-A05,CHI-B1860-053,fire_fate_1871,survived,CITY_IGNATIUS,high,false,Built in 1869 and opened in 1870; 1874 west addition is a separate later event.
CHI-B1860-054-A01,CHI-B1860-054,existence_and_identity,Mercy Hospital central building and south wing,ANDREAS2_HOSPITALS,high,true,Central block and south wing erected in 1869 and accommodated a 300-patient complex. South-side location supports survival; final removal/replacement needs research.
CHI-B1860-054-A02,CHI-B1860-054,year_completed,1869,ANDREAS2_HOSPITALS,high,true,Central block and south wing erected in 1869 and accommodated a 300-patient complex. South-side location supports survival; final removal/replacement needs research.
CHI-B1860-054-A03,CHI-B1860-054,historical_address,Northwest corner Calumet Avenue and Twenty-sixth Street,ANDREAS2_HOSPITALS,high,true,Central block and south wing erected in 1869 and accommodated a 300-patient complex. South-side location supports survival; final removal/replacement needs research.
CHI-B1860-054-A04,CHI-B1860-054,fire_fate_1871,survived,ANDREAS2_HOSPITALS,high,true,Central block and south wing erected in 1869 and accommodated a 300-patient complex. South-side location supports survival; final removal/replacement needs research.
CHI-B1860-055-A01,CHI-B1860-055,existence_and_identity,New U.S. Marine Hospital,ANDREAS2_HOSPITALS,high,true,"Work began in 1869 and completed 1872 for $452,000; included because construction starts in decade. Site outside fire district."
CHI-B1860-055-A02,CHI-B1860-055,year_completed,1872,ANDREAS2_HOSPITALS,high,true,"Work began in 1869 and completed 1872 for $452,000; included because construction starts in decade. Site outside fire district."
CHI-B1860-055-A03,CHI-B1860-055,historical_address,Lake View on ten-acre lakefront site,ANDREAS2_HOSPITALS,high,true,"Work began in 1869 and completed 1872 for $452,000; included because construction starts in decade. Site outside fire district."
CHI-B1860-055-A04,CHI-B1860-055,fire_fate_1871,survived,ANDREAS2_HOSPITALS,high,true,"Work began in 1869 and completed 1872 for $452,000; included because construction starts in decade. Site outside fire district."
CHI-B1860-056-A01,CHI-B1860-056,existence_and_identity,St. John's Catholic School,ANDREAS2_CATHOLIC,high,true,"Built for $75,000 including land and capacity 1,500; Andreas states the parish property was destroyed in 1871."
CHI-B1860-056-A02,CHI-B1860-056,year_completed,1869,ANDREAS2_CATHOLIC,high,true,"Built for $75,000 including land and capacity 1,500; Andreas states the parish property was destroyed in 1871."
CHI-B1860-056-A03,CHI-B1860-056,historical_address,Clark Street immediately north of St. John's Church at Old Street,ANDREAS2_CATHOLIC,high,true,"Built for $75,000 including land and capacity 1,500; Andreas states the parish property was destroyed in 1871."
CHI-B1860-056-A04,CHI-B1860-056,year_demolished,1871,ANDREAS2_CATHOLIC,high,true,"Built for $75,000 including land and capacity 1,500; Andreas states the parish property was destroyed in 1871."
CHI-B1860-056-A05,CHI-B1860-056,fire_fate_1871,destroyed,ANDREAS2_CATHOLIC,high,true,"Built for $75,000 including land and capacity 1,500; Andreas states the parish property was destroyed in 1871."
CHI-B1860-057-A01,CHI-B1860-057,existence_and_identity,South Congregational Church,ANDREAS2_PROTESTANT,high,true,"First used August 29 and dedicated September 12, 1869; location south of burn district supports survival, but later fate remains unresolved."
CHI-B1860-057-A02,CHI-B1860-057,year_completed,1869,ANDREAS2_PROTESTANT,high,true,"First used August 29 and dedicated September 12, 1869; location south of burn district supports survival, but later fate remains unresolved."
CHI-B1860-057-A03,CHI-B1860-057,historical_address,Indiana Avenue and Twenty-sixth Street,ANDREAS2_PROTESTANT,high,true,"First used August 29 and dedicated September 12, 1869; location south of burn district supports survival, but later fate remains unresolved."
CHI-B1860-057-A04,CHI-B1860-057,fire_fate_1871,survived,ANDREAS2_PROTESTANT,high,true,"First used August 29 and dedicated September 12, 1869; location south of burn district supports survival, but later fate remains unresolved."
CHI-B1860-058-A01,CHI-B1860-058,existence_and_identity,First Congregational Church of 1870,ANDREAS2_PROTESTANT,high,false,"Cornerstone July 10, 1869; completed/dedicated June 5, 1870. Included as cross-decade start; used as city and Relief Society headquarters after fire."
CHI-B1860-058-A02,CHI-B1860-058,year_completed,1870,ANDREAS2_PROTESTANT,high,false,"Cornerstone July 10, 1869; completed/dedicated June 5, 1870. Included as cross-decade start; used as city and Relief Society headquarters after fire."
CHI-B1860-058-A03,CHI-B1860-058,historical_address,West Washington and Ann Streets,ANDREAS2_PROTESTANT,high,false,"Cornerstone July 10, 1869; completed/dedicated June 5, 1870. Included as cross-decade start; used as city and Relief Society headquarters after fire."
CHI-B1860-058-A04,CHI-B1860-058,fire_fate_1871,survived,ANDREAS2_PROTESTANT,high,false,"Cornerstone July 10, 1869; completed/dedicated June 5, 1870. Included as cross-decade start; used as city and Relief Society headquarters after fire."
CHI-B1860-059-A01,CHI-B1860-059,existence_and_identity,St. Michael's Catholic Church,ANDREAS2_CATHOLIC,high,true,Erected in 1869-70; walls remained substantially intact in the fire although steeple and bells burned. Included because construction began in decade.
CHI-B1860-059-A02,CHI-B1860-059,year_completed,1870,ANDREAS2_CATHOLIC,high,true,Erected in 1869-70; walls remained substantially intact in the fire although steeple and bells burned. Included because construction began in decade.
CHI-B1860-059-A03,CHI-B1860-059,historical_address,Southeast corner Hurlbut and Linden Streets,ANDREAS2_CATHOLIC,high,true,Erected in 1869-70; walls remained substantially intact in the fire although steeple and bells burned. Included because construction began in decade.
CHI-B1860-059-A04,CHI-B1860-059,fire_fate_1871,survived,ANDREAS2_CATHOLIC,high,true,Erected in 1869-70; walls remained substantially intact in the fire although steeple and bells burned. Included because construction began in decade.
CHI-B1860-060-A01,CHI-B1860-060,existence_and_identity,Chicago waterworks pump well and 1867 engine foundations,ANDREAS2_INFRA,high,true,Pump well completed March 1867; foundation completed November 1866 and 18-million-gallon engine entered service July 1867. Separate infrastructure component from the enclosing Pumping Station.
CHI-B1860-060-A02,CHI-B1860-060,year_completed,1867,ANDREAS2_INFRA,high,true,Pump well completed March 1867; foundation completed November 1866 and 18-million-gallon engine entered service July 1867. Separate infrastructure component from the enclosing Pumping Station.
CHI-B1860-060-A03,CHI-B1860-060,historical_address,Chicago Avenue waterworks grounds,ANDREAS2_INFRA,high,true,Pump well completed March 1867; foundation completed November 1866 and 18-million-gallon engine entered service July 1867. Separate infrastructure component from the enclosing Pumping Station.
CHI-B1860-060-A04,CHI-B1860-060,architect_or_builder,Ellis S. Chesbrough; DeWitt C. Cregier; George W. Quintard engine,ANDREAS2_INFRA,high,true,Pump well completed March 1867; foundation completed November 1866 and 18-million-gallon engine entered service July 1867. Separate infrastructure component from the enclosing Pumping Station.
CHI-B1860-060-A05,CHI-B1860-060,fire_fate_1871,survived,ANDREAS2_INFRA,high,true,Pump well completed March 1867; foundation completed November 1866 and 18-million-gallon engine entered service July 1867. Separate infrastructure component from the enclosing Pumping Station.
CHI-CHI1870-001-A01,CHI-CHI1870-001,existence_and_identity,Michigan Avenue Hotel,AND1886V2,high,false,Opened September 1870 with about 79 rooms. Andreas states it escaped the conflagration and was the only building of considerable size on the South Side to do so; it served as a boundary landmark.
CHI-CHI1870-001-A02,CHI-CHI1870-001,year_completed,1870,AND1886V2,high,false,Opened September 1870 with about 79 rooms. Andreas states it escaped the conflagration and was the only building of considerable size on the South Side to do so; it served as a boundary landmark.
CHI-CHI1870-001-A03,CHI-CHI1870-001,historical_address,Southwest corner Michigan Avenue and Congress Street,AND1886V2,high,false,Opened September 1870 with about 79 rooms. Andreas states it escaped the conflagration and was the only building of considerable size on the South Side to do so; it served as a boundary landmark.
CHI-CHI1870-001-A04,CHI-CHI1870-001,fire_fate_1871,survived,AND1886V2,high,false,Opened September 1870 with about 79 rooms. Andreas states it escaped the conflagration and was the only building of considerable size on the South Side to do so; it served as a boundary landmark.
CHI-CHI1870-002-A01,CHI-CHI1870-002,existence_and_identity,Palmer House I,AND1886V2,high,false,Completed and opened September 26 1870. The hotel had 225 rooms; Andreas gives $200000 building cost and $100000 furnishing cost.
CHI-CHI1870-002-A02,CHI-CHI1870-002,year_completed,1870,AND1886V2,high,false,Completed and opened September 26 1870. The hotel had 225 rooms; Andreas gives $200000 building cost and $100000 furnishing cost.
CHI-CHI1870-002-A03,CHI-CHI1870-002,historical_address,Northwest corner State and Quincy streets,AND1886V2,high,false,Completed and opened September 26 1870. The hotel had 225 rooms; Andreas gives $200000 building cost and $100000 furnishing cost.
CHI-CHI1870-002-A04,CHI-CHI1870-002,year_demolished,1871,AND1886V2,high,false,Completed and opened September 26 1870. The hotel had 225 rooms; Andreas gives $200000 building cost and $100000 furnishing cost.
CHI-CHI1870-002-A05,CHI-CHI1870-002,fire_fate_1871,destroyed,AND1886V2,high,false,Completed and opened September 26 1870. The hotel had 225 rooms; Andreas gives $200000 building cost and $100000 furnishing cost.
CHI-CHI1870-003-A01,CHI-CHI1870-003,existence_and_identity,Grand Pacific Hotel I,AND1886V2,high,false,By October 1871 the walls had reached full height and a substantial roof was present. The unfinished hotel was destroyed October 9 leaving a ruin.
CHI-CHI1870-003-A02,CHI-CHI1870-003,historical_address,Block bounded by Clark; Jackson; LaSalle; and Quincy streets,AND1886V2,high,false,By October 1871 the walls had reached full height and a substantial roof was present. The unfinished hotel was destroyed October 9 leaving a ruin.
CHI-CHI1870-003-A03,CHI-CHI1870-003,architect_or_builder,W. W. Boyington,AND1886V2,high,false,By October 1871 the walls had reached full height and a substantial roof was present. The unfinished hotel was destroyed October 9 leaving a ruin.
CHI-CHI1870-003-A04,CHI-CHI1870-003,year_demolished,1871,AND1886V2,high,false,By October 1871 the walls had reached full height and a substantial roof was present. The unfinished hotel was destroyed October 9 leaving a ruin.
CHI-CHI1870-003-A05,CHI-CHI1870-003,fire_fate_1871,destroyed,AND1886V2,high,false,By October 1871 the walls had reached full height and a substantial roof was present. The unfinished hotel was destroyed October 9 leaving a ruin.
CHI-CHI1870-004-A01,CHI-CHI1870-004,existence_and_identity,Bigelow House,AND1886V2,high,false,Destroyed on its intended opening day October 9 1871. Ben H. Skinner had leased and furnished it. Footprint 178 by 110 feet; middle tower 115 feet; $225000 building and $200000 furnishings.
CHI-CHI1870-004-A02,CHI-CHI1870-004,year_completed,1871,AND1886V2,high,false,Destroyed on its intended opening day October 9 1871. Ben H. Skinner had leased and furnished it. Footprint 178 by 110 feet; middle tower 115 feet; $225000 building and $200000 furnishings.
CHI-CHI1870-004-A03,CHI-CHI1870-004,historical_address,Southwest corner Dearborn and Adams streets; Quincy Street rear,AND1886V2,high,false,Destroyed on its intended opening day October 9 1871. Ben H. Skinner had leased and furnished it. Footprint 178 by 110 feet; middle tower 115 feet; $225000 building and $200000 furnishings.
CHI-CHI1870-004-A04,CHI-CHI1870-004,year_demolished,1871,AND1886V2,high,false,Destroyed on its intended opening day October 9 1871. Ben H. Skinner had leased and furnished it. Footprint 178 by 110 feet; middle tower 115 feet; $225000 building and $200000 furnishings.
CHI-CHI1870-004-A05,CHI-CHI1870-004,fire_fate_1871,destroyed,AND1886V2,high,false,Destroyed on its intended opening day October 9 1871. Ben H. Skinner had leased and furnished it. Footprint 178 by 110 feet; middle tower 115 feet; $225000 building and $200000 furnishings.
CHI-CHI1870-005-A01,CHI-CHI1870-005,existence_and_identity,Palmer House II construction,AND1886V2,medium,true,A fire witness reported that only the foundations had yet been built when the fire passed. This row represents the construction-stage asset that later became the second Palmer House rather than back-projecting the completed 1873 hotel into 1871.
CHI-CHI1870-005-A02,CHI-CHI1870-005,year_completed,1873,AND1886V2,medium,true,A fire witness reported that only the foundations had yet been built when the fire passed. This row represents the construction-stage asset that later became the second Palmer House rather than back-projecting the completed 1873 hotel into 1871.
CHI-CHI1870-005-A03,CHI-CHI1870-005,historical_address,State and Monroe streets,AND1886V2,medium,true,A fire witness reported that only the foundations had yet been built when the fire passed. This row represents the construction-stage asset that later became the second Palmer House rather than back-projecting the completed 1873 hotel into 1871.
CHI-CHI1870-005-A04,CHI-CHI1870-005,fire_fate_1871,survived-foundations,AND1886V2,medium,true,A fire witness reported that only the foundations had yet been built when the fire passed. This row represents the construction-stage asset that later became the second Palmer House rather than back-projecting the completed 1873 hotel into 1871.
CHI-CHI1870-006-A01,CHI-CHI1870-006,existence_and_identity,Drake Block,AND1886V2,high,false,Completed in spring 1870 and destroyed September 4 1870. It therefore did not exist at the October 1871 fire snapshot. Andreas calls it one of the most imposing commercial buildings in the United States at the time.
CHI-CHI1870-006-A02,CHI-CHI1870-006,year_completed,1870,AND1886V2,high,false,Completed in spring 1870 and destroyed September 4 1870. It therefore did not exist at the October 1871 fire snapshot. Andreas calls it one of the most imposing commercial buildings in the United States at the time.
CHI-CHI1870-006-A03,CHI-CHI1870-006,historical_address,Southeast corner Wabash Avenue and Washington Street,AND1886V2,high,false,Completed in spring 1870 and destroyed September 4 1870. It therefore did not exist at the October 1871 fire snapshot. Andreas calls it one of the most imposing commercial buildings in the United States at the time.
CHI-CHI1870-006-A04,CHI-CHI1870-006,year_demolished,1870,AND1886V2,high,false,Completed in spring 1870 and destroyed September 4 1870. It therefore did not exist at the October 1871 fire snapshot. Andreas calls it one of the most imposing commercial buildings in the United States at the time.
CHI-CHI1870-006-A05,CHI-CHI1870-006,fire_fate_1871,not-present,AND1886V2,high,false,Completed in spring 1870 and destroyed September 4 1870. It therefore did not exist at the October 1871 fire snapshot. Andreas calls it one of the most imposing commercial buildings in the United States at the time.
CHI-CHI1870-007-A01,CHI-CHI1870-007,existence_and_identity,Parmelee Omnibus and Stage Company stable,AND1886V2,high,false,Just completed at a reported cost of $80000 and scheduled for first occupancy October 11. Andreas identifies it as the first South Side building to ignite at about 11:30 p.m. October 8.
CHI-CHI1870-007-A02,CHI-CHI1870-007,year_completed,1871,AND1886V2,high,false,Just completed at a reported cost of $80000 and scheduled for first occupancy October 11. Andreas identifies it as the first South Side building to ignite at about 11:30 p.m. October 8.
CHI-CHI1870-007-A03,CHI-CHI1870-007,historical_address,Southeast corner Jackson and Franklin streets,AND1886V2,high,false,Just completed at a reported cost of $80000 and scheduled for first occupancy October 11. Andreas identifies it as the first South Side building to ignite at about 11:30 p.m. October 8.
CHI-CHI1870-007-A04,CHI-CHI1870-007,year_demolished,1871,AND1886V2,high,false,Just completed at a reported cost of $80000 and scheduled for first occupancy October 11. Andreas identifies it as the first South Side building to ignite at about 11:30 p.m. October 8.
CHI-CHI1870-007-A05,CHI-CHI1870-007,fire_fate_1871,destroyed,AND1886V2,high,false,Just completed at a reported cost of $80000 and scheduled for first occupancy October 11. Andreas identifies it as the first South Side building to ignite at about 11:30 p.m. October 8.
CHI-CHI1870-008-A01,CHI-CHI1870-008,existence_and_identity,Lincoln School,AND1886V2,high,false,Erected September 1870; 82 by 76 feet with a 60 by 52 foot wing. Andreas says the Great Fire left Newberry and Lincoln as the only public-school structures in the North Division.
CHI-CHI1870-008-A02,CHI-CHI1870-008,year_completed,1870,AND1886V2,high,false,Erected September 1870; 82 by 76 feet with a 60 by 52 foot wing. Andreas says the Great Fire left Newberry and Lincoln as the only public-school structures in the North Division.
CHI-CHI1870-008-A03,CHI-CHI1870-008,historical_address,Lincoln Street between Belden and Fullerton avenues,AND1886V2,high,false,Erected September 1870; 82 by 76 feet with a 60 by 52 foot wing. Andreas says the Great Fire left Newberry and Lincoln as the only public-school structures in the North Division.
CHI-CHI1870-008-A04,CHI-CHI1870-008,fire_fate_1871,survived,AND1886V2,high,false,Erected September 1870; 82 by 76 feet with a 60 by 52 foot wing. Andreas says the Great Fire left Newberry and Lincoln as the only public-school structures in the North Division.
CHI-CHI1870-009-A01,CHI-CHI1870-009,existence_and_identity,Douglas School,AND1886V2,high,false,The scanned page heading identifies Douglas School. The structure was 82 by 76 feet with a 60 by 52 foot wing; it remained in use after the fire.
CHI-CHI1870-009-A02,CHI-CHI1870-009,year_completed,1870,AND1886V2,high,false,The scanned page heading identifies Douglas School. The structure was 82 by 76 feet with a 60 by 52 foot wing; it remained in use after the fire.
CHI-CHI1870-009-A03,CHI-CHI1870-009,historical_address,Corner Forest Avenue and Thirty-second Street,AND1886V2,high,false,The scanned page heading identifies Douglas School. The structure was 82 by 76 feet with a 60 by 52 foot wing; it remained in use after the fire.
CHI-CHI1870-009-A04,CHI-CHI1870-009,fire_fate_1871,survived,AND1886V2,high,false,The scanned page heading identifies Douglas School. The structure was 82 by 76 feet with a 60 by 52 foot wing; it remained in use after the fire.
CHI-CHI1870-010-A01,CHI-CHI1870-010,existence_and_identity,LaSalle Street Tunnel,AND1886V2,high,false,Opened July 4 1871; 1890 feet long; cost $566000. The fire warped approach railings and damaged stone coping but did not destroy the tunnel.
CHI-CHI1870-010-A02,CHI-CHI1870-010,year_completed,1871,AND1886V2,high,false,Opened July 4 1871; 1890 feet long; cost $566000. The fire warped approach railings and damaged stone coping but did not destroy the tunnel.
CHI-CHI1870-010-A03,CHI-CHI1870-010,historical_address,LaSalle Street beneath the Chicago River,AND1886V2,high,false,Opened July 4 1871; 1890 feet long; cost $566000. The fire warped approach railings and damaged stone coping but did not destroy the tunnel.
CHI-CHI1870-010-A04,CHI-CHI1870-010,architect_or_builder,William Bryson; R. E. Moss; George Chambers; A. J. McBean,AND1886V2,high,false,Opened July 4 1871; 1890 feet long; cost $566000. The fire warped approach railings and damaged stone coping but did not destroy the tunnel.
CHI-CHI1870-010-A05,CHI-CHI1870-010,fire_fate_1871,damaged-not-destroyed,AND1886V2,high,false,Opened July 4 1871; 1890 feet long; cost $566000. The fire warped approach railings and damaged stone coping but did not destroy the tunnel.
CHI-CHI1870-011-A01,CHI-CHI1870-011,existence_and_identity,Halsted and Sixteenth streets viaduct,AND1886V2,medium,true,Andreas calls this the first of the notable 1870-71 viaducts. The cited passage does not provide a direct fire-damage statement.
CHI-CHI1870-011-A02,CHI-CHI1870-011,year_completed,1871,AND1886V2,medium,true,Andreas calls this the first of the notable 1870-71 viaducts. The cited passage does not provide a direct fire-damage statement.
CHI-CHI1870-011-A03,CHI-CHI1870-011,historical_address,Halsted and Sixteenth streets,AND1886V2,medium,true,Andreas calls this the first of the notable 1870-71 viaducts. The cited passage does not provide a direct fire-damage statement.
CHI-CHI1870-011-A04,CHI-CHI1870-011,fire_fate_1871,uncertain,AND1886V2,medium,true,Andreas calls this the first of the notable 1870-71 viaducts. The cited passage does not provide a direct fire-damage statement.
CHI-CHI1870-012-A01,CHI-CHI1870-012,existence_and_identity,West Indiana Street viaduct,AND1886V2,medium,true,Named among the notable viaducts constructed in 1870-71. Exact crossing and fire fate require Board of Public Works report verification.
CHI-CHI1870-012-A02,CHI-CHI1870-012,year_completed,1871,AND1886V2,medium,true,Named among the notable viaducts constructed in 1870-71. Exact crossing and fire fate require Board of Public Works report verification.
CHI-CHI1870-012-A03,CHI-CHI1870-012,historical_address,West Indiana Street,AND1886V2,medium,true,Named among the notable viaducts constructed in 1870-71. Exact crossing and fire fate require Board of Public Works report verification.
CHI-CHI1870-012-A04,CHI-CHI1870-012,fire_fate_1871,uncertain,AND1886V2,medium,true,Named among the notable viaducts constructed in 1870-71. Exact crossing and fire fate require Board of Public Works report verification.
CHI-CHI1870-013-A01,CHI-CHI1870-013,existence_and_identity,West Adams Street viaduct,AND1886V2,medium,true,Named among the notable viaducts constructed in 1870-71. Exact crossing and fire fate require Board of Public Works report verification.
CHI-CHI1870-013-A02,CHI-CHI1870-013,year_completed,1871,AND1886V2,medium,true,Named among the notable viaducts constructed in 1870-71. Exact crossing and fire fate require Board of Public Works report verification.
CHI-CHI1870-013-A03,CHI-CHI1870-013,historical_address,West Adams Street,AND1886V2,medium,true,Named among the notable viaducts constructed in 1870-71. Exact crossing and fire fate require Board of Public Works report verification.
CHI-CHI1870-013-A04,CHI-CHI1870-013,fire_fate_1871,uncertain,AND1886V2,medium,true,Named among the notable viaducts constructed in 1870-71. Exact crossing and fire fate require Board of Public Works report verification.
CHI-CHI1870-014-A01,CHI-CHI1870-014,existence_and_identity,Chicago City Hall and Cook County Court House enlargement,AND1886V2,high,false,This is a lifecycle record for two wings and one additional story completed in 1870 plus remodeling of the west half. The joint 1853 building was destroyed in the fire.
CHI-CHI1870-014-A02,CHI-CHI1870-014,year_completed,1870,AND1886V2,high,false,This is a lifecycle record for two wings and one additional story completed in 1870 plus remodeling of the west half. The joint 1853 building was destroyed in the fire.
CHI-CHI1870-014-A03,CHI-CHI1870-014,historical_address,Court House Square bounded by Clark; Randolph; LaSalle; and Washington streets,AND1886V2,high,false,This is a lifecycle record for two wings and one additional story completed in 1870 plus remodeling of the west half. The joint 1853 building was destroyed in the fire.
CHI-CHI1870-014-A04,CHI-CHI1870-014,year_demolished,1871,AND1886V2,high,false,This is a lifecycle record for two wings and one additional story completed in 1870 plus remodeling of the west half. The joint 1853 building was destroyed in the fire.
CHI-CHI1870-014-A05,CHI-CHI1870-014,fire_fate_1871,destroyed,AND1886V2,high,false,This is a lifecycle record for two wings and one additional story completed in 1870 plus remodeling of the west half. The joint 1853 building was destroyed in the fire.
CHI-CHI1870-015-A01,CHI-CHI1870-015,existence_and_identity,Division Street water-main tunnel,AND1886V2,medium,true,Completed and placed in use during 1870-71. Andreas separately enumerates water-system damage but does not list this tunnel as destroyed.
CHI-CHI1870-015-A02,CHI-CHI1870-015,year_completed,1871,AND1886V2,medium,true,Completed and placed in use during 1870-71. Andreas separately enumerates water-system damage but does not list this tunnel as destroyed.
CHI-CHI1870-015-A03,CHI-CHI1870-015,historical_address,Under the canal and river at Division Street,AND1886V2,medium,true,Completed and placed in use during 1870-71. Andreas separately enumerates water-system damage but does not list this tunnel as destroyed.
CHI-CHI1870-015-A04,CHI-CHI1870-015,fire_fate_1871,no-destruction-reported,AND1886V2,medium,true,Completed and placed in use during 1870-71. Andreas separately enumerates water-system damage but does not list this tunnel as destroyed.
CHI-CHI1870-016-A01,CHI-CHI1870-016,existence_and_identity,Chicago Avenue water-main tunnel,AND1886V2,medium,true,Completed and placed in use during 1870-71. Andreas separately enumerates water-system damage but does not list this tunnel as destroyed.
CHI-CHI1870-016-A02,CHI-CHI1870-016,year_completed,1871,AND1886V2,medium,true,Completed and placed in use during 1870-71. Andreas separately enumerates water-system damage but does not list this tunnel as destroyed.
CHI-CHI1870-016-A03,CHI-CHI1870-016,historical_address,Under the Chicago River at Chicago Avenue,AND1886V2,medium,true,Completed and placed in use during 1870-71. Andreas separately enumerates water-system damage but does not list this tunnel as destroyed.
CHI-CHI1870-016-A04,CHI-CHI1870-016,fire_fate_1871,no-destruction-reported,AND1886V2,medium,true,Completed and placed in use during 1870-71. Andreas separately enumerates water-system damage but does not list this tunnel as destroyed.
CHI-CHI1870-017-A01,CHI-CHI1870-017,existence_and_identity,Adams Street water-main tunnel,AND1886V2,medium,true,Completed and placed in use during 1870-71. Andreas separately enumerates water-system damage but does not list this tunnel as destroyed.
CHI-CHI1870-017-A02,CHI-CHI1870-017,year_completed,1871,AND1886V2,medium,true,Completed and placed in use during 1870-71. Andreas separately enumerates water-system damage but does not list this tunnel as destroyed.
CHI-CHI1870-017-A03,CHI-CHI1870-017,historical_address,Under the Chicago River at Adams Street,AND1886V2,medium,true,Completed and placed in use during 1870-71. Andreas separately enumerates water-system damage but does not list this tunnel as destroyed.
CHI-CHI1870-017-A04,CHI-CHI1870-017,fire_fate_1871,no-destruction-reported,AND1886V2,medium,true,Completed and placed in use during 1870-71. Andreas separately enumerates water-system damage but does not list this tunnel as destroyed.
CHI-CHI1870-018-A01,CHI-CHI1870-018,existence_and_identity,Archer Avenue water-main tunnel,AND1886V2,medium,true,Completed and placed in use during 1870-71 for the main serving the southwestern city. No destruction is reported in Andreas's detailed water-system loss account.
CHI-CHI1870-018-A02,CHI-CHI1870-018,year_completed,1871,AND1886V2,medium,true,Completed and placed in use during 1870-71 for the main serving the southwestern city. No destruction is reported in Andreas's detailed water-system loss account.
CHI-CHI1870-018-A03,CHI-CHI1870-018,historical_address,Under the South Fork of the South Branch at Archer Avenue,AND1886V2,medium,true,Completed and placed in use during 1870-71 for the main serving the southwestern city. No destruction is reported in Andreas's detailed water-system loss account.
CHI-CHI1870-018-A04,CHI-CHI1870-018,fire_fate_1871,no-destruction-reported,AND1886V2,medium,true,Completed and placed in use during 1870-71 for the main serving the southwestern city. No destruction is reported in Andreas's detailed water-system loss account.
CHI-CHI1870-019-A01,CHI-CHI1870-019,existence_and_identity,Chicago outer-harbor breakwater 1870 segment,AND1886V2,high,false,Fox and Howard began in September and constructed 1450 feet during 1870. A May 1871 contract with Illinois Central continued the work. Offshore location places it beyond the urban burn footprint.
CHI-CHI1870-019-A02,CHI-CHI1870-019,year_completed,1870,AND1886V2,high,false,Fox and Howard began in September and constructed 1450 feet during 1870. A May 1871 contract with Illinois Central continued the work. Offshore location places it beyond the urban burn footprint.
CHI-CHI1870-019-A03,CHI-CHI1870-019,historical_address,Lake Michigan outer harbor,AND1886V2,high,false,Fox and Howard began in September and constructed 1450 feet during 1870. A May 1871 contract with Illinois Central continued the work. Offshore location places it beyond the urban burn footprint.
CHI-CHI1870-019-A04,CHI-CHI1870-019,architect_or_builder,Fox and Howard; Illinois Central Railroad Company,AND1886V2,high,false,Fox and Howard began in September and constructed 1450 feet during 1870. A May 1871 contract with Illinois Central continued the work. Offshore location places it beyond the urban burn footprint.
CHI-CHI1870-019-A05,CHI-CHI1870-019,fire_fate_1871,outside-fire-area,AND1886V2,high,false,Fox and Howard began in September and constructed 1450 feet during 1870. A May 1871 contract with Illinois Central continued the work. Offshore location places it beyond the urban burn footprint.
CHI-CHI1870-020-A01,CHI-CHI1870-020,existence_and_identity,West Side Masonic Temple,AND1886V2,high,false,Cornerstone laid October 12 1869; completed summer 1870; dedicated December 22 1870. Andreas records that Washington Chapter met there at the fire and suffered no loss.
CHI-CHI1870-020-A02,CHI-CHI1870-020,year_completed,1870,AND1886V2,high,false,Cornerstone laid October 12 1869; completed summer 1870; dedicated December 22 1870. Andreas records that Washington Chapter met there at the fire and suffered no loss.
CHI-CHI1870-020-A03,CHI-CHI1870-020,historical_address,Southwest corner Halsted and Randolph streets,AND1886V2,high,false,Cornerstone laid October 12 1869; completed summer 1870; dedicated December 22 1870. Andreas records that Washington Chapter met there at the fire and suffered no loss.
CHI-CHI1870-020-A04,CHI-CHI1870-020,fire_fate_1871,survived,AND1886V2,high,false,Cornerstone laid October 12 1869; completed summer 1870; dedicated December 22 1870. Andreas records that Washington Chapter met there at the fire and suffered no loss.
CHI-CHI1870-021-A01,CHI-CHI1870-021,existence_and_identity,Chicago Nursery and Half-Orphan Asylum permanent home,AND1886V2,high,false,Work resumed in summer 1871. At the fire the building lacked doors and heat and was only partly plastered. Children evacuated temporarily; Andreas states the fire stopped two blocks south and they returned the next day.
CHI-CHI1870-021-A02,CHI-CHI1870-021,historical_address,Fronting North Halsted and Burling streets near Centre Street,AND1886V2,high,false,Work resumed in summer 1871. At the fire the building lacked doors and heat and was only partly plastered. Children evacuated temporarily; Andreas states the fire stopped two blocks south and they returned the next day.
CHI-CHI1870-021-A03,CHI-CHI1870-021,fire_fate_1871,survived,AND1886V2,high,false,Work resumed in summer 1871. At the fire the building lacked doors and heat and was only partly plastered. Children evacuated temporarily; Andreas states the fire stopped two blocks south and they returned the next day.
CHI-CHI1870-022-A01,CHI-CHI1870-022,existence_and_identity,North-Western Manufacturing Company four-story works addition,AND1886V2,medium,true,A four-story building was erected in 1870 and a four-story wing added in 1871. No direct fire-fate statement was found in the cited company history.
CHI-CHI1870-022-A02,CHI-CHI1870-022,year_completed,1870,AND1886V2,medium,true,A four-story building was erected in 1870 and a four-story wing added in 1871. No direct fire-fate statement was found in the cited company history.
CHI-CHI1870-022-A03,CHI-CHI1870-022,historical_address,Desplaines Street adjoining the Jefferson Street works,AND1886V2,medium,true,A four-story building was erected in 1870 and a four-story wing added in 1871. No direct fire-fate statement was found in the cited company history.
CHI-CHI1870-022-A04,CHI-CHI1870-022,fire_fate_1871,uncertain,AND1886V2,medium,true,A four-story building was erected in 1870 and a four-story wing added in 1871. No direct fire-fate statement was found in the cited company history.
CHI-CHI1870-023-A01,CHI-CHI1870-023,existence_and_identity,Church of the Immaculate Conception 1871 alteration,AND1886V2,high,false,Lifecycle record for extensive improvements and a new steeple costing about $3000. Andreas says the paint was not dry when the entire parish property was destroyed.
CHI-CHI1870-023-A02,CHI-CHI1870-023,year_completed,1871,AND1886V2,high,false,Lifecycle record for extensive improvements and a new steeple costing about $3000. Andreas says the paint was not dry when the entire parish property was destroyed.
CHI-CHI1870-023-A03,CHI-CHI1870-023,historical_address,Corner Franklin and Schiller streets,AND1886V2,high,false,Lifecycle record for extensive improvements and a new steeple costing about $3000. Andreas says the paint was not dry when the entire parish property was destroyed.
CHI-CHI1870-023-A04,CHI-CHI1870-023,year_demolished,1871,AND1886V2,high,false,Lifecycle record for extensive improvements and a new steeple costing about $3000. Andreas says the paint was not dry when the entire parish property was destroyed.
CHI-CHI1870-023-A05,CHI-CHI1870-023,fire_fate_1871,destroyed,AND1886V2,high,false,Lifecycle record for extensive improvements and a new steeple costing about $3000. Andreas says the paint was not dry when the entire parish property was destroyed.
CHI-CHI1870-024-A01,CHI-CHI1870-024,existence_and_identity,Mariners' Chapel auditorium,AND1886V2,high,false,The building first opened for services April 11 1869; the new 800-seat auditorium was first used and formally dedicated June 25 1871. Enterprise cost was $25000; the fire deprived the congregation of it.
CHI-CHI1870-024-A02,CHI-CHI1870-024,year_completed,1871,AND1886V2,high,false,The building first opened for services April 11 1869; the new 800-seat auditorium was first used and formally dedicated June 25 1871. Enterprise cost was $25000; the fire deprived the congregation of it.
CHI-CHI1870-024-A03,CHI-CHI1870-024,historical_address,Michigan Street just east of Market Street,AND1886V2,high,false,The building first opened for services April 11 1869; the new 800-seat auditorium was first used and formally dedicated June 25 1871. Enterprise cost was $25000; the fire deprived the congregation of it.
CHI-CHI1870-024-A04,CHI-CHI1870-024,year_demolished,1871,AND1886V2,high,false,The building first opened for services April 11 1869; the new 800-seat auditorium was first used and formally dedicated June 25 1871. Enterprise cost was $25000; the fire deprived the congregation of it.
CHI-CHI1870-024-A05,CHI-CHI1870-024,fire_fate_1871,destroyed,AND1886V2,high,false,The building first opened for services April 11 1869; the new 800-seat auditorium was first used and formally dedicated June 25 1871. Enterprise cost was $25000; the fire deprived the congregation of it.
CHI-CHI1870-025-A01,CHI-CHI1870-025,existence_and_identity,First Congregational Church,AND1886V2,high,false,Cornerstone July 10 1869; dedicated June 5 1870; 2000-seat audience room and $180000 total cost. The building became city-government and Relief Society headquarters the day after the fire.
CHI-CHI1870-025-A02,CHI-CHI1870-025,year_completed,1870,AND1886V2,high,false,Cornerstone July 10 1869; dedicated June 5 1870; 2000-seat audience room and $180000 total cost. The building became city-government and Relief Society headquarters the day after the fire.
CHI-CHI1870-025-A03,CHI-CHI1870-025,historical_address,Corner West Washington and Ann streets,AND1886V2,high,false,Cornerstone July 10 1869; dedicated June 5 1870; 2000-seat audience room and $180000 total cost. The building became city-government and Relief Society headquarters the day after the fire.
CHI-CHI1870-025-A04,CHI-CHI1870-025,fire_fate_1871,survived,AND1886V2,high,false,Cornerstone July 10 1869; dedicated June 5 1870; 2000-seat audience room and $180000 total cost. The building became city-government and Relief Society headquarters the day after the fire.
CHI-CHI1870-026-A01,CHI-CHI1870-026,existence_and_identity,Union Park Congregational Church,AND1886V2;CHILM_FIRSTBAPTIST,high,false,Cornerstone August 7 1869; dedicated November 12 1871 shortly after the fire; seating 2000; cost about $125000. The City identifies it as a surviving 1871 landmark.
CHI-CHI1870-026-A02,CHI-CHI1870-026,year_completed,1871,AND1886V2;CHILM_FIRSTBAPTIST,high,false,Cornerstone August 7 1869; dedicated November 12 1871 shortly after the fire; seating 2000; cost about $125000. The City identifies it as a surviving 1871 landmark.
CHI-CHI1870-026-A03,CHI-CHI1870-026,historical_address,Ashland Avenue and West Washington Street,AND1886V2;CHILM_FIRSTBAPTIST,high,false,Cornerstone August 7 1869; dedicated November 12 1871 shortly after the fire; seating 2000; cost about $125000. The City identifies it as a surviving 1871 landmark.
CHI-CHI1870-026-A04,CHI-CHI1870-026,architect_or_builder,Gurdon P. Randall,AND1886V2;CHILM_FIRSTBAPTIST,high,false,Cornerstone August 7 1869; dedicated November 12 1871 shortly after the fire; seating 2000; cost about $125000. The City identifies it as a surviving 1871 landmark.
CHI-CHI1870-026-A05,CHI-CHI1870-026,fire_fate_1871,survived,AND1886V2;CHILM_FIRSTBAPTIST,high,false,Cornerstone August 7 1869; dedicated November 12 1871 shortly after the fire; seating 2000; cost about $125000. The City identifies it as a surviving 1871 landmark.
CHI-CHI1870-027-A01,CHI-CHI1870-027,existence_and_identity,University-place Baptist Church chapel,AND1886V2,high,false,Dedicated June 25 1871; cost $14814 excluding the $11000 lots. Its far South Side location was outside the mapped fire footprint.
CHI-CHI1870-027-A02,CHI-CHI1870-027,year_completed,1871,AND1886V2,high,false,Dedicated June 25 1871; cost $14814 excluding the $11000 lots. Its far South Side location was outside the mapped fire footprint.
CHI-CHI1870-027-A03,CHI-CHI1870-027,historical_address,Thirty-fifth Street at the head of Rhodes Avenue,AND1886V2,high,false,Dedicated June 25 1871; cost $14814 excluding the $11000 lots. Its far South Side location was outside the mapped fire footprint.
CHI-CHI1870-027-A04,CHI-CHI1870-027,fire_fate_1871,survived,AND1886V2,high,false,Dedicated June 25 1871; cost $14814 excluding the $11000 lots. Its far South Side location was outside the mapped fire footprint.
CHI-CHI1870-028-A01,CHI-CHI1870-028,existence_and_identity,Michigan-avenue Baptist Church,AND1886V2,high,false,Work began after the February 1869 lot purchase; dedicated January 29 1871. The site was south of the mapped fire footprint.
CHI-CHI1870-028-A02,CHI-CHI1870-028,year_completed,1871,AND1886V2,high,false,Work began after the February 1869 lot purchase; dedicated January 29 1871. The site was south of the mapped fire footprint.
CHI-CHI1870-028-A03,CHI-CHI1870-028,historical_address,Michigan Avenue just south of Twenty-third Street,AND1886V2,high,false,Work began after the February 1869 lot purchase; dedicated January 29 1871. The site was south of the mapped fire footprint.
CHI-CHI1870-028-A04,CHI-CHI1870-028,fire_fate_1871,survived,AND1886V2,high,false,Work began after the February 1869 lot purchase; dedicated January 29 1871. The site was south of the mapped fire footprint.
CHI-CHI1870-029-A01,CHI-CHI1870-029,existence_and_identity,Indiana-avenue Methodist Episcopal Church new building,AND1886V2,medium,true,Construction began in spring 1871 and was underway during the fire. The congregation occupied the basement in December 1871 and dedicated the completed building February 5 1872.
CHI-CHI1870-029-A02,CHI-CHI1870-029,year_completed,1872,AND1886V2,medium,true,Construction began in spring 1871 and was underway during the fire. The congregation occupied the basement in December 1871 and dedicated the completed building February 5 1872.
CHI-CHI1870-029-A03,CHI-CHI1870-029,historical_address,Michigan Avenue; exact lot not stated in cited passage,AND1886V2,medium,true,Construction began in spring 1871 and was underway during the fire. The congregation occupied the basement in December 1871 and dedicated the completed building February 5 1872.
CHI-CHI1870-029-A04,CHI-CHI1870-029,fire_fate_1871,survived-under-construction,AND1886V2,medium,true,Construction began in spring 1871 and was underway during the fire. The congregation occupied the basement in December 1871 and dedicated the completed building February 5 1872.
CHI-CHI1870-030-A01,CHI-CHI1870-030,existence_and_identity,Oakland Methodist Episcopal Church,AND1886V2,medium,true,Andreas reports work commenced February 25 1870 and dedication August 6 1870 at a cost of $12000. The same passage confusingly says the lot was purchased in spring 1871; chronology needs conference-record checking.
CHI-CHI1870-030-A02,CHI-CHI1870-030,year_completed,1870,AND1886V2,medium,true,Andreas reports work commenced February 25 1870 and dedication August 6 1870 at a cost of $12000. The same passage confusingly says the lot was purchased in spring 1871; chronology needs conference-record checking.
CHI-CHI1870-030-A03,CHI-CHI1870-030,historical_address,Corner Langley Avenue and Thirty-ninth Street,AND1886V2,medium,true,Andreas reports work commenced February 25 1870 and dedication August 6 1870 at a cost of $12000. The same passage confusingly says the lot was purchased in spring 1871; chronology needs conference-record checking.
CHI-CHI1870-030-A04,CHI-CHI1870-030,fire_fate_1871,survived,AND1886V2,medium,true,Andreas reports work commenced February 25 1870 and dedication August 6 1870 at a cost of $12000. The same passage confusingly says the lot was purchased in spring 1871; chronology needs conference-record checking.
CHI-CHI1870-031-A01,CHI-CHI1870-031,existence_and_identity,St. Patrick's Church 1871 raising and basement,AND1886V2,high,false,Lifecycle record: the church was raised and a stone basement inserted at a cost of $20000. At the fire it stood on lifting screws; work resumed afterward.
CHI-CHI1870-031-A02,CHI-CHI1870-031,historical_address,Northwest corner Adams and Desplaines streets,AND1886V2,high,false,Lifecycle record: the church was raised and a stone basement inserted at a cost of $20000. At the fire it stood on lifting screws; work resumed afterward.
CHI-CHI1870-031-A03,CHI-CHI1870-031,fire_fate_1871,survived-under-construction,AND1886V2,high,false,Lifecycle record: the church was raised and a stone basement inserted at a cost of $20000. At the fire it stood on lifting screws; work resumed afterward.
CHI-CHI1870-032-A01,CHI-CHI1870-032,existence_and_identity,Chicago Medical College,AND1886V2,high,false,Completed September 1 1870 at a cost of $25000 and became Northwestern University's medical department. Site was south of the mapped fire footprint.
CHI-CHI1870-032-A02,CHI-CHI1870-032,year_completed,1870,AND1886V2,high,false,Completed September 1 1870 at a cost of $25000 and became Northwestern University's medical department. Site was south of the mapped fire footprint.
CHI-CHI1870-032-A03,CHI-CHI1870-032,historical_address,54-56 Twenty-sixth Street at Prairie Avenue,AND1886V2,high,false,Completed September 1 1870 at a cost of $25000 and became Northwestern University's medical department. Site was south of the mapped fire footprint.
CHI-CHI1870-032-A04,CHI-CHI1870-032,fire_fate_1871,survived,AND1886V2,high,false,Completed September 1 1870 at a cost of $25000 and became Northwestern University's medical department. Site was south of the mapped fire footprint.
CHI-CHI1870-033-A01,CHI-CHI1870-033,existence_and_identity,St. Ignatius College,AND1886V2,medium,true,Building began in 1869 and classes were organized in September 1870. This row uses the start of occupancy as approximate completion; additional building-contract research is needed.
CHI-CHI1870-033-A02,CHI-CHI1870-033,year_completed,1870,AND1886V2,medium,true,Building began in 1869 and classes were organized in September 1870. This row uses the start of occupancy as approximate completion; additional building-contract research is needed.
CHI-CHI1870-033-A03,CHI-CHI1870-033,historical_address,Twelfth Street near May Street,AND1886V2,medium,true,Building began in 1869 and classes were organized in September 1870. This row uses the start of occupancy as approximate completion; additional building-contract research is needed.
CHI-CHI1870-033-A04,CHI-CHI1870-033,fire_fate_1871,survived,AND1886V2,medium,true,Building began in 1869 and classes were organized in September 1870. This row uses the start of occupancy as approximate completion; additional building-contract research is needed.
CHI-CHI1870-034-A01,CHI-CHI1870-034,existence_and_identity,Our Savior's Norwegian Evangelical Lutheran Church new building,AND1886V2,medium,true,The congregation sold its frame church at West Erie and May and erected a new 1200-seat structure in 1871 for $40000. Address and direct fire fate require church-record verification.
CHI-CHI1870-034-A02,CHI-CHI1870-034,year_completed,1871,AND1886V2,medium,true,The congregation sold its frame church at West Erie and May and erected a new 1200-seat structure in 1871 for $40000. Address and direct fire fate require church-record verification.
CHI-CHI1870-034-A03,CHI-CHI1870-034,historical_address,Four lots; exact new-site address not stated in cited passage,AND1886V2,medium,true,The congregation sold its frame church at West Erie and May and erected a new 1200-seat structure in 1871 for $40000. Address and direct fire fate require church-record verification.
CHI-CHI1870-034-A04,CHI-CHI1870-034,fire_fate_1871,uncertain,AND1886V2,medium,true,The congregation sold its frame church at West Erie and May and erected a new 1200-seat structure in 1871 for $40000. Address and direct fire fate require church-record verification.
CHI-CHI1870-035-A01,CHI-CHI1870-035,existence_and_identity,Third Presbyterian Church chapel,AND1886V2,medium,true,A new adjoining chapel and remodeling of the church were completed in summer 1871 at about $10000. Later continuous use and the West Side location support survival; a direct fire sentence should still be located.
CHI-CHI1870-035-A02,CHI-CHI1870-035,year_completed,1871,AND1886V2,medium,true,A new adjoining chapel and remodeling of the church were completed in summer 1871 at about $10000. Later continuous use and the West Side location support survival; a direct fire sentence should still be located.
CHI-CHI1870-035-A03,CHI-CHI1870-035,historical_address,Washington and Carpenter streets,AND1886V2,medium,true,A new adjoining chapel and remodeling of the church were completed in summer 1871 at about $10000. Later continuous use and the West Side location support survival; a direct fire sentence should still be located.
CHI-CHI1870-035-A04,CHI-CHI1870-035,fire_fate_1871,survived,AND1886V2,medium,true,A new adjoining chapel and remodeling of the church were completed in summer 1871 at about $10000. Later continuous use and the West Side location support survival; a direct fire sentence should still be located.
CHI-CHI1870-036-A01,CHI-CHI1870-036,existence_and_identity,Raber House,CHILM_RABER,high,false,Official landmark record calls it a rare surviving pre-Fire residence and notes major 1894 alterations. The original grounds comprised about six acres.
CHI-CHI1870-036-A02,CHI-CHI1870-036,year_completed,1870,CHILM_RABER,high,false,Official landmark record calls it a rare surviving pre-Fire residence and notes major 1894 alterations. The original grounds comprised about six acres.
CHI-CHI1870-036-A03,CHI-CHI1870-036,historical_address,State Street / South Plank Road country estate,CHILM_RABER,high,false,Official landmark record calls it a rare surviving pre-Fire residence and notes major 1894 alterations. The original grounds comprised about six acres.
CHI-CHI1870-036-A04,CHI-CHI1870-036,architect_or_builder,Thomas W. Wing,CHILM_RABER,high,false,Official landmark record calls it a rare surviving pre-Fire residence and notes major 1894 alterations. The original grounds comprised about six acres.
CHI-CHI1870-036-A05,CHI-CHI1870-036,fire_fate_1871,survived,CHILM_RABER,high,false,Official landmark record calls it a rare surviving pre-Fire residence and notes major 1894 alterations. The original grounds comprised about six acres.
CHI-CHI1870-037-A01,CHI-CHI1870-037,existence_and_identity,Wheeler-Kohn House,CHILM_WHEELER,high,false,Official landmark record identifies it as a pre-Fire survivor; remodeled circa 1885 for Joseph Kohn.
CHI-CHI1870-037-A02,CHI-CHI1870-037,year_completed,1870,CHILM_WHEELER,high,false,Official landmark record identifies it as a pre-Fire survivor; remodeled circa 1885 for Joseph Kohn.
CHI-CHI1870-037-A03,CHI-CHI1870-037,historical_address,Calumet Avenue near Twenty-first Street,CHILM_WHEELER,high,false,Official landmark record identifies it as a pre-Fire survivor; remodeled circa 1885 for Joseph Kohn.
CHI-CHI1870-037-A04,CHI-CHI1870-037,architect_or_builder,Otis L. Wheelock,CHILM_WHEELER,high,false,Official landmark record identifies it as a pre-Fire survivor; remodeled circa 1885 for Joseph Kohn.
CHI-CHI1870-037-A05,CHI-CHI1870-037,fire_fate_1871,survived,CHILM_WHEELER,high,false,Official landmark record identifies it as a pre-Fire survivor; remodeled circa 1885 for Joseph Kohn.
CHI-CHI1870-038-A01,CHI-CHI1870-038,existence_and_identity,Hitchcock House,CHILM_HITCHCOCK,high,false,The City records the house as built in 1871 and explicitly notes that Austin was then an independent suburb. Included as a future-city-footprint record; not counted in 1871 municipal Chicago totals.
CHI-CHI1870-038-A02,CHI-CHI1870-038,year_completed,1871,CHILM_HITCHCOCK,high,false,The City records the house as built in 1871 and explicitly notes that Austin was then an independent suburb. Included as a future-city-footprint record; not counted in 1871 municipal Chicago totals.
CHI-CHI1870-038-A03,CHI-CHI1870-038,historical_address,Austin suburb,CHILM_HITCHCOCK,high,false,The City records the house as built in 1871 and explicitly notes that Austin was then an independent suburb. Included as a future-city-footprint record; not counted in 1871 municipal Chicago totals.
CHI-CHI1870-038-A04,CHI-CHI1870-038,architect_or_builder,Unknown,CHILM_HITCHCOCK,high,false,The City records the house as built in 1871 and explicitly notes that Austin was then an independent suburb. Included as a future-city-footprint record; not counted in 1871 municipal Chicago totals.
CHI-CHI1870-038-A05,CHI-CHI1870-038,fire_fate_1871,outside-city-at-construction,CHILM_HITCHCOCK,high,false,The City records the house as built in 1871 and explicitly notes that Austin was then an independent suburb. Included as a future-city-footprint record; not counted in 1871 municipal Chicago totals.
CHI-CHI1870-039-A01,CHI-CHI1870-039,existence_and_identity,Hampton and Marion Story Rowhouse,ILNR2023;WIKI_STORYCAMP,low,true,One of a matched pair first owned by Hampton and Marion Story. Unit-level street number remains unassigned until the National Register nomination is obtained.
CHI-CHI1870-039-A02,CHI-CHI1870-039,year_completed,1870,ILNR2023;WIKI_STORYCAMP,low,true,One of a matched pair first owned by Hampton and Marion Story. Unit-level street number remains unassigned until the National Register nomination is obtained.
CHI-CHI1870-039-A03,CHI-CHI1870-039,historical_address,1526-1528 West Monroe Street; unit assignment needs nomination check,ILNR2023;WIKI_STORYCAMP,low,true,One of a matched pair first owned by Hampton and Marion Story. Unit-level street number remains unassigned until the National Register nomination is obtained.
CHI-CHI1870-039-A04,CHI-CHI1870-039,fire_fate_1871,survived,ILNR2023;WIKI_STORYCAMP,low,true,One of a matched pair first owned by Hampton and Marion Story. Unit-level street number remains unassigned until the National Register nomination is obtained.
CHI-CHI1870-040-A01,CHI-CHI1870-040,existence_and_identity,Isaac and Flora Camp Rowhouse,ILNR2023;WIKI_STORYCAMP,low,true,One of a matched pair first owned by Isaac and Flora Camp. Unit-level street number remains unassigned until the National Register nomination is obtained.
CHI-CHI1870-040-A02,CHI-CHI1870-040,year_completed,1870,ILNR2023;WIKI_STORYCAMP,low,true,One of a matched pair first owned by Isaac and Flora Camp. Unit-level street number remains unassigned until the National Register nomination is obtained.
CHI-CHI1870-040-A03,CHI-CHI1870-040,historical_address,1526-1528 West Monroe Street; unit assignment needs nomination check,ILNR2023;WIKI_STORYCAMP,low,true,One of a matched pair first owned by Isaac and Flora Camp. Unit-level street number remains unassigned until the National Register nomination is obtained.
CHI-CHI1870-040-A04,CHI-CHI1870-040,fire_fate_1871,survived,ILNR2023;WIKI_STORYCAMP,low,true,One of a matched pair first owned by Isaac and Flora Camp. Unit-level street number remains unassigned until the National Register nomination is obtained.
CHI-CHI1870-041-A01,CHI-CHI1870-041,existence_and_identity,Swedish Club of Chicago building,ILNR2023;WIKI_SWEDISHCLUB,low,true,The official register index confirms the property identity and address; the 1870 construction date currently rests on a secondary summary and requires nomination-level verification.
CHI-CHI1870-041-A02,CHI-CHI1870-041,year_completed,1870,ILNR2023;WIKI_SWEDISHCLUB,low,true,The official register index confirms the property identity and address; the 1870 construction date currently rests on a secondary summary and requires nomination-level verification.
CHI-CHI1870-041-A03,CHI-CHI1870-041,historical_address,1258 North LaSalle Street,ILNR2023;WIKI_SWEDISHCLUB,low,true,The official register index confirms the property identity and address; the 1870 construction date currently rests on a secondary summary and requires nomination-level verification.
CHI-CHI1870-041-A04,CHI-CHI1870-041,architect_or_builder,Unknown,ILNR2023;WIKI_SWEDISHCLUB,low,true,The official register index confirms the property identity and address; the 1870 construction date currently rests on a secondary summary and requires nomination-level verification.
CHI-CHI1870-041-A05,CHI-CHI1870-041,fire_fate_1871,survived,ILNR2023;WIKI_SWEDISHCLUB,low,true,The official register index confirms the property identity and address; the 1870 construction date currently rests on a secondary summary and requires nomination-level verification.
CHI-PRE1830-001-A01,CHI-PRE1830-001,existence_and_identity,Marquette-Jolliet winter shelter,EOC_MARQUETTE,medium,true,"Marquette's journal documents the winter occupation, but neither an exact parcel nor a defensible architectural reconstruction survives. This record identifies the evidenced shelter episode, not a surveyed footprint."
CHI-PRE1830-001-A02,CHI-PRE1830-001,year_completed,1674,EOC_MARQUETTE,medium,true,"Marquette's journal documents the winter occupation, but neither an exact parcel nor a defensible architectural reconstruction survives. This record identifies the evidenced shelter episode, not a surveyed footprint."
CHI-PRE1830-001-A03,CHI-PRE1830-001,historical_address,Portage-area site along the South Branch of the Chicago River; exact location debated,EOC_MARQUETTE,medium,true,"Marquette's journal documents the winter occupation, but neither an exact parcel nor a defensible architectural reconstruction survives. This record identifies the evidenced shelter episode, not a surveyed footprint."
CHI-PRE1830-001-A04,CHI-PRE1830-001,architect_or_builder,Jacques Marquette and companions,EOC_MARQUETTE,medium,true,"Marquette's journal documents the winter occupation, but neither an exact parcel nor a defensible architectural reconstruction survives. This record identifies the evidenced shelter episode, not a surveyed footprint."
CHI-PRE1830-001-A05,CHI-PRE1830-001,year_demolished,1675,EOC_MARQUETTE,medium,true,"Marquette's journal documents the winter occupation, but neither an exact parcel nor a defensible architectural reconstruction survives. This record identifies the evidenced shelter episode, not a surveyed footprint."
CHI-PRE1830-001-A06,CHI-PRE1830-001,fire_fate_1871,not_present,EOC_MARQUETTE,medium,true,"Marquette's journal documents the winter occupation, but neither an exact parcel nor a defensible architectural reconstruction survives. This record identifies the evidenced shelter episode, not a surveyed footprint."
CHI-PRE1830-002-A01,CHI-PRE1830-002,existence_and_identity,Jean Baptiste Point du Sable main house,NPS_DUSABLE_NHL;ANDREAS_V1_EARLY,high,true,"NPS documents a 22-by-40-foot log house and later compound. The NHL significant year establishes presence by 1779, not an exact construction year. Sold to Le Mai and acquired by John Kinzie in 1804; physical loss date is not established."
CHI-PRE1830-002-A02,CHI-PRE1830-002,year_completed,1779,NPS_DUSABLE_NHL;ANDREAS_V1_EARLY,high,true,"NPS documents a 22-by-40-foot log house and later compound. The NHL significant year establishes presence by 1779, not an exact construction year. Sold to Le Mai and acquired by John Kinzie in 1804; physical loss date is not established."
CHI-PRE1830-002-A03,CHI-PRE1830-002,historical_address,North bank of the Chicago River near its mouth,NPS_DUSABLE_NHL;ANDREAS_V1_EARLY,high,true,"NPS documents a 22-by-40-foot log house and later compound. The NHL significant year establishes presence by 1779, not an exact construction year. Sold to Le Mai and acquired by John Kinzie in 1804; physical loss date is not established."
CHI-PRE1830-002-A04,CHI-PRE1830-002,architect_or_builder,Jean Baptiste Point du Sable and household,NPS_DUSABLE_NHL;ANDREAS_V1_EARLY,high,true,"NPS documents a 22-by-40-foot log house and later compound. The NHL significant year establishes presence by 1779, not an exact construction year. Sold to Le Mai and acquired by John Kinzie in 1804; physical loss date is not established."
CHI-PRE1830-002-A05,CHI-PRE1830-002,fire_fate_1871,not_present,NPS_DUSABLE_NHL;ANDREAS_V1_EARLY,high,true,"NPS documents a 22-by-40-foot log house and later compound. The NHL significant year establishes presence by 1779, not an exact construction year. Sold to Le Mai and acquired by John Kinzie in 1804; physical loss date is not established."
CHI-PRE1830-003-A01,CHI-PRE1830-003,existence_and_identity,Du Sable homestead barn 1,NPS_DUSABLE_NHL,medium,true,"One of two barns explicitly listed in the NPS nomination. Individual construction and loss dates are not recorded; 1779 is an approximate compound date, not an exact completion date."
CHI-PRE1830-003-A02,CHI-PRE1830-003,year_completed,1800,NPS_DUSABLE_NHL,medium,true,"One of two barns explicitly listed in the NPS nomination. Individual construction and loss dates are not recorded; 1779 is an approximate compound date, not an exact completion date."
CHI-PRE1830-003-A03,CHI-PRE1830-003,historical_address,"Du Sable compound, north bank near river mouth",NPS_DUSABLE_NHL,medium,true,"One of two barns explicitly listed in the NPS nomination. Individual construction and loss dates are not recorded; 1779 is an approximate compound date, not an exact completion date."
CHI-PRE1830-003-A04,CHI-PRE1830-003,architect_or_builder,Jean Baptiste Point du Sable and household,NPS_DUSABLE_NHL,medium,true,"One of two barns explicitly listed in the NPS nomination. Individual construction and loss dates are not recorded; 1779 is an approximate compound date, not an exact completion date."
CHI-PRE1830-003-A05,CHI-PRE1830-003,fire_fate_1871,not_present,NPS_DUSABLE_NHL,medium,true,"One of two barns explicitly listed in the NPS nomination. Individual construction and loss dates are not recorded; 1779 is an approximate compound date, not an exact completion date."
CHI-PRE1830-004-A01,CHI-PRE1830-004,existence_and_identity,Du Sable homestead barn 2,NPS_DUSABLE_NHL,medium,true,Second of two barns explicitly listed in the NPS nomination. Individual construction and loss dates are not recorded.
CHI-PRE1830-004-A02,CHI-PRE1830-004,year_completed,1800,NPS_DUSABLE_NHL,medium,true,Second of two barns explicitly listed in the NPS nomination. Individual construction and loss dates are not recorded.
CHI-PRE1830-004-A03,CHI-PRE1830-004,historical_address,"Du Sable compound, north bank near river mouth",NPS_DUSABLE_NHL,medium,true,Second of two barns explicitly listed in the NPS nomination. Individual construction and loss dates are not recorded.
CHI-PRE1830-004-A04,CHI-PRE1830-004,architect_or_builder,Jean Baptiste Point du Sable and household,NPS_DUSABLE_NHL,medium,true,Second of two barns explicitly listed in the NPS nomination. Individual construction and loss dates are not recorded.
CHI-PRE1830-004-A05,CHI-PRE1830-004,fire_fate_1871,not_present,NPS_DUSABLE_NHL,medium,true,Second of two barns explicitly listed in the NPS nomination. Individual construction and loss dates are not recorded.
CHI-PRE1830-005-A01,CHI-PRE1830-005,existence_and_identity,Du Sable homestead horse mill,NPS_DUSABLE_NHL,medium,true,Explicitly listed in the NPS nomination; individual dates and footprint are not preserved.
CHI-PRE1830-005-A02,CHI-PRE1830-005,year_completed,1800,NPS_DUSABLE_NHL,medium,true,Explicitly listed in the NPS nomination; individual dates and footprint are not preserved.
CHI-PRE1830-005-A03,CHI-PRE1830-005,historical_address,"Du Sable compound, north bank near river mouth",NPS_DUSABLE_NHL,medium,true,Explicitly listed in the NPS nomination; individual dates and footprint are not preserved.
CHI-PRE1830-005-A04,CHI-PRE1830-005,architect_or_builder,Jean Baptiste Point du Sable and household,NPS_DUSABLE_NHL,medium,true,Explicitly listed in the NPS nomination; individual dates and footprint are not preserved.
CHI-PRE1830-005-A05,CHI-PRE1830-005,fire_fate_1871,not_present,NPS_DUSABLE_NHL,medium,true,Explicitly listed in the NPS nomination; individual dates and footprint are not preserved.
CHI-PRE1830-006-A01,CHI-PRE1830-006,existence_and_identity,Du Sable homestead bakehouse,NPS_DUSABLE_NHL,medium,true,Explicitly listed in the NPS nomination; individual dates and footprint are not preserved.
CHI-PRE1830-006-A02,CHI-PRE1830-006,year_completed,1800,NPS_DUSABLE_NHL,medium,true,Explicitly listed in the NPS nomination; individual dates and footprint are not preserved.
CHI-PRE1830-006-A03,CHI-PRE1830-006,historical_address,"Du Sable compound, north bank near river mouth",NPS_DUSABLE_NHL,medium,true,Explicitly listed in the NPS nomination; individual dates and footprint are not preserved.
CHI-PRE1830-006-A04,CHI-PRE1830-006,architect_or_builder,Jean Baptiste Point du Sable and household,NPS_DUSABLE_NHL,medium,true,Explicitly listed in the NPS nomination; individual dates and footprint are not preserved.
CHI-PRE1830-006-A05,CHI-PRE1830-006,fire_fate_1871,not_present,NPS_DUSABLE_NHL,medium,true,Explicitly listed in the NPS nomination; individual dates and footprint are not preserved.
CHI-PRE1830-007-A01,CHI-PRE1830-007,existence_and_identity,Du Sable homestead workshop,NPS_DUSABLE_NHL,medium,true,Explicitly listed in the NPS nomination; individual dates and footprint are not preserved.
CHI-PRE1830-007-A02,CHI-PRE1830-007,year_completed,1800,NPS_DUSABLE_NHL,medium,true,Explicitly listed in the NPS nomination; individual dates and footprint are not preserved.
CHI-PRE1830-007-A03,CHI-PRE1830-007,historical_address,"Du Sable compound, north bank near river mouth",NPS_DUSABLE_NHL,medium,true,Explicitly listed in the NPS nomination; individual dates and footprint are not preserved.
CHI-PRE1830-007-A04,CHI-PRE1830-007,architect_or_builder,Jean Baptiste Point du Sable and household,NPS_DUSABLE_NHL,medium,true,Explicitly listed in the NPS nomination; individual dates and footprint are not preserved.
CHI-PRE1830-007-A05,CHI-PRE1830-007,fire_fate_1871,not_present,NPS_DUSABLE_NHL,medium,true,Explicitly listed in the NPS nomination; individual dates and footprint are not preserved.
CHI-PRE1830-008-A01,CHI-PRE1830-008,existence_and_identity,Du Sable homestead dairy,NPS_DUSABLE_NHL,medium,true,Explicitly listed in the NPS nomination; individual dates and footprint are not preserved.
CHI-PRE1830-008-A02,CHI-PRE1830-008,year_completed,1800,NPS_DUSABLE_NHL,medium,true,Explicitly listed in the NPS nomination; individual dates and footprint are not preserved.
CHI-PRE1830-008-A03,CHI-PRE1830-008,historical_address,"Du Sable compound, north bank near river mouth",NPS_DUSABLE_NHL,medium,true,Explicitly listed in the NPS nomination; individual dates and footprint are not preserved.
CHI-PRE1830-008-A04,CHI-PRE1830-008,architect_or_builder,Jean Baptiste Point du Sable and household,NPS_DUSABLE_NHL,medium,true,Explicitly listed in the NPS nomination; individual dates and footprint are not preserved.
CHI-PRE1830-008-A05,CHI-PRE1830-008,fire_fate_1871,not_present,NPS_DUSABLE_NHL,medium,true,Explicitly listed in the NPS nomination; individual dates and footprint are not preserved.
CHI-PRE1830-009-A01,CHI-PRE1830-009,existence_and_identity,Du Sable homestead poultry house,NPS_DUSABLE_NHL,medium,true,Explicitly listed in the NPS nomination; individual dates and footprint are not preserved.
CHI-PRE1830-009-A02,CHI-PRE1830-009,year_completed,1800,NPS_DUSABLE_NHL,medium,true,Explicitly listed in the NPS nomination; individual dates and footprint are not preserved.
CHI-PRE1830-009-A03,CHI-PRE1830-009,historical_address,"Du Sable compound, north bank near river mouth",NPS_DUSABLE_NHL,medium,true,Explicitly listed in the NPS nomination; individual dates and footprint are not preserved.
CHI-PRE1830-009-A04,CHI-PRE1830-009,architect_or_builder,Jean Baptiste Point du Sable and household,NPS_DUSABLE_NHL,medium,true,Explicitly listed in the NPS nomination; individual dates and footprint are not preserved.
CHI-PRE1830-009-A05,CHI-PRE1830-009,fire_fate_1871,not_present,NPS_DUSABLE_NHL,medium,true,Explicitly listed in the NPS nomination; individual dates and footprint are not preserved.
CHI-PRE1830-010-A01,CHI-PRE1830-010,existence_and_identity,Du Sable homestead smokehouse,NPS_DUSABLE_NHL,medium,true,Explicitly listed in the NPS nomination; individual dates and footprint are not preserved.
CHI-PRE1830-010-A02,CHI-PRE1830-010,year_completed,1800,NPS_DUSABLE_NHL,medium,true,Explicitly listed in the NPS nomination; individual dates and footprint are not preserved.
CHI-PRE1830-010-A03,CHI-PRE1830-010,historical_address,"Du Sable compound, north bank near river mouth",NPS_DUSABLE_NHL,medium,true,Explicitly listed in the NPS nomination; individual dates and footprint are not preserved.
CHI-PRE1830-010-A04,CHI-PRE1830-010,architect_or_builder,Jean Baptiste Point du Sable and household,NPS_DUSABLE_NHL,medium,true,Explicitly listed in the NPS nomination; individual dates and footprint are not preserved.
CHI-PRE1830-010-A05,CHI-PRE1830-010,fire_fate_1871,not_present,NPS_DUSABLE_NHL,medium,true,Explicitly listed in the NPS nomination; individual dates and footprint are not preserved.
CHI-PRE1830-011-A01,CHI-PRE1830-011,existence_and_identity,Unidentified tenth Du Sable compound building,NPS_DUSABLE_NHL;CHI_TRIBUTE_DUSABLE,low,true,The NPS nomination says the property consisted of ten buildings but enumerates only nine including the main house. This transparent count-balancing component has unknown function and fate; no stable is asserted.
CHI-PRE1830-011-A02,CHI-PRE1830-011,year_completed,1800,NPS_DUSABLE_NHL;CHI_TRIBUTE_DUSABLE,low,true,The NPS nomination says the property consisted of ten buildings but enumerates only nine including the main house. This transparent count-balancing component has unknown function and fate; no stable is asserted.
CHI-PRE1830-011-A03,CHI-PRE1830-011,historical_address,"Du Sable compound, north bank near river mouth",NPS_DUSABLE_NHL;CHI_TRIBUTE_DUSABLE,low,true,The NPS nomination says the property consisted of ten buildings but enumerates only nine including the main house. This transparent count-balancing component has unknown function and fate; no stable is asserted.
CHI-PRE1830-011-A04,CHI-PRE1830-011,architect_or_builder,Jean Baptiste Point du Sable and household,NPS_DUSABLE_NHL;CHI_TRIBUTE_DUSABLE,low,true,The NPS nomination says the property consisted of ten buildings but enumerates only nine including the main house. This transparent count-balancing component has unknown function and fate; no stable is asserted.
CHI-PRE1830-011-A05,CHI-PRE1830-011,fire_fate_1871,not_present,NPS_DUSABLE_NHL;CHI_TRIBUTE_DUSABLE,low,true,The NPS nomination says the property consisted of ten buildings but enumerates only nine including the main house. This transparent count-balancing component has unknown function and fate; no stable is asserted.
CHI-PRE1830-012-A01,CHI-PRE1830-012,existence_and_identity,Antoine Ouilmette cabin,ANDREAS_V1_EARLY,medium,true,Andreas identifies Ouilmette as one of four cabin/trading-hut occupants present when Fort Dearborn was established and says the house survived the 1812 attack. Construction year is not established.
CHI-PRE1830-012-A02,CHI-PRE1830-012,year_completed,1803,ANDREAS_V1_EARLY,medium,true,Andreas identifies Ouilmette as one of four cabin/trading-hut occupants present when Fort Dearborn was established and says the house survived the 1812 attack. Construction year is not established.
CHI-PRE1830-012-A03,CHI-PRE1830-012,historical_address,North side of Chicago River near the lake,ANDREAS_V1_EARLY,medium,true,Andreas identifies Ouilmette as one of four cabin/trading-hut occupants present when Fort Dearborn was established and says the house survived the 1812 attack. Construction year is not established.
CHI-PRE1830-012-A04,CHI-PRE1830-012,architect_or_builder,Antoine Ouilmette,ANDREAS_V1_EARLY,medium,true,Andreas identifies Ouilmette as one of four cabin/trading-hut occupants present when Fort Dearborn was established and says the house survived the 1812 attack. Construction year is not established.
CHI-PRE1830-012-A05,CHI-PRE1830-012,fire_fate_1871,not_present,ANDREAS_V1_EARLY,medium,true,Andreas identifies Ouilmette as one of four cabin/trading-hut occupants present when Fort Dearborn was established and says the house survived the 1812 attack. Construction year is not established.
CHI-PRE1830-013-A01,CHI-PRE1830-013,existence_and_identity,Guillaume Pettell cabin,ANDREAS_V1_EARLY,medium,true,"Identified by Andreas among the four cabins or traders' huts present in 1803. Exact site, construction date, and fate are unresolved."
CHI-PRE1830-013-A02,CHI-PRE1830-013,year_completed,1803,ANDREAS_V1_EARLY,medium,true,"Identified by Andreas among the four cabins or traders' huts present in 1803. Exact site, construction date, and fate are unresolved."
CHI-PRE1830-013-A03,CHI-PRE1830-013,historical_address,Chicago River settlement; exact bank unresolved,ANDREAS_V1_EARLY,medium,true,"Identified by Andreas among the four cabins or traders' huts present in 1803. Exact site, construction date, and fate are unresolved."
CHI-PRE1830-013-A04,CHI-PRE1830-013,architect_or_builder,Guillaume Pettell,ANDREAS_V1_EARLY,medium,true,"Identified by Andreas among the four cabins or traders' huts present in 1803. Exact site, construction date, and fate are unresolved."
CHI-PRE1830-013-A05,CHI-PRE1830-013,fire_fate_1871,not_present,ANDREAS_V1_EARLY,medium,true,"Identified by Andreas among the four cabins or traders' huts present in 1803. Exact site, construction date, and fate are unresolved."
CHI-PRE1830-014-A01,CHI-PRE1830-014,existence_and_identity,William Burnett trading house,ANDREAS_V1_EARLY,low,true,Burnett's letter establishes that he had a Chicago house by 1798; Andreas only probably identifies it as the fourth cabin/trading hut remembered in 1803. The 1812 fate is not established.
CHI-PRE1830-014-A02,CHI-PRE1830-014,year_completed,1798,ANDREAS_V1_EARLY,low,true,Burnett's letter establishes that he had a Chicago house by 1798; Andreas only probably identifies it as the fourth cabin/trading hut remembered in 1803. The 1812 fate is not established.
CHI-PRE1830-014-A03,CHI-PRE1830-014,historical_address,Chicago River settlement; exact site unresolved,ANDREAS_V1_EARLY,low,true,Burnett's letter establishes that he had a Chicago house by 1798; Andreas only probably identifies it as the fourth cabin/trading hut remembered in 1803. The 1812 fate is not established.
CHI-PRE1830-014-A04,CHI-PRE1830-014,fire_fate_1871,not_present,ANDREAS_V1_EARLY,low,true,Burnett's letter establishes that he had a Chicago house by 1798; Andreas only probably identifies it as the fourth cabin/trading hut remembered in 1803. The 1812 fate is not established.
CHI-PRE1830-015-A01,CHI-PRE1830-015,existence_and_identity,Fort Dearborn I,CITY_LANDMARK_FORT;EOC_FORT;CAC_FORT,high,false,Modeled as a complex because surviving sources do not support complete component-level identification. Built 1803-04 and destroyed in 1812.
CHI-PRE1830-015-A02,CHI-PRE1830-015,year_completed,1804,CITY_LANDMARK_FORT;EOC_FORT;CAC_FORT,high,false,Modeled as a complex because surviving sources do not support complete component-level identification. Built 1803-04 and destroyed in 1812.
CHI-PRE1830-015-A03,CHI-PRE1830-015,historical_address,South bank of Chicago River at river mouth,CITY_LANDMARK_FORT;EOC_FORT;CAC_FORT,high,false,Modeled as a complex because surviving sources do not support complete component-level identification. Built 1803-04 and destroyed in 1812.
CHI-PRE1830-015-A04,CHI-PRE1830-015,architect_or_builder,United States Army; plan attributed to John Whistler,CITY_LANDMARK_FORT;EOC_FORT;CAC_FORT,high,false,Modeled as a complex because surviving sources do not support complete component-level identification. Built 1803-04 and destroyed in 1812.
CHI-PRE1830-015-A05,CHI-PRE1830-015,year_demolished,1812,CITY_LANDMARK_FORT;EOC_FORT;CAC_FORT,high,false,Modeled as a complex because surviving sources do not support complete component-level identification. Built 1803-04 and destroyed in 1812.
CHI-PRE1830-015-A06,CHI-PRE1830-015,fire_fate_1871,not_present,CITY_LANDMARK_FORT;EOC_FORT;CAC_FORT,high,false,Modeled as a complex because surviving sources do not support complete component-level identification. Built 1803-04 and destroyed in 1812.
CHI-PRE1830-016-A01,CHI-PRE1830-016,existence_and_identity,United States Factory I,EOC_FUR_TRADE;ANDREAS_V1_EARLY,high,false,Andreas explicitly dates establishment of the federal factory to 1805. It closed/destroyed in the 1812 episode and is distinct from the rebuilt factory.
CHI-PRE1830-016-A02,CHI-PRE1830-016,year_completed,1805,EOC_FUR_TRADE;ANDREAS_V1_EARLY,high,false,Andreas explicitly dates establishment of the federal factory to 1805. It closed/destroyed in the 1812 episode and is distinct from the rebuilt factory.
CHI-PRE1830-016-A03,CHI-PRE1830-016,historical_address,At or adjacent to first Fort Dearborn,EOC_FUR_TRADE;ANDREAS_V1_EARLY,high,false,Andreas explicitly dates establishment of the federal factory to 1805. It closed/destroyed in the 1812 episode and is distinct from the rebuilt factory.
CHI-PRE1830-016-A04,CHI-PRE1830-016,architect_or_builder,United States government,EOC_FUR_TRADE;ANDREAS_V1_EARLY,high,false,Andreas explicitly dates establishment of the federal factory to 1805. It closed/destroyed in the 1812 episode and is distinct from the rebuilt factory.
CHI-PRE1830-016-A05,CHI-PRE1830-016,year_demolished,1812,EOC_FUR_TRADE;ANDREAS_V1_EARLY,high,false,Andreas explicitly dates establishment of the federal factory to 1805. It closed/destroyed in the 1812 episode and is distinct from the rebuilt factory.
CHI-PRE1830-016-A06,CHI-PRE1830-016,fire_fate_1871,not_present,EOC_FUR_TRADE;ANDREAS_V1_EARLY,high,false,Andreas explicitly dates establishment of the federal factory to 1805. It closed/destroyed in the 1812 episode and is distinct from the rebuilt factory.
CHI-PRE1830-017-A01,CHI-PRE1830-017,existence_and_identity,Lee house near Fort Dearborn,ANDREAS_V1_EARLY,medium,true,"This house existed by 1804, was sold to Jean Baptiste Beaubien, and later served as a barn. Andreas does not establish its physical loss date."
CHI-PRE1830-017-A02,CHI-PRE1830-017,year_completed,1804,ANDREAS_V1_EARLY,medium,true,"This house existed by 1804, was sold to Jean Baptiste Beaubien, and later served as a barn. Andreas does not establish its physical loss date."
CHI-PRE1830-017-A03,CHI-PRE1830-017,historical_address,Near Fort Dearborn,ANDREAS_V1_EARLY,medium,true,"This house existed by 1804, was sold to Jean Baptiste Beaubien, and later served as a barn. Andreas does not establish its physical loss date."
CHI-PRE1830-017-A04,CHI-PRE1830-017,fire_fate_1871,not_present,ANDREAS_V1_EARLY,medium,true,"This house existed by 1804, was sold to Jean Baptiste Beaubien, and later served as a barn. Andreas does not establish its physical loss date."
CHI-PRE1830-018-A01,CHI-PRE1830-018,existence_and_identity,Lee farm cabin,ANDREAS_V1_EARLY,medium,true,One of five houses Andreas says existed outside the fort in 1812; later used by John Crafts as a trading house. Exact construction and loss dates are unknown.
CHI-PRE1830-018-A02,CHI-PRE1830-018,year_completed,1812,ANDREAS_V1_EARLY,medium,true,One of five houses Andreas says existed outside the fort in 1812; later used by John Crafts as a trading house. Exact construction and loss dates are unknown.
CHI-PRE1830-018-A03,CHI-PRE1830-018,historical_address,Lee farm at Hardscrabble on South Branch,ANDREAS_V1_EARLY,medium,true,One of five houses Andreas says existed outside the fort in 1812; later used by John Crafts as a trading house. Exact construction and loss dates are unknown.
CHI-PRE1830-018-A04,CHI-PRE1830-018,architect_or_builder,Lee_family,ANDREAS_V1_EARLY,medium,true,One of five houses Andreas says existed outside the fort in 1812; later used by John Crafts as a trading house. Exact construction and loss dates are unknown.
CHI-PRE1830-018-A05,CHI-PRE1830-018,fire_fate_1871,not_present,ANDREAS_V1_EARLY,medium,true,One of five houses Andreas says existed outside the fort in 1812; later used by John Crafts as a trading house. Exact construction and loss dates are unknown.
CHI-PRE1830-019-A01,CHI-PRE1830-019,existence_and_identity,Burns house,ANDREAS_V1_EARLY,medium,true,Among five non-fort houses listed by Andreas for 1812; occupied by Charles Jouett in 1817. Exact site and later fate are unresolved.
CHI-PRE1830-019-A02,CHI-PRE1830-019,year_completed,1812,ANDREAS_V1_EARLY,medium,true,Among five non-fort houses listed by Andreas for 1812; occupied by Charles Jouett in 1817. Exact site and later fate are unresolved.
CHI-PRE1830-019-A03,CHI-PRE1830-019,historical_address,Chicago River settlement; exact site unresolved,ANDREAS_V1_EARLY,medium,true,Among five non-fort houses listed by Andreas for 1812; occupied by Charles Jouett in 1817. Exact site and later fate are unresolved.
CHI-PRE1830-019-A04,CHI-PRE1830-019,architect_or_builder,Burns_family,ANDREAS_V1_EARLY,medium,true,Among five non-fort houses listed by Andreas for 1812; occupied by Charles Jouett in 1817. Exact site and later fate are unresolved.
CHI-PRE1830-019-A05,CHI-PRE1830-019,fire_fate_1871,not_present,ANDREAS_V1_EARLY,medium,true,Among five non-fort houses listed by Andreas for 1812; occupied by Charles Jouett in 1817. Exact site and later fate are unresolved.
CHI-PRE1830-020-A01,CHI-PRE1830-020,existence_and_identity,Fort Dearborn II,CITY_LANDMARK_FORT;EOC_FORT;CAC_FORT,high,true,"Rebuilt in 1816. Sources differ between 1856 and 1857 for final demolition, so year precision remains approximate."
CHI-PRE1830-020-A02,CHI-PRE1830-020,year_completed,1816,CITY_LANDMARK_FORT;EOC_FORT;CAC_FORT,high,true,"Rebuilt in 1816. Sources differ between 1856 and 1857 for final demolition, so year precision remains approximate."
CHI-PRE1830-020-A03,CHI-PRE1830-020,historical_address,South bank of Chicago River at river mouth,CITY_LANDMARK_FORT;EOC_FORT;CAC_FORT,high,true,"Rebuilt in 1816. Sources differ between 1856 and 1857 for final demolition, so year precision remains approximate."
CHI-PRE1830-020-A04,CHI-PRE1830-020,architect_or_builder,United States Army,CITY_LANDMARK_FORT;EOC_FORT;CAC_FORT,high,true,"Rebuilt in 1816. Sources differ between 1856 and 1857 for final demolition, so year precision remains approximate."
CHI-PRE1830-020-A05,CHI-PRE1830-020,year_demolished,1857,CITY_LANDMARK_FORT;EOC_FORT;CAC_FORT,high,true,"Rebuilt in 1816. Sources differ between 1856 and 1857 for final demolition, so year precision remains approximate."
CHI-PRE1830-020-A06,CHI-PRE1830-020,fire_fate_1871,not_present,CITY_LANDMARK_FORT;EOC_FORT;CAC_FORT,high,true,"Rebuilt in 1816. Sources differ between 1856 and 1857 for final demolition, so year precision remains approximate."
CHI-PRE1830-021-A01,CHI-PRE1830-021,existence_and_identity,United States Factory II,EOC_FUR_TRADE;ANDREAS_V1_EARLY,high,false,"The rebuilt federal factory closed in 1822, was sold in 1823, and passed through Whiting/American Fur Company/Beaubien ownership. Andreas indicates residential reuse to 1839; 1823 is not demolition."
CHI-PRE1830-021-A02,CHI-PRE1830-021,year_completed,1816,EOC_FUR_TRADE;ANDREAS_V1_EARLY,high,false,"The rebuilt federal factory closed in 1822, was sold in 1823, and passed through Whiting/American Fur Company/Beaubien ownership. Andreas indicates residential reuse to 1839; 1823 is not demolition."
CHI-PRE1830-021-A03,CHI-PRE1830-021,historical_address,Outside south wall of Fort Dearborn II,EOC_FUR_TRADE;ANDREAS_V1_EARLY,high,false,"The rebuilt federal factory closed in 1822, was sold in 1823, and passed through Whiting/American Fur Company/Beaubien ownership. Andreas indicates residential reuse to 1839; 1823 is not demolition."
CHI-PRE1830-021-A04,CHI-PRE1830-021,architect_or_builder,United States government,EOC_FUR_TRADE;ANDREAS_V1_EARLY,high,false,"The rebuilt federal factory closed in 1822, was sold in 1823, and passed through Whiting/American Fur Company/Beaubien ownership. Andreas indicates residential reuse to 1839; 1823 is not demolition."
CHI-PRE1830-021-A05,CHI-PRE1830-021,fire_fate_1871,not_present,EOC_FUR_TRADE;ANDREAS_V1_EARLY,high,false,"The rebuilt federal factory closed in 1822, was sold in 1823, and passed through Whiting/American Fur Company/Beaubien ownership. Andreas indicates residential reuse to 1839; 1823 is not demolition."
CHI-PRE1830-022-A01,CHI-PRE1830-022,existence_and_identity,Dean house,ANDREAS_V1_EARLY,medium,true,Andreas says an army contractor named Dean built the house in 1815 and Jean Baptiste Beaubien bought it in 1817. Final fate is unresolved.
CHI-PRE1830-022-A02,CHI-PRE1830-022,year_completed,1815,ANDREAS_V1_EARLY,medium,true,Andreas says an army contractor named Dean built the house in 1815 and Jean Baptiste Beaubien bought it in 1817. Final fate is unresolved.
CHI-PRE1830-022-A03,CHI-PRE1830-022,historical_address,Near foot of Randolph Street,ANDREAS_V1_EARLY,medium,true,Andreas says an army contractor named Dean built the house in 1815 and Jean Baptiste Beaubien bought it in 1817. Final fate is unresolved.
CHI-PRE1830-022-A04,CHI-PRE1830-022,architect_or_builder,Dean,ANDREAS_V1_EARLY,medium,true,Andreas says an army contractor named Dean built the house in 1815 and Jean Baptiste Beaubien bought it in 1817. Final fate is unresolved.
CHI-PRE1830-022-A05,CHI-PRE1830-022,fire_fate_1871,not_present,ANDREAS_V1_EARLY,medium,true,Andreas says an army contractor named Dean built the house in 1815 and Jean Baptiste Beaubien bought it in 1817. Final fate is unresolved.
CHI-PRE1830-023-A01,CHI-PRE1830-023,existence_and_identity,American Fur Company trading house,ANDREAS_V1_EARLY,high,true,Andreas explicitly dates a small American Fur Company trading house built by Beaubien to 1818. Do not confuse it with the federal factory building later acquired by the company.
CHI-PRE1830-023-A02,CHI-PRE1830-023,year_completed,1818,ANDREAS_V1_EARLY,high,true,Andreas explicitly dates a small American Fur Company trading house built by Beaubien to 1818. Do not confuse it with the federal factory building later acquired by the company.
CHI-PRE1830-023-A03,CHI-PRE1830-023,historical_address,Chicago River settlement; exact site unresolved,ANDREAS_V1_EARLY,high,true,Andreas explicitly dates a small American Fur Company trading house built by Beaubien to 1818. Do not confuse it with the federal factory building later acquired by the company.
CHI-PRE1830-023-A04,CHI-PRE1830-023,fire_fate_1871,not_present,ANDREAS_V1_EARLY,high,true,Andreas explicitly dates a small American Fur Company trading house built by Beaubien to 1818. Do not confuse it with the federal factory building later acquired by the company.
CHI-PRE1830-024-A01,CHI-PRE1830-024,existence_and_identity,Wolcott government agency house,ANDREAS_V1_EARLY,low,true,Andreas's footnote identifies Wolcott's government agency house and says Kinzie probably lived there while his own house deteriorated. It is not a duplicate Du Sable/Kinzie house; exact construction and loss dates are unknown.
CHI-PRE1830-024-A02,CHI-PRE1830-024,year_completed,1812,ANDREAS_V1_EARLY,low,true,Andreas's footnote identifies Wolcott's government agency house and says Kinzie probably lived there while his own house deteriorated. It is not a duplicate Du Sable/Kinzie house; exact construction and loss dates are unknown.
CHI-PRE1830-024-A03,CHI-PRE1830-024,historical_address,"Near Fort Dearborn, between the agency and Kinzie sites as described",ANDREAS_V1_EARLY,low,true,Andreas's footnote identifies Wolcott's government agency house and says Kinzie probably lived there while his own house deteriorated. It is not a duplicate Du Sable/Kinzie house; exact construction and loss dates are unknown.
CHI-PRE1830-024-A04,CHI-PRE1830-024,fire_fate_1871,not_present,ANDREAS_V1_EARLY,low,true,Andreas's footnote identifies Wolcott's government agency house and says Kinzie probably lived there while his own house deteriorated. It is not a duplicate Du Sable/Kinzie house; exact construction and loss dates are unknown.
CHI-PRE1830-025-A01,CHI-PRE1830-025,existence_and_identity,Beaubien cabin,ANDREAS_V1_EARLY,low,true,"The 1826 recollection proves a Beaubien cabin existed. It may be the former Factory II, Dean, or Lee house; keep unresolved until entity reconciliation."
CHI-PRE1830-025-A02,CHI-PRE1830-025,year_completed,1826,ANDREAS_V1_EARLY,low,true,"The 1826 recollection proves a Beaubien cabin existed. It may be the former Factory II, Dean, or Lee house; keep unresolved until entity reconciliation."
CHI-PRE1830-025-A03,CHI-PRE1830-025,historical_address,Near river mouth,ANDREAS_V1_EARLY,low,true,"The 1826 recollection proves a Beaubien cabin existed. It may be the former Factory II, Dean, or Lee house; keep unresolved until entity reconciliation."
CHI-PRE1830-025-A04,CHI-PRE1830-025,fire_fate_1871,not_present,ANDREAS_V1_EARLY,low,true,"The 1826 recollection proves a Beaubien cabin existed. It may be the former Factory II, Dean, or Lee house; keep unresolved until entity reconciliation."
CHI-PRE1830-026-A01,CHI-PRE1830-026,existence_and_identity,McKee-Porthier blacksmith shop,ANDREAS_V1_EARLY,medium,true,Identified as a blacksmith shop in Andreas's retrospective 1826 inventory; construction and loss dates are not stated.
CHI-PRE1830-026-A02,CHI-PRE1830-026,year_completed,1826,ANDREAS_V1_EARLY,medium,true,Identified as a blacksmith shop in Andreas's retrospective 1826 inventory; construction and loss dates are not stated.
CHI-PRE1830-026-A03,CHI-PRE1830-026,historical_address,Chicago River settlement; exact site unresolved,ANDREAS_V1_EARLY,medium,true,Identified as a blacksmith shop in Andreas's retrospective 1826 inventory; construction and loss dates are not stated.
CHI-PRE1830-026-A04,CHI-PRE1830-026,architect_or_builder,David McKee; Joseph Porthier,ANDREAS_V1_EARLY,medium,true,Identified as a blacksmith shop in Andreas's retrospective 1826 inventory; construction and loss dates are not stated.
CHI-PRE1830-026-A05,CHI-PRE1830-026,fire_fate_1871,not_present,ANDREAS_V1_EARLY,medium,true,Identified as a blacksmith shop in Andreas's retrospective 1826 inventory; construction and loss dates are not stated.
CHI-PRE1830-027-A01,CHI-PRE1830-027,existence_and_identity,James Kinzie-David Hall store cabin,ANDREAS_V1_EARLY,medium,true,Andreas's 1826 inventory identifies a store cabin at the forks. Exact parcel and fate are unresolved.
CHI-PRE1830-027-A02,CHI-PRE1830-027,year_completed,1826,ANDREAS_V1_EARLY,medium,true,Andreas's 1826 inventory identifies a store cabin at the forks. Exact parcel and fate are unresolved.
CHI-PRE1830-027-A03,CHI-PRE1830-027,historical_address,South side of the river at the forks,ANDREAS_V1_EARLY,medium,true,Andreas's 1826 inventory identifies a store cabin at the forks. Exact parcel and fate are unresolved.
CHI-PRE1830-027-A04,CHI-PRE1830-027,architect_or_builder,James Kinzie; David Hall,ANDREAS_V1_EARLY,medium,true,Andreas's 1826 inventory identifies a store cabin at the forks. Exact parcel and fate are unresolved.
CHI-PRE1830-027-A05,CHI-PRE1830-027,fire_fate_1871,not_present,ANDREAS_V1_EARLY,medium,true,Andreas's 1826 inventory identifies a store cabin at the forks. Exact parcel and fate are unresolved.
CHI-PRE1830-028-A01,CHI-PRE1830-028,existence_and_identity,Laframboise-occupied Hardscrabble cabin group,ANDREAS_V1_EARLY,medium,true,"Andreas says Hardscrabble had five or six cabins and several Laframboise occupants, of whom there were four. Four describes people, not four cabins; internal structure count remains unknown."
CHI-PRE1830-028-A02,CHI-PRE1830-028,year_completed,1826,ANDREAS_V1_EARLY,medium,true,"Andreas says Hardscrabble had five or six cabins and several Laframboise occupants, of whom there were four. Four describes people, not four cabins; internal structure count remains unknown."
CHI-PRE1830-028-A03,CHI-PRE1830-028,historical_address,Hardscrabble on South Branch,ANDREAS_V1_EARLY,medium,true,"Andreas says Hardscrabble had five or six cabins and several Laframboise occupants, of whom there were four. Four describes people, not four cabins; internal structure count remains unknown."
CHI-PRE1830-028-A04,CHI-PRE1830-028,architect_or_builder,Laframboise_family,ANDREAS_V1_EARLY,medium,true,"Andreas says Hardscrabble had five or six cabins and several Laframboise occupants, of whom there were four. Four describes people, not four cabins; internal structure count remains unknown."
CHI-PRE1830-028-A05,CHI-PRE1830-028,fire_fate_1871,not_present,ANDREAS_V1_EARLY,medium,true,"Andreas says Hardscrabble had five or six cabins and several Laframboise occupants, of whom there were four. Four describes people, not four cabins; internal structure count remains unknown."
CHI-PRE1830-029-A01,CHI-PRE1830-029,existence_and_identity,Wallace Hardscrabble cabin,ANDREAS_V1_EARLY,medium,true,"Named in Andreas's 1826 Hardscrabble inventory; exact construction date, footprint, and fate are unknown."
CHI-PRE1830-029-A02,CHI-PRE1830-029,year_completed,1826,ANDREAS_V1_EARLY,medium,true,"Named in Andreas's 1826 Hardscrabble inventory; exact construction date, footprint, and fate are unknown."
CHI-PRE1830-029-A03,CHI-PRE1830-029,historical_address,Hardscrabble on South Branch,ANDREAS_V1_EARLY,medium,true,"Named in Andreas's 1826 Hardscrabble inventory; exact construction date, footprint, and fate are unknown."
CHI-PRE1830-029-A04,CHI-PRE1830-029,architect_or_builder,Wallace,ANDREAS_V1_EARLY,medium,true,"Named in Andreas's 1826 Hardscrabble inventory; exact construction date, footprint, and fate are unknown."
CHI-PRE1830-029-A05,CHI-PRE1830-029,fire_fate_1871,not_present,ANDREAS_V1_EARLY,medium,true,"Named in Andreas's 1826 Hardscrabble inventory; exact construction date, footprint, and fate are unknown."
CHI-PRE1830-030-A01,CHI-PRE1830-030,existence_and_identity,Bernadus H. Laughton Hardscrabble cabin,ANDREAS_V1_EARLY,medium,true,"Named in Andreas's 1826 Hardscrabble inventory; exact construction date, footprint, and fate are unknown."
CHI-PRE1830-030-A02,CHI-PRE1830-030,year_completed,1826,ANDREAS_V1_EARLY,medium,true,"Named in Andreas's 1826 Hardscrabble inventory; exact construction date, footprint, and fate are unknown."
CHI-PRE1830-030-A03,CHI-PRE1830-030,historical_address,Hardscrabble on South Branch,ANDREAS_V1_EARLY,medium,true,"Named in Andreas's 1826 Hardscrabble inventory; exact construction date, footprint, and fate are unknown."
CHI-PRE1830-030-A04,CHI-PRE1830-030,architect_or_builder,Bernadus H. Laughton,ANDREAS_V1_EARLY,medium,true,"Named in Andreas's 1826 Hardscrabble inventory; exact construction date, footprint, and fate are unknown."
CHI-PRE1830-030-A05,CHI-PRE1830-030,fire_fate_1871,not_present,ANDREAS_V1_EARLY,medium,true,"Named in Andreas's 1826 Hardscrabble inventory; exact construction date, footprint, and fate are unknown."
CHI-PRE1830-031-A01,CHI-PRE1830-031,existence_and_identity,Chief Robinson-Galloway Hardscrabble cabin,ANDREAS_V1_EARLY,medium,true,Andreas describes the Galloway family occupying a Chief Robinson cabin in the 1826 inventory. Exact date and location are unresolved.
CHI-PRE1830-031-A02,CHI-PRE1830-031,year_completed,1826,ANDREAS_V1_EARLY,medium,true,Andreas describes the Galloway family occupying a Chief Robinson cabin in the 1826 inventory. Exact date and location are unresolved.
CHI-PRE1830-031-A03,CHI-PRE1830-031,historical_address,Hardscrabble on South Branch,ANDREAS_V1_EARLY,medium,true,Andreas describes the Galloway family occupying a Chief Robinson cabin in the 1826 inventory. Exact date and location are unresolved.
CHI-PRE1830-031-A04,CHI-PRE1830-031,architect_or_builder,Alexander Robinson; Galloway family,ANDREAS_V1_EARLY,medium,true,Andreas describes the Galloway family occupying a Chief Robinson cabin in the 1826 inventory. Exact date and location are unresolved.
CHI-PRE1830-031-A05,CHI-PRE1830-031,fire_fate_1871,not_present,ANDREAS_V1_EARLY,medium,true,Andreas describes the Galloway family occupying a Chief Robinson cabin in the 1826 inventory. Exact date and location are unresolved.
CHI-PRE1830-032-A01,CHI-PRE1830-032,existence_and_identity,Miller House,EOC_LIQUOR;EOC_HOTELS;ANDREAS_V1_EARLY,high,true,Andreas says the Miller House was built as early as 1827; record as present by 1827 rather than an exact completion. It functioned as a Wolf Point store and tavern.
CHI-PRE1830-032-A02,CHI-PRE1830-032,year_completed,1827,EOC_LIQUOR;EOC_HOTELS;ANDREAS_V1_EARLY,high,true,Andreas says the Miller House was built as early as 1827; record as present by 1827 rather than an exact completion. It functioned as a Wolf Point store and tavern.
CHI-PRE1830-032-A03,CHI-PRE1830-032,historical_address,"Wolf Point, west bank near river forks",EOC_LIQUOR;EOC_HOTELS;ANDREAS_V1_EARLY,high,true,Andreas says the Miller House was built as early as 1827; record as present by 1827 rather than an exact completion. It functioned as a Wolf Point store and tavern.
CHI-PRE1830-032-A04,CHI-PRE1830-032,architect_or_builder,Samuel Miller; Archibald Clybourne,EOC_LIQUOR;EOC_HOTELS;ANDREAS_V1_EARLY,high,true,Andreas says the Miller House was built as early as 1827; record as present by 1827 rather than an exact completion. It functioned as a Wolf Point store and tavern.
CHI-PRE1830-032-A05,CHI-PRE1830-032,fire_fate_1871,not_present,EOC_LIQUOR;EOC_HOTELS;ANDREAS_V1_EARLY,high,true,Andreas says the Miller House was built as early as 1827; record as present by 1827 rather than an exact completion. It functioned as a Wolf Point store and tavern.
CHI-PRE1830-033-A01,CHI-PRE1830-033,existence_and_identity,Wolf Tavern,EOC_HOTELS;ANDREAS_V1_EARLY,high,true,"Built in 1829 by Archibald Caldwell and James Kinzie, sold to James Kinzie, and opened by Elijah Wentworth as the Wolf Tavern in 1830. It is not Billy Caldwell's tavern and is not the Sauganash Hotel."
CHI-PRE1830-033-A02,CHI-PRE1830-033,year_completed,1829,EOC_HOTELS;ANDREAS_V1_EARLY,high,true,"Built in 1829 by Archibald Caldwell and James Kinzie, sold to James Kinzie, and opened by Elijah Wentworth as the Wolf Tavern in 1830. It is not Billy Caldwell's tavern and is not the Sauganash Hotel."
CHI-PRE1830-033-A03,CHI-PRE1830-033,historical_address,Wolf Point,EOC_HOTELS;ANDREAS_V1_EARLY,high,true,"Built in 1829 by Archibald Caldwell and James Kinzie, sold to James Kinzie, and opened by Elijah Wentworth as the Wolf Tavern in 1830. It is not Billy Caldwell's tavern and is not the Sauganash Hotel."
CHI-PRE1830-033-A04,CHI-PRE1830-033,architect_or_builder,Archibald Caldwell; James Kinzie,EOC_HOTELS;ANDREAS_V1_EARLY,high,true,"Built in 1829 by Archibald Caldwell and James Kinzie, sold to James Kinzie, and opened by Elijah Wentworth as the Wolf Tavern in 1830. It is not Billy Caldwell's tavern and is not the Sauganash Hotel."
CHI-PRE1830-033-A05,CHI-PRE1830-033,fire_fate_1871,not_present,EOC_HOTELS;ANDREAS_V1_EARLY,high,true,"Built in 1829 by Archibald Caldwell and James Kinzie, sold to James Kinzie, and opened by Elijah Wentworth as the Wolf Tavern in 1830. It is not Billy Caldwell's tavern and is not the Sauganash Hotel."
CHI-PRE1830-034-A01,CHI-PRE1830-034,existence_and_identity,Beaubien shanty warehouse,ANDREAS_V1_EARLY,medium,true,"The 1826 recollection separately identifies a cabin and a shanty warehouse; this is the warehouse component. Exact site, construction, and fate remain unresolved."
CHI-PRE1830-034-A02,CHI-PRE1830-034,year_completed,1826,ANDREAS_V1_EARLY,medium,true,"The 1826 recollection separately identifies a cabin and a shanty warehouse; this is the warehouse component. Exact site, construction, and fate remain unresolved."
CHI-PRE1830-034-A03,CHI-PRE1830-034,historical_address,Near river mouth,ANDREAS_V1_EARLY,medium,true,"The 1826 recollection separately identifies a cabin and a shanty warehouse; this is the warehouse component. Exact site, construction, and fate remain unresolved."
CHI-PRE1830-034-A04,CHI-PRE1830-034,fire_fate_1871,not_present_or_unresolved,ANDREAS_V1_EARLY,medium,true,"The 1826 recollection separately identifies a cabin and a shanty warehouse; this is the warehouse component. Exact site, construction, and fate remain unresolved."
CHI-PRE1830-035-A01,CHI-PRE1830-035,existence_and_identity,Bridges house,ANDREAS_V1_EARLY,low,true,"Andreas identifies a house occupied by Mr. Bridges in 1816. Personal identity, construction date, and final fate require scan and directory review."
CHI-PRE1830-035-A02,CHI-PRE1830-035,year_completed,1816,ANDREAS_V1_EARLY,low,true,"Andreas identifies a house occupied by Mr. Bridges in 1816. Personal identity, construction date, and final fate require scan and directory review."
CHI-PRE1830-035-A03,CHI-PRE1830-035,historical_address,Between the agency house and Kinzie house,ANDREAS_V1_EARLY,low,true,"Andreas identifies a house occupied by Mr. Bridges in 1816. Personal identity, construction date, and final fate require scan and directory review."
CHI-PRE1830-035-A04,CHI-PRE1830-035,fire_fate_1871,not_present_or_unresolved,ANDREAS_V1_EARLY,low,true,"Andreas identifies a house occupied by Mr. Bridges in 1816. Personal identity, construction date, and final fate require scan and directory review."
CHI-PRE1830-036-A01,CHI-PRE1830-036,existence_and_identity,Joseph Porthier residence,ANDREAS_V1_EARLY,medium,true,Andreas separately identifies Porthier's residence north of the river in the 1826 recollection; it is distinct from the McKee-Porthier blacksmith shop.
CHI-PRE1830-036-A02,CHI-PRE1830-036,year_completed,1826,ANDREAS_V1_EARLY,medium,true,Andreas separately identifies Porthier's residence north of the river in the 1826 recollection; it is distinct from the McKee-Porthier blacksmith shop.
CHI-PRE1830-036-A03,CHI-PRE1830-036,historical_address,North of the Chicago River,ANDREAS_V1_EARLY,medium,true,Andreas separately identifies Porthier's residence north of the river in the 1826 recollection; it is distinct from the McKee-Porthier blacksmith shop.
CHI-PRE1830-036-A04,CHI-PRE1830-036,fire_fate_1871,not_present_or_unresolved,ANDREAS_V1_EARLY,medium,true,Andreas separately identifies Porthier's residence north of the river in the 1826 recollection; it is distinct from the McKee-Porthier blacksmith shop.
CHI-PRE1830-037-A01,CHI-PRE1830-037,existence_and_identity,Clybourne North Branch cabin 1,ANDREAS_V1_EARLY,medium,true,One of two Clybourne cabins explicitly reported on the North Branch in Andreas's 1826 recollection.
CHI-PRE1830-037-A02,CHI-PRE1830-037,year_completed,1826,ANDREAS_V1_EARLY,medium,true,One of two Clybourne cabins explicitly reported on the North Branch in Andreas's 1826 recollection.
CHI-PRE1830-037-A03,CHI-PRE1830-037,historical_address,North Branch settlement,ANDREAS_V1_EARLY,medium,true,One of two Clybourne cabins explicitly reported on the North Branch in Andreas's 1826 recollection.
CHI-PRE1830-037-A04,CHI-PRE1830-037,fire_fate_1871,not_present_or_unresolved,ANDREAS_V1_EARLY,medium,true,One of two Clybourne cabins explicitly reported on the North Branch in Andreas's 1826 recollection.
CHI-PRE1830-038-A01,CHI-PRE1830-038,existence_and_identity,Clybourne North Branch cabin 2,ANDREAS_V1_EARLY,medium,true,Second of two Clybourne cabins explicitly reported on the North Branch in Andreas's 1826 recollection.
CHI-PRE1830-038-A02,CHI-PRE1830-038,year_completed,1826,ANDREAS_V1_EARLY,medium,true,Second of two Clybourne cabins explicitly reported on the North Branch in Andreas's 1826 recollection.
CHI-PRE1830-038-A03,CHI-PRE1830-038,historical_address,North Branch settlement,ANDREAS_V1_EARLY,medium,true,Second of two Clybourne cabins explicitly reported on the North Branch in Andreas's 1826 recollection.
CHI-PRE1830-038-A04,CHI-PRE1830-038,fire_fate_1871,not_present_or_unresolved,ANDREAS_V1_EARLY,medium,true,Second of two Clybourne cabins explicitly reported on the North Branch in Andreas's 1826 recollection.
CHI-PRE1830-039-A01,CHI-PRE1830-039,existence_and_identity,Unidentified Hardscrabble cabin,ANDREAS_V1_EARLY,low,true,Count-balancing candidate within Andreas's five-or-six Hardscrabble cabins. Identity is unknown and must not be assigned to a named occupant without further evidence.
CHI-PRE1830-039-A02,CHI-PRE1830-039,year_completed,1826,ANDREAS_V1_EARLY,low,true,Count-balancing candidate within Andreas's five-or-six Hardscrabble cabins. Identity is unknown and must not be assigned to a named occupant without further evidence.
CHI-PRE1830-039-A03,CHI-PRE1830-039,historical_address,Hardscrabble on South Branch,ANDREAS_V1_EARLY,low,true,Count-balancing candidate within Andreas's five-or-six Hardscrabble cabins. Identity is unknown and must not be assigned to a named occupant without further evidence.
CHI-PRE1830-039-A04,CHI-PRE1830-039,fire_fate_1871,not_present_or_unresolved,ANDREAS_V1_EARLY,low,true,Count-balancing candidate within Andreas's five-or-six Hardscrabble cabins. Identity is unknown and must not be assigned to a named occupant without further evidence.
CHI-PRE1830-040-A01,CHI-PRE1830-040,existence_and_identity,Billy Caldwell government frame house,ANDREAS_V1_EARLY,medium,true,Andreas says the government erected this house for Billy Caldwell in 1828 and discusses it as a possible first frame building; the priority claim is not adopted as certain.
CHI-PRE1830-040-A02,CHI-PRE1830-040,year_completed,1828,ANDREAS_V1_EARLY,medium,true,Andreas says the government erected this house for Billy Caldwell in 1828 and discusses it as a possible first frame building; the priority claim is not adopted as certain.
CHI-PRE1830-040-A03,CHI-PRE1830-040,historical_address,Near State Street and Chicago Avenue,ANDREAS_V1_EARLY,medium,true,Andreas says the government erected this house for Billy Caldwell in 1828 and discusses it as a possible first frame building; the priority claim is not adopted as certain.
CHI-PRE1830-040-A04,CHI-PRE1830-040,architect_or_builder,United States government,ANDREAS_V1_EARLY,medium,true,Andreas says the government erected this house for Billy Caldwell in 1828 and discusses it as a possible first frame building; the priority claim is not adopted as certain.
CHI-PRE1830-040-A05,CHI-PRE1830-040,fire_fate_1871,not_present_or_unresolved,ANDREAS_V1_EARLY,medium,true,Andreas says the government erected this house for Billy Caldwell in 1828 and discusses it as a possible first frame building; the priority claim is not adopted as certain.
