building_id,research_record_id,canonical_name,year_started,year_completed,completion_precision,year_demolished,demolition_precision,demolition_cause,status,address_historical,address_modern,latitude,longitude,building_type,original_use,architect_or_builder,owner_or_developer,structural_system,stories,fire_fate_1871,notes,confidence,needs_review
CHI-PRE1830-001,PRE1830-001,Marquette-Jolliet winter shelter,1674,1674,seasonal_approximate,1675,approximate,abandoned_or_dismantled,demolished,Portage-area site along the South Branch of the Chicago River; exact location debated,Approximate South Branch/Chicago Portage area,,,seasonal_shelter,winter_occupation,Jacques Marquette and companions,,wood and bark or other vernacular materials; form not documented,,not_present,"Marquette's journal documents the winter occupation, but neither an exact parcel nor a defensible architectural reconstruction survives. This record identifies the evidenced shelter episode, not a surveyed footprint.",medium,true
CHI-PRE1830-002,PRE1830-002,Jean Baptiste Point du Sable main house,,1779,before_or_by,,,,demolished_date_unknown,North bank of the Chicago River near its mouth,"Pioneer Court vicinity, 401 N Michigan Avenue",41.8898,-87.6248,house,residence_and_trading_post,Jean Baptiste Point du Sable and household,,log; approximately 22 by 40 feet; later enlarged,,not_present,"NPS documents a 22-by-40-foot log house and later compound. The NHL significant year establishes presence by 1779, not an exact construction year. Sold to Le Mai and acquired by John Kinzie in 1804; physical loss date is not established.",high,true
CHI-PRE1830-014,PRE1830-014,William Burnett trading house,,1798,before_or_by,,,,fate_unknown,Chicago River settlement; exact site unresolved,Chicago River near river mouth,,,trading_house,trade_and_residence,,William Burnett,log,1,not_present,Burnett's letter establishes that he had a Chicago house by 1798; Andreas only probably identifies it as the fourth cabin/trading hut remembered in 1803. The 1812 fate is not established.,low,true
CHI-PRE1830-006,PRE1830-006,Du Sable homestead bakehouse,,1800,before_or_by,,,,fate_unknown,"Du Sable compound, north bank near river mouth","Pioneer Court vicinity, 401 N Michigan Avenue",41.8898,-87.6248,bakehouse,food_preparation,Jean Baptiste Point du Sable and household,,wood,,not_present,Explicitly listed in the NPS nomination; individual dates and footprint are not preserved.,medium,true
CHI-PRE1830-003,PRE1830-003,Du Sable homestead barn 1,,1800,before_or_by,,,,fate_unknown,"Du Sable compound, north bank near river mouth","Pioneer Court vicinity, 401 N Michigan Avenue",41.8898,-87.6248,barn,agricultural_storage,Jean Baptiste Point du Sable and household,,wood,,not_present,"One of two barns explicitly listed in the NPS nomination. Individual construction and loss dates are not recorded; 1779 is an approximate compound date, not an exact completion date.",medium,true
CHI-PRE1830-004,PRE1830-004,Du Sable homestead barn 2,,1800,before_or_by,,,,fate_unknown,"Du Sable compound, north bank near river mouth","Pioneer Court vicinity, 401 N Michigan Avenue",41.8898,-87.6248,barn,agricultural_storage,Jean Baptiste Point du Sable and household,,wood,,not_present,Second of two barns explicitly listed in the NPS nomination. Individual construction and loss dates are not recorded.,medium,true
CHI-PRE1830-008,PRE1830-008,Du Sable homestead dairy,,1800,before_or_by,,,,fate_unknown,"Du Sable compound, north bank near river mouth","Pioneer Court vicinity, 401 N Michigan Avenue",41.8898,-87.6248,dairy,dairy_processing,Jean Baptiste Point du Sable and household,,wood,,not_present,Explicitly listed in the NPS nomination; individual dates and footprint are not preserved.,medium,true
CHI-PRE1830-005,PRE1830-005,Du Sable homestead horse mill,,1800,before_or_by,,,,fate_unknown,"Du Sable compound, north bank near river mouth","Pioneer Court vicinity, 401 N Michigan Avenue",41.8898,-87.6248,mill,grain_processing,Jean Baptiste Point du Sable and household,,wood; horse-powered,,not_present,Explicitly listed in the NPS nomination; individual dates and footprint are not preserved.,medium,true
CHI-PRE1830-009,PRE1830-009,Du Sable homestead poultry house,,1800,before_or_by,,,,fate_unknown,"Du Sable compound, north bank near river mouth","Pioneer Court vicinity, 401 N Michigan Avenue",41.8898,-87.6248,poultry_house,animal_husbandry,Jean Baptiste Point du Sable and household,,wood,,not_present,Explicitly listed in the NPS nomination; individual dates and footprint are not preserved.,medium,true
CHI-PRE1830-010,PRE1830-010,Du Sable homestead smokehouse,,1800,before_or_by,,,,fate_unknown,"Du Sable compound, north bank near river mouth","Pioneer Court vicinity, 401 N Michigan Avenue",41.8898,-87.6248,smokehouse,food_preservation,Jean Baptiste Point du Sable and household,,wood,,not_present,Explicitly listed in the NPS nomination; individual dates and footprint are not preserved.,medium,true
CHI-PRE1830-007,PRE1830-007,Du Sable homestead workshop,,1800,before_or_by,,,,fate_unknown,"Du Sable compound, north bank near river mouth","Pioneer Court vicinity, 401 N Michigan Avenue",41.8898,-87.6248,workshop,craft_and_repair,Jean Baptiste Point du Sable and household,,wood,,not_present,Explicitly listed in the NPS nomination; individual dates and footprint are not preserved.,medium,true
CHI-PRE1830-011,PRE1830-011,Unidentified tenth Du Sable compound building,,1800,before_or_by,,,,fate_unknown,"Du Sable compound, north bank near river mouth","Pioneer Court vicinity, 401 N Michigan Avenue",41.8898,-87.6248,outbuilding,unknown,Jean Baptiste Point du Sable and household,,wood,,not_present,The NPS nomination says the property consisted of ten buildings but enumerates only nine including the main house. This transparent count-balancing component has unknown function and fate; no stable is asserted.,low,true
CHI-PRE1830-012,PRE1830-012,Antoine Ouilmette cabin,,1803,before_or_by,,,,fate_unknown,North side of Chicago River near the lake,River North near river mouth,,,cabin,residence,Antoine Ouilmette,,log,1,not_present,Andreas identifies Ouilmette as one of four cabin/trading-hut occupants present when Fort Dearborn was established and says the house survived the 1812 attack. Construction year is not established.,medium,true
CHI-PRE1830-013,PRE1830-013,Guillaume Pettell cabin,,1803,before_or_by,,,,fate_unknown,Chicago River settlement; exact bank unresolved,Chicago River near river mouth,,,cabin,residence_and_trade,Guillaume Pettell,,log,1,not_present,"Identified by Andreas among the four cabins or traders' huts present in 1803. Exact site, construction date, and fate are unresolved.",medium,true
CHI-PRE1830-015,PRE1830-015,Fort Dearborn I,1803,1804,year_range,1812,exact,burned_after_battle,destroyed,South bank of Chicago River at river mouth,Michigan Avenue and Wacker Drive vicinity,41.8885,-87.6242,fort_complex,military_post,United States Army; plan attributed to John Whistler,United States government,"wood stockade, blockhouses, barracks, and service buildings",,not_present,Modeled as a complex because surviving sources do not support complete component-level identification. Built 1803-04 and destroyed in 1812.,high,false
CHI-PRE1830-017,PRE1830-017,Lee house near Fort Dearborn,1804,1804,before_or_by,,,,fate_unknown,Near Fort Dearborn,Michigan Avenue and Wacker Drive vicinity,,,house,residence,,Lee family,log,1,not_present,"This house existed by 1804, was sold to Jean Baptiste Beaubien, and later served as a barn. Andreas does not establish its physical loss date.",medium,true
CHI-PRE1830-016,PRE1830-016,United States Factory I,1805,1805,exact,1812,exact,burned_after_battle,destroyed,At or adjacent to first Fort Dearborn,Michigan Avenue and Wacker Drive vicinity,41.8885,-87.6242,trading_house,federal_indian_trade,United States government,United States Factory System,wood,,not_present,Andreas explicitly dates establishment of the federal factory to 1805. It closed/destroyed in the 1812 episode and is distinct from the rebuilt factory.,high,false
CHI-PRE1830-019,PRE1830-019,Burns house,,1812,before_or_by,,,,fate_unknown,Chicago River settlement; exact site unresolved,Chicago River near river mouth,,,house,residence,Burns_family,Burns_family,log,1,not_present,Among five non-fort houses listed by Andreas for 1812; occupied by Charles Jouett in 1817. Exact site and later fate are unresolved.,medium,true
CHI-PRE1830-018,PRE1830-018,Lee farm cabin,,1812,before_or_by,,,,fate_unknown,Lee farm at Hardscrabble on South Branch,South Branch near present Bridgeport,,,cabin,farm_residence_and_later_trade,Lee_family,Lee_family,log,1,not_present,One of five houses Andreas says existed outside the fort in 1812; later used by John Crafts as a trading house. Exact construction and loss dates are unknown.,medium,true
CHI-PRE1830-024,PRE1830-024,Wolcott government agency house,,1812,before_or_by,,,,fate_unknown,"Near Fort Dearborn, between the agency and Kinzie sites as described",Fort Dearborn vicinity,41.8898,-87.6248,house,residence,,United States government; Alexander Wolcott,double log house,1,not_present,Andreas's footnote identifies Wolcott's government agency house and says Kinzie probably lived there while his own house deteriorated. It is not a duplicate Du Sable/Kinzie house; exact construction and loss dates are unknown.,low,true
CHI-PRE1830-022,PRE1830-022,Dean house,1815,1815,exact,,,,fate_unknown,Near foot of Randolph Street,Randolph Street at Chicago River vicinity,,,house,residence_and_contracting,Dean,Dean,log,1,not_present,Andreas says an army contractor named Dean built the house in 1815 and Jean Baptiste Beaubien bought it in 1817. Final fate is unresolved.,medium,true
CHI-PRE1830-035,PRE1830-035,Bridges house,,1816,before_or_by,,,,fate_unknown,Between the agency house and Kinzie house,Fort Dearborn vicinity,,,house,residence,,Mr. Bridges,log or wood,,not_present_or_unresolved,"Andreas identifies a house occupied by Mr. Bridges in 1816. Personal identity, construction date, and final fate require scan and directory review.",low,true
CHI-PRE1830-020,PRE1830-020,Fort Dearborn II,1816,1816,exact,1857,approximate,decommissioned_and_demolished,demolished,South bank of Chicago River at river mouth,Michigan Avenue and Wacker Drive vicinity,41.8885,-87.6242,fort_complex,military_post,United States Army,United States government,"wood stockade, blockhouses, barracks, and service buildings",,not_present,"Rebuilt in 1816. Sources differ between 1856 and 1857 for final demolition, so year precision remains approximate.",high,true
CHI-PRE1830-021,PRE1830-021,United States Factory II,1816,1816,exact,,,,altered_repurposed,Outside south wall of Fort Dearborn II,Michigan Avenue and Wacker Drive vicinity,41.8885,-87.6242,trading_house,federal_indian_trade,United States government,United States Factory System,wood,,not_present,"The rebuilt federal factory closed in 1822, was sold in 1823, and passed through Whiting/American Fur Company/Beaubien ownership. Andreas indicates residential reuse to 1839; 1823 is not demolition.",high,false
CHI-PRE1830-023,PRE1830-023,American Fur Company trading house,1818,1818,exact,,,,fate_unknown,Chicago River settlement; exact site unresolved,Near Fort Dearborn,,,trading_house,fur_trade,,American Fur Company; Jean Baptiste Beaubien,wood,1,not_present,Andreas explicitly dates a small American Fur Company trading house built by Beaubien to 1818. Do not confuse it with the federal factory building later acquired by the company.,high,true
CHI-PRE1830-025,PRE1830-025,Beaubien cabin,,1826,before_or_by,,,,entity_reconciliation_needed,Near river mouth,Chicago River mouth vicinity,,,cabin,residence,,Jean_Baptiste_Beaubien,log,1,not_present,"The 1826 recollection proves a Beaubien cabin existed. It may be the former Factory II, Dean, or Lee house; keep unresolved until entity reconciliation.",low,true
CHI-PRE1830-034,PRE1830-034,Beaubien shanty warehouse,,1826,before_or_by,,,,fate_unknown,Near river mouth,Chicago River mouth vicinity,,,warehouse,storage,,Jean Baptiste Beaubien,wood shanty,,not_present_or_unresolved,"The 1826 recollection separately identifies a cabin and a shanty warehouse; this is the warehouse component. Exact site, construction, and fate remain unresolved.",medium,true
CHI-PRE1830-030,PRE1830-030,Bernadus H. Laughton Hardscrabble cabin,,1826,before_or_by,,,,fate_unknown,Hardscrabble on South Branch,South Branch near present Bridgeport,,,cabin,residence,Bernadus H. Laughton,Bernadus H. Laughton,log,1,not_present,"Named in Andreas's 1826 Hardscrabble inventory; exact construction date, footprint, and fate are unknown.",medium,true
CHI-PRE1830-031,PRE1830-031,Chief Robinson-Galloway Hardscrabble cabin,,1826,before_or_by,,,,fate_unknown,Hardscrabble on South Branch,South Branch near present Bridgeport,,,cabin,residence,Alexander Robinson; Galloway family,Alexander Robinson,log,1,not_present,Andreas describes the Galloway family occupying a Chief Robinson cabin in the 1826 inventory. Exact date and location are unresolved.,medium,true
CHI-PRE1830-037,PRE1830-037,Clybourne North Branch cabin 1,,1826,before_or_by,,,,fate_unknown,North Branch settlement,North Branch; exact site unresolved,,,cabin,residence,,Archibald Clybourne family,log,,not_present_or_unresolved,One of two Clybourne cabins explicitly reported on the North Branch in Andreas's 1826 recollection.,medium,true
CHI-PRE1830-038,PRE1830-038,Clybourne North Branch cabin 2,,1826,before_or_by,,,,fate_unknown,North Branch settlement,North Branch; exact site unresolved,,,cabin,residence,,Archibald Clybourne family,log,,not_present_or_unresolved,Second of two Clybourne cabins explicitly reported on the North Branch in Andreas's 1826 recollection.,medium,true
CHI-PRE1830-027,PRE1830-027,James Kinzie-David Hall store cabin,,1826,before_or_by,,,,fate_unknown,South side of the river at the forks,Chicago River forks vicinity,,,store,retail_and_trade,James Kinzie; David Hall,James Kinzie; David Hall,log,1,not_present,Andreas's 1826 inventory identifies a store cabin at the forks. Exact parcel and fate are unresolved.,medium,true
CHI-PRE1830-036,PRE1830-036,Joseph Porthier residence,,1826,before_or_by,,,,fate_unknown,North of the Chicago River,Near North Side; exact site unresolved,,,house,residence,,Joseph Porthier,log,,not_present_or_unresolved,Andreas separately identifies Porthier's residence north of the river in the 1826 recollection; it is distinct from the McKee-Porthier blacksmith shop.,medium,true
CHI-PRE1830-028,PRE1830-028,Laframboise-occupied Hardscrabble cabin group,,1826,before_or_by,,,,fate_unknown,Hardscrabble on South Branch,South Branch near present Bridgeport,,,cabin_group,residence,Laframboise_family,Laframboise_family,log,1,not_present,"Andreas says Hardscrabble had five or six cabins and several Laframboise occupants, of whom there were four. Four describes people, not four cabins; internal structure count remains unknown.",medium,true
CHI-PRE1830-026,PRE1830-026,McKee-Porthier blacksmith shop,,1826,before_or_by,,,,fate_unknown,Chicago River settlement; exact site unresolved,Chicago River near river mouth,,,blacksmith_shop,metalworking,David McKee; Joseph Porthier,David McKee; Joseph Porthier,log_or_frame,1,not_present,Identified as a blacksmith shop in Andreas's retrospective 1826 inventory; construction and loss dates are not stated.,medium,true
CHI-PRE1830-039,PRE1830-039,Unidentified Hardscrabble cabin,,1826,before_or_by,,,,fate_unknown,Hardscrabble on South Branch,South Branch near present Bridgeport,,,cabin,residence,,,log,,not_present_or_unresolved,Count-balancing candidate within Andreas's five-or-six Hardscrabble cabins. Identity is unknown and must not be assigned to a named occupant without further evidence.,low,true
CHI-PRE1830-029,PRE1830-029,Wallace Hardscrabble cabin,,1826,before_or_by,,,,fate_unknown,Hardscrabble on South Branch,South Branch near present Bridgeport,,,cabin,residence,Wallace,Wallace,log,1,not_present,"Named in Andreas's 1826 Hardscrabble inventory; exact construction date, footprint, and fate are unknown.",medium,true
CHI-PRE1830-032,PRE1830-032,Miller House,,1827,before_or_by,,,,fate_unknown,"Wolf Point, west bank near river forks",Wolf Point vicinity,,,tavern_and_store,lodging_retail_and_trade,Samuel Miller; Archibald Clybourne,Samuel Miller; Archibald Clybourne,log_or_frame,1,not_present,Andreas says the Miller House was built as early as 1827; record as present by 1827 rather than an exact completion. It functioned as a Wolf Point store and tavern.,high,true
CHI-PRE1830-040,PRE1830-040,Billy Caldwell government frame house,,1828,exact,,,,fate_unknown,Near State Street and Chicago Avenue,State Street and Chicago Avenue vicinity,,,house,residence,United States government,Billy Caldwell,frame,,not_present_or_unresolved,Andreas says the government erected this house for Billy Caldwell in 1828 and discusses it as a possible first frame building; the priority claim is not adopted as certain.,medium,true
CHI-PRE1830-033,PRE1830-033,Wolf Tavern,1829,1829,exact,,,,fate_unknown,Wolf Point,Wolf Point vicinity,,,tavern,lodging_food_and_drink,Archibald Caldwell; James Kinzie,Archibald Caldwell; James Kinzie,log_or_frame,1,not_present,"Built in 1829 by Archibald Caldwell and James Kinzie, sold to James Kinzie, and opened by Elijah Wentworth as the Wolf Tavern in 1830. It is not Billy Caldwell's tavern and is not the Sauganash Hotel.",high,true
CHI-B1830-004,B1830_004,Madore Beaubien log store and tailor shop,,1831,exact,,unknown,,unknown,Lot 1 at southwest corner of South Water and Dearborn Streets,Near present Wacker Drive and Dearborn Street,,,mixed-use commercial,store and tailor shop,,Madore Beaubien,log; two rooms,1,unknown,Verified: first building on Lot 1; one room was a store and the other Anson H. Taylor's tailor shop.,high,false
CHI-B1830-006,B1830_006,Mansion House,,1831,exact,,unknown,,relocated/altered,84-86 Lake Street near Dearborn Street,Northwest corner of Lake Street and Michigan Avenue after 1850 move,,,hotel/tavern,lodging and tavern,,Dexter Graves,log core with frame front addition added 1833,2,unknown,Verified: built in 1831; a frame front was added in 1833. The greater portion moved in 1850 and was known as the Dearborn House. Final fate is not established in the cited passage.,high,true
CHI-B1830-003,B1830_003,P. F. W. Peck log store,,1831,exact,,unknown,,unknown,Near Fort Dearborn,Fort Dearborn vicinity,,,store,retail and trading,,P. F. W. Peck,log,1,unknown,Verified: Andreas explicitly identifies a small log store built by Peck in 1831. Exact lot and later fate are not given.,high,true
CHI-B1830-005,B1830_005,Sauganash Hotel,,1831,exact,1851,exact,Fire on March 4,destroyed,Southeast corner of Lake and Market Streets,Near Lake Street at today's Wacker Drive,,,hotel/tavern,"lodging, dining, and public assembly",,Mark Beaubien,frame addition incorporating an earlier log cabin,2,not exposed,Verified: the frame hotel was erected in 1831 around/adjacent to an earlier cabin and burned in 1851. Andreas reports a contemporary claim that it was Chicago's first frame building but also notes an earlier frame house for Billy Caldwell; the priority claim is therefore not adopted as fact.,high,false
CHI-B1830-002,B1830_002,Chicago Lighthouse,1831,1832,exact,1852,exact,Replaced by a new lighthouse,demolished/replaced,North end of Fort Dearborn reservation on south bank near river mouth,Near present Michigan Avenue and Wacker Drive,,,lighthouse,navigation aid,Samuel Jackson,United States government,masonry tower,,not exposed,Verified: the replacement tower was 40 feet high and completed in 1832; the Encyclopedia independently identifies Chicago's first operating lighthouse in 1832. Andreas records an earlier failed tower under the same appropriation.,high,false
CHI-B1830-007,B1830_007,South Branch log bridge,,1832,exact,,unknown,,demolished/replaced,"Across South Branch between Randolph and Lake Streets, nearer Randolph",Near present Randolph Street crossing of South Branch,,,bridge,road and team crossing,Anson Taylor; Charles Taylor,Local subscription; Potawatomi contributors,log,,not exposed,"Verified: built in 1832 for $486.20, including $200 contributed by Potawatomi residents; described as the only team bridge before 1834. A chronological-index statement elsewhere suggests 1830, but the detailed narrative's 1832 date is retained and the conflict flagged.",medium,true
CHI-B1830-014,B1830_014,First Cook County jail,,1833,seasonal_exact,,unknown,,demolished/replaced,Northwest corner of the Public Square,"Public Square bounded by Clark, Randolph, LaSalle, and Washington Streets",,,jail,county detention,,Cook County,log with later separate oaken cell addition,1,not exposed,"Verified: erected in fall 1833; a separate oak-cell addition followed. It had been superseded before the fire era, but exact removal date is not established here.",high,true
CHI-B1830-011,B1830_011,First Presbyterian Church,1833,1833,seasonal_approximate,,unknown,,demolished/replaced,"Lot 1, Block 34, southwest corner of Lake and Clark Streets",Southwest corner of Lake and Clark Streets,,,church,Presbyterian worship,Joseph Meeker,First Presbyterian Church,frame; approximately 30 by 40 feet,1,not exposed,"Verified: completed in late fall or early winter 1833 and dedicated January 4, 1834; cost about $600. Later church construction makes exposure of this original building to the 1871 fire unlikely, but a precise demolition date requires follow-up.",high,true
CHI-B1830-010,B1830_010,First St. Mary's Catholic Church,1833,1833,seasonal_exact,,unknown,,relocated/altered,Near southwest corner of Lake and State Streets,"Later moved to Michigan Avenue and Madison Street, then Wabash Avenue and Madison Street",,,church,Roman Catholic worship,Augustine Deodat Taylor,St. Mary's congregation,frame; approximately 25 by 35 feet,1,unknown,Verified: frame raised in August and sufficiently complete for October 1833 dedication; cost about $400. It was later moved and enlarged more than once. Exact final disposition of the original fabric is not established.,high,true
CHI-B1830-013,B1830_013,First Tremont House,,1833,exact,1839,exact,Fire on October 27,destroyed,Northwest corner of Lake and Dearborn Streets,Northwest corner of Lake and Dearborn Streets,,,hotel,lodging,,Alanson Sweet,wood/frame,3,not exposed,"Verified: the first Tremont was built in 1833 and destroyed by fire October 27, 1839.",high,false
CHI-B1830-012,B1830_012,Green Tree Tavern,,1833,exact,,unknown,,relocated; later destroyed,"Lot 7, Block 22, northeast corner of North Canal and West Lake Streets",Moved in 1880 to 33-37 Milwaukee Avenue,,,hotel/tavern,lodging and tavern,,James Kinzie; leased to David Clock,log,2,survived,"Verified: built by James Kinzie in 1833 and moved in 1880; Andreas reported it extant in 1884, proving survival of the 1871 fire. Later destruction/collapse is outside the cited record and should be verified before adding a demolition year.",high,false
CHI-B1830-015,B1830_015,John Bates house,,1833,seasonal_exact,,unknown,,unknown,Canal Street,"Canal Street, exact lot unknown",,,house,residence,,John Bates; sold to Chief Joseph Laframboise,frame; Green Bay lumber,,unknown,"Verified: first house on Canal Street in fall 1833; lumber reportedly cost $700. Sold to Chief Joseph Laframboise, whose family occupied it until 1836 emigration.",high,true
CHI-B1830-008,B1830_008,John Watkins public school building,,1833,exact,,unknown,,unknown,Riverbank just east of Clark Street,Near Clark Street and the Chicago River,,,school,public school,,Colonels Richard J. Hamilton and William B. Ogden/Owen as reported,likely frame,1,unknown,Verified: Andreas says Hamilton and Owen erected the building in 1833 and John Watkins used it as a public school. The OCR/name reading 'Owen' should be checked against the scan because other Chicago school histories associate William B. Ogden with early school trustees.,medium,true
CHI-B1830-016,B1830_016,Miller and Hall tannery shed,,1833,active_by,,unknown,,unknown,Near Miller's tavern at Wolf Point,Wolf Point vicinity,,,industrial building,tannery,John Miller; Benjamin Hall,John Miller; Benjamin Hall,shed/log or frame not stated,1,unknown,Verified: a tannery shed near Miller's tavern is described as the only manufactory in 1833. Construction year is not stated; 1833 is an active-by date rather than asserted completion.,medium,true
CHI-B1830-009,B1830_009,Temple Building,,1833,exact,,unknown,,unknown,Southeast corner of Franklin and South Water Streets,Near Franklin Street and Wacker Drive,,,assembly/education building,religious meetings and school,,John T. Temple,frame,2,unknown,Verified: erected in 1833; lower hall hosted several congregations and the upper story was a schoolroom. Andreas calls it the earliest Chicago structure specially dedicated to religious and educational use.,high,true
CHI-B1830-021,B1830_021,Briggs and Humphrey wagon shop,,1834,seasonal_exact,,unknown,,unknown,Randolph Street,"Randolph Street, exact lot unknown",,,industrial workshop,wagon and carriage manufacture,,Briggs and Humphrey,frame or log not stated,,unknown,Verified: manufacturing history dates the Randolph Street shop to spring 1834. Exact address and fabric are not supplied.,high,true
CHI-B1830-018,B1830_018,Dearborn Street drawbridge,1834,1834,exact,1839,exact,Removed/demolished,demolished,Chicago River at Dearborn Street,Dearborn Street at Chicago River,,,bridge,road crossing,William Norton,Town of Chicago,timber drawbridge,,not exposed,Verified: constructed in March 1834 by William Norton and demolished in 1839.,high,false
CHI-B1830-019,B1830_019,Exchange Coffee House,,1834,exact,,unknown,,unknown,Northwest corner of Wells and Lake Streets,Northwest corner of Wells and Lake Streets,,,hotel/tavern,"lodging, tavern, and coffee house",,Mark Beaubien,frame,2,unknown,Verified: completed in 1834 and first operated in August by John and Harriet Murphy. Later fate is not established in the cited account.,high,true
CHI-B1830-017,B1830_017,First Chicago harbor south pier section,1833,1834,range,,unknown,,demolished/rebuilt,South side of the Chicago River mouth,Chicago River mouth,,,harbor infrastructure,navigation and river-mouth stabilization,U.S. Army engineers,United States government,timber crib/pier construction,,not exposed,"Verified: pier work was underway in 1833; the Encyclopedia states the Army Corps completed the initial channel work in 1834. This row represents an infrastructure segment, not a conventional building.",medium,true
CHI-B1830-020,B1830_020,First Methodist Episcopal Church,1834,1834,exact,,unknown,,relocated/altered,North Water and Clark Streets,Moved in summer 1838 to Clark and Washington Streets,,,church,Methodist worship,Henry Whitehead; John Stewart,Methodist Episcopal congregation,frame; 26 by 38 feet; 12-foot posts,1,unknown,"Verified: building contract dated June 30, 1834 for $580; completed for use that year. Moved across the river on scows in summer 1838 and enlarged. This corrects the inherited asset's unsupported 1836 date.",high,true
CHI-B1830-022,B1830_022,New York House,1834,1834,exact,,unknown,,unknown,Address not established in cited passage,,,,hotel,lodging and stage-house service,,Lathrop Johnson; George Stevens,frame,2,unknown,Verified: built in 1834 and opened in 1835 by Lathrop Johnson and George Stevens. Exact location and fate need additional directory/deed research.,medium,true
CHI-B1830-026,B1830_026,Chicago Furnace,1835,1835,seasonal_exact,,unknown,,unknown,Polk Street on west side of South Branch,Polk Street near South Branch,,,foundry,iron casting,,"Jones, King & Co.; William H. Stow & Co.",industrial frame/masonry not stated,,unknown,Verified: erected in fall 1835 and produced its first castings in December. Later fate and exact parcel are not given.,high,true
CHI-B1830-024,B1830_024,First Cook County Courthouse,1835,1835,seasonal_exact,,unknown,,demolished/replaced,Northeast corner of Public Square at Clark and Randolph Streets,Clark and Randolph Streets,,,courthouse,county offices and court,,Cook County,brick; approximately 30 by 60 feet; wood Doric portico,1 plus basement,not exposed,"Verified: completed in fall 1835, with offices below and a courtroom seating about 200 above. It was superseded before 1871; exact demolition/removal date requires follow-up.",high,true
CHI-B1830-023,B1830_023,John S. Wright schoolhouse,,1835,exact,,unknown,,demolished/replaced,Clark Street just south of Lake Street,Clark Street south of Lake Street,,,school,public/infant school,,John S. Wright,frame,1,not exposed,"Verified: first Chicago building erected specifically for school purposes, financed privately, with Ruth Leavenworth teaching. It is not the later 1845 Dearborn School known as 'Miltimore's Folly.'",high,true
CHI-B1830-027,B1830_027,Western Hotel,,1835,circa,,unknown,,extant in 1884; later fate unknown,Southeast corner of Canal and Randolph Streets,Southeast corner of Canal and Randolph Streets,,,hotel,lodging,,William H. Stow,frame,2,survived,"Verified: built about 1835; partially burned and rebuilt in 1854; Andreas reported it still standing in 1884, proving survival of the 1871 fire.",high,false
CHI-B1830-028,B1830_028,District No. 4 temporary public schoolhouse,1836,1836,seasonal_exact,1845,circa,Sold and removed/reused after becoming dilapidated,demolished/removed,"Lot 2, Block 142, First Ward, attribution in later school records",Later Tribune/McVicker block vicinity; exact modern frontage requires parcel verification,,,school,public school,,School District No. 4 / City of Chicago,small frame building,1,not exposed,Verified: built in fall 1836 using $200 borrowed funds and for several years the city's only owned schoolhouse; sold about 1845 for $40. Lot attribution is reported in the school history but should be checked against the original plat.,high,true
CHI-B1830-025,B1830_025,First fire engine house,1835,1836,range,,unknown,,demolished/replaced,Public Square,"Public Square bounded by Clark, Randolph, LaSalle, and Washington Streets",,,fire station,housing fire engine and equipment,,Town of Chicago,material not stated,1,not exposed,Verified: an engine house costing $200 was completed by 1836 and stood on the Public Square by 1837. Exact completion date within 1835-36 is not clear.,medium,true
CHI-B1830-031,B1830_031,Harmon and Loomis Block,,1836,active_by,,unknown,,unknown,South Water Street,"South Water Street, exact frontage unknown",,,commercial block,stores,,Harmon and Loomis,brick,4,unknown,"Verified: specifically listed among 1836 improvements as a block of four-story brick stores. Exact construction date, lot, and fate need directory/deed research.",medium,true
CHI-B1830-035,B1830_035,Henry B. Clarke House,,1836,circa,,,,extant,Originally near Michigan Avenue and 16th Street; later 4500 block South Wabash,1855 South Indiana Avenue,,,house,residence,Unknown,Henry B. Clarke,Greek Revival; frame,2,survived,"Verified by official landmark record: built circa 1836, moved twice, and now operated as a house museum. It is among the few surviving pre-fire Chicago structures.",high,false
CHI-B1830-029,B1830_029,Lake House,1835,1836,seasonal_exact,1871,exact,Great Chicago Fire,destroyed,"At Kinzie, Rush, and Michigan Streets, facing Michigan Avenue",Near Kinzie Street and Michigan Avenue,,,hotel,lodging,Builder not named; later architectural recollections by J. M. Van Osdel,Gurdon S. Hubbard; David S. Hunter; John H. Kinzie; W. B. Egan; James B. Campbell,brick; approximately 80 by 100 feet,3 plus basement; another recollection says 4,destroyed,Verified: completed/opened in autumn 1836; remodeled in 1854 with an added story and cupola; destroyed in the 1871 fire. Source conflict: hotel chapter says three stories plus basement while architectural recollection calls it four stories.,high,true
CHI-B1830-030,B1830_030,Steele's Block,,1836,active_by,,unknown,,unknown,Lake Street,"Lake Street, exact frontage unknown",,,commercial block,stores,,Steele,brick,4,unknown,Verified: specifically listed among 1836 improvements as a block of four-story brick stores. Construction completion may have occurred in 1836 or immediately before the report; exact address/fate need directory research.,medium,true
CHI-B1830-044,B1830_044,Archibald Clybourn residence,,1837,active_by,,unknown,,unknown,Extreme northwest part of the city,"North Branch/Clybourn vicinity, exact lot unknown",,,house,residence,,Archibald Clybourn,brick,,unknown,"Verified: listed among brick buildings standing in spring 1837. The finding aid identifies a Clybourn house image, but matching it to this structure needs visual/catalog verification.",medium,true
CHI-B1830-052,B1830_052,Bigelow's Building,,1837,active_by,,unknown,,unknown,Clark Street between Lake and South Water Streets,Clark Street between Lake Street and Wacker Drive,,,commercial/office building,post office and commercial uses,,Bigelow,material not stated,,unknown,"Verified: the post office moved here in May 1837. The cited source establishes existence/use by that date, not exact construction.",medium,true
CHI-B1830-047,B1830_047,Charles Chapman residence,,1837,active_by,,unknown,,unknown,Southwest corner of Randolph and Wells Streets,Southwest corner of Randolph and Wells Streets,,,house,residence,,Charles Chapman,brick,3,unknown,Verified: listed among brick buildings standing in spring 1837. Exact completion date and fate are not given.,medium,true
CHI-B1830-038,B1830_038,Charles Morgan furniture factory,,1837,seasonal_exact,1852,exact,Fire,destroyed,Lake Street,"Lake Street, exact frontage unknown",,,factory,furniture manufacture,,Charles Morgan,material not stated,,not exposed,Verified: manufacture began in a Lake Street factory in spring 1837; the factory burned in 1852 and was rebuilt.,high,true
CHI-B1830-032,B1830_032,City Hotel,1836,1837,range,,unknown,,altered/replaced,Opposite courthouse at Clark and Randolph Streets,Clark and Randolph Streets,,,hotel,lodging,,Francis C. Sherman,brick,2 initially,unknown,Verified: built in 1836-37 and opened in December 1837 under Jacob Russell; enlarged by two stories and renamed Sherman House in 1844. The original fabric's final disposition needs a later-volume check.,high,true
CHI-B1830-049,B1830_049,Frontless Block,,1837,active_by,,unknown,,altered,"North Division, exact location not stated",,,,commercial/residential block,stores converted or repaired as dwellings,J. M. Van Osdel repaired/reconfigured,Owner unknown,brick; three-building group,3,unknown,Verified: three attached/adjacent buildings stood in spring 1837 after their store fronts failed from frost; Van Osdel repaired/reconfigured them as dwellings. Exact location and original builder are unresolved.,medium,true
CHI-B1830-043,B1830_043,Joseph Laframboise residence,,1837,active_by,,unknown,,unknown,Jackson and Canal Streets,Jackson Boulevard and Canal Street,,,house,residence,,Joseph Laframboise,brick,2,unknown,Verified: listed among brick buildings standing in spring 1837. Exact completion and fate are not supplied.,medium,true
CHI-B1830-033,B1830_033,Lyman and Gage flour mill,1836,1837,exact,,unknown,,unknown,West bank of South Branch at west end of later Van Buren Street bridge,South Branch near Van Buren Street,,,mill,steam flour milling,Elihu Granger,Lyman and Gage,industrial mill construction; material not stated,,unknown,Verified: built during winter 1836-37 and completed February 1837.,high,true
CHI-B1830-050,B1830_050,North Water Street brick store pair,,1837,active_by,,unknown,,unknown,North Water Street near foot of Cass Street,Near Wacker Drive and Wabash Avenue,,,commercial buildings,stores,,Owners unknown,brick,2,unknown,Verified: two two-story brick stores are listed in the spring 1837 inventory. They are recorded as one paired/group record because individual names and parcels are absent.,medium,true
CHI-B1830-048,B1830_048,P. F. W. Peck residence,,1837,active_by,,unknown,,unknown,Southwest corner of LaSalle and Washington Streets,Southwest corner of LaSalle and Washington Streets,,,house,residence,,P. F. W. Peck,brick,2,unknown,Verified: listed among brick buildings standing in spring 1837. Exact completion date and fate are not given.,medium,true
CHI-B1830-045,B1830_045,Peter Pruyn building,,1837,active_by,,unknown,,unknown,"South Division, exact location not stated",,,,mixed-use/unknown,use not stated,,Peter Pruyn,brick,2,unknown,"Verified: listed in the spring 1837 brick-building inventory. Address, use, exact completion, and fate are unresolved.",low,true
CHI-B1830-046,B1830_046,Saloon Building,,1837,active_by,,unknown,,unknown,South Division; later accounts associate it with Clark Street between Lake and South Water,"Clark Street between Lake Street and Wacker Drive, approximate",,,assembly/commercial building,public hall and commercial uses,,Owner not established in cited passage,brick,4,unknown,Verified: listed as a four-story brick building in spring 1837; the post-office account places the later Saloon Building near Bigelow's Building on Clark. Exact parcel and construction date require directory/deed reconciliation.,medium,true
CHI-B1830-051,B1830_051,South Water and LaSalle three-story building,,1837,active_by,,unknown,,unknown,Southwest corner of South Water and LaSalle Streets,Southwest corner of Wacker Drive and LaSalle Street,,,commercial building,use not stated,,Owner unknown,brick,3,unknown,"Verified: listed among brick buildings standing in spring 1837. Exact completion, use, owner, and fate remain unresolved.",medium,true
CHI-B1830-036,B1830_036,St. James Episcopal Church,1837,1837,exact,1857,approximate,Replaced by a new church building,demolished/replaced,Cass and Illinois Streets,Wabash Avenue and Illinois Street vicinity,,,church,Episcopal worship,Augustine Deodat Taylor,St. James congregation,brick; Gothic; 44 by 64 feet; tower and bell,1,not exposed,"Verified: erected and dedicated June 25, 1837; described as Chicago's first brick church. A replacement building was erected in 1857, so the original was not exposed to the 1871 fire.",high,false
CHI-B1830-034,B1830_034,William B. Ogden House,1836,1837,exact,1871,inferred,Great Chicago Fire,destroyed,"Center of Block 35, Kinzie Addition, bounded by Rush, Ontario, Cass, and Erie Streets","Block bounded by Rush, Ontario, Wabash, and Erie Streets",,,house,residence,J. M. Van Osdel,William B. Ogden,Greek Revival; near-square plan; columned recessed porches; observatory,2,destroyed,"Verified: plans made in fall 1836 and construction supervised/completed in 1837; Andreas says it still stood when the Great Fire began. Inference: Andreas also says the fire destroyed nearly every pre-1838 building, so destruction in 1871 is recorded as inferred rather than directly stated.",medium,true
CHI-B1830-042,B1830_042,William Norton residence,,1837,active_by,,unknown,,unknown,Indiana Street near Dearborn Street,Grand Avenue vicinity near Dearborn Street,,,house,residence,,William Norton,brick,2,unknown,"Verified: listed among the brick buildings standing in spring 1837. The construction year is only an active-by bound, not an exact completion date.",medium,true
CHI-B1830-041,B1830_041,Illinois and Michigan Canal south-channel origin,1836,1838,range,,,,extant archaeological/infrastructure site,South fork of South Branch at canal origin,2800 South Ashland Avenue along south fork of South Branch,,,canal infrastructure,transportation canal and turning basin approach,Canal commissioners and contractors,State of Illinois / Illinois and Michigan Canal,excavated earth channel with later masonry and industrial remains,,survived,"Verified by official landmark record: south channel excavated 1836-38. This is a landscape/infrastructure record included for the requested year-by-year city model, not a conventional building.",high,false
CHI-B1830-040,B1830_040,Illinois-Indiana State Line Boundary Marker,,1838,exact,,,,extant/relocated,State line near Lake Michigan,"Avenue G near 103rd Street, approximately 191 feet north of original position",,,monument/marker,boundary survey marker,Office of the U.S. Surveyor-General,United States government,sandstone obelisk,,survived,Verified by official landmark record: erected in 1838 and moved about 191 feet north in 1988 while remaining on the state line. Survived because it lay far outside the 1871 burn district.,high,false
CHI-B1830-039,B1830_039,"Ira Miltimore sash, door, and blind factory",1837,1838,range,1842,exact,Fire in July,destroyed,South Branch,"South Branch, exact bank/lot unknown",,,factory,"sash, door, and blind manufacture",,Ira Miltimore; acquired David Scott operation in 1838,material not stated,,not exposed,"Verified: business established in 1837 or 1838, with Miltimore acquiring David Scott's works in 1838; burned July 1842. This industrial building is unrelated to the 1845 Dearborn School nickname 'Miltimore's Folly.'",medium,true
CHI-B1830-037,B1830_037,St. James parsonage,,1838,exact,,unknown,,unknown,Church lots at Cass and Illinois Streets,Wabash Avenue and Illinois Street vicinity,,,parsonage,clergy residence,,St. James congregation,material not stated,,unknown,"Verified: erected in 1838 using funds remaining after church construction. Size, builder, and fate are not stated in the cited passage.",high,true
CHI-B1830-053,B1830_053,Elihu Granger foundry and finishing shop,,1839,exact,,unknown,,unknown,North Water Street west of Clark Street bridge,Near Wacker Drive west of Clark Street,,,foundry,machine finishing and metalwork,Elihu Granger,Elihu Granger,industrial construction; material not stated,,unknown,"Verified: built in 1839. An 1839 directory also places Granger's foundry on North Water near LaSalle, a minor location discrepancy requiring directory/plat reconciliation.",medium,true
CHI-B1830-055,B1830_055,Lake Street Greek Revival business block,,1839,exact,,unknown,,relocated; later fate unknown,Originally Lake Street; moved before 1871 to State Street near Twelfth Street,State Street near Roosevelt Road after move,,,commercial block,stores/business,Architect/builder unknown,Owner unknown,"Greek Revival with Ionic-derived cornice, pediment, entablature, and frieze",,survived,"Verified: Andreas calls it the finest business block erected in 1839 and says it was moved to State near Twelfth before the fire, where it survived 1871. Name, original frontage, owner, and final fate require further research.",medium,true
CHI-B1830-054,B1830_054,Rankin Brothers brass foundry,,1839,circa,,unknown,,unknown,Corner of Clark and Illinois Streets; 1839 directory lists 55 Clark Street,Clark Street and Illinois Street,,,foundry,brass casting,,Rankin Brothers,industrial construction; material not stated,,unknown,Verified: described as established about 1839; directory address provides an active-by check. Exact completion date and fate are unknown.,medium,true
CHI-CHI1840-006,CHI1840-006,American Temperance House,1840,1840,approximate,1861,exact,redevelopment,demolished,northwest corner Lake Street and Wabash Avenue,Lake Street and Wabash Avenue,,,hotel,temperance hotel,,Asher Rossetter,wood frame,,not present,Built in 1840 and opened in spring 1841; Andreas says it was torn down in 1861 for a business block. Printed p. 636.,high,false
CHI-CHI1840-003,CHI1840-003,Clark Street floating bridge,1840,1840,exact,1849,exact,ice and flood,demolished,Clark Street crossing of Chicago River,Clark Street at Chicago River,,,bridge,transportation crossing,William B. Ogden (principal promoter and work leader),City of Chicago,floating swing or pontoon bridge,,not present,"Pile driving began April 18, 1840; cost about $3,000. Andreas describes it as the first floating bridge in the West and says it was swept away in the 1849 flood. Printed pp. 198-200.",high,false
CHI-CHI1840-002,CHI1840-002,First Unitarian Church,1840,1840,exact,,,unknown,unknown,Washington Street between Clark and Dearborn streets,,,,church,religious,Alexander Lloyd (contractor),First Unitarian Society,,one main story plus tower,uncertain,"Built in fall 1840 for $3,758.45 and dedicated May 3, 1841. A tower was erected late in 1844, a bell hung December 31, 1844, and a steeple added in 1845 for $461. Andreas printed pp. 343-345.",high,true
CHI-CHI1840-004,CHI1840-004,Gurdon S. Hubbard packing house,,1840,exact,,,unknown,unknown,South Water Street between Clark and LaSalle streets,,,,packing house,meat packing,,Gurdon S. Hubbard,,,uncertain,Andreas says Hubbard built this packing house in 1840 and used it until moving operations in 1848. Later building history is unresolved. Printed p. 562.,high,true
CHI-CHI1840-005,CHI1840-005,James Carney brewery,,1840,approximate,,,unknown,unknown,South Water Street between State Street and Wabash Avenue,South Water Street between State Street and Wabash Avenue,,,brewery,brewing,,James Carney,,,uncertain,The business began in 1840 at this establishment; the source does not explicitly distinguish construction from adaptation of an existing building. Carney continued until 1855. Andreas printed pp. 564-565.,medium,true
CHI-B1830-056,B1830_056,Second Tremont House,1839,1840,exact,1849,exact,Fire on July 21,destroyed,Northwest corner of Lake and Dearborn Streets,Northwest corner of Lake and Dearborn Streets,,,hotel,lodging,,Owners/developers not stated in cited passage,wood/frame,3,not exposed,"Verified: construction began in December 1839 and completed May 20, 1840; included because its start belongs to the decade. Destroyed by fire July 21, 1849.",high,false
CHI-CHI1840-001,CHI1840-001,Tremont House II,1839,1840,exact,1849,exact,fire,demolished,northwest corner Lake and Dearborn streets,Lake Street and Dearborn Street,,,hotel,hotel,,Ira and James Couch,wood frame,,not present,"Construction began December 1839; completed May 20, 1840; burned July 21, 1849. Andreas printed pp. 635-636.",high,false
CHI-CHI1840-007,CHI1840-007,Wells Street floating bridge,,1841,exact,1849,exact,ice and flood,demolished,Wells Street crossing of Chicago River,Wells Street at Chicago River,,,bridge,transportation crossing,,City of Chicago; Walter L. Newberry (principal funder),floating bridge,,not present,"Constructed in 1841, largely with funds advanced by Walter L. Newberry; swept away in the 1849 flood. Andreas printed pp. 199-200.",high,false
CHI-CHI1840-058,CHI1840-058,Charles Cleaver soap and candle factory at Madison and Canal,,1842,approximate,1849,exact,business relocated,demolished,corner Madison Street and Canal Street,Madison Street and Canal Street,,,factory,soap and candle manufacture,,Charles Cleaver,,,not present,Cleaver moved his factory to this site in 1842 and moved again in 1849. The source establishes the industrial premises but not whether the 1842 move used a new or adapted building. Andreas printed pp. 564-565.,medium,true
CHI-CHI1840-008,CHI1840-008,Chicago Hydraulic Company waterworks,1840,1842,exact,1853,approximate,superseded by new waterworks,demolished,"corner Lake Street and Michigan Avenue, with lake pier",Lake Street and Michigan Avenue,,,waterworks,pumping and water distribution,Ira Miltimore (superintendent and machinist),Chicago Hydraulic Company,two-story brick pumping building; lake intake pier,2,not present,"Work began in 1840 and the system was completed in spring 1842. It used a 25-horsepower steam engine, a 320-foot suction pipe, and two reservoirs of about 1,250 barrels each; cost about $24,000. Service ended when the new works opened in 1853. Andreas printed pp. 185-188.",high,false
CHI-CHI1840-010,CHI1840-010,German Settlement public school,,1842,exact,1845,approximate,superseded by permanent school,demolished,Green Bay Road between Chicago and North avenues,,,,school,public school,,residents of the German or Dutch Settlement; City supplied materials,,,not present,The council authorized materials in March 1842; residents supplied labor and construction cost the city $211.02. The school was discontinued after a permanent building opened in 1845-46 and was deeded in January 1846 for use as a German school. Andreas printed pp. 209-210.,high,false
CHI-CHI1840-009,CHI1840-009,Hydraulic Mills,,1842,exact,1854,approximate,loss of original water-power arrangement,demolished,corner Lake Street and Michigan Avenue,Lake Street and Michigan Avenue,,,flour mill,flour milling,James Long (builder),James Long; later J. P. Hodgkiss & Co.,mill powered by surplus waterworks engine,,not present,"Built in 1842 beside the waterworks. Andreas says the mills ceased regular business after construction of the new waterworks, with final 1854 operations ending in September; a brief 1855 restart is also reported. Printed pp. 187-188 and 564.",high,false
CHI-CHI1840-012,CHI1840-012,Nancy Chapman building used as City Hall,,1842,unknown,,,unknown,unknown,"corner LaSalle and Randolph streets, opposite the jail",LaSalle Street and Randolph Street,,,civic building,leased city hall,,Nancy Chapman,,,probably destroyed,"The structure's construction date is unknown; Chicago rented it for city offices in 1842. Included as documented 1840s building stock, not as an asserted 1842 completion. Great Fire fate is inferred from location. Andreas printed p. 180.",medium,true
CHI-CHI1840-011,CHI1840-011,Saloon Building (1842 remodeling),1842,1842,exact,,,unknown,unknown,southeast corner Lake and Clark streets,Lake Street and Clark Street,,,commercial and assembly building,stores offices and public hall,,J. Young Scammon,wood frame,3,probably destroyed,"The pre-existing 1836 building was rebuilt or remodeled by Scammon in 1842; this record represents that alteration, not original construction. Andreas printed p. 180 later describes a square three-story frame with stores, offices, and a hall. Great Fire fate is a spatial inference from its Loop location.",high,true
CHI-CHI1840-018,CHI1840-018,Second Presbyterian Church first building,,1842,exact,,,unknown,demolished,Randolph Street near Dearborn Street; described in 1846 as south side Randolph just east of Clark,,,,church,religious,,Second Presbyterian Church,wood or balloon frame,1,not present,"Dedicated September 13, 1842 and cost about $1,600 plus the lot. It was superseded by the congregation's Washington-and-Wabash stone church project begun in 1849. Andreas printed pp. 303-304.",high,true
CHI-CHI1840-032,CHI1840-032,Canal Street Methodist Episcopal Church first building,,1843,approximate,,,unknown,demolished,west side Canal Street south of Randolph Street,,,,church,religious,,Canal Street Methodist Episcopal congregation,wood frame,1,not present,"The congregation organized in 1843 and its first building was a low 30-by-60-foot frame seating about 300 and costing $1,400. It was sold and converted to a furniture factory in 1853. Andreas printed pp. 327-328.",medium,true
CHI-CHI1840-015,CHI1840-015,First German Evangelical Association Church,,1843,exact,1852,exact,relocated,relocated,corner Wabash Avenue and Monroe Street,Wabash Avenue and Monroe Street,,,church,religious,,German Evangelical Association; land donated by Grant Goodrich,wood frame,1,not present,A 30-by-40-foot frame building costing $500 was erected following the congregation's 1843 organization. It moved to Clark Street near Van Buren in 1852. Andreas printed pp. 334-335.,high,false
CHI-CHI1840-033,CHI1840-033,First German Evangelical congregation church at LaSalle and Ohio,,1843,approximate,1855,approximate,superseded by new brick church,demolished,southwest corner LaSalle and Ohio streets,LaSalle Street and Ohio Street,,,church,religious,,First German Evangelical congregation,frame; 30 by 48 feet,1,not present,The congregation began in 1843 and erected this building; H. Rothget and John E. Strobbach enlarged it in 1847. It remained with the United Evangelical group after the 1848 split and was replaced by a brick church in 1854-55. Andreas printed pp. 350-351.,medium,true
CHI-CHI1840-013,CHI1840-013,First North Side smallpox hospital,,1843,approximate,1845,exact,fire,demolished,north of present North Avenue near the lake,near North Avenue and Lake Michigan,,,hospital,smallpox isolation hospital,,City of Chicago,,1,not present,Andreas says a small one-story building was erected in 1843 and burned early in 1845. Printed p. 597.,high,false
CHI-CHI1840-016,CHI1840-016,St. Mary's Catholic Cathedral,1843,1843,exact,1871,exact,Great Chicago Fire,demolished,southwest corner Wabash Avenue and Madison Street,Wabash Avenue and Madison Street,,,church and cathedral,religious,Peter Page (brickwork); Augustine D. Taylor (woodwork),Roman Catholic Diocese,brick on stone foundation with Ionic portico,,destroyed,"Opened for services December 25, 1843 and consecrated in 1845; 55 by 112 feet including portico and cost about $4,000. Andreas printed pp. 291-292 and 505.",high,false
CHI-CHI1840-014,CHI1840-014,Tabernacle Baptist Church,1843,1843,exact,1851,exact,fire,demolished,west side LaSalle Street between Randolph and Washington streets,,,,church,religious,P. L. Updike (construction contractor),Tabernacle Baptist Church,wood frame,1,not present,"Built and dedicated October 13, 1843, after an eight-week campaign; 40 by 72 feet and cost about $2,200. Destroyed by fire June 26, 1851. Andreas printed pp. 319-321.",high,false
CHI-CHI1840-022,CHI1840-022,Allan Robbins brick store near Lake and South Water,,1844,exact,1871,approximate,Great Chicago Fire,demolished,near the Denker and Borges building at Lake and South Water streets,,,,commercial building,store,,Allan Robbins,brick; 20 by 100 feet,4,probably destroyed,A contemporary building-season description identifies a four-story 20-by-100-foot store but gives limited construction detail. Destruction in 1871 is inferred from location. Chicagology section Chicago Improvements 1844.,medium,true
CHI-CHI1840-060,CHI1840-060,City Hotel to Sherman House enlargement,1844,1844,exact,,,successive replacement or redevelopment,demolished,City Hotel site; historical address requires parcel reconciliation,,,,hotel,hotel,,Francis C. Sherman,,5 after enlargement,uncertain,"The older City Hotel was remodeled in 1844 by adding two stories and renamed the Sherman House. This record represents the alteration, not original construction. Successive Sherman House rebuildings make demolition and fire fate ambiguous without parcel-level lifecycle work. Andreas hotel chapter printed pp. 633-636.",medium,true
CHI-CHI1840-021,CHI1840-021,Denker and Borges triangular building,,1844,exact,1871,approximate,Great Chicago Fire,demolished,junction of Lake Street and South Water Street,,,,commercial building,commercial,J. M. Van Osdel (architect); Robert Malcom (mason); Alexander Lloyd (builder),Denker and Borges,brick triangular building with circular corners and cast-iron balcony,4,probably destroyed,"The building fronted 54 feet on Lake and 72 feet on South Water and cost about $5,500. Destruction in 1871 is inferred from location. Chicagology section Chicago Improvements 1844.",medium,true
CHI-CHI1840-024,CHI1840-024,First Baptist Church brick building,1844,1844,exact,1852,exact,fire,demolished,southeast corner Washington and LaSalle streets,,,,church,religious,,First Baptist Church,"brick with eight-foot basement, six-column Ionic portico, and 112-foot spire",,not present,"Church history dates erection to 1844; Andreas' architecture summary groups it with 1844-45 construction. It measured 55 by 80 feet, cost about $4,500, and burned October 20, 1852. Printed pp. 316-317 and 505-506.",high,false
CHI-CHI1840-026,CHI1840-026,First Universalist Church,1844,1844,exact,,,unknown,unknown,Washington Street near Clark Street Methodist Church,,,,church,religious,,First Universalist Society,frame on six-foot stone foundation; Ionic detailing,1,uncertain,"Dedicated October 23, 1844; 30 by 45 feet and cost about $3,000. Later sold to Olivet Presbyterian after 1857; physical fate unresolved. Andreas printed p. 343 and p. 505.",high,true
CHI-CHI1840-020,CHI1840-020,George Smith five-building block,,1844,exact,1871,approximate,Great Chicago Fire,demolished,State Street between Lake and Randolph streets,,,,mixed-use commercial block,stores and dwellings,J. M. Van Osdel (architect); Peter Page (mason); Campbell & Butler (builders),George Smith,five brick buildings with Milwaukee pressed-brick fronts; each 20 by 50 feet,3,probably destroyed,"Cost about $8,000. Kept as an aggregate record because the five component buildings are not separately named. Destruction in 1871 is inferred from location. Chicagology section Chicago Improvements 1844.",medium,true
CHI-CHI1840-019,CHI1840-019,Peck-Robbins-High-Magie commercial block,,1844,exact,1871,approximate,Great Chicago Fire,demolished,South Water Street between Clark and Dearborn streets,,,,commercial block,stores,J. M. Van Osdel (architect and superintendent); A. H. Heald (mason); P. L. Updike & Co. and Shepard & Johnson (builders),P. E. W. Peck; Allan Robbins; John High Jr.; H. H. Magie,four brick stores described as fireproof; each 20 by 120 feet,4,probably destroyed,"The source treats this as four separately owned stores in one coordinated block; retained as one aggregate record until parcel identities are resolved. Cost $13,000. Destruction in 1871 is inferred from location. Chicagology section Chicago Improvements 1844.",medium,true
CHI-CHI1840-023,CHI1840-023,Rush Medical College first building,1844,1844,exact,1871,exact,Great Chicago Fire,demolished,southwest corner Dearborn and Indiana streets,,,,college,medical education,John M. Van Osdel,Rush Medical College,brick with stone facings and central circular dome,,destroyed,"Cost about $3,500; first lecture December 11 and formal opening December 13, 1844. Andreas describes large lecture rooms, museum, library, and a Pantheon-like central feature. Printed pp. 464-466 and 505-506; Norris 1846 pp. 29 and 32 corroborates the college.",high,false
CHI-CHI1840-025,CHI1840-025,Trinity Episcopal Church first building,1844,1844,exact,,,unknown,unknown,Madison Street between Clark and LaSalle streets,,,,church,religious,,Trinity Episcopal Church,,,probably destroyed,"Cornerstone laid June 5, 1844; first service held August 25 after completion that month. Great Fire fate is inferred from the Loop location but later congregation/building history needs resolution. Andreas printed pp. 336-337.",high,true
CHI-CHI1840-017,CHI1840-017,Wadsworth-Dyer-Chapin packing house,1844,1844,exact,,,unknown,unknown,South Branch near North Street,,,,packing house,meat packing,,Thomas Dyer; John P. Chapin; Julius Wadsworth,,,uncertain,Built in 1844 after Dyer and Chapin began packing in Reynolds' house; Julius Wadsworth joined them. The later Wadsworth & Dyer firm packed beef for the English market. Andreas printed pp. 562-563.,high,true
CHI-CHI1840-027,CHI1840-027,Dearborn School,1844,1845,exact,1871,exact,Great Chicago Fire,demolished,Madison Street opposite the later McVicker's Theatre,,,,school,public school,Ira Miltimore (principal advocate and building agent; architectural attribution not established),City of Chicago,brick,2,destroyed,"Proposals were authorized in June 1844 and the first permanent public school was completed in spring 1845 for about $7,523.42. Norris calls it one of two large two-story brick schools. Andreas printed pp. 210-211; Norris 1846 pp. 6-7 and 26.",high,false
CHI-CHI1840-029,CHI1840-029,First Methodist Episcopal Church at Clark and Washington,1845,1845,exact,1871,exact,Great Chicago Fire,demolished,corner Clark and Washington streets,Clark Street and Washington Street,,,church,religious,Sullivan and John M. Van Osdel (design features),First Methodist Episcopal Church,brick with eight-foot stone basement and 148-foot spire,,destroyed,"Cornerstone laid May 8, 1845 and dedicated in November; 66 by 95 feet, capacity about 1,000, cost $12,000. Andreas printed pp. 325-327 and 505.",high,false
CHI-CHI1840-031,CHI1840-031,Second North Side smallpox hospital,,1845,exact,,,unknown,unknown,north of present North Avenue near the lake,near North Avenue and Lake Michigan,,,hospital,smallpox isolation hospital,,City of Chicago,,1,uncertain,Erected on the same site after the 1843 hospital burned early in 1845. Later fate is not stated in the cited passage. Andreas printed p. 597.,high,true
CHI-CHI1840-028,CHI1840-028,North Division School at Ohio and LaSalle,1844,1846,approximate,,,unknown,unknown,corner Ohio and LaSalle streets,Ohio Street and LaSalle Street,,,school,public school,,City of Chicago,brick,2,uncertain,"Andreas says the 45-by-70-foot, two-story school arose in the 1844-45 program and was ready by 1846, costing about $4,000. Norris corroborates two large two-story brick schools completed within the preceding two years. Exact completion year and fate need review. Andreas printed pp. 210-211; Norris 1846 pp. 6-7 and 26.",medium,true
CHI-CHI1840-038,CHI1840-038,St. Joseph's German Catholic Church first building,1846,1846,exact,,,unknown,demolished,northeast corner Chicago Avenue and Cass Street,,,,church,religious,,St. Joseph's German Catholic congregation,frame; 36 by 65 feet with small steeple,1,uncertain,Built in 1846 for about $900 and seating about 600. Later replaced after 1861; exact removal date and 1871 status need review. Andreas printed pp. 295-296.,high,true
CHI-CHI1840-034,CHI1840-034,St. Patrick's Catholic Church first building,1846,1846,exact,,,unknown,relocated,Desplaines Street between Randolph and Washington streets,,,,church,religious,Augustine D. Taylor,Roman Catholic Diocese,wood frame,1,survived outside main fire zone,"Opened April 12, 1846 and cost $750; later enlarged, moved to Desplaines and Adams, and used as a school. The cited source does not give the move date or final demolition. Andreas printed pp. 294-295.",high,true
CHI-CHI1840-035,CHI1840-035,St. Peter's German Catholic Church first building,1846,1846,exact,1853,exact,relocated,relocated,Washington Street between Wells and Franklin streets,,,,church,religious,,St. Peter's German Catholic congregation under Rev. John Jung,frame; 40 by 60 feet with small steeple,1,not present,"Built in spring 1846 for about $900, seating about 700; moved with associated buildings in 1853 to Clark and Polk. Andreas printed pp. 294-295.",high,false
CHI-CHI1840-036,CHI1840-036,St. Peter's German Catholic rectory first building,1846,1846,approximate,1853,exact,relocated,relocated,Washington Street between Wells and Franklin streets,,,,rectory,clergy residence,,St. Peter's German Catholic congregation,wood frame,1,not present,A separate frame rectory stood on the 1846 St. Peter's lot and was moved with the church property in 1853. Exact completion wording is less explicit than for the church. Andreas printed pp. 294-295.,medium,true
CHI-CHI1840-037,CHI1840-037,St. Peter's German Catholic schoolhouse first building,1846,1846,approximate,1853,exact,relocated,relocated,Washington Street between Wells and Franklin streets,,,,school,parish school,,St. Peter's German Catholic congregation,wood frame,1,not present,A separate frame schoolhouse stood on the 1846 St. Peter's lot and was moved with the church property in 1853. Exact completion wording is less explicit than for the church. Andreas printed pp. 294-295.,medium,true
CHI-CHI1840-030,CHI1840-030,University of St. Mary of the Lake first campus building,1845,1846,approximate,1871,approximate,Great Chicago Fire,demolished,"northeast quarter of block bounded by Chicago, Rush, Superior, and State streets",,,,college and seminary,higher education,,Roman Catholic Diocese,,,probably destroyed,"Detailed chronology says foundations began October 17, 1845, the building was under roof November 22, and it opened July 4, apparently 1846, at a cost of $12,000. Another Andreas passage says completion in June 1845, creating an internal conflict. Fire fate is strongly indicated but should be checked against diocesan records. Andreas printed pp. 293 and 466-467; Norris 1846 pp. 29-32 corroborates the institution.",medium,true
CHI-CHI1840-041,CHI1840-041,Dr. Edward Mead private insane asylum,1847,1847,approximate,,,unknown,unknown,two miles north of the city; after temporary Kinzie Street quarters,,,,hospital,private psychiatric asylum,Dr. Edward Mead,Dr. Edward Mead,,1,uncertain,"Andreas says Mead first used quarters on Kinzie Street, then purchased land two miles north and had a new asylum ready in 1847. Exact parcel, form, and later fate require review. Printed p. 597.",medium,true
CHI-CHI1840-040,CHI1840-040,Rice's first Chicago theater,1847,1847,exact,1850,exact,fire,demolished,"south side Randolph Street, one or two lots east of southeast corner Dearborn Street",,,,theater,live performance,P. L. Updike (contractor),John B. Rice,wood frame,,not present,"A 40-by-80-foot frame completed in six weeks and opened June 28, 1847; totally destroyed by fire July 30, 1850. Andreas printed pp. 484-490.",high,false
CHI-CHI1840-039,CHI1840-039,Scammon School,1846,1847,exact,,,unknown,unknown,West Madison Street near Halsted Street,,,,school,public school,,City of Chicago,brick,,survived outside main fire zone,"Completed in May 1847 at a cost of $6,795. Its west-side location was outside the main 1871 burned district, but later demolition history remains unresolved. Andreas printed p. 212.",high,true
CHI-CHI1840-045,CHI1840-045,Bull's Head cattle yards,,1848,exact,,,unknown,demolished,vicinity of Madison Street and Ashland Avenue,Madison Street and Ashland Avenue,,,stockyard,cattle market and holding yards,,,wood pens and sheds,,survived outside main fire zone,Opened in 1848 as an early makeshift cattle yard. It is included as a built complex rather than a single enclosed building; later closure date needs review. Andreas printed p. 564.,high,true
CHI-CHI1840-046,CHI1840-046,First Chicago steam grain elevator,,1848,approximate,1854,approximate,fire,demolished,possibly North Franklin Street at the river,,,,grain elevator,grain storage and transfer,,R. C. Bristol or George Steel (sources conflict),steam-powered elevator structure,,not present,"Andreas' general manufacturing narrative credits R. C. Bristol with an elevator erected in 1848, while a biographical passage credits George Steel with the first steam elevator at North Franklin and the river, 100,000-bushel capacity, burned about 1854. This unresolved internal contradiction must not be silently normalized. Andreas printed pp. 580-581 and George Steel biographical passage.",low,true
CHI-CHI1840-050,CHI1840-050,First Norwegian Evangelical Lutheran Church building,1848,1848,approximate,1856,exact,sold and superseded,demolished,Superior Street between Wells and LaSalle streets,,,,church,religious,,First Norwegian Evangelical Lutheran congregation,rebuilt wood frame; 50 by 60 feet,1,not present,"After organizing February 14, 1848, the congregation bought an unfinished church that had blown down and rebuilt it for about $1,000; purchase cost $800. Sold in 1856. Andreas printed pp. 349-350.",high,false
CHI-CHI1840-044,CHI1840-044,Galena and Chicago Union Railroad first depot,1848,1848,exact,,,unknown,demolished,Kinzie Street and Canal Street,Kinzie Street and Canal Street,,,railroad depot,passenger and freight railroad depot,,Galena and Chicago Union Railroad,,,uncertain,The railroad's initial Chicago depot was at Kinzie and Canal. The 1849 Rees & Rucker map page explicitly describes the line running west from this depot; exact building completion and replacement history need confirmation from railroad records. Andreas' railroad chapter provides the 1848 opening context.,medium,true
CHI-CHI1840-049,CHI1840-049,McCormick reaper manufactory 1848 expansion,1848,1848,exact,,,unknown,unknown,north side near mouth of harbor,,,,factory,reaper manufacture,C. M. Gray (manufacturing partner),Cyrus H. McCormick,,,uncertain,"McCormick arranged Chicago manufacture in 1847 and enlarged the manufactory near the harbor in 1848; this is an expansion record, not a claim that every component was newly built. Andreas printed p. 569.",high,true
CHI-CHI1840-048,CHI1840-048,Nugent and Owens brass foundry,,1848,approximate,1854,exact,fire,demolished,Market Street,,,,foundry,brass founding,,Nugent & Owens,,,not present,The Market Street works were established in 1848 and burned in 1854. The cited text does not explicitly state whether a new building was erected at establishment. Andreas printed p. 569.,medium,true
CHI-CHI1840-047,CHI1840-047,Scoville and Sons foundry,,1848,approximate,,,unknown,unknown,corner Canal and Adams streets,Canal Street and Adams Street,,,foundry,iron founding and railroad-car manufacture,,Scoville & Sons,,,survived outside main fire zone,"The establishment began in 1848 and later built railroad cars and an early western locomotive. The source documents establishment, not unequivocal new construction, so the completion year is approximate. Andreas printed p. 568.",medium,true
CHI-CHI1840-043,CHI1840-043,State Street Market Building and City Hall,1848,1848,exact,1871,exact,Great Chicago Fire,demolished,"center of State Street, fronting Randolph Street and extending north toward Lake Street",,,,market hall and city hall,market stalls municipal offices library and council chamber,John M. Van Osdel (architect and superintendent),City of Chicago,two-story brick and stone building; 40 by 180 feet,2,destroyed,"Erected beginning in January 1848 for $11,070; contained 32 ground-floor market stalls and city rooms above. Council first met there November 13, 1848. Andreas printed pp. 180-181.",high,false
CHI-CHI1840-042,CHI1840-042,Stiles Burton's City Hotel,,1848,exact,1871,approximate,Great Chicago Fire,demolished,southeast corner State and Lake streets,State Street and Lake Street,,,hotel,hotel,John M. Van Osdel,Stiles Burton,,,probably destroyed,A later directory retrospective says Burton built the City Hotel in 1848 to Van Osdel's design. Destruction in 1871 is inferred from its Loop location and should be confirmed in a primary fire-loss list. Chicagology pre-fire transcription.,medium,true
CHI-CHI1840-059,CHI1840-059,Charles Cleaver soap and candle factory on North Branch,,1849,approximate,1851,exact,business relocated to Cleaverville,demolished,North Branch near Division Street,,,,factory,soap and candle manufacture,,Charles Cleaver,,,not present,Cleaver moved the factory here in 1849 and to Cleaverville in 1851. The source does not establish whether the North Branch premises were newly constructed. Andreas printed pp. 564-565.,medium,true
CHI-CHI1840-054,CHI1840-054,Eighteenth Street temporary cholera hospital,1849,1849,exact,,,temporary use ended,demolished,Eighteenth Street near the river,,,,hospital,cholera isolation hospital,,City of Chicago,temporary structure,,survived outside main fire zone,Opened in May 1849 during the cholera emergency. Andreas does not give a demolition date; temporary status is explicit in context. Printed pp. 597-598.,high,true
CHI-CHI1840-055,CHI1840-055,Erie Street cholera hospital,1849,1849,exact,,,unknown,unknown,Erie Street between Wells Street and the river,,,,hospital,cholera isolation hospital,Dr. Daniel Brainard or Dr. Levi Boone plan attribution requires review,City of Chicago,16 by 40 by 12 feet; three rooms,1,uncertain,"A second emergency hospital site described in the 1849 cholera narrative; neighbors threatened demolition. The OCR/source context associates its plan with Dr. Boone, but exact attribution and survival require page-image checking. Andreas printed pp. 597-598.",medium,true
CHI-CHI1840-051,CHI1840-051,Holy Name Catholic Church first building,1848,1849,exact,,,unknown,demolished,southwest corner of St. Mary college grounds at Rush and Superior streets,Rush Street and Superior Street,,,church,religious,Rev. Jeremiah Kinsella (project leader); Clowry and Breen (building committee),Roman Catholic Diocese,,1,not present,"Begun in 1848, completed in 1849, and first used November 18, 1849. It was superseded as the parish/cathedral complex developed; exact removal date needs verification. Andreas printed pp. 296-297.",high,true
CHI-CHI1840-053,CHI1840-053,Jones School first building,1849,1849,exact,,,unknown,unknown,"Block 113, School District No. 2",,,,school,public school,,City of Chicago,brick,,probably destroyed,"A brick school was ordered February 12, 1849 and completed December 17 for $9,745; it opened January 1850. Exact street address and individually documented fire fate need review; probable destruction is a spatial inference. Andreas printed pp. 213-214.",high,true
CHI-CHI1840-056,CHI1840-056,Kehilath Anshe Ma'arav first synagogue,,1849,exact,1855,approximate,lease ended and congregation relocated,demolished,Clark Street between Quincy and Adams streets,,,,synagogue,religious,,Kehilath Anshe Ma'arav,,1,not present,Erected in 1849 on leased ground and identified by Andreas as Chicago's first synagogue; the congregation moved to a second building after the lease period. Andreas printed pp. 347-348.,high,true
CHI-CHI1840-052,CHI1840-052,St. Paul's German Evangelical Lutheran Church first building,1848,1849,exact,1864,approximate,superseded by new church,demolished,Indiana Street between Wells and Franklin streets,,,,church,religious,,St. Paul's German Evangelical Lutheran congregation,frame; 25 by 55 feet with 50-foot steeple,1,not present,Built after the 1848 congregation split and ready in June 1849; replaced in the 1860s. Andreas printed pp. 349-350.,high,true
CHI-CHI1850-001,CHI1850-001,Chicago Gas Light and Coke Works,1849,1850,exact,,unknown,unknown,demolished,South side of Monroe Street near Market Street,,,,industrial_utility,manufactured gas works,George F. Lee (construction contractor),Chicago Gas Light and Coke Company,unknown,,not established,"Works and street mains began October 1849; plant completed August 1850 and Chicago's first public gas was supplied September 4, 1850. This is an industrial complex record, not a single building.",high,false
CHI-CHI1850-003,CHI1850-003,Matteson House,1850,1850,exact,1871,exact,Great Chicago Fire,destroyed,Northwest corner Randolph and Dearborn Streets,,,,hotel,hotel,"John M. Van Osdel (architect, corroborating source); Robert Malcolm (mason); Shepherd & Johnson (builders)",Joel A. Matteson,brick,5,"destroyed in Great Chicago Fire, 1871","Opened in 1851; 80 feet on Randolph by 90 feet on Dearborn; reported cost $20,000. Raised about eight feet in 1859, an alteration that should be modeled separately.",high,false
CHI-CHI1850-002,CHI1850-002,Tremont House (third),1849,1850,exact,1871,exact,Great Chicago Fire,destroyed,Northwest corner Lake and Dearborn Streets,,,,hotel,hotel,John M. Van Osdel (architect and superintendent); C. and W. Price (masons); Updike & Sollitt (builders),Ira Couch,masonry,5.5,"destroyed in Great Chicago Fire, 1871","Opened September 29, 1850; contemporary account gave a $75,000 building cost. Remodeled and enlarged in 1861, so late pre-fire views may not show the 1850 form unchanged.",high,false
CHI-CHI1850-005,CHI1850-005,Chicago Bridewell,1851,1851,exact,,unknown,unknown,demolished,Block 87 of the school section; corner Polk and Wells Streets,,,,correctional,city prison and workhouse,not identified,City of Chicago,three-inch oak planks set upright; plank roof,1,not established,Opened December 1851. Main building measured about 100 by 24 feet and contained roughly 200 cells; David Walsh was first keeper.,high,true
CHI-CHI1850-063,CHI1850-063,Hamilton House at Clark and North Water,1840,1851,"exact (move, addition, and remodel)",1868,exact,demolished,demolished,Southeast corner Clark and North Water Streets,,,,hotel,hotel,not identified,Colonel Richard J. Hamilton,unknown,,not applicable—demolished before 1871,"Not new construction: the 1840 Washington House was moved from South Water near Clark in 1851, enlarged, remodeled, and renamed. Included as a major physical relocation/alteration; torn down spring 1868.",high,false
CHI-CHI1850-059,CHI1850-059,Rice's Theater (second),1850,1851,exact,1861,exact,demolished for Rice's business block,demolished,Dearborn Street between Randolph and Washington Streets,,,,theater,theater,John M. Van Osdel (architect); C. and W. Price (masons); Updike & Sollitt (builders),John B. Rice,brick,,not applicable—demolished before 1871,"Completed January 1851 and opened in February. Building measured about 80 by 100 feet and had galvanized-iron cornices. The OCR of the reported cost is ambiguous, so cost is not normalized here.",high,false
CHI-CHI1850-006,CHI1850-006,Second Presbyterian Church,1849,1851,exact,1871,exact,Great Chicago Fire,destroyed,Washington Street at Wabash Avenue,,,,religious,church,John M. Van Osdel,Second Presbyterian Church,masonry,,"destroyed in Great Chicago Fire, 1871","Cornerstone laid in 1849 and dedicated January 24, 1851. Approximately 73 by 130 feet, walls about 50 feet high, galleries, seating about 1,800, and stained glass.",high,false
CHI-CHI1840-057,CHI1840-057,Second Presbyterian Church stone building,1849,1851,exact,1871,exact,Great Chicago Fire,demolished,corner Washington Street and Wabash Avenue,Washington Street and Wabash Avenue,,,church,religious,,Second Presbyterian Church,local limestone; English Gothic,,destroyed,"Included in the 1840s cohort because its cornerstone was laid in 1849; it was dedicated January 24, 1851. Andreas says it was destroyed in the 1871 fire. Printed pp. 304 and 505-506.",high,false
CHI-CHI1850-007,CHI1850-007,State Street Methodist Episcopal Church building,,1851,exact (move/adaptation),,unknown,unknown,demolished,Northwest corner State and Harrison Streets,,,,religious,church,unknown; moved building,State Street Methodist Episcopal Church,wood frame,,not established,"Not new construction: part of the former Second Presbyterian frame building was purchased, moved, and fitted for worship in spring/summer 1851. Retained because relocation materially changed Chicago's building inventory.",high,false
CHI-CHI1850-004,CHI1850-004,United States Marine Hospital,1850,1851,year_range,,unknown,unknown,demolished,Michigan Avenue near old Fort Dearborn,,,,hospital,federal marine hospital,Lt. John D. Webster (construction superintendent),United States Government,unknown,,not established,"Built 1850-51 at a reported cost of $50,000. This purpose-built federal hospital should not be confused with later Marine Hospital facilities.",high,true
CHI-CHI1850-060,CHI1850-060,First German Theater,1852,1852,exact,1853,exact,fire,destroyed,West Randolph Street near Canal Street,,,,theater,theater,not identified,not established,unknown,,not applicable—destroyed before 1871,Andreas identifies this as Chicago's first German theater and says it burned early in 1853. No dimensions or builder were found in the cited passage.,high,true
CHI-CHI1850-009,CHI1850-009,Michigan Central temporary depot,1852,1852,exact,1856,operational replacement,superseded,demolished,Lake shore south of Twelfth Street,,,,transportation,railroad_depot,not identified,Michigan Central Railroad Company,unknown,,not applicable—superseded before 1871,Temporary terminal used from May 1852 until Michigan Central trains shifted to the Illinois Central depot at Lake Street in 1856.,high,true
CHI-CHI1850-008,CHI1850-008,Michigan Southern Railroad depot,1852,1852,exact,,unknown,unknown,demolished,"Prairie near Gurnee's tannery, opposite the Rock Island depot",,,,transportation,railroad_depot,not identified,Michigan Southern Railroad Company,unknown,,not established,Built when the Michigan Southern reached Chicago in February 1852. Superseded operationally by the later joint Michigan Southern/Rock Island train shed.,high,true
CHI-CHI1850-011,CHI1850-011,St. Louis Catholic Church,1850,1852,year (completion/refitting),,unknown,unknown,demolished,East side of Clark Street between Adams and Jackson Streets,,,,religious,church,not identified,French Catholic congregation,wood_frame,1,not established,"Construction began in 1850 and the frame building was completed/refitted by 1852; about 25 by 75 feet and reported cost roughly $3,000. Later moved, so demolition/fate needs parcel-level follow-up.",medium,true
CHI-CHI1850-010,CHI1850-010,St. Michael's Church (first),1852,1852,exact,1871,exact,Great Chicago Fire,destroyed,Northwest corner North Avenue and Church Street,,,,religious,church,not identified,Catholic congregation of St. Michael,wood_frame,1,"destroyed in Great Chicago Fire, 1871","Frame church approximately 40 by 60 feet, with tower and bell; reported cost $730. Enlarged around 1858 and later used as a school after a new church was built.",high,false
CHI-CHI1850-012,CHI1850-012,Welsh Calvinistic Methodist Church,1852,1852,exact,,unknown,unknown,demolished,Desplaines Street between Randolph and Lake Streets,,,,religious,church,not identified,Welsh Calvinistic Methodist congregation,wood_frame,1,not established,"Dedicated July 26, 1852; about 30 by 40 feet and cost $781.33. Later sold when the congregation relocated.",high,true
CHI-CHI1850-014,CHI1850-014,Briggs House,1853,1853,exact,1871,exact,Great Chicago Fire,destroyed,Corner Randolph and Wells Streets,,,,hotel,hotel,not identified,William Briggs,unknown,,"destroyed in Great Chicago Fire, 1871",Built in 1853 and opened April 1854 by George H. French and John Floyd. Same hotel site was rebuilt after the fire.,high,false
CHI-CHI1850-019,CHI1850-019,Chicago Avenue Water Works,1852,1853,exact (buildings); service 1854,,unknown,unknown,demolished,Lake Michigan at foot of Chicago Avenue,,,,industrial_utility,water pumping and distribution,not identified,City of Chicago,brick engine house and brick standpipe tower,,not established,Buildings and approximately 136-foot square tower were finished in 1853; water service began February 1854. Engine house about 40 by 50 feet with boiler-house wings. Model as a utility complex.,high,false
CHI-CHI1850-013,CHI1850-013,Chicago Courthouse and City Hall,1851,1853,exact,1871,exact,Great Chicago Fire,destroyed,Courthouse Square; Clark Street between Washington and Randolph Streets,,,,civic,courthouse and city hall,John M. Van Osdel,Cook County and City of Chicago,gray Lockport marble,3,"destroyed in Great Chicago Fire, 1871","Cornerstone laid September 12, 1851; completed 1853. Shared city/county government complex with later cupola and public-square alterations.",high,false
CHI-CHI1850-017,CHI1850-017,New England Congregational Church,1853,1853,exact,,unknown,unknown,demolished,Corner Indiana Street and Wolcott Street,,,,religious,church,not identified,New England Congregational Church,wood_frame,1,not established,"Erected summer 1853; about 36 by 60 feet; reported $2,500 including furnishings. A school/conference building stood adjacent. Wolcott in this context was later State Street; confirm parcel.",high,true
CHI-CHI1850-018,CHI1850-018,Owen Street Methodist Episcopal Church,1852,1853,year (occupied by organized church),1863,year,taken down and replaced,demolished,Northeast corner Sangamon and Owen Streets,,,,religious,church,not identified,Owen Street Methodist Episcopal Church,wood_frame,1,not applicable—demolished before 1871,"Small frame edifice about 25 by 35 feet, seating about 300, and costing roughly $800. The society formed in 1852 and had a pastor by 1853; exact completion month is not stated.",medium,true
CHI-CHI1850-016,CHI1850-016,Quinn Chapel A.M.E. Church,1852,1853,exact,1871,exact,Great Chicago Fire,destroyed,Jackson Street at Buffalo Street,,,,religious,church,not identified,African Methodist Episcopal congregation,unknown,,"destroyed in Great Chicago Fire, 1871","Construction began September 1852; cornerstone laid April 27, 1853; dedicated November 20, 1853. Historical Buffalo Street requires street-name crosswalk before geocoding.",high,true
CHI-CHI1850-015,CHI1850-015,Young America Hotel,1853,1853,exact,1859,exact,demolished for McCormick Block,demolished,Northeast corner Randolph and Dearborn Streets,,,,hotel,hotel,not identified,Isaac Cook,unknown,,not applicable—demolished before 1871,Opened in 1854 on the European plan; renamed Revere House in 1857. Pulled down in 1859 for the McCormick Block. Do not conflate with the later Revere at Clark and Kinzie.,high,false
CHI-CHI1850-021,CHI1850-021,Clark Street pivot bridge (1854),1854,1854,exact,1858,year (replacement),replaced,demolished,Clark Street crossing of the Chicago River,,,,infrastructure,drawbridge,D. Harper,City of Chicago,unknown,,not applicable—replaced before 1871,"Double carriageway and sidewalks; cost about $12,000. Arches failed in 1855 and were repaired; bridge replaced by another Clark Street structure in 1858.",high,false
CHI-CHI1850-020,CHI1850-020,Holy Name Cathedral (first cathedral),1853,1854,exact,1871,exact,Great Chicago Fire,destroyed,State Street at Superior Street,,,,religious,cathedral,not identified,Roman Catholic Diocese of Chicago,Milwaukee brick; Gothic Revival,,"destroyed in Great Chicago Fire, 1871","Cornerstone laid August 3, 1853; completed fall 1854; first Mass Christmas 1854. About 84 by 190 feet with a reported 245-foot steeple and cost near $100,000.",high,false
CHI-CHI1850-023,CHI1850-023,John Wingert House,1854,1854,exact,,,none,extant,Norwood Park area; outside 1854 Chicago limits,6231 N. Canfield Avenue,,,residential,residence,unknown,John Wingert,wood_frame,2,survived; outside 1871 burn area and then-city limits,Official landmark record dates the core to 1854; additions followed in 1868-75. Included in the modern-city database but it was not inside Chicago at construction.,high,false
CHI-CHI1850-022,CHI1850-022,Van Buren Street German Methodist Episcopal Church,1854,1854,year (completed after move),,unknown,unknown,demolished,Van Buren Street at Fourth Avenue; begun at Griswold and Van Buren,,,,religious,church,not identified,German Methodist Episcopal congregation,wood_frame,,not established,Construction began spring 1854 at Griswold/Van Buren; the site was sold mid-project and the building and parsonage were moved to Van Buren/Fourth Avenue and completed. Preserve both locations in future phase table.,medium,true
CHI-CHI1850-064,CHI1850-064,First German Evangelical Lutheran Church at Polk and Edina,1855,1855,exact,1871,exact,Great Chicago Fire,destroyed,Corner Polk Street and Edina Place,,,,religious,church,not identified,First German Evangelical Lutheran Church,unknown,,"destroyed in Great Chicago Fire, 1871","The first congregation moved its earlier building to Clark Street in 1852, then erected this church in 1855 and worshiped here until the fire. Historical Edina Place requires street crosswalk research.",high,true
CHI-CHI1850-025,CHI1850-025,Metropolitan Hall,1855,1855,exact,1871,exact,Great Chicago Fire,destroyed,Northwest corner Randolph and LaSalle Streets,,,,assembly,public_hall,not identified,not established,unknown,,"destroyed in Great Chicago Fire, 1871","An important lecture, concert, and assembly venue. Date/location are corroborated by a historical compilation; architect and construction details remain unresolved.",medium,true
CHI-CHI1850-061,CHI1850-061,North's National Amphitheater,1855,1855,exact (opened November 19),,unknown,unknown,demolished,Monroe Street between Clark and South Wells (later Fifth Avenue),,,,theater,circus and theater,Levi J. North and Harry Turner,Levi J. North and Harry Turner,wood_frame,2,not established,"About 90 by 206 feet; seating 3,062; 42-foot ring; 120 gas jets; rear company rooms and horse stables. Newspaper chronology places opening on November 19, 1855.",high,true
CHI-CHI1850-024,CHI1850-024,Twelfth Street bridge (1855 rebuild),1855,1855,exact,,unknown,unknown,demolished,Twelfth Street crossing of the Chicago River,,,,infrastructure,bridge,not identified,City of Chicago,unknown,,not established,"Rebuilt in 1855 for a reported $2,877. The source does not establish its exact removal date or 1871 condition.",high,true
CHI-CHI1850-026,CHI1850-026,Boardman House,1855,1856,year_range,,unknown,unknown,demolished,Corner Clark and Harrison Streets,,,,hotel,family hotel,not identified,Carter H. Harrison,unknown,,not established,Built 1855-56 and opened early 1856 by J. W. Boardman; described as Chicago's only exclusively family hotel at the time. Later sold to Henry H. Honore.,high,true
CHI-CHI1850-027,CHI1850-027,Central High School,1855,1856,exact,1871,exact,Great Chicago Fire,destroyed,Monroe Street near Halsted Street,,,,educational,public_high_school,not identified,City of Chicago,unknown,,"destroyed in Great Chicago Fire, 1871","Completed fall 1856 and opened October 8, 1856. The historical address comes from the attached chronology and should be parcel-verified; construction date and institutional use are confirmed by Andreas.",high,true
CHI-CHI1850-033,CHI1850-033,Charles J. Hull House,1856,1856,exact,,,none,extant,Polk and Halsted area,800 S. Halsted Street,,,residential,residence,not identified,Charles J. Hull,masonry,,survived; west of main 1871 burn area,"Built as Hull's country residence in 1856; became the core of Hull-House in 1889. Official record notes later campus changes and reconstruction of missing portions, so extant authenticity is element-specific.",high,false
CHI-CHI1850-034,CHI1850-034,Cleveland House,1856,1856,exact,1859,exact,"fire of September 15, 1859",destroyed,46-52 West Lake Street,,,,hotel,hotel,not identified,A. Cleveland,unknown,,not applicable—destroyed before 1871,Built by A. Cleveland and operated with I. N. Merritt as manager; destroyed in the major 1859 fire. Do not conflate with the later Cleveland House at Clark/Kinzie.,high,false
CHI-CHI1850-062,CHI1850-062,German Theater at Wells and Indiana Streets,1856,1856,exact (opened April 19),,unknown,unknown,demolished,Corner Wells and Indiana Streets,,,,theater,theater,not identified,not established,unknown,,not established,"Opened April 19, 1856 in a new building. The cited chronicle establishes new construction and opening but not dimensions, owner, or later fate.",medium,true
CHI-CHI1850-031,CHI1850-031,Illinois Central Great Central Depot,,1856,exact,1871,exact,Great Chicago Fire,destroyed,Foot of Lake Street at the lakefront,,,,transportation,railroad_depot,not identified,Illinois Central Railroad Company,unknown,,"destroyed in Great Chicago Fire, 1871",Completed April 1856. Michigan Central trains also used it under agreement. Exact construction start and detailed fabric need further research.,high,true
CHI-CHI1850-030,CHI1850-030,Michigan Southern and Rock Island joint depot,1855,1856,circa; projected October 1855,1871,exact,Great Chicago Fire,destroyed,Van Buren Street near railroad approaches,,,,transportation,joint railroad train shed,not identified,Michigan Southern Railroad and Chicago & Rock Island Railroad,Howe patent truss roof,1,"destroyed in Great Chicago Fire, 1871","Projected in October 1855 and used until October 1871. Reported 355 feet long excluding offices, 116-foot roof span, 22-foot walls, and about 42 feet to center of arch.",high,true
CHI-CHI1850-029,CHI1850-029,Moseley School (first building),1856,1856,exact,,unknown,unknown,demolished,Michigan Avenue at Twenty-fourth Street,,,,educational,public_school,not identified,City of Chicago,brick,3,outside documented 1871 burn area; survival not established,Three-story brick school erected 1856. The later school history does not state that this building burned in 1871.,high,true
CHI-CHI1850-028,CHI1850-028,Ogden School (first permanent building),1856,1856,exact,1871,exact,Great Chicago Fire,destroyed,Chestnut Street north of Chicago Avenue,,,,educational,public grammar and primary school,not identified,City of Chicago,brick,3,"destroyed in Great Chicago Fire, 1871",Lot purchased and three-story brick building erected in 1856. Andreas explicitly states that the Great Fire destroyed it.,high,false
CHI-CHI1850-032,CHI1850-032,Old St. Patrick's Church,1854,1856,year; sufficiently complete for use,,,,extant,Corner Desplaines and Adams Streets,700 W. Adams Street,,,religious,church,not established,Roman Catholic parish of St. Patrick,stone basement; brick upper auditorium; Romanesque Revival,2,survived Great Chicago Fire,"Construction began 1854 and the church was sufficiently complete by summer 1856. Approximately 1,200 seats. Later alterations mean extant fabric should be phase-tagged.",high,false
CHI-CHI1850-039,CHI1850-039,Phebe and John Gray House,,1856,circa,,,none,extant,Jefferson Township; outside 1856 Chicago limits,4362 W. Grace Street,,,residential,farmhouse,not identified,Phebe and John Gray,wood-frame; Italianate,2,survived; outside 1871 burn area and then-city limits,Official designation material dates the farmhouse circa 1856. Cupola and later changes require phase research. Included because site is now within Chicago.,high,false
CHI-CHI1850-037,CHI1850-037,Randolph Street bridge (1856),1856,1856,exact,,unknown,unknown,demolished,Randolph Street crossing of the Chicago River,,,,infrastructure,drawbridge,not identified,City of Chicago,unknown,,not established,A new bridge was ready for foot travel by July 1856. Additional structural and fate details were not established in this pass.,medium,true
CHI-CHI1850-035,CHI1850-035,Richmond House,1856,1856,exact,1871,exact,Great Chicago Fire,destroyed,Northwest corner South Water Street and Michigan Avenue,,,,hotel,hotel,not identified,Thomas Richmond,unknown,,"destroyed in Great Chicago Fire, 1871","Opened 1857; furnishing reportedly exceeded $60,000. Converted to a business block after hotel ventures failed, and remained so until October 1871.",high,false
CHI-CHI1850-038,CHI1850-038,Rush Street iron bridge,1856,1856,exact,1863,exact,accident while driven over by cattle,destroyed,Rush Street crossing of the Chicago River,,,,infrastructure,iron_drawbridge,Harper & Tweedale (civil engineers),City of Chicago,iron,,not applicable—destroyed before 1871,"Contracted June 1856 for about $48,000-50,000; described as the first iron bridge in the West. Accidentally destroyed November 1863.",high,false
CHI-CHI1850-065,CHI1850-065,Second German Evangelical Lutheran Church,1856,1856,exact,,unknown,unknown,demolished,Southeast corner Wells Street and Chicago Avenue,,,,religious,church,not identified,Second German Evangelical Lutheran Church,unknown,,not established,"The source directly states that the Second Church erected this building in 1856; dimensions, fabric, and later fate were not established in this pass.",high,true
CHI-CHI1850-066,CHI1850-066,St. John's Episcopal Church (first building),1856,1856,exact,,unknown,unknown,demolished,location not established,,,,religious,church,not identified,St. John's Episcopal parish,wood_frame,1,not established,"Plain frame church about 30 by 65 feet, initially seating 300. Pews were offered September 1, 1856; the building was enlarged in 1857 to about 500 seats. Address needs parish-specific research.",high,true
CHI-CHI1850-036,CHI1850-036,Wells Street bridge (1856),1856,1856,exact,,unknown,unknown,demolished,Wells Street crossing of the Chicago River,,,,infrastructure,drawbridge,H. Harper,City of Chicago,unknown,,not established,"Completed summer 1856; about 190 feet and reported cost $20,000; described as the longest drawbridge in the West. Replacement/removal date needs bridge-specific study.",high,true
CHI-CHI1850-040,CHI1850-040,Adams House,1857,1857,exact,1871,exact,Great Chicago Fire,destroyed,Michigan Avenue; exact corner not established,,,,hotel,hotel,not identified,Hugh Maher,unknown,,"destroyed in Great Chicago Fire, 1871",Built in 1857 and opened autumn 1858 by William Adams. Andreas confirms destruction but the excerpt used here does not supply a precise street number/corner.,high,true
CHI-CHI1850-046,CHI1850-046,Charles D. Iglehart House,1857,1857,exact,,,none,extant,Morgan Park area; outside 1857 Chicago limits,11118 S. Artesian Avenue,,,residential,farmhouse,unknown,Charles D. Iglehart,wood_frame,2,survived; outside 1871 burn area and then-city limits,Official landmark record dates the house to 1857; front bay and rear wing were added in the 1870s. Included because site is now within Chicago.,high,false
CHI-CHI1850-044,CHI1850-044,Desplaines Street Methodist Episcopal Church,1857,1857,exact,,unknown,unknown,demolished,241-243 South Desplaines Street between Van Buren and Harrison Streets,,,,religious,church,not identified,Desplaines Street Methodist Episcopal Church,wood_frame,1,not established,"Dedicated July 26, 1857; about 45 by 70 feet with a large steeple, cost roughly $5,200. Sold to a Lutheran congregation after the Methodist society moved.",high,true
CHI-CHI1850-050,CHI1850-050,Erie Street floating bridge,1856,1857,year_range,,unknown,unknown,demolished,Erie Street crossing,,,,infrastructure,floating_bridge,not identified,City of Chicago,unknown,,not established,"Built during the 1856-57 bridge program; reported cost about $5,000. Exact completion date and removal history unresolved.",medium,true
CHI-CHI1850-067,CHI1850-067,First German Methodist Episcopal Church on Clybourn Avenue,1857,1857,exact,1871,exact,Great Chicago Fire,destroyed,Clybourn Avenue; exact parcel not established,,,,religious,church,not identified,First German Methodist Episcopal Church,wood_frame,1,"destroyed in Great Chicago Fire, 1871","Wood building about 30 by 50 feet and cost roughly $2,000. Moved to the back of the lot in 1863 when a brick church replaced it; Andreas states the fire swept away all church property.",high,true
CHI-CHI1850-045,CHI1850-045,Foster School brick building,1857,1857,exact,,unknown,unknown,demolished,Union Street near Twelfth Street,,,,educational,public_school,not identified,City of Chicago,brick,3,outside documented 1871 burn area; survival not established,"Three-story brick building erected in 1857 for $28,000, replacing/supplementing a two-story wooden 1855 schoolhouse. Named Foster School in 1858. The attached timeline's 1856 date is not supported by Andreas.",high,false
CHI-CHI1850-049,CHI1850-049,Indiana Street floating bridge,1856,1857,year_range,,unknown,unknown,demolished,Indiana Street crossing,,,,infrastructure,floating_bridge,not identified,City of Chicago,unknown,,not established,"Built during the 1856-57 bridge program; reported cost about $5,000. Historical street and crossing require geospatial reconciliation.",medium,true
CHI-CHI1850-047,CHI1850-047,Madison Street iron bridge,1857,1857,exact,,unknown,unknown,demolished,Madison Street crossing of the Chicago River,,,,infrastructure,iron_bridge,Gaylord & Company,City of Chicago,iron,,not established,"Built 1857; reported 155 feet and cost $42,000. Bridge-specific replacement chronology remains to be established.",high,true
CHI-CHI1850-041,CHI1850-041,Massasoit House,1857,1857,exact,1871,exact,Great Chicago Fire,destroyed,Southwest corner Central Avenue and South Water Street,,,,hotel,hotel,not identified,David A. Gage and George W. Gage,"brick, exterior plastered and tiled to imitate stone",5,"destroyed in Great Chicago Fire, 1871","Opened in 1858 by John C. Parks and John W. Humphreys; 72 rooms and reported cost $32,000. OCR says a 1851 sale, an obvious typographical error inconsistent with the 1857 construction; not propagated.",high,false
CHI-CHI1850-042,CHI1850-042,McVicker's Theatre,1857,1857,exact,1871,exact,Great Chicago Fire,destroyed,Madison Street between State and Dearborn Streets,,,,theater,theater,not identified,James H. McVicker,masonry,,"destroyed in Great Chicago Fire, 1871","Opened November 5, 1857; reported cost $85,000, seating about 2,500, and stage about 80 by 53 feet. Substantially altered in 1864 before its 1871 destruction.",high,true
CHI-CHI1850-048,CHI1850-048,Polk Street drawbridge,1856,1857,year_range,,unknown,unknown,demolished,Polk Street crossing of the Chicago River,,,,infrastructure,drawbridge,not identified,City of Chicago,unknown,,not established,"Built during the 1856-57 bridge program; reported cost about $5,000. Exact completion date unresolved.",medium,true
CHI-CHI1850-043,CHI1850-043,St. James Episcopal Church (1857),1857,1857,exact,1871,exact,Great Chicago Fire,destroyed,Southeast corner Cass and Huron Streets,,,,religious,church,not identified,St. James Episcopal parish,stone,,"destroyed in Great Chicago Fire, 1871","Completed and opened December 1857; reported cost $60,000 excluding land and tower. Cass Street later became Wabash Avenue in this area; confirm address crosswalk.",high,true
CHI-CHI1850-054,CHI1850-054,Clark Street bridge (1858 replacement),1858,1858,exact,,unknown,unknown,demolished,Clark Street crossing of the Chicago River,,,,infrastructure,drawbridge,not identified,City of Chicago,unknown,,not established,Constructed in 1858 to replace the troubled 1854 pivot bridge. Further structural and removal chronology needs bridge-specific research.,medium,true
CHI-CHI1850-053,CHI1850-053,Clifton House,1858,1858,first documented hotel use,1871,exact,Great Chicago Fire,destroyed,Southeast corner Wabash Avenue and Madison Street,,,,hotel,hotel,Mr. Knights (builder),Mr. Knights,unknown,,"destroyed in Great Chicago Fire, 1871","First kept as a hotel in 1858 by Joshua Barrell; construction may slightly predate hotel use, so 1858 is not asserted as an exact build date. Enlarged after 1861.",medium,true
CHI-CHI1850-055,CHI1850-055,Couch family mausoleum,1858,1858,exact,,,none,extant,Chicago City Cemetery,"Lincoln Park, south of N. LaSalle Drive on axis with N. Stockton Drive",,,funerary,mausoleum,John M. Van Osdel and Frederick Baumann,Ira Couch family,stone,1,survived; within later North Side fire area but mausoleum remained,Official Park District record identifies installation in 1858 and a roughly fifty-ton structure. It is the principal above-ground remnant of the former City Cemetery; restored in 1999.,high,false
CHI-CHI1850-052,CHI1850-052,Newberry School,1858,1858,exact,,,unknown,demolished,Corner Orchard and Willow Streets,,,,educational,public_school,not identified,City of Chicago,unknown,,survived at edge of Great Fire; used as hospital and relief depot,Erected 1858 and opened January 1859. Andreas says it stood on the northwest border of the fire limits and sheltered fire victims; it therefore survived the conflagration. Later demolition date not established here.,high,true
CHI-CHI1850-051,CHI1850-051,Wabash Avenue Methodist Episcopal Church,1857,1858,exact,,unknown,unknown,demolished,Northwest corner Wabash Avenue and Harrison Street,,,,religious,church,not identified,Wabash Avenue Methodist Episcopal Church,unknown,,not established,"Cornerstone laid July 13, 1857; completed and dedicated July 15, 1858. Successor to the State Street Methodist congregation; $32,555 was initially subscribed for construction.",high,true
CHI-CHI1850-056,CHI1850-056,Old University of Chicago south wing,1857,1859,exact,1890,year,university closure and redevelopment,demolished,West side Cottage Grove Avenue just north of 35th Street,,,,educational,university classrooms,not established,Old University of Chicago,unknown,,survived; south of Great Chicago Fire burn area,"Cornerstone of the university building laid July 4, 1857; the south wing was completed for classes in 1859. Critical correction: the main Douglas Hall and observatory were not complete until 1864, so this record covers only the first wing.",high,false
CHI-CHI1850-057,CHI1850-057,Orient House,,1859,first directory appearance,,unknown,unknown,demolished,281-285 State Street,,,,hotel,hotel,not identified,not established,unknown,,not established,"First appears as a hotel in the 1859 city directory, operated by L. L. Atwood. This does not prove the building itself was newly constructed in 1859; retain as an occupancy record pending permit/deed research.",medium,true
CHI-CHI1850-058,CHI1850-058,Wright's Hotel,,1859,opening year,,unknown,unknown,demolished,22-24 North Wells Street,,,,hotel,hotel,not identified,William H. Wright,unknown,,not established,"Opened in 1859. The source does not establish a construction year; treat 1859 as hotel opening/first-use evidence, not exact building completion.",medium,true
CHI-B1860-002,B1860_002,Bryan Hall,1860,1860,exact,1871,exact,Great Chicago Fire,destroyed,Clark Street between Washington and Randolph Streets,Clark Street between Washington and Randolph Streets,,,assembly hall/theater,"concerts, drama, fairs, meetings",,Thomas Barbour Bryan,masonry commercial shell with auditorium; material not fully stated,,destroyed,"Auditorium 65 by 80 feet with 1,100 seats; dedicated September 17, 1860; converted to Hooley's Opera House in 1870-71.",high,false
CHI-B1860-003,B1860_003,Church of the Holy Family,1857,1860,exact,,,,extant/altered,"Eleventh, May, and Twelfth Streets",1080 W. Roosevelt Road,,,church,Roman Catholic worship,,"Holy Family parish; Rev. Arnold Damen, S.J.",Gothic masonry,,survived,Completed and consecrated in 1860; outside the 1871 burn district. Later alterations require event-level modeling.,high,false
CHI-B1860-004,B1860_004,Orrington Lunt & Brother grain elevator,,1860,active_by,1871,exact,Great Chicago Fire,destroyed,Exact site not stated in cited passage,,,,grain elevator,grain storage and transfer,,Orrington and Stephen P. Lunt,heavy timber elevator,,destroyed,"The firm established an elevator in 1860; Andreas explicitly says it was destroyed October 9, 1871. Exact parcel and construction month remain unresolved.",high,true
CHI-B1860-001,B1860_001,Republican Wigwam,1860,1860,exact,1869,range,Removed between 1867 and October 1871,demolished,Lake Street near Market Street,Lake Street near Wacker Drive,,,convention hall,1860 Republican National Convention and public meetings,,Chicago Republican organizers,wood,,not exposed,Built in little more than a month; later subdivided as stores. Demolition year is represented by midpoint only; source gives 1867-71 range.,high,true
CHI-B1860-007,B1860_007,Camp Douglas YMCA chapel,1861,1861,seasonal_exact,1865,circa,Camp dismantling after Civil War,demolished,Camp Douglas,Near 31st Street and Cottage Grove Avenue,,,military chapel,religious services for soldiers and prisoners,,Chicago YMCA,wood/frame,1,not exposed,"Built October 1861 for $2,300; Andreas calls it the first camp chapel ever erected. Removal is inferred from postwar camp dismantling and needs confirmation.",medium,true
CHI-B1860-005,B1860_005,Church of the Redeemer,,1861,exact,,unknown,,unknown,Washington and Sangamon Streets,Washington Boulevard and Sangamon Street,,,church,Universalist worship,,Second Universalist congregation,material not stated,,unknown,"Dedicated January 23, 1861. Later disposition is not stated in the cited passage.",high,true
CHI-B1860-006,B1860_006,North Star Mission chapel,1861,1861,exact,1871,exact,Great Chicago Fire,destroyed,Division and Sedgwick Streets,Division and Sedgwick Streets,,,chapel/school,Baptist mission and school,,First Baptist Church / North Star Mission,frame or masonry not stated,,destroyed,"Dedicated December 29, 1861; remodeled and enlarged in 1867; source explicitly reports destruction in the Great Fire.",high,false
CHI-B1860-009,B1860_009,Haven School,1862,1862,exact,,unknown,,demolished/replaced,Wabash Avenue south of Twelfth Street,Wabash Avenue south of Roosevelt Road,,,school,public school,,Chicago Board of Education,masonry; steam heated,3 plus basement and attic,survived,"Dedicated September 20, 1862. It remained in school use after 1871, supporting survival, but final demolition date is unresolved.",high,true
CHI-B1860-010,B1860_010,Kinzie School branch,1862,1862,exact,1871,exact,Great Chicago Fire,destroyed,Kinzie School lot at LaSalle Avenue and Ohio Street,LaSalle Drive and Ohio Street,,,school,public-school branch,,Chicago Board of Education,material not stated,,destroyed,Authorized in May and completed in 1862; Andreas states both main and branch were destroyed in 1871.,high,false
CHI-B1860-011,B1860_011,Scammon School branch,1861,1862,exact,,unknown,,unknown,Scammon School lot on Madison Street east of Halsted,Madison Street east of Halsted Street,,,school,public-school branch,,Chicago Board of Education,frame; four rooms,1,unknown,"Ordered October 1861 and completed in 1862 for about $2,800. Later fate not supplied.",high,true
CHI-B1860-014,B1860_014,First Unitarian Church,1863,1863,exact,,unknown,,demolished/replaced,Wabash Avenue north of Hubbard Court,"Wabash Avenue north of 9th Street, historical Hubbard Court alignment requires review",,,church,Unitarian worship,,First Unitarian Society,masonry,,survived,"Services began November 22, 1863; Andreas explicitly says the building survived on the edge of the burn district after nearby buildings were blown up.",high,true
CHI-B1860-013,B1860_013,Indiana Avenue Baptist Church,1863,1863,exact,,unknown,,unknown,Indiana Avenue near Ridgely Place,"Indiana Avenue near 31st Street, approximate",,,church,Baptist worship,,First Baptist mission congregation,brick,,unknown,"Dedicated April 12, 1863; cost nearly $8,000. Exact parcel and later fate require follow-up.",high,true
CHI-B1860-015,B1860_015,Noble-Seymour-Crippen House 1863 addition,1863,1863,exact,,,,extant,Norwood Park,5624 N. Newark Avenue,,,house addition,residence,Unknown,Thomas Seymour association; exact 1863 owner to verify,frame; Italianate addition to 1833 core,2,survived,Official landmark record dates the major addition to 1863. Modeled separately from the 1833 core because it is a material construction event.,high,true
CHI-B1860-008,B1860_008,Camp Douglas barracks and prison complex,1861,1864,phased,1865,range,Federal camp closed and structures removed/sold,demolished,South of Chicago near Cottage Grove Avenue,Approximately 31st to 33rd Streets around Cottage Grove Avenue,,,military complex,training camp and Confederate prisoner-of-war camp,U.S. Army quartermasters and contractors,United States government,"predominantly wood/frame barracks, hospitals, fences, and service buildings",1-2,not exposed,Grouped complex record: construction and rebuilding occurred 1861-64. Individual barracks were numerous and not consistently named; this is not a substitute for a future plan-level inventory.,medium,true
CHI-B1860-019,B1860_019,Holy Family boys' school,1864,1864,exact,,unknown,,unknown,A few blocks east of Holy Family Church,Near Roosevelt Road east of May Street,,,school,Catholic boys' education,,"Rev. Arnold Damen, S.J.; Holy Family parish",material not stated; described as very large,,unknown,"Built in 1864. Exact address, architect, and final disposition need parish-archive research.",high,true
CHI-B1860-016,B1860_016,Rosehill Cemetery Entrance,1864,1864,exact,,,,extant,Rosehill Cemetery entrance,5800 N. Ravenswood Avenue,,,gatehouse,cemetery entrance and offices,William W. Boyington,Rosehill Cemetery,castellated Gothic masonry,,survived,"Official city record confirms date, architect, address, and survival; outside the 1871 burn district.",high,false
CHI-B1860-017,B1860_017,Soldiers' Rest,1863,1864,exact,1865,circa,War ended and temporary facility ceased operation,demolished,Lake shore near Dearborn Park,Lakefront near present Grant Park,,,military relief building,meals and temporary lodging for soldiers,Post quartermaster,United States Army; managed by Chicago Soldiers' Home women,wood/frame; 200 by 50 feet,1,not exposed,"Opened January 22, 1864; contained dining room, three bunk rooms, and kitchen. Approximate removal after war needs confirmation.",high,true
CHI-B1860-021,B1860_021,Trinity Methodist Episcopal Church,1863,1864,exact,,unknown,,demolished/replaced,Indiana Avenue and Twenty-first Street,Indiana Avenue and 21st Street,,,church,Methodist worship,,Trinity Methodist Episcopal Society,material not stated,,survived,"Dedicated April 10, 1864; property sold in 1870 for replacement construction. Thus the building survived the Great Fire but its later fate is unresolved.",high,true
CHI-B1860-022,B1860_022,Chamber of Commerce Building,1864,1865,exact,1871,exact,Great Chicago Fire,destroyed,Southeast corner Washington and LaSalle Streets,Washington and LaSalle Streets,,,exchange/office building,Board of Trade exchange and offices,,Chamber of Commerce Association,Athens marble on three fronts; brick south wall,,destroyed,"Cornerstone September 11, 1864; completed August 28, 1865; 93 by 180 feet; explicitly destroyed in 1871.",high,false
CHI-B1860-024,B1860_024,Crosby's Opera House,1863,1865,seasonal_exact,1871,exact,Great Chicago Fire,destroyed,North side Washington Street between State and Dearborn Streets,Washington Street between State and Dearborn Streets,,,opera house/arts complex,"opera, theater, gallery, concerts, lectures, offices",William W. Boyington; assistant John W. Roberts; multiple named contractors,Uranus H. Crosby,masonry; elaborate theater and commercial block,,destroyed,"Completed spring 1865 for reported $600,000; first performance April 20 after Lincoln-assassination postponement; destroyed in 1871.",high,false
CHI-B1860-029,B1860_029,Illinois River Elevator,1865,1865,exact,,unknown,,unknown,Exact site not stated in cited passage,,,,grain elevator,grain storage and transfer,,Finley & Ballard,heavy timber elevator,,unknown,"Built and opened in 1865; ownership changed in 1867-68. Address, capacity, and fire fate require directory/insurance-map research.",high,true
CHI-B1860-026,B1860_026,Park Avenue Methodist Episcopal Church,1864,1865,exact,,unknown,,demolished/replaced,Southeast corner Robey Street and Park Avenue,Damen Avenue and Park Avenue,,,church,Methodist worship,,Church Extension Society; Park Avenue congregation,material not stated,,survived,"Dedicated in 1865 for $10,000; used by the Relief Society immediately after the Great Fire, directly demonstrating survival.",high,true
CHI-B1860-012,B1860_012,St. Joseph's Catholic Church,1862,1865,exact,1871,exact,Great Chicago Fire,destroyed,Northeast corner Chicago Avenue and Cass Street,Chicago Avenue and Wabash Avenue,,,church,Roman Catholic worship,,St. Joseph parish; Benedictine Fathers,masonry,,destroyed,"Used for worship late in 1862 and dedicated March 19, 1865; source explicitly reports fire destruction.",high,false
CHI-B1860-023,B1860_023,Union Stock Yard original complex,1864,1865,exact,1971,exact,Facility closed; most structures later demolished,closed/redeveloped,"Exchange Avenue and Halsted Street, then outside city limits",Exchange Avenue and Halsted Street,,,industrial/market complex,central livestock market and rail transfer,,Union Stock Yard and Transit Company; subscribing railroads,"pens, rail infrastructure, exchange/service buildings",,survived,"Opened Christmas Day 1865. This grouped complex needs later decomposition into pens, exchange, hotel, rail structures, and utilities; original 1865 gate is not the surviving 1875 gate.",high,true
CHI-B1860-030,B1860_030,Barnes House,1866,1866,exact,,unknown,,extant in 1885; later fate unknown,Corner Randolph and Canal Streets,Randolph Street and Canal Street,,,hotel,lodging,,Royal B. Barnes; H. H. Yates; Daniel Booth,masonry; material not specified,,survived,"Built in 1866 and described by Andreas as operating in the mid-1880s, directly proving 1871 survival.",high,false
CHI-B1860-018,B1860_018,Chicago Soldiers' Home,1864,1866,phased,,,,extant/altered,Douglas Place at Thirty-fifth Street and Lake Avenue,739 E. 35th Street,,,institutional residence/hospital,convalescent and disabled Union soldiers,William W. Boyington,Chicago Soldiers' Home organization,brick; Italianate; wing plus four-story main block,4,survived,"First plain brick wing opened May 13, 1864; main 65-by-65-foot building erected 1865-66 and opened May 10, 1866. Later additions surround original fabric.",high,false
CHI-B1860-032,B1860_032,Cottage Grove School,1866,1866,seasonal_exact,,unknown,,demolished/replaced,Douglas Avenue near Cottage Grove Avenue,Near 35th Street and Cottage Grove Avenue,,,school,public school,,Chicago Board of Education,wood,,survived,"Erected fall 1866 and first occupied January 2, 1867; principal remained until 1877, supporting survival of the fire.",high,true
CHI-B1860-031,B1860_031,Wells School,1865,1866,exact,,unknown,,demolished/replaced,Reuben Street at Cornelia Street,Ashland Avenue at Cornelia Avenue,,,school,public school,,Chicago Board of Education,brick,4 plus basement,survived,"Dedicated September 14, 1866; cost $37,000. Continued institutional history supports survival, but final demolition date is unresolved.",high,true
CHI-B1860-060,B1860_060,Chicago waterworks pump well and 1867 engine foundations,1866,1867,exact,,unknown,,extant as subsurface/altered infrastructure,Chicago Avenue waterworks grounds,821 N. Michigan Avenue,,,water infrastructure,pump well and engine foundation for tunnel system,Ellis S. Chesbrough; DeWitt C. Cregier; George W. Quintard engine,City of Chicago,masonry well and stone machinery foundations,subsurface,survived,Pump well completed March 1867; foundation completed November 1866 and 18-million-gallon engine entered service July 1867. Separate infrastructure component from the enclosing Pumping Station.,high,true
CHI-B1860-035,B1860_035,Dore School,1867,1867,exact,,unknown,,demolished/replaced,Harrison Street near Halsted Street,Harrison Street near Halsted Street,,,school,public school,,Chicago Board of Education,brick,4,survived,"Completed December 1867 and dedicated January 4, 1868. West-side location and postfire operation support survival.",high,true
CHI-B1860-025,B1860_025,Eighth Presbyterian Church,1864,1867,phased,,unknown,,unknown,Northwest corner Washington and Robey Streets,Washington Boulevard and Damen Avenue,,,church,Presbyterian worship,,Eighth Presbyterian congregation,chapel then larger steepled church; material not stated,,survived,"First chapel dedicated February 9, 1865 and removed; replacement basement occupied December 1866 and main room June 1867. West-side location supports survival, but later fate needs confirmation.",high,true
CHI-B1860-034,B1860_034,First Farwell Hall,1866,1867,exact,1868,exact,Fire on January 7,destroyed,Madison Street between Clark and LaSalle Streets,Madison Street between Clark and LaSalle Streets,,,assembly/commercial building,"YMCA hall, library, offices, stores, relief and employment services",,Chicago YMCA; land donated by John V. Farwell,masonry commercial building; material not fully stated,,not exposed,"Dedicated September 29, 1867; 2,500-seat hall; destroyed after just over three months.",high,false
CHI-B1860-038,B1860_038,National Elevator,1867,1867,exact,1871,exact,Great Chicago Fire,destroyed,Exact site not stated in cited passage,,,,grain elevator,grain storage and transfer,,"Vincent, Nelson & Co.",heavy timber elevator,,destroyed,"Built in 1867 with 250,000-bushel capacity and burned October 9, 1871; rebuilt 1871-72 as a distinct successor.",high,true
CHI-B1860-027,B1860_027,New England Congregational Church,1865,1867,exact,1871,exact,Great Chicago Fire,destroyed,White and Dearborn Streets,9th Street vicinity and Dearborn Street; exact historic White Street crosswalk needed,,,church,Congregational worship,,New England Congregational Church,rough Athens marble; Gothic cruciform,,destroyed,"Cornerstone August 10, 1865; dedicated February 7, 1867; explicitly destroyed in the Great Fire.",high,true
CHI-B1860-037,B1860_037,Pearson Street Primary School,,1867,active_by,1871,exact,Great Chicago Fire,destroyed,Pearson and Market Streets,Pearson Street near today's Orleans/Wells corridor; exact Market alignment needs review,,,school,public primary school,,Chicago Board of Education,material not stated,,destroyed,"Opened January 2, 1867; explicitly destroyed in the Great Fire with property valued above $16,000.",high,true
CHI-B1860-028,B1860_028,Plymouth Congregational Church,1865,1867,exact,,unknown,,unknown,Wabash Avenue and Eldridge Court,"Wabash Avenue near 9th Street, approximate",,,church,Congregational worship,,Plymouth Congregational Church,stone,,unknown,"Lecture rooms dedicated April 15, 1866; main auditorium completed October 1 and dedicated October 13, 1867; cost $100,000 and seated 1,500. Fire fate not stated in cited passage.",high,true
CHI-B1860-033,B1860_033,Two-mile lake tunnel and intake crib,1864,1867,exact,,unknown,,altered/superseded,From Chicago Avenue waterworks two miles into Lake Michigan,Lake Michigan offshore from Chicago Avenue,,,water infrastructure,fresh-water intake,Ellis S. Chesbrough; contractors Dull & Gowan,City of Chicago,brick-lined tunnel and masonry/timber offshore crib,,survived,"Tunnel inaugurated March 25, 1867 and connected to pumps July 20. Grouped linear/offshore infrastructure record should later split tunnel, crib, shafts, and connections.",high,true
CHI-B1860-036,B1860_036,Walsh Street Primary School,1867,1867,exact,,unknown,,demolished/replaced,Twentieth Street and Johnson Street,20th Street and Peoria Street vicinity; street-name crosswalk needs review,,,school,public primary school,,Chicago Board of Education,wood,2,survived,"Opened May 6, 1867; same plan as Cottage Grove. Source follows the school beyond 1871, supporting survival.",high,true
CHI-B1860-044,B1860_044,Carpenter School,1868,1868,exact,,unknown,,demolished/replaced,Centre Avenue and Second Street,Racine Avenue vicinity; historical Second Street crosswalk required,,,school,public school,,Chicago Board of Education,material not stated,4,survived,"Built in 1868 for over $75,000. Postfire continuation supports survival; final fate unresolved.",high,true
CHI-B1860-040,B1860_040,Chicago Avenue waterworks machine shop,1867,1868,exact,1871,exact,Great Chicago Fire; almost total loss,destroyed/reconstructed,"Waterworks grounds bounded by Chicago Avenue, Pine, Pearson, and lake",Chicago Avenue and Michigan Avenue,,,industrial workshop,manufacture of hydrants and valves; system repair,,City of Chicago,brick,2,destroyed,Construction began fall 1867 and completed February 1868; almost total loss in fire and rebuilt on old foundation.,high,false
CHI-B1860-041,B1860_041,Elm Street Primary School,1868,1868,exact,1871,exact,Great Chicago Fire,destroyed,Rush and Elm Streets,Rush and Elm Streets,,,school,public primary school,,Chicago Board of Education,wood,2,destroyed,"Opened September 5, 1868; cost nearly $20,000; explicitly destroyed in 1871.",high,false
CHI-B1860-020,B1860_020,Grace Methodist Episcopal Church complex,1863,1868,phased,1871,exact,Great Chicago Fire,destroyed,Northwest corner LaSalle Street and Chicago Avenue,LaSalle Drive and Chicago Avenue,,,church complex,Methodist worship,,Grace Methodist Episcopal Society,rock-faced stone; English Gothic main church,,destroyed,"Chapel dedicated July 3, 1864; main foundations laid 1866, superstructure 1867, completion/dedication 1868; destroyed October 9, 1871.",high,false
CHI-B1860-043,B1860_043,Hayes School,1868,1868,exact,,unknown,,demolished/replaced,Leavitt Street between Walnut and Fulton Streets,Leavitt Street between Walnut and Fulton Streets,,,school,public school,,Chicago Board of Education,brick,4,survived,"Built for over $70,000 and dedicated September 25, 1868; west-side location and continued operation support survival.",high,true
CHI-B1860-042,B1860_042,Holden School,1868,1868,exact,,unknown,,demolished/replaced,Deering Street and Thirty-first Street,31st Street; historical Deering crosswalk required,,,school,public school,,Chicago Board of Education,brick,4,survived,"Dedicated May 2, 1868; cost over $70,000. Location south of fire and continued principalship support survival.",high,true
CHI-B1860-039,B1860_039,Jews' Hospital,1867,1868,exact,1871,exact,Great Chicago Fire,destroyed,537 North LaSalle Street between Schiller and Goethe Streets,LaSalle Drive between Schiller and Goethe Streets,,,hospital,general charitable hospital,,United Hebrew Relief Association,red brick; 80 by 40 feet,2.5,destroyed,"Cornerstone September 2, 1867; completed 1868 for about $30,000; destroyed around 11 a.m. October 9, 1871.",high,false
CHI-B1860-045,B1860_045,Wentworth Avenue Primary School,1868,1868,exact,,unknown,,demolished/replaced,"Wentworth Avenue, exact cross street not stated",Wentworth Avenue,,,school,public primary school,,Chicago Board of Education,material not stated,2,survived,"Opened September 5, 1868; cost nearly $20,000. Exact parcel and final disposition need review.",high,true
CHI-B1860-050,B1860_050,Abraham Groesbeck House,1869,1869,exact,,,,extant,Washington Boulevard,1304 W. Washington Boulevard,,,house/office,physician residence and office,Otis L. Wheelock,Abraham Groesbeck,Italianate masonry,2,survived,"Official landmark record confirms date, architect, use, address, and survival.",high,false
CHI-B1860-052,B1860_052,Carpenter Chapel,1869,1869,exact,,,,extant as church-complex component,Union Park at Ashland Avenue,60 N. Ashland Avenue,,,chapel,seminary and Congregational worship,Otis L. Wheelock,Chicago Theological Seminary,masonry,,survived,Official city record identifies the adjacent chapel as an 1869 Wheelock design; survives within First Baptist Congregational complex.,high,false
CHI-B1860-047,B1860_047,Chicago Avenue Pumping Station,1866,1869,exact,,,,extant/altered,"Chicago Avenue, Pine Street, Pearson Street, and lake",821 N. Michigan Avenue,,,pumping station,municipal water pumping,William W. Boyington; engineering by Ellis S. Chesbrough and DeWitt C. Cregier,City of Chicago,castellated Gothic rock-faced ashlar with brick and iron,,survived,"Pump foundations begun 1866; building completed early 1869. Fire damaged roof/works and disabled machinery, but masonry building survived and was repaired.",high,false
CHI-B1860-051,B1860_051,Chicago Tribune Building of 1869,1869,1869,exact,1871,exact,Great Chicago Fire,destroyed,Dearborn Street business district,"Dearborn Street, exact frontage requires directory check",,,newspaper office/printing plant,newspaper production and offices,Edward Burling association,Chicago Tribune,"stone with iron front frames, roof, and shutters",4,destroyed,"Erected for $225,000 and considered fireproof; destroyed in the fire, illustrating failure of ante-fire fireproofing assumptions.",high,true
CHI-B1860-046,B1860_046,Chicago Water Tower,1867,1869,exact,,,,extant,Pine Street waterworks grounds,806 N. Michigan Avenue,,,water tower,standpipe enclosure and pressure regulation,William W. Boyington,City of Chicago,"castellated Gothic limestone, brick, and iron",,survived,"Cornerstone March 25, 1867; completed early 1869. Official landmark record confirms survival within the burn district.",high,false
CHI-B1860-054,B1860_054,Mercy Hospital central building and south wing,1869,1869,exact,,unknown,,demolished/replaced,Northwest corner Calumet Avenue and Twenty-sixth Street,Calumet Avenue and 26th Street,,,hospital,general hospital,,Sisters of Mercy,masonry,,survived,Central block and south wing erected in 1869 and accommodated a 300-patient complex. South-side location supports survival; final removal/replacement needs research.,high,true
CHI-B1860-048,B1860_048,New Franklin School,1868,1869,exact,1871,exact,Great Chicago Fire,destroyed,Division and Sedgwick Streets,Division and Sedgwick Streets,,,school,public school and branch high-school classes,,Chicago Board of Education,brick,4,destroyed,"Occupied January 4 and dedicated January 8, 1869; explicitly destroyed with its branch in the Great Fire.",high,false
CHI-B1860-049,B1860_049,Second Farwell Hall,1868,1869,exact,1871,exact,Great Chicago Fire,destroyed,Madison Street between Clark and LaSalle Streets,Madison Street between Clark and LaSalle Streets,,,assembly/commercial building,YMCA hall and social-service center,,Chicago YMCA,masonry; rebuilt on first hall site,,destroyed,"Dedicated January 19, 1869 and swept away in the Great Fire.",high,false
CHI-B1860-057,B1860_057,South Congregational Church,1869,1869,exact,,unknown,,demolished/replaced,Indiana Avenue and Twenty-sixth Street,Indiana Avenue and 26th Street,,,church,Congregational worship,,South Congregational Church,material not stated,,survived,"First used August 29 and dedicated September 12, 1869; location south of burn district supports survival, but later fate remains unresolved.",high,true
CHI-B1860-053,B1860_053,St. Ignatius College main building,1869,1869,exact,,,,extant/altered,Twelfth Street near May Street,1076 W. Roosevelt Road,,,college building,Jesuit college and secondary education,Toussaint Menard; John P. Huber,"St. Ignatius College / Rev. Arnold Damen, S.J.",Second Empire masonry,,survived,Built in 1869 and opened in 1870; 1874 west addition is a separate later event.,high,false
CHI-B1860-056,B1860_056,St. John's Catholic School,1869,1869,exact,1871,exact,Great Chicago Fire,destroyed,Clark Street immediately north of St. John's Church at Old Street,Clark Street near today's Hill Street; historic Old Street crosswalk needs review,,,school,Catholic parochial education,,St. John's parish,brick,4,destroyed,"Built for $75,000 including land and capacity 1,500; Andreas states the parish property was destroyed in 1871.",high,true
CHI-CHI1870-014,CHI1870_014,Chicago City Hall and Cook County Court House enlargement,1869,1870,exact,1871,exact,Great Chicago Fire,destroyed,Court House Square bounded by Clark; Randolph; LaSalle; and Washington streets,,,,government building,city and county offices,,City of Chicago; Cook County,marble original; Lemont stone additions,,destroyed,This is a lifecycle record for two wings and one additional story completed in 1870 plus remodeling of the west half. The joint 1853 building was destroyed in the fire.,high,false
CHI-CHI1870-032,CHI1870_032,Chicago Medical College,1870,1870,exact,,,,demolished,54-56 Twenty-sixth Street at Prairie Avenue,,,,college,medical education,,Chicago Medical College,masonry,,survived,Completed September 1 1870 at a cost of $25000 and became Northwestern University's medical department. Site was south of the mapped fire footprint.,high,false
CHI-CHI1870-019,CHI1870_019,Chicago outer-harbor breakwater 1870 segment,1870,1870,exact,,,,altered,Lake Michigan outer harbor,,,,harbor infrastructure,breakwater,Fox and Howard; Illinois Central Railroad Company,United States Government,cribwork,,outside-fire-area,Fox and Howard began in September and constructed 1450 feet during 1870. A May 1871 contract with Illinois Central continued the work. Offshore location places it beyond the urban burn footprint.,high,false
CHI-CHI1870-009,CHI1870_009,Douglas School,1870,1870,exact,,,,unknown,Corner Forest Avenue and Thirty-second Street,,,,school,public school,,Chicago Board of Education,brick,3,survived,The scanned page heading identifies Douglas School. The structure was 82 by 76 feet with a 60 by 52 foot wing; it remained in use after the fire.,high,false
CHI-CHI1870-006,CHI1870_006,Drake Block,1870,1870,exact,1870,exact,fire,destroyed,Southeast corner Wabash Avenue and Washington Street,,,,commercial block,mixed wholesale and retail,,,masonry with combustible mansard roof,7,not-present,Completed in spring 1870 and destroyed September 4 1870. It therefore did not exist at the October 1871 fire snapshot. Andreas calls it one of the most imposing commercial buildings in the United States at the time.,high,false
CHI-CHI1870-025,CHI1870_025,First Congregational Church,1869,1870,exact,,,,demolished,Corner West Washington and Ann streets,,,,church,Congregational worship,,First Congregational Society,masonry,,survived,Cornerstone July 10 1869; dedicated June 5 1870; 2000-seat audience room and $180000 total cost. The building became city-government and Relief Society headquarters the day after the fire.,high,false
CHI-B1860-058,B1860_058,First Congregational Church of 1870,1869,1870,exact,,unknown,,demolished/replaced,West Washington and Ann Streets,Washington Boulevard and Racine Avenue,,,church,Congregational worship; postfire civic relief headquarters,,First Congregational Church,masonry; large auditorium,,survived,"Cornerstone July 10, 1869; completed/dedicated June 5, 1870. Included as cross-decade start; used as city and Relief Society headquarters after fire.",high,false
CHI-CHI1870-039,CHI1870_039,Hampton and Marion Story Rowhouse,1870,1870,exact,,,,extant,1526-1528 West Monroe Street; unit assignment needs nomination check,1526-1528 W. Monroe St.,,,rowhouse,residence,,Matthew Laflin; George Laflin; Allen Loomis,Italianate masonry,,survived,One of a matched pair first owned by Hampton and Marion Story. Unit-level street number remains unassigned until the National Register nomination is obtained.,low,true
CHI-CHI1870-040,CHI1870_040,Isaac and Flora Camp Rowhouse,1870,1870,exact,,,,extant,1526-1528 West Monroe Street; unit assignment needs nomination check,1526-1528 W. Monroe St.,,,rowhouse,residence,,Matthew Laflin; George Laflin; Allen Loomis,Italianate masonry,,survived,One of a matched pair first owned by Isaac and Flora Camp. Unit-level street number remains unassigned until the National Register nomination is obtained.,low,true
CHI-CHI1870-008,CHI1870_008,Lincoln School,1870,1870,exact,,,,unknown,Lincoln Street between Belden and Fullerton avenues,,,,school,public school,,Chicago Board of Education,brick,3,survived,Erected September 1870; 82 by 76 feet with a 60 by 52 foot wing. Andreas says the Great Fire left Newberry and Lincoln as the only public-school structures in the North Division.,high,false
CHI-CHI1870-001,CHI1870_001,Michigan Avenue Hotel,1870,1870,exact,,,,demolished,Southwest corner Michigan Avenue and Congress Street,,,,hotel,hotel,,J. F. Pierson; J. B. Shepard,,4,survived,Opened September 1870 with about 79 rooms. Andreas states it escaped the conflagration and was the only building of considerable size on the South Side to do so; it served as a boundary landmark.,high,false
CHI-CHI1870-022,CHI1870_022,North-Western Manufacturing Company four-story works addition,1870,1870,exact,,,,demolished,Desplaines Street adjoining the Jefferson Street works,,,,industrial building,metalworks and manufacturing,,North-Western Manufacturing Company; Richard T. Crane,masonry,4,uncertain,A four-story building was erected in 1870 and a four-story wing added in 1871. No direct fire-fate statement was found in the cited company history.,medium,true
CHI-CHI1870-030,CHI1870_030,Oakland Methodist Episcopal Church,1870,1870,exact,,,,demolished,Corner Langley Avenue and Thirty-ninth Street,,,,church,Methodist worship,,Oakland Methodist Episcopal Church,,,survived,Andreas reports work commenced February 25 1870 and dedication August 6 1870 at a cost of $12000. The same passage confusingly says the lot was purchased in spring 1871; chronology needs conference-record checking.,medium,true
CHI-CHI1870-002,CHI1870_002,Palmer House I,1869,1870,exact,1871,exact,Great Chicago Fire,destroyed,Northwest corner State and Quincy streets,,,,hotel,hotel,,Potter Palmer,stone-fronted masonry,8,destroyed,Completed and opened September 26 1870. The hotel had 225 rooms; Andreas gives $200000 building cost and $100000 furnishing cost.,high,false
CHI-CHI1870-036,CHI1870_036,Raber House,1870,1870,exact,,,,extant,State Street / South Plank Road country estate,5760 S. Lafayette Ave.,,,residence,country estate residence,Thomas W. Wing,John Raber,Italianate brick with wooden cupola,,survived,Official landmark record calls it a rare surviving pre-Fire residence and notes major 1894 alterations. The original grounds comprised about six acres.,high,false
CHI-CHI1870-033,CHI1870_033,St. Ignatius College,1869,1870,approximate,,,,altered,Twelfth Street near May Street,,,,college,Jesuit education,,Society of Jesus,masonry,,survived,Building began in 1869 and classes were organized in September 1870. This row uses the start of occupancy as approximate completion; additional building-contract research is needed.,medium,true
CHI-B1860-059,B1860_059,St. Michael's Catholic Church,1869,1870,exact,,,,extant/altered,Southeast corner Hurlbut and Linden Streets,1633 N. Cleveland Avenue near Eugenie Street,,,church,Roman Catholic worship,,Redemptorist Fathers / St. Michael parish,brick; 200 by 80 feet,,survived,Erected in 1869-70; walls remained substantially intact in the fire although steeple and bells burned. Included because construction began in decade.,high,true
CHI-CHI1870-041,CHI1870_041,Swedish Club of Chicago building,1870,1870,exact,,,,extant,1258 North LaSalle Street,1258 N. LaSalle St.,,,clubhouse,residence then Swedish social club,Unknown,,Italianate masonry,,survived,The official register index confirms the property identity and address; the 1870 construction date currently rests on a secondary summary and requires nomination-level verification.,low,true
CHI-CHI1870-020,CHI1870_020,West Side Masonic Temple,1869,1870,exact,,,,demolished,Southwest corner Halsted and Randolph streets,,,,fraternal building,Masonic halls,,West Chicago Benevolent Association,masonry,,survived,Cornerstone laid October 12 1869; completed summer 1870; dedicated December 22 1870. Andreas records that Washington Chapter met there at the fire and suffered no loss.,high,false
CHI-CHI1870-037,CHI1870_037,Wheeler-Kohn House,1870,1870,exact,,,,extant,Calumet Avenue near Twenty-first Street,2018 S. Calumet Ave.,,,residence,urban mansion,Otis L. Wheelock,Calvin Wheeler,Second Empire masonry residence,,survived,Official landmark record identifies it as a pre-Fire survivor; remodeled circa 1885 for Joseph Kohn.,high,false
CHI-CHI1870-017,CHI1870_017,Adams Street water-main tunnel,1870,1871,range,,,,unknown,Under the Chicago River at Adams Street,,,,utility infrastructure,water-main tunnel,,City of Chicago,subterranean,,no-destruction-reported,Completed and placed in use during 1870-71. Andreas separately enumerates water-system damage but does not list this tunnel as destroyed.,medium,true
CHI-CHI1870-018,CHI1870_018,Archer Avenue water-main tunnel,1870,1871,range,,,,unknown,Under the South Fork of the South Branch at Archer Avenue,,,,utility infrastructure,water-main tunnel,,City of Chicago,subterranean,,no-destruction-reported,Completed and placed in use during 1870-71 for the main serving the southwestern city. No destruction is reported in Andreas's detailed water-system loss account.,medium,true
CHI-CHI1870-004,CHI1870_004,Bigelow House,1870,1871,exact,1871,exact,Great Chicago Fire,destroyed,Southwest corner Dearborn and Adams streets; Quincy Street rear,,,,hotel,hotel,,Captain George A. Bigelow,Athens stone fronts; pressed-brick rear; mansard roof,4,destroyed,Destroyed on its intended opening day October 9 1871. Ben H. Skinner had leased and furnished it. Footprint 178 by 110 feet; middle tower 115 feet; $225000 building and $200000 furnishings.,high,false
CHI-CHI1870-016,CHI1870_016,Chicago Avenue water-main tunnel,1870,1871,range,,,,unknown,Under the Chicago River at Chicago Avenue,,,,utility infrastructure,water-main tunnel,,City of Chicago,subterranean,,no-destruction-reported,Completed and placed in use during 1870-71. Andreas separately enumerates water-system damage but does not list this tunnel as destroyed.,medium,true
CHI-CHI1870-023,CHI1870_023,Church of the Immaculate Conception 1871 alteration,1871,1871,exact,1871,exact,Great Chicago Fire,destroyed,Corner Franklin and Schiller streets,,,,church,Roman Catholic worship,,Church of the Immaculate Conception,masonry,,destroyed,Lifecycle record for extensive improvements and a new steeple costing about $3000. Andreas says the paint was not dry when the entire parish property was destroyed.,high,false
CHI-CHI1870-015,CHI1870_015,Division Street water-main tunnel,1870,1871,range,,,,unknown,Under the canal and river at Division Street,,,,utility infrastructure,water-main tunnel,,City of Chicago,subterranean,,no-destruction-reported,Completed and placed in use during 1870-71. Andreas separately enumerates water-system damage but does not list this tunnel as destroyed.,medium,true
CHI-CHI1870-011,CHI1870_011,Halsted and Sixteenth streets viaduct,1870,1871,range,,,,unknown,Halsted and Sixteenth streets,,,,transportation infrastructure,street viaduct,,City of Chicago,,,uncertain,Andreas calls this the first of the notable 1870-71 viaducts. The cited passage does not provide a direct fire-damage statement.,medium,true
CHI-CHI1870-038,CHI1870_038,Hitchcock House,1871,1871,exact,,,,extant,Austin suburb,5704 W. Ohio St.,,,residence,suburban house,Unknown,Charles Hitchcock,Italianate,,outside-city-at-construction,The City records the house as built in 1871 and explicitly notes that Austin was then an independent suburb. Included as a future-city-footprint record; not counted in 1871 municipal Chicago totals.,high,false
CHI-CHI1870-010,CHI1870_010,LaSalle Street Tunnel,1869,1871,exact,,,,altered,LaSalle Street beneath the Chicago River,,,,transportation infrastructure,vehicular and pedestrian tunnel,William Bryson; R. E. Moss; George Chambers; A. J. McBean,City of Chicago,masonry subterranean,,damaged-not-destroyed,Opened July 4 1871; 1890 feet long; cost $566000. The fire warped approach railings and damaged stone coping but did not destroy the tunnel.,high,false
CHI-CHI1870-024,CHI1870_024,Mariners' Chapel auditorium,1863,1871,exact,1871,exact,Great Chicago Fire,destroyed,Michigan Street just east of Market Street,,,,church,mariners' worship and mission,,Seamen's Bethel,,1,destroyed,The building first opened for services April 11 1869; the new 800-seat auditorium was first used and formally dedicated June 25 1871. Enterprise cost was $25000; the fire deprived the congregation of it.,high,false
CHI-CHI1870-028,CHI1870_028,Michigan-avenue Baptist Church,1869,1871,exact,,,,demolished,Michigan Avenue just south of Twenty-third Street,,,,church,Baptist worship,,Michigan-avenue Baptist Church,masonry,,survived,Work began after the February 1869 lot purchase; dedicated January 29 1871. The site was south of the mapped fire footprint.,high,false
CHI-CHI1870-034,CHI1870_034,Our Savior's Norwegian Evangelical Lutheran Church new building,1871,1871,approximate,,,,demolished,Four lots; exact new-site address not stated in cited passage,,,,church,Norwegian Lutheran worship,,Our Savior's Norwegian Evangelical Lutheran Church,,,uncertain,The congregation sold its frame church at West Erie and May and erected a new 1200-seat structure in 1871 for $40000. Address and direct fire fate require church-record verification.,medium,true
CHI-CHI1870-007,CHI1870_007,Parmelee Omnibus and Stage Company stable,1871,1871,exact,1871,exact,Great Chicago Fire,destroyed,Southeast corner Jackson and Franklin streets,,,,stable,omnibus and stage stable,,Parmelee Omnibus and Stage Company,,,destroyed,Just completed at a reported cost of $80000 and scheduled for first occupancy October 11. Andreas identifies it as the first South Side building to ignite at about 11:30 p.m. October 8.,high,false
CHI-CHI1870-035,CHI1870_035,Third Presbyterian Church chapel,1871,1871,approximate,,,,demolished,Washington and Carpenter streets,,,,chapel,Presbyterian Sunday school,,Third Presbyterian Church,,,survived,A new adjoining chapel and remodeling of the church were completed in summer 1871 at about $10000. Later continuous use and the West Side location support survival; a direct fire sentence should still be located.,medium,true
CHI-CHI1870-026,CHI1870_026,Union Park Congregational Church,1869,1871,exact,,,,extant,Ashland Avenue and West Washington Street,60 N. Ashland Ave.,,,church,Congregational worship,Gurdon P. Randall,Union Park Congregational Church,Lake Superior sandstone,,survived,Cornerstone August 7 1869; dedicated November 12 1871 shortly after the fire; seating 2000; cost about $125000. The City identifies it as a surviving 1871 landmark.,high,false
CHI-CHI1870-027,CHI1870_027,University-place Baptist Church chapel,1870,1871,exact,,,,demolished,Thirty-fifth Street at the head of Rhodes Avenue,,,,chapel,Baptist worship,,University-place Baptist Church,brick,,survived,Dedicated June 25 1871; cost $14814 excluding the $11000 lots. Its far South Side location was outside the mapped fire footprint.,high,false
CHI-CHI1870-013,CHI1870_013,West Adams Street viaduct,1870,1871,range,,,,unknown,West Adams Street,,,,transportation infrastructure,street viaduct,,City of Chicago,,,uncertain,Named among the notable viaducts constructed in 1870-71. Exact crossing and fire fate require Board of Public Works report verification.,medium,true
CHI-CHI1870-012,CHI1870_012,West Indiana Street viaduct,1870,1871,range,,,,unknown,West Indiana Street,,,,transportation infrastructure,street viaduct,,City of Chicago,,,uncertain,Named among the notable viaducts constructed in 1870-71. Exact crossing and fire fate require Board of Public Works report verification.,medium,true
CHI-CHI1870-029,CHI1870_029,Indiana-avenue Methodist Episcopal Church new building,1871,1872,exact,,,,demolished,Michigan Avenue; exact lot not stated in cited passage,,,,church,Methodist worship,,Indiana-avenue Methodist Episcopal Church,masonry,,survived-under-construction,Construction began in spring 1871 and was underway during the fire. The congregation occupied the basement in December 1871 and dedicated the completed building February 5 1872.,medium,true
CHI-B1860-055,B1860_055,New U.S. Marine Hospital,1869,1872,exact,,unknown,,demolished/replaced,Lake View on ten-acre lakefront site,Lake View lakefront; exact modern parcel requires review,,,hospital,federal marine hospital,,United States government,Lemont stone; central building and two wings,4 plus basement,survived,"Work began in 1869 and completed 1872 for $452,000; included because construction starts in decade. Site outside fire district.",high,true
CHI-CHI1870-005,CHI1870_005,Palmer House II construction,1871,1873,approximate,,,,demolished,State and Monroe streets,,,,hotel,hotel,,Potter Palmer,masonry,,survived-foundations,A fire witness reported that only the foundations had yet been built when the fire passed. This row represents the construction-stage asset that later became the second Palmer House rather than back-projecting the completed 1873 hotel into 1871.,medium,true
CHI-CHI1870-021,CHI1870_021,Chicago Nursery and Half-Orphan Asylum permanent home,1869,,under-construction,,,,demolished,Fronting North Halsted and Burling streets near Centre Street,,,,institutional building,child care and orphan asylum,,Chicago Nursery and Half-Orphan Asylum,masonry,,survived,Work resumed in summer 1871. At the fire the building lacked doors and heat and was only partly plastered. Children evacuated temporarily; Andreas states the fire stopped two blocks south and they returned the next day.,high,false
CHI-B1830-001,B1830_001,First federal lighthouse tower attempt,1831,,incomplete,1831,exact,Collapsed during construction on October 30,destroyed,North end of Fort Dearborn reservation near river mouth,Near present Michigan Avenue and Wacker Drive,,,lighthouse,navigation aid,Samuel Jackson,United States government,masonry tower; walls reported three feet thick,,not exposed,Verified: Congress appropriated funds in March 1831; a planned 50-foot tower collapsed before completion. This is a distinct construction episode from the operating 1832 lighthouse.,high,false
CHI-CHI1870-003,CHI1870_003,Grand Pacific Hotel I,1869,,under-construction,1871,exact,Great Chicago Fire,destroyed,Block bounded by Clark; Jackson; LaSalle; and Quincy streets,,,,hotel,hotel,W. W. Boyington,Pacific Hotel Company,masonry,6,destroyed,By October 1871 the walls had reached full height and a substantial roof was present. The unfinished hotel was destroyed October 9 leaving a ruin.,high,false
CHI-CHI1870-031,CHI1870_031,St. Patrick's Church 1871 raising and basement,1871,,under-construction,,,,altered,Northwest corner Adams and Desplaines streets,,,,church,Roman Catholic worship,,St. Patrick's parish,raised existing building; new stone basement,,survived-under-construction,Lifecycle record: the church was raised and a stone basement inserted at a cost of $20000. At the fire it stood on lifting screws; work resumed afterward.,high,false
