assertion_id,building_id,field_name,asserted_value,source_keys,confidence,needs_review,research_note
CHI-POSTFIRE-CHI1872-001-A01,CHI-POSTFIRE-CHI1872-001,canonical_name,Page Brothers Building,CITYLANDMARKS_API;CITYLANDMARKS_WEB,high,false,Official City narrative dates the building to 1872; the State Street facade and fifth story are a separate 1902 phase.
CHI-POSTFIRE-CHI1872-001-A02,CHI-POSTFIRE-CHI1872-001,year_completed,1872,CITYLANDMARKS_API;CITYLANDMARKS_WEB,high,false,Official City narrative dates the building to 1872; the State Street facade and fifth story are a separate 1902 phase.
CHI-POSTFIRE-CHI1872-001-A03,CHI-POSTFIRE-CHI1872-001,address_historical,177-191 North State Street; north facade on Lake Street,CITYLANDMARKS_API;CITYLANDMARKS_WEB,high,false,Official City narrative dates the building to 1872; the State Street facade and fifth story are a separate 1902 phase.
CHI-POSTFIRE-CHI1872-001-A04,CHI-POSTFIRE-CHI1872-001,architect_or_builder,John M. Van Osdel,CITYLANDMARKS_API;CITYLANDMARKS_WEB,high,false,Official City narrative dates the building to 1872; the State Street facade and fifth story are a separate 1902 phase.
CHI-POSTFIRE-CHI1872-001-A05,CHI-POSTFIRE-CHI1872-001,structural_system,masonry with cast-iron north facade,CITYLANDMARKS_API;CITYLANDMARKS_WEB,high,false,Official City narrative dates the building to 1872; the State Street facade and fifth story are a separate 1902 phase.
CHI-POSTFIRE-CHI1872-001-A06,CHI-POSTFIRE-CHI1872-001,construction_or_event_type,reconstruction,CITYLANDMARKS_API;CITYLANDMARKS_WEB,high,false,Official City narrative dates the building to 1872; the State Street facade and fifth story are a separate 1902 phase.
CHI-POSTFIRE-CHI1872-001-A07,CHI-POSTFIRE-CHI1872-001,predecessor_or_rebuild_of,pre-fire commercial building on site,CITYLANDMARKS_API;CITYLANDMARKS_WEB,high,false,Official City narrative dates the building to 1872; the State Street facade and fifth story are a separate 1902 phase.
CHI-POSTFIRE-CHI1872-001-A08,CHI-POSTFIRE-CHI1872-001,postfire_code_context,Built during the first-year rebuilding under the post-fire fire-limits regime; its surviving cast-iron facade preserves a construction technique common before the fire.,CITYLANDMARKS_API;CITYLANDMARKS_WEB,high,false,Official City narrative dates the building to 1872; the State Street facade and fifth story are a separate 1902 phase.
CHI-POSTFIRE-CHI1872-002-A01,CHI-POSTFIRE-CHI1872-002,canonical_name,Holden Block,CITYLANDMARKS_API;CITYLANDMARKS_WEB,high,false,Rare surviving Italianate commercial block with date and Holden name carved at the roofline.
CHI-POSTFIRE-CHI1872-002-A02,CHI-POSTFIRE-CHI1872-002,year_completed,1872,CITYLANDMARKS_API;CITYLANDMARKS_WEB,high,false,Rare surviving Italianate commercial block with date and Holden name carved at the roofline.
CHI-POSTFIRE-CHI1872-002-A03,CHI-POSTFIRE-CHI1872-002,address_historical,1027 West Madison Street,CITYLANDMARKS_API;CITYLANDMARKS_WEB,high,false,Rare surviving Italianate commercial block with date and Holden name carved at the roofline.
CHI-POSTFIRE-CHI1872-002-A04,CHI-POSTFIRE-CHI1872-002,architect_or_builder,Stephen V. Shipman,CITYLANDMARKS_API;CITYLANDMARKS_WEB,high,false,Rare surviving Italianate commercial block with date and Holden name carved at the roofline.
CHI-POSTFIRE-CHI1872-002-A05,CHI-POSTFIRE-CHI1872-002,structural_system,masonry; Buena Vista sandstone facade,CITYLANDMARKS_API;CITYLANDMARKS_WEB,high,false,Rare surviving Italianate commercial block with date and Holden name carved at the roofline.
CHI-POSTFIRE-CHI1872-002-A06,CHI-POSTFIRE-CHI1872-002,construction_or_event_type,new_construction,CITYLANDMARKS_API;CITYLANDMARKS_WEB,high,false,Rare surviving Italianate commercial block with date and Holden name carved at the roofline.
CHI-POSTFIRE-CHI1872-002-A07,CHI-POSTFIRE-CHI1872-002,postfire_code_context,Post-fire Near West Side construction; the source links the building to rapid development after the fire without claiming it stood in the burned district.,CITYLANDMARKS_API;CITYLANDMARKS_WEB,high,false,Rare surviving Italianate commercial block with date and Holden name carved at the roofline.
CHI-POSTFIRE-CHI1872-003-A01,CHI-POSTFIRE-CHI1872-003,canonical_name,John and Clara Merchant House,CITYLANDMARKS_API;CITYLANDMARKS_WEB,high,true,Official City source dates the house circa 1872. Included because it lies within present Chicago and documents Irving Park's railroad-suburb development; historical-jurisdiction flag should be retained.
CHI-POSTFIRE-CHI1872-003-A02,CHI-POSTFIRE-CHI1872-003,year_completed,1872,CITYLANDMARKS_API;CITYLANDMARKS_WEB,high,true,Official City source dates the house circa 1872. Included because it lies within present Chicago and documents Irving Park's railroad-suburb development; historical-jurisdiction flag should be retained.
CHI-POSTFIRE-CHI1872-003-A03,CHI-POSTFIRE-CHI1872-003,address_historical,Irving Park settlement,CITYLANDMARKS_API;CITYLANDMARKS_WEB,high,true,Official City source dates the house circa 1872. Included because it lies within present Chicago and documents Irving Park's railroad-suburb development; historical-jurisdiction flag should be retained.
CHI-POSTFIRE-CHI1872-003-A04,CHI-POSTFIRE-CHI1872-003,architect_or_builder,George E. Woodward pattern-book Design No. 2,CITYLANDMARKS_API;CITYLANDMARKS_WEB,high,true,Official City source dates the house circa 1872. Included because it lies within present Chicago and documents Irving Park's railroad-suburb development; historical-jurisdiction flag should be retained.
CHI-POSTFIRE-CHI1872-003-A05,CHI-POSTFIRE-CHI1872-003,structural_system,wood-frame Second Empire house; mansard roof,CITYLANDMARKS_API;CITYLANDMARKS_WEB,high,true,Official City source dates the house circa 1872. Included because it lies within present Chicago and documents Irving Park's railroad-suburb development; historical-jurisdiction flag should be retained.
CHI-POSTFIRE-CHI1872-003-A06,CHI-POSTFIRE-CHI1872-003,construction_or_event_type,new_construction,CITYLANDMARKS_API;CITYLANDMARKS_WEB,high,true,Official City source dates the house circa 1872. Included because it lies within present Chicago and documents Irving Park's railroad-suburb development; historical-jurisdiction flag should be retained.
CHI-POSTFIRE-CHI1872-003-A07,CHI-POSTFIRE-CHI1872-003,postfire_code_context,Outside Chicago's 1872 municipal limits and outside the burned district; no post-fire ordinance inference.,CITYLANDMARKS_API;CITYLANDMARKS_WEB,high,true,Official City source dates the house circa 1872. Included because it lies within present Chicago and documents Irving Park's railroad-suburb development; historical-jurisdiction flag should be retained.
CHI-POSTFIRE-CHI1872-004-A01,CHI-POSTFIRE-CHI1872-004,canonical_name,Lake-Franklin Group,CITYLANDMARKS_API;CITYLANDMARKS_WEB,high,true,Official date range is 1872-1875 and does not identify which surviving component began in 1872; retained as a start-year group record pending parcel-level permit research.
CHI-POSTFIRE-CHI1872-004-A02,CHI-POSTFIRE-CHI1872-004,year_completed,1875,CITYLANDMARKS_API;CITYLANDMARKS_WEB,high,true,Official date range is 1872-1875 and does not identify which surviving component began in 1872; retained as a start-year group record pending parcel-level permit research.
CHI-POSTFIRE-CHI1872-004-A03,CHI-POSTFIRE-CHI1872-004,address_historical,227-235 West Lake Street and 173-191 North Franklin Street,CITYLANDMARKS_API;CITYLANDMARKS_WEB,high,true,Official date range is 1872-1875 and does not identify which surviving component began in 1872; retained as a start-year group record pending parcel-level permit research.
CHI-POSTFIRE-CHI1872-004-A04,CHI-POSTFIRE-CHI1872-004,architect_or_builder,Burling & Adler; George H. Edbrooke,CITYLANDMARKS_API;CITYLANDMARKS_WEB,high,true,Official date range is 1872-1875 and does not identify which surviving component began in 1872; retained as a start-year group record pending parcel-level permit research.
CHI-POSTFIRE-CHI1872-004-A05,CHI-POSTFIRE-CHI1872-004,structural_system,masonry mercantile lofts with cast-iron columns,CITYLANDMARKS_API;CITYLANDMARKS_WEB,high,true,Official date range is 1872-1875 and does not identify which surviving component began in 1872; retained as a start-year group record pending parcel-level permit research.
CHI-POSTFIRE-CHI1872-004-A06,CHI-POSTFIRE-CHI1872-004,construction_or_event_type,construction_start,CITYLANDMARKS_API;CITYLANDMARKS_WEB,high,true,Official date range is 1872-1875 and does not identify which surviving component began in 1872; retained as a start-year group record pending parcel-level permit research.
CHI-POSTFIRE-CHI1872-004-A07,CHI-POSTFIRE-CHI1872-004,postfire_code_context,Direct product of rebuilding after the 1871 fire; official narrative identifies characteristic post-fire commercial architecture.,CITYLANDMARKS_API;CITYLANDMARKS_WEB,high,true,Official date range is 1872-1875 and does not identify which surviving component began in 1872; retained as a start-year group record pending parcel-level permit research.
CHI-POSTFIRE-CHI1872-005-A01,CHI-POSTFIRE-CHI1872-005,canonical_name,Delaware Building,CITYLANDMARKS_API;CITYLANDMARKS_WEB,high,true,"Official date range is 1872-1874. Huber's steel-framed atrium, two added stories and lower-floor redesign belong to 1889."
CHI-POSTFIRE-CHI1872-005-A02,CHI-POSTFIRE-CHI1872-005,year_completed,1874,CITYLANDMARKS_API;CITYLANDMARKS_WEB,high,true,"Official date range is 1872-1874. Huber's steel-framed atrium, two added stories and lower-floor redesign belong to 1889."
CHI-POSTFIRE-CHI1872-005-A03,CHI-POSTFIRE-CHI1872-005,address_historical,36 West Randolph Street,CITYLANDMARKS_API;CITYLANDMARKS_WEB,high,true,"Official date range is 1872-1874. Huber's steel-framed atrium, two added stories and lower-floor redesign belong to 1889."
CHI-POSTFIRE-CHI1872-005-A04,CHI-POSTFIRE-CHI1872-005,architect_or_builder,Wheelock & Thomas; Julius H. Huber (1889 work),CITYLANDMARKS_API;CITYLANDMARKS_WEB,high,true,"Official date range is 1872-1874. Huber's steel-framed atrium, two added stories and lower-floor redesign belong to 1889."
CHI-POSTFIRE-CHI1872-005-A05,CHI-POSTFIRE-CHI1872-005,structural_system,cast-iron base; precast concrete upper facade,CITYLANDMARKS_API;CITYLANDMARKS_WEB,high,true,"Official date range is 1872-1874. Huber's steel-framed atrium, two added stories and lower-floor redesign belong to 1889."
CHI-POSTFIRE-CHI1872-005-A06,CHI-POSTFIRE-CHI1872-005,construction_or_event_type,construction_start,CITYLANDMARKS_API;CITYLANDMARKS_WEB,high,true,"Official date range is 1872-1874. Huber's steel-framed atrium, two added stories and lower-floor redesign belong to 1889."
CHI-POSTFIRE-CHI1872-005-A07,CHI-POSTFIRE-CHI1872-005,postfire_code_context,One of the few surviving Loop structures from the immediate post-fire rebuilding; 1889 work must be separated.,CITYLANDMARKS_API;CITYLANDMARKS_WEB,high,true,"Official date range is 1872-1874. Huber's steel-framed atrium, two added stories and lower-floor redesign belong to 1889."
CHI-POSTFIRE-CHI1872-006-A01,CHI-POSTFIRE-CHI1872-006,canonical_name,Temporary City Hall and Court House,AND1886V3,high,false,"Authorized within a week of the fire, covered about 178 feet square, completed and occupied by January 1 1872, and cost about $75,000 furnished."
CHI-POSTFIRE-CHI1872-006-A02,CHI-POSTFIRE-CHI1872-006,year_completed,1872,AND1886V3,high,false,"Authorized within a week of the fire, covered about 178 feet square, completed and occupied by January 1 1872, and cost about $75,000 furnished."
CHI-POSTFIRE-CHI1872-006-A03,CHI-POSTFIRE-CHI1872-006,address_historical,southeast corner Adams and LaSalle Streets,AND1886V3,high,false,"Authorized within a week of the fire, covered about 178 feet square, completed and occupied by January 1 1872, and cost about $75,000 furnished."
CHI-POSTFIRE-CHI1872-006-A04,CHI-POSTFIRE-CHI1872-006,structural_system,brick masonry built around former water-tank substructure,AND1886V3,high,false,"Authorized within a week of the fire, covered about 178 feet square, completed and occupied by January 1 1872, and cost about $75,000 furnished."
CHI-POSTFIRE-CHI1872-006-A05,CHI-POSTFIRE-CHI1872-006,construction_or_event_type,reconstruction,AND1886V3,high,false,"Authorized within a week of the fire, covered about 178 feet square, completed and occupied by January 1 1872, and cost about $75,000 furnished."
CHI-POSTFIRE-CHI1872-006-A06,CHI-POSTFIRE-CHI1872-006,predecessor_or_rebuild_of,city and county offices destroyed in 1871 fire,AND1886V3,high,false,"Authorized within a week of the fire, covered about 178 feet square, completed and occupied by January 1 1872, and cost about $75,000 furnished."
CHI-POSTFIRE-CHI1872-006-A07,CHI-POSTFIRE-CHI1872-006,postfire_code_context,Hastily built permanent-looking municipal replacement within the fire district; Andreas calls it a pile of brick and mortar lacking conveniences.,AND1886V3,high,false,"Authorized within a week of the fire, covered about 178 feet square, completed and occupied by January 1 1872, and cost about $75,000 furnished."
CHI-POSTFIRE-CHI1872-006-A08,CHI-POSTFIRE-CHI1872-006,year_demolished,1885,AND1886V3,high,false,"Authorized within a week of the fire, covered about 178 feet square, completed and occupied by January 1 1872, and cost about $75,000 furnished."
CHI-POSTFIRE-CHI1872-007-A01,CHI-POSTFIRE-CHI1872-007,canonical_name,Chamber of Commerce II,AND1886V3;TAYLOR1917CBOT;CHICAG_REBUILD,high,false,"Completed before and formally occupied on the fire's first anniversary, October 9 1872; Andreas reports cost about $365,000."
CHI-POSTFIRE-CHI1872-007-A02,CHI-POSTFIRE-CHI1872-007,year_completed,1872,AND1886V3;TAYLOR1917CBOT;CHICAG_REBUILD,high,false,"Completed before and formally occupied on the fire's first anniversary, October 9 1872; Andreas reports cost about $365,000."
CHI-POSTFIRE-CHI1872-007-A03,CHI-POSTFIRE-CHI1872-007,address_historical,southeast corner Washington and LaSalle Streets,AND1886V3;TAYLOR1917CBOT;CHICAG_REBUILD,high,false,"Completed before and formally occupied on the fire's first anniversary, October 9 1872; Andreas reports cost about $365,000."
CHI-POSTFIRE-CHI1872-007-A04,CHI-POSTFIRE-CHI1872-007,architect_or_builder,Cochrane & Miller,AND1886V3;TAYLOR1917CBOT;CHICAG_REBUILD,high,false,"Completed before and formally occupied on the fire's first anniversary, October 9 1872; Andreas reports cost about $365,000."
CHI-POSTFIRE-CHI1872-007-A05,CHI-POSTFIRE-CHI1872-007,structural_system,stone masonry,AND1886V3;TAYLOR1917CBOT;CHICAG_REBUILD,high,false,"Completed before and formally occupied on the fire's first anniversary, October 9 1872; Andreas reports cost about $365,000."
CHI-POSTFIRE-CHI1872-007-A06,CHI-POSTFIRE-CHI1872-007,construction_or_event_type,reconstruction,AND1886V3;TAYLOR1917CBOT;CHICAG_REBUILD,high,false,"Completed before and formally occupied on the fire's first anniversary, October 9 1872; Andreas reports cost about $365,000."
CHI-POSTFIRE-CHI1872-007-A07,CHI-POSTFIRE-CHI1872-007,predecessor_or_rebuild_of,Chamber of Commerce I destroyed in 1871 fire,AND1886V3;TAYLOR1917CBOT;CHICAG_REBUILD,high,false,"Completed before and formally occupied on the fire's first anniversary, October 9 1872; Andreas reports cost about $365,000."
CHI-POSTFIRE-CHI1872-007-A08,CHI-POSTFIRE-CHI1872-007,postfire_code_context,Prominent masonry reconstruction inside the fire limits.,AND1886V3;TAYLOR1917CBOT;CHICAG_REBUILD,high,false,"Completed before and formally occupied on the fire's first anniversary, October 9 1872; Andreas reports cost about $365,000."
CHI-POSTFIRE-CHI1872-007-A09,CHI-POSTFIRE-CHI1872-007,year_demolished,1890,AND1886V3;TAYLOR1917CBOT;CHICAG_REBUILD,high,false,"Completed before and formally occupied on the fire's first anniversary, October 9 1872; Andreas reports cost about $365,000."
CHI-POSTFIRE-CHI1872-008-A01,CHI-POSTFIRE-CHI1872-008,canonical_name,Chicago Tribune Building II,CHICAG_REBUILD,medium,true,Occupied October 8-9 1872 while final work continued about another month; 72 by 121 feet. Chicagology page rebuilding030 transcribes the contemporary Tribune account.
CHI-POSTFIRE-CHI1872-008-A02,CHI-POSTFIRE-CHI1872-008,year_completed,1872,CHICAG_REBUILD,medium,true,Occupied October 8-9 1872 while final work continued about another month; 72 by 121 feet. Chicagology page rebuilding030 transcribes the contemporary Tribune account.
CHI-POSTFIRE-CHI1872-008-A03,CHI-POSTFIRE-CHI1872-008,address_historical,southeast corner Dearborn and Madison Streets,CHICAG_REBUILD,medium,true,Occupied October 8-9 1872 while final work continued about another month; 72 by 121 feet. Chicagology page rebuilding030 transcribes the contemporary Tribune account.
CHI-POSTFIRE-CHI1872-008-A04,CHI-POSTFIRE-CHI1872-008,architect_or_builder,Burling & Adler,CHICAG_REBUILD,medium,true,Occupied October 8-9 1872 while final work continued about another month; 72 by 121 feet. Chicagology page rebuilding030 transcribes the contemporary Tribune account.
CHI-POSTFIRE-CHI1872-008-A05,CHI-POSTFIRE-CHI1872-008,structural_system,masonry; iron roof; largely noncombustible floors,CHICAG_REBUILD,medium,true,Occupied October 8-9 1872 while final work continued about another month; 72 by 121 feet. Chicagology page rebuilding030 transcribes the contemporary Tribune account.
CHI-POSTFIRE-CHI1872-008-A06,CHI-POSTFIRE-CHI1872-008,construction_or_event_type,reconstruction,CHICAG_REBUILD,medium,true,Occupied October 8-9 1872 while final work continued about another month; 72 by 121 feet. Chicagology page rebuilding030 transcribes the contemporary Tribune account.
CHI-POSTFIRE-CHI1872-008-A07,CHI-POSTFIRE-CHI1872-008,predecessor_or_rebuild_of,Tribune Building I destroyed in 1871 fire,CHICAG_REBUILD,medium,true,Occupied October 8-9 1872 while final work continued about another month; 72 by 121 feet. Chicagology page rebuilding030 transcribes the contemporary Tribune account.
CHI-POSTFIRE-CHI1872-008-A08,CHI-POSTFIRE-CHI1872-008,postfire_code_context,"Explicitly designed as a more genuinely fire-resistant replacement, with iron roof and tile, asphalt or artificial-marble floors.",CHICAG_REBUILD,medium,true,Occupied October 8-9 1872 while final work continued about another month; 72 by 121 feet. Chicagology page rebuilding030 transcribes the contemporary Tribune account.
CHI-POSTFIRE-CHI1872-008-A09,CHI-POSTFIRE-CHI1872-008,year_demolished,1901,CHICAG_REBUILD,medium,true,Occupied October 8-9 1872 while final work continued about another month; 72 by 121 feet. Chicagology page rebuilding030 transcribes the contemporary Tribune account.
CHI-POSTFIRE-CHI1872-009-A01,CHI-POSTFIRE-CHI1872-009,canonical_name,First National Bank Building III,AND1886V3;CHICAG_REBUILD,medium,true,"Restored in 1872 for about $75,000 of a reported $295,000 total building value; the pre-fire fifth floor was not restored. Chicagology rebuilding177 transcribes contemporary sources."
CHI-POSTFIRE-CHI1872-009-A02,CHI-POSTFIRE-CHI1872-009,year_completed,1872,AND1886V3;CHICAG_REBUILD,medium,true,"Restored in 1872 for about $75,000 of a reported $295,000 total building value; the pre-fire fifth floor was not restored. Chicagology rebuilding177 transcribes contemporary sources."
CHI-POSTFIRE-CHI1872-009-A03,CHI-POSTFIRE-CHI1872-009,address_historical,southwest corner State and Washington Streets,AND1886V3;CHICAG_REBUILD,medium,true,"Restored in 1872 for about $75,000 of a reported $295,000 total building value; the pre-fire fifth floor was not restored. Chicagology rebuilding177 transcribes contemporary sources."
CHI-POSTFIRE-CHI1872-009-A04,CHI-POSTFIRE-CHI1872-009,architect_or_builder,Edward Burling; Hollingsworth & Coughlin,AND1886V3;CHICAG_REBUILD,medium,true,"Restored in 1872 for about $75,000 of a reported $295,000 total building value; the pre-fire fifth floor was not restored. Chicagology rebuilding177 transcribes contemporary sources."
CHI-POSTFIRE-CHI1872-009-A05,CHI-POSTFIRE-CHI1872-009,structural_system,"iron, stone and brick; surviving vaults",AND1886V3;CHICAG_REBUILD,medium,true,"Restored in 1872 for about $75,000 of a reported $295,000 total building value; the pre-fire fifth floor was not restored. Chicagology rebuilding177 transcribes contemporary sources."
CHI-POSTFIRE-CHI1872-009-A06,CHI-POSTFIRE-CHI1872-009,construction_or_event_type,reconstruction,AND1886V3;CHICAG_REBUILD,medium,true,"Restored in 1872 for about $75,000 of a reported $295,000 total building value; the pre-fire fifth floor was not restored. Chicagology rebuilding177 transcribes contemporary sources."
CHI-POSTFIRE-CHI1872-009-A07,CHI-POSTFIRE-CHI1872-009,predecessor_or_rebuild_of,First National Bank Building II fire-damaged in 1871,AND1886V3;CHICAG_REBUILD,medium,true,"Restored in 1872 for about $75,000 of a reported $295,000 total building value; the pre-fire fifth floor was not restored. Chicagology rebuilding177 transcribes contemporary sources."
CHI-POSTFIRE-CHI1872-009-A08,CHI-POSTFIRE-CHI1872-009,postfire_code_context,Reused surviving walls and vaults; contemporary descriptions called it fireproof but Andreas cautions that such claims were unsettled.,AND1886V3;CHICAG_REBUILD,medium,true,"Restored in 1872 for about $75,000 of a reported $295,000 total building value; the pre-fire fifth floor was not restored. Chicagology rebuilding177 transcribes contemporary sources."
CHI-POSTFIRE-CHI1872-009-A09,CHI-POSTFIRE-CHI1872-009,year_demolished,1883,AND1886V3;CHICAG_REBUILD,medium,true,"Restored in 1872 for about $75,000 of a reported $295,000 total building value; the pre-fire fifth floor was not restored. Chicagology rebuilding177 transcribes contemporary sources."
CHI-POSTFIRE-CHI1872-010-A01,CHI-POSTFIRE-CHI1872-010,canonical_name,J. V. Farwell & Company Block III,AND1886V3;CHICAG_REBUILD,high,true,First section completed about three months after the fire; a 1872 extension formed a 191-by-235-foot complex. Chicagology rebuilding071 distinguishes the phases.
CHI-POSTFIRE-CHI1872-010-A02,CHI-POSTFIRE-CHI1872-010,year_completed,1872,AND1886V3;CHICAG_REBUILD,high,true,First section completed about three months after the fire; a 1872 extension formed a 191-by-235-foot complex. Chicagology rebuilding071 distinguishes the phases.
CHI-POSTFIRE-CHI1872-010-A03,CHI-POSTFIRE-CHI1872-010,address_historical,northwest corner Monroe and Franklin Streets; extension toward Market Street,AND1886V3;CHICAG_REBUILD,high,true,First section completed about three months after the fire; a 1872 extension formed a 191-by-235-foot complex. Chicagology rebuilding071 distinguishes the phases.
CHI-POSTFIRE-CHI1872-010-A04,CHI-POSTFIRE-CHI1872-010,architect_or_builder,John M. Van Osdel,AND1886V3;CHICAG_REBUILD,high,true,First section completed about three months after the fire; a 1872 extension formed a 191-by-235-foot complex. Chicagology rebuilding071 distinguishes the phases.
CHI-POSTFIRE-CHI1872-010-A05,CHI-POSTFIRE-CHI1872-010,structural_system,brick masonry; experimental cement wall sections,AND1886V3;CHICAG_REBUILD,high,true,First section completed about three months after the fire; a 1872 extension formed a 191-by-235-foot complex. Chicagology rebuilding071 distinguishes the phases.
CHI-POSTFIRE-CHI1872-010-A06,CHI-POSTFIRE-CHI1872-010,construction_or_event_type,reconstruction,AND1886V3;CHICAG_REBUILD,high,true,First section completed about three months after the fire; a 1872 extension formed a 191-by-235-foot complex. Chicagology rebuilding071 distinguishes the phases.
CHI-POSTFIRE-CHI1872-010-A07,CHI-POSTFIRE-CHI1872-010,predecessor_or_rebuild_of,Farwell commercial property lost in 1871 fire,AND1886V3;CHICAG_REBUILD,high,true,First section completed about three months after the fire; a 1872 extension formed a 191-by-235-foot complex. Chicagology rebuilding071 distinguishes the phases.
CHI-POSTFIRE-CHI1872-010-A08,CHI-POSTFIRE-CHI1872-010,postfire_code_context,Built immediately after the fire; Andreas documents an experimental poured-cement wall method using rubble fill.,AND1886V3;CHICAG_REBUILD,high,true,First section completed about three months after the fire; a 1872 extension formed a 191-by-235-foot complex. Chicagology rebuilding071 distinguishes the phases.
CHI-POSTFIRE-CHI1872-010-A09,CHI-POSTFIRE-CHI1872-010,year_demolished,1933,AND1886V3;CHICAG_REBUILD,high,true,First section completed about three months after the fire; a 1872 extension formed a 191-by-235-foot complex. Chicagology rebuilding071 distinguishes the phases.
CHI-POSTFIRE-CHI1872-011-A01,CHI-POSTFIRE-CHI1872-011,canonical_name,Reed Block,CHICAG_REBUILD,medium,false,Contemporary April and October 1872 notices document construction and occupancy; footprint about 48 by 140 feet for the occupied portion. Chicagology rebuilding067.
CHI-POSTFIRE-CHI1872-011-A02,CHI-POSTFIRE-CHI1872-011,year_completed,1872,CHICAG_REBUILD,medium,false,Contemporary April and October 1872 notices document construction and occupancy; footprint about 48 by 140 feet for the occupied portion. Chicagology rebuilding067.
CHI-POSTFIRE-CHI1872-011-A03,CHI-POSTFIRE-CHI1872-011,address_historical,northeast corner Lake Street and Wabash Avenue,CHICAG_REBUILD,medium,false,Contemporary April and October 1872 notices document construction and occupancy; footprint about 48 by 140 feet for the occupied portion. Chicagology rebuilding067.
CHI-POSTFIRE-CHI1872-011-A04,CHI-POSTFIRE-CHI1872-011,architect_or_builder,Wheelock & Thomas,CHICAG_REBUILD,medium,false,Contemporary April and October 1872 notices document construction and occupancy; footprint about 48 by 140 feet for the occupied portion. Chicagology rebuilding067.
CHI-POSTFIRE-CHI1872-011-A05,CHI-POSTFIRE-CHI1872-011,structural_system,pressed brick; plate glass; galvanized-iron cornice,CHICAG_REBUILD,medium,false,Contemporary April and October 1872 notices document construction and occupancy; footprint about 48 by 140 feet for the occupied portion. Chicagology rebuilding067.
CHI-POSTFIRE-CHI1872-011-A06,CHI-POSTFIRE-CHI1872-011,construction_or_event_type,reconstruction,CHICAG_REBUILD,medium,false,Contemporary April and October 1872 notices document construction and occupancy; footprint about 48 by 140 feet for the occupied portion. Chicagology rebuilding067.
CHI-POSTFIRE-CHI1872-011-A07,CHI-POSTFIRE-CHI1872-011,predecessor_or_rebuild_of,Hibbard & Spencer premises destroyed in 1871 fire,CHICAG_REBUILD,medium,false,Contemporary April and October 1872 notices document construction and occupancy; footprint about 48 by 140 feet for the occupied portion. Chicagology rebuilding067.
CHI-POSTFIRE-CHI1872-011-A08,CHI-POSTFIRE-CHI1872-011,postfire_code_context,Permanent mercantile rebuilding in the fire district.,CHICAG_REBUILD,medium,false,Contemporary April and October 1872 notices document construction and occupancy; footprint about 48 by 140 feet for the occupied portion. Chicagology rebuilding067.
CHI-POSTFIRE-CHI1872-011-A09,CHI-POSTFIRE-CHI1872-011,year_demolished,1925,CHICAG_REBUILD,medium,false,Contemporary April and October 1872 notices document construction and occupancy; footprint about 48 by 140 feet for the occupied portion. Chicagology rebuilding067.
CHI-POSTFIRE-CHI1872-012-A01,CHI-POSTFIRE-CHI1872-012,canonical_name,Superior Block,CHICAG_REBUILD,medium,true,Nearly complete October 5 1872; three 22.5-foot facades and a central 30-foot glazed court. Chicagology rebuilding098.
CHI-POSTFIRE-CHI1872-012-A02,CHI-POSTFIRE-CHI1872-012,year_completed,1872,CHICAG_REBUILD,medium,true,Nearly complete October 5 1872; three 22.5-foot facades and a central 30-foot glazed court. Chicagology rebuilding098.
CHI-POSTFIRE-CHI1872-012-A03,CHI-POSTFIRE-CHI1872-012,address_historical,75-79 Clark Street opposite Court House,CHICAG_REBUILD,medium,true,Nearly complete October 5 1872; three 22.5-foot facades and a central 30-foot glazed court. Chicagology rebuilding098.
CHI-POSTFIRE-CHI1872-012-A04,CHI-POSTFIRE-CHI1872-012,architect_or_builder,W. W. Boyington,CHICAG_REBUILD,medium,true,Nearly complete October 5 1872; three 22.5-foot facades and a central 30-foot glazed court. Chicagology rebuilding098.
CHI-POSTFIRE-CHI1872-012-A05,CHI-POSTFIRE-CHI1872-012,structural_system,Lake Superior brownstone; central glazed court,CHICAG_REBUILD,medium,true,Nearly complete October 5 1872; three 22.5-foot facades and a central 30-foot glazed court. Chicagology rebuilding098.
CHI-POSTFIRE-CHI1872-012-A06,CHI-POSTFIRE-CHI1872-012,construction_or_event_type,reconstruction,CHICAG_REBUILD,medium,true,Nearly complete October 5 1872; three 22.5-foot facades and a central 30-foot glazed court. Chicagology rebuilding098.
CHI-POSTFIRE-CHI1872-012-A07,CHI-POSTFIRE-CHI1872-012,postfire_code_context,"Promoted in 1872 as fireproof, with fire plugs and hose on each hall; claim is not treated as tested performance.",CHICAG_REBUILD,medium,true,Nearly complete October 5 1872; three 22.5-foot facades and a central 30-foot glazed court. Chicagology rebuilding098.
CHI-POSTFIRE-CHI1872-012-A08,CHI-POSTFIRE-CHI1872-012,year_demolished,1911,CHICAG_REBUILD,medium,true,Nearly complete October 5 1872; three 22.5-foot facades and a central 30-foot glazed court. Chicagology rebuilding098.
CHI-POSTFIRE-CHI1872-013-A01,CHI-POSTFIRE-CHI1872-013,canonical_name,William Blair Building,CHICAG_REBUILD,medium,false,"Contemporary October 1872 notice says just completed; about 60 by 144 feet with deeper basement, steam heat and elevators. Chicagology rebuilding155."
CHI-POSTFIRE-CHI1872-013-A02,CHI-POSTFIRE-CHI1872-013,year_completed,1872,CHICAG_REBUILD,medium,false,"Contemporary October 1872 notice says just completed; about 60 by 144 feet with deeper basement, steam heat and elevators. Chicagology rebuilding155."
CHI-POSTFIRE-CHI1872-013-A03,CHI-POSTFIRE-CHI1872-013,address_historical,172-176 Lake Street between LaSalle and Fifth Avenue,CHICAG_REBUILD,medium,false,"Contemporary October 1872 notice says just completed; about 60 by 144 feet with deeper basement, steam heat and elevators. Chicagology rebuilding155."
CHI-POSTFIRE-CHI1872-013-A04,CHI-POSTFIRE-CHI1872-013,architect_or_builder,"Burling, Adler & Co.",CHICAG_REBUILD,medium,false,"Contemporary October 1872 notice says just completed; about 60 by 144 feet with deeper basement, steam heat and elevators. Chicagology rebuilding155."
CHI-POSTFIRE-CHI1872-013-A05,CHI-POSTFIRE-CHI1872-013,structural_system,St. Louis pressed brick with brownstone trim,CHICAG_REBUILD,medium,false,"Contemporary October 1872 notice says just completed; about 60 by 144 feet with deeper basement, steam heat and elevators. Chicagology rebuilding155."
CHI-POSTFIRE-CHI1872-013-A06,CHI-POSTFIRE-CHI1872-013,construction_or_event_type,reconstruction,CHICAG_REBUILD,medium,false,"Contemporary October 1872 notice says just completed; about 60 by 144 feet with deeper basement, steam heat and elevators. Chicagology rebuilding155."
CHI-POSTFIRE-CHI1872-013-A07,CHI-POSTFIRE-CHI1872-013,postfire_code_context,Masonry mercantile construction within the rebuilt business district.,CHICAG_REBUILD,medium,false,"Contemporary October 1872 notice says just completed; about 60 by 144 feet with deeper basement, steam heat and elevators. Chicagology rebuilding155."
CHI-POSTFIRE-CHI1872-013-A08,CHI-POSTFIRE-CHI1872-013,year_demolished,1941,CHICAG_REBUILD,medium,false,"Contemporary October 1872 notice says just completed; about 60 by 144 feet with deeper basement, steam heat and elevators. Chicagology rebuilding155."
CHI-POSTFIRE-CHI1872-014-A01,CHI-POSTFIRE-CHI1872-014,canonical_name,Armour Building II,CHICAG_REBUILD,medium,true,A June 1872 notice describes a five-story 90-by-130-foot building; Chicago Burlington & Quincy occupied the upper four stories in December. Chicagology rebuilding008.
CHI-POSTFIRE-CHI1872-014-A02,CHI-POSTFIRE-CHI1872-014,year_completed,1872,CHICAG_REBUILD,medium,true,A June 1872 notice describes a five-story 90-by-130-foot building; Chicago Burlington & Quincy occupied the upper four stories in December. Chicagology rebuilding008.
CHI-POSTFIRE-CHI1872-014-A03,CHI-POSTFIRE-CHI1872-014,address_historical,northeast corner Randolph Street and Michigan Avenue; 102 Michigan Avenue,CHICAG_REBUILD,medium,true,A June 1872 notice describes a five-story 90-by-130-foot building; Chicago Burlington & Quincy occupied the upper four stories in December. Chicagology rebuilding008.
CHI-POSTFIRE-CHI1872-014-A04,CHI-POSTFIRE-CHI1872-014,construction_or_event_type,reconstruction,CHICAG_REBUILD,medium,true,A June 1872 notice describes a five-story 90-by-130-foot building; Chicago Burlington & Quincy occupied the upper four stories in December. Chicagology rebuilding008.
CHI-POSTFIRE-CHI1872-014-A05,CHI-POSTFIRE-CHI1872-014,predecessor_or_rebuild_of,pre-fire Armour building/site,CHICAG_REBUILD,medium,true,A June 1872 notice describes a five-story 90-by-130-foot building; Chicago Burlington & Quincy occupied the upper four stories in December. Chicagology rebuilding008.
CHI-POSTFIRE-CHI1872-014-A06,CHI-POSTFIRE-CHI1872-014,postfire_code_context,Post-fire masonry commercial reconstruction; exact code compliance unverified.,CHICAG_REBUILD,medium,true,A June 1872 notice describes a five-story 90-by-130-foot building; Chicago Burlington & Quincy occupied the upper four stories in December. Chicagology rebuilding008.
CHI-POSTFIRE-CHI1872-015-A01,CHI-POSTFIRE-CHI1872-015,canonical_name,Leander McCormick Building,CHICAG_REBUILD,medium,true,Contemporary February 1872 notice announced Nos. 34-40 Lake; October coverage illustrates it among McCormick structures. Chicagology rebuilding168.
CHI-POSTFIRE-CHI1872-015-A02,CHI-POSTFIRE-CHI1872-015,year_completed,1872,CHICAG_REBUILD,medium,true,Contemporary February 1872 notice announced Nos. 34-40 Lake; October coverage illustrates it among McCormick structures. Chicagology rebuilding168.
CHI-POSTFIRE-CHI1872-015-A03,CHI-POSTFIRE-CHI1872-015,address_historical,northwest corner Wabash Avenue and Lake Street,CHICAG_REBUILD,medium,true,Contemporary February 1872 notice announced Nos. 34-40 Lake; October coverage illustrates it among McCormick structures. Chicagology rebuilding168.
CHI-POSTFIRE-CHI1872-015-A04,CHI-POSTFIRE-CHI1872-015,architect_or_builder,W. W. Boyington,CHICAG_REBUILD,medium,true,Contemporary February 1872 notice announced Nos. 34-40 Lake; October coverage illustrates it among McCormick structures. Chicagology rebuilding168.
CHI-POSTFIRE-CHI1872-015-A05,CHI-POSTFIRE-CHI1872-015,structural_system,brick masonry,CHICAG_REBUILD,medium,true,Contemporary February 1872 notice announced Nos. 34-40 Lake; October coverage illustrates it among McCormick structures. Chicagology rebuilding168.
CHI-POSTFIRE-CHI1872-015-A06,CHI-POSTFIRE-CHI1872-015,construction_or_event_type,reconstruction,CHICAG_REBUILD,medium,true,Contemporary February 1872 notice announced Nos. 34-40 Lake; October coverage illustrates it among McCormick structures. Chicagology rebuilding168.
CHI-POSTFIRE-CHI1872-015-A07,CHI-POSTFIRE-CHI1872-015,postfire_code_context,Permanent post-fire mercantile rebuilding.,CHICAG_REBUILD,medium,true,Contemporary February 1872 notice announced Nos. 34-40 Lake; October coverage illustrates it among McCormick structures. Chicagology rebuilding168.
CHI-POSTFIRE-CHI1872-015-A08,CHI-POSTFIRE-CHI1872-015,year_demolished,1949,CHICAG_REBUILD,medium,true,Contemporary February 1872 notice announced Nos. 34-40 Lake; October coverage illustrates it among McCormick structures. Chicagology rebuilding168.
CHI-POSTFIRE-CHI1872-016-A01,CHI-POSTFIRE-CHI1872-016,canonical_name,Garrett Building II,CHICAG_REBUILD,medium,true,"Contemporary notices describe a roughly 130-by-180-foot four-story building, cost about $100,000, with portions ready for tenants in August. Chicagology rebuilding175."
CHI-POSTFIRE-CHI1872-016-A02,CHI-POSTFIRE-CHI1872-016,year_completed,1872,CHICAG_REBUILD,medium,true,"Contemporary notices describe a roughly 130-by-180-foot four-story building, cost about $100,000, with portions ready for tenants in August. Chicagology rebuilding175."
CHI-POSTFIRE-CHI1872-016-A03,CHI-POSTFIRE-CHI1872-016,address_historical,southeast corner Lake and Market Streets,CHICAG_REBUILD,medium,true,"Contemporary notices describe a roughly 130-by-180-foot four-story building, cost about $100,000, with portions ready for tenants in August. Chicagology rebuilding175."
CHI-POSTFIRE-CHI1872-016-A04,CHI-POSTFIRE-CHI1872-016,structural_system,"brick, iron and plate glass",CHICAG_REBUILD,medium,true,"Contemporary notices describe a roughly 130-by-180-foot four-story building, cost about $100,000, with portions ready for tenants in August. Chicagology rebuilding175."
CHI-POSTFIRE-CHI1872-016-A05,CHI-POSTFIRE-CHI1872-016,construction_or_event_type,reconstruction,CHICAG_REBUILD,medium,true,"Contemporary notices describe a roughly 130-by-180-foot four-story building, cost about $100,000, with portions ready for tenants in August. Chicagology rebuilding175."
CHI-POSTFIRE-CHI1872-016-A06,CHI-POSTFIRE-CHI1872-016,predecessor_or_rebuild_of,Garrett Building destroyed in 1871 fire,CHICAG_REBUILD,medium,true,"Contemporary notices describe a roughly 130-by-180-foot four-story building, cost about $100,000, with portions ready for tenants in August. Chicagology rebuilding175."
CHI-POSTFIRE-CHI1872-016-A07,CHI-POSTFIRE-CHI1872-016,postfire_code_context,Masonry rebuilding in the fire district.,CHICAG_REBUILD,medium,true,"Contemporary notices describe a roughly 130-by-180-foot four-story building, cost about $100,000, with portions ready for tenants in August. Chicagology rebuilding175."
CHI-POSTFIRE-CHI1872-016-A08,CHI-POSTFIRE-CHI1872-016,year_demolished,1898,CHICAG_REBUILD,medium,true,"Contemporary notices describe a roughly 130-by-180-foot four-story building, cost about $100,000, with portions ready for tenants in August. Chicagology rebuilding175."
CHI-POSTFIRE-CHI1872-017-A01,CHI-POSTFIRE-CHI1872-017,canonical_name,Oriental Building II,CHICAG_REBUILD,medium,true,Contemporary May and October 1872 notices document construction and partial occupancy; final completion date needs directory/permit verification. Chicagology rebuilding042.
CHI-POSTFIRE-CHI1872-017-A02,CHI-POSTFIRE-CHI1872-017,year_completed,1872,CHICAG_REBUILD,medium,true,Contemporary May and October 1872 notices document construction and partial occupancy; final completion date needs directory/permit verification. Chicagology rebuilding042.
CHI-POSTFIRE-CHI1872-017-A03,CHI-POSTFIRE-CHI1872-017,address_historical,12-18 North LaSalle Street; later 122 LaSalle,CHICAG_REBUILD,medium,true,Contemporary May and October 1872 notices document construction and partial occupancy; final completion date needs directory/permit verification. Chicagology rebuilding042.
CHI-POSTFIRE-CHI1872-017-A04,CHI-POSTFIRE-CHI1872-017,architect_or_builder,John M. Van Osdel,CHICAG_REBUILD,medium,true,Contemporary May and October 1872 notices document construction and partial occupancy; final completion date needs directory/permit verification. Chicagology rebuilding042.
CHI-POSTFIRE-CHI1872-017-A05,CHI-POSTFIRE-CHI1872-017,construction_or_event_type,reconstruction,CHICAG_REBUILD,medium,true,Contemporary May and October 1872 notices document construction and partial occupancy; final completion date needs directory/permit verification. Chicagology rebuilding042.
CHI-POSTFIRE-CHI1872-017-A06,CHI-POSTFIRE-CHI1872-017,predecessor_or_rebuild_of,Oriental Building I destroyed in 1871 fire,CHICAG_REBUILD,medium,true,Contemporary May and October 1872 notices document construction and partial occupancy; final completion date needs directory/permit verification. Chicagology rebuilding042.
CHI-POSTFIRE-CHI1872-017-A07,CHI-POSTFIRE-CHI1872-017,postfire_code_context,Prominent commercial reconstruction in the burned district.,CHICAG_REBUILD,medium,true,Contemporary May and October 1872 notices document construction and partial occupancy; final completion date needs directory/permit verification. Chicagology rebuilding042.
CHI-POSTFIRE-CHI1872-017-A08,CHI-POSTFIRE-CHI1872-017,year_demolished,1907,CHICAG_REBUILD,medium,true,Contemporary May and October 1872 notices document construction and partial occupancy; final completion date needs directory/permit verification. Chicagology rebuilding042.
CHI-POSTFIRE-CHI1872-018-A01,CHI-POSTFIRE-CHI1872-018,canonical_name,Major Block II,CHICAG_REBUILD,medium,true,Foundations underway April; intended occupancy October; contemporary October account identifies the completed streetscape. About 66 by 135 feet. Chicagology rebuilding036.
CHI-POSTFIRE-CHI1872-018-A02,CHI-POSTFIRE-CHI1872-018,year_completed,1872,CHICAG_REBUILD,medium,true,Foundations underway April; intended occupancy October; contemporary October account identifies the completed streetscape. About 66 by 135 feet. Chicagology rebuilding036.
CHI-POSTFIRE-CHI1872-018-A03,CHI-POSTFIRE-CHI1872-018,address_historical,southeast corner Madison and LaSalle Streets,CHICAG_REBUILD,medium,true,Foundations underway April; intended occupancy October; contemporary October account identifies the completed streetscape. About 66 by 135 feet. Chicagology rebuilding036.
CHI-POSTFIRE-CHI1872-018-A04,CHI-POSTFIRE-CHI1872-018,architect_or_builder,Dixon & Hamilton,CHICAG_REBUILD,medium,true,Foundations underway April; intended occupancy October; contemporary October account identifies the completed streetscape. About 66 by 135 feet. Chicagology rebuilding036.
CHI-POSTFIRE-CHI1872-018-A05,CHI-POSTFIRE-CHI1872-018,structural_system,Ohio stone; fireproof office vaults,CHICAG_REBUILD,medium,true,Foundations underway April; intended occupancy October; contemporary October account identifies the completed streetscape. About 66 by 135 feet. Chicagology rebuilding036.
CHI-POSTFIRE-CHI1872-018-A06,CHI-POSTFIRE-CHI1872-018,construction_or_event_type,reconstruction,CHICAG_REBUILD,medium,true,Foundations underway April; intended occupancy October; contemporary October account identifies the completed streetscape. About 66 by 135 feet. Chicagology rebuilding036.
CHI-POSTFIRE-CHI1872-018-A07,CHI-POSTFIRE-CHI1872-018,predecessor_or_rebuild_of,Major Block I destroyed in 1871 fire,CHICAG_REBUILD,medium,true,Foundations underway April; intended occupancy October; contemporary October account identifies the completed streetscape. About 66 by 135 feet. Chicagology rebuilding036.
CHI-POSTFIRE-CHI1872-018-A08,CHI-POSTFIRE-CHI1872-018,postfire_code_context,Designed as substantial stone reconstruction with office vaults; direct ordinance inspection not located.,CHICAG_REBUILD,medium,true,Foundations underway April; intended occupancy October; contemporary October account identifies the completed streetscape. About 66 by 135 feet. Chicagology rebuilding036.
CHI-POSTFIRE-CHI1872-018-A09,CHI-POSTFIRE-CHI1872-018,year_demolished,1914,CHICAG_REBUILD,medium,true,Foundations underway April; intended occupancy October; contemporary October account identifies the completed streetscape. About 66 by 135 feet. Chicagology rebuilding036.
CHI-POSTFIRE-CHI1872-019-A01,CHI-POSTFIRE-CHI1872-019,canonical_name,M. D. Wells & Company Building,CHICAG_REBUILD,medium,false,"Completed by August 1872; cost about $100,000 with steam heat, elevators and power. Chicagology rebuilding131."
CHI-POSTFIRE-CHI1872-019-A02,CHI-POSTFIRE-CHI1872-019,year_completed,1872,CHICAG_REBUILD,medium,false,"Completed by August 1872; cost about $100,000 with steam heat, elevators and power. Chicagology rebuilding131."
CHI-POSTFIRE-CHI1872-019-A03,CHI-POSTFIRE-CHI1872-019,address_historical,southeast corner Madison and Market Streets; 256-262 Madison,CHICAG_REBUILD,medium,false,"Completed by August 1872; cost about $100,000 with steam heat, elevators and power. Chicagology rebuilding131."
CHI-POSTFIRE-CHI1872-019-A04,CHI-POSTFIRE-CHI1872-019,structural_system,Philadelphia pressed brick with Ohio-stone trim,CHICAG_REBUILD,medium,false,"Completed by August 1872; cost about $100,000 with steam heat, elevators and power. Chicagology rebuilding131."
CHI-POSTFIRE-CHI1872-019-A05,CHI-POSTFIRE-CHI1872-019,construction_or_event_type,reconstruction,CHICAG_REBUILD,medium,false,"Completed by August 1872; cost about $100,000 with steam heat, elevators and power. Chicagology rebuilding131."
CHI-POSTFIRE-CHI1872-019-A06,CHI-POSTFIRE-CHI1872-019,predecessor_or_rebuild_of,firm premises destroyed in 1871 fire,CHICAG_REBUILD,medium,false,"Completed by August 1872; cost about $100,000 with steam heat, elevators and power. Chicagology rebuilding131."
CHI-POSTFIRE-CHI1872-019-A07,CHI-POSTFIRE-CHI1872-019,postfire_code_context,Permanent masonry rebuilding in the wholesale district.,CHICAG_REBUILD,medium,false,"Completed by August 1872; cost about $100,000 with steam heat, elevators and power. Chicagology rebuilding131."
CHI-POSTFIRE-CHI1872-019-A08,CHI-POSTFIRE-CHI1872-019,year_demolished,1907,CHICAG_REBUILD,medium,false,"Completed by August 1872; cost about $100,000 with steam heat, elevators and power. Chicagology rebuilding131."
CHI-POSTFIRE-CHI1872-020-A01,CHI-POSTFIRE-CHI1872-020,canonical_name,Morrison Building,CHICAG_REBUILD,medium,true,"Plans reported February 1872; later account describes the completed building and about $100,000 cost. Distinct from the Morrison Block on the southeast corner. Chicagology rebuilding217."
CHI-POSTFIRE-CHI1872-020-A02,CHI-POSTFIRE-CHI1872-020,year_completed,1872,CHICAG_REBUILD,medium,true,"Plans reported February 1872; later account describes the completed building and about $100,000 cost. Distinct from the Morrison Block on the southeast corner. Chicagology rebuilding217."
CHI-POSTFIRE-CHI1872-020-A03,CHI-POSTFIRE-CHI1872-020,address_historical,northeast corner Clark and Madison Streets,CHICAG_REBUILD,medium,true,"Plans reported February 1872; later account describes the completed building and about $100,000 cost. Distinct from the Morrison Block on the southeast corner. Chicagology rebuilding217."
CHI-POSTFIRE-CHI1872-020-A04,CHI-POSTFIRE-CHI1872-020,structural_system,Cleveland and Joliet stone,CHICAG_REBUILD,medium,true,"Plans reported February 1872; later account describes the completed building and about $100,000 cost. Distinct from the Morrison Block on the southeast corner. Chicagology rebuilding217."
CHI-POSTFIRE-CHI1872-020-A05,CHI-POSTFIRE-CHI1872-020,construction_or_event_type,reconstruction,CHICAG_REBUILD,medium,true,"Plans reported February 1872; later account describes the completed building and about $100,000 cost. Distinct from the Morrison Block on the southeast corner. Chicagology rebuilding217."
CHI-POSTFIRE-CHI1872-020-A06,CHI-POSTFIRE-CHI1872-020,predecessor_or_rebuild_of,Morrison commercial buildings destroyed in 1871 fire,CHICAG_REBUILD,medium,true,"Plans reported February 1872; later account describes the completed building and about $100,000 cost. Distinct from the Morrison Block on the southeast corner. Chicagology rebuilding217."
CHI-POSTFIRE-CHI1872-020-A07,CHI-POSTFIRE-CHI1872-020,postfire_code_context,Permanent stone-front reconstruction within the fire district.,CHICAG_REBUILD,medium,true,"Plans reported February 1872; later account describes the completed building and about $100,000 cost. Distinct from the Morrison Block on the southeast corner. Chicagology rebuilding217."
CHI-POSTFIRE-CHI1872-020-A08,CHI-POSTFIRE-CHI1872-020,year_demolished,1910,CHICAG_REBUILD,medium,true,"Plans reported February 1872; later account describes the completed building and about $100,000 cost. Distinct from the Morrison Block on the southeast corner. Chicagology rebuilding217."
CHI-POSTFIRE-CHI1872-021-A01,CHI-POSTFIRE-CHI1872-021,canonical_name,Morrison Block III,CHICAG_REBUILD,medium,true,"October 1872 description gives 90 by 100 feet and cost over $100,000; a January 1873 illustration shows completed rebuilt streetscape. Chicagology rebuilding103."
CHI-POSTFIRE-CHI1872-021-A02,CHI-POSTFIRE-CHI1872-021,year_completed,1872,CHICAG_REBUILD,medium,true,"October 1872 description gives 90 by 100 feet and cost over $100,000; a January 1873 illustration shows completed rebuilt streetscape. Chicagology rebuilding103."
CHI-POSTFIRE-CHI1872-021-A03,CHI-POSTFIRE-CHI1872-021,address_historical,southeast corner Clark and Madison Streets,CHICAG_REBUILD,medium,true,"October 1872 description gives 90 by 100 feet and cost over $100,000; a January 1873 illustration shows completed rebuilt streetscape. Chicagology rebuilding103."
CHI-POSTFIRE-CHI1872-021-A04,CHI-POSTFIRE-CHI1872-021,architect_or_builder,Carter & Drake,CHICAG_REBUILD,medium,true,"October 1872 description gives 90 by 100 feet and cost over $100,000; a January 1873 illustration shows completed rebuilt streetscape. Chicagology rebuilding103."
CHI-POSTFIRE-CHI1872-021-A05,CHI-POSTFIRE-CHI1872-021,structural_system,Joliet limestone; French Renaissance,CHICAG_REBUILD,medium,true,"October 1872 description gives 90 by 100 feet and cost over $100,000; a January 1873 illustration shows completed rebuilt streetscape. Chicagology rebuilding103."
CHI-POSTFIRE-CHI1872-021-A06,CHI-POSTFIRE-CHI1872-021,construction_or_event_type,reconstruction,CHICAG_REBUILD,medium,true,"October 1872 description gives 90 by 100 feet and cost over $100,000; a January 1873 illustration shows completed rebuilt streetscape. Chicagology rebuilding103."
CHI-POSTFIRE-CHI1872-021-A07,CHI-POSTFIRE-CHI1872-021,predecessor_or_rebuild_of,Morrison Block destroyed in 1871 fire,CHICAG_REBUILD,medium,true,"October 1872 description gives 90 by 100 feet and cost over $100,000; a January 1873 illustration shows completed rebuilt streetscape. Chicagology rebuilding103."
CHI-POSTFIRE-CHI1872-021-A08,CHI-POSTFIRE-CHI1872-021,postfire_code_context,Permanent stone commercial replacement in the burned district.,CHICAG_REBUILD,medium,true,"October 1872 description gives 90 by 100 feet and cost over $100,000; a January 1873 illustration shows completed rebuilt streetscape. Chicagology rebuilding103."
CHI-POSTFIRE-CHI1872-021-A09,CHI-POSTFIRE-CHI1872-021,year_demolished,1911,CHICAG_REBUILD,medium,true,"October 1872 description gives 90 by 100 feet and cost over $100,000; a January 1873 illustration shows completed rebuilt streetscape. Chicagology rebuilding103."
CHI-POSTFIRE-CHI1872-022-A01,CHI-POSTFIRE-CHI1872-022,canonical_name,C. M. Henderson and Company Building,CHICAG_REBUILD,medium,true,Contemporary September 1872 feature documents the new building; exact completion date and demolition year remain approximate. Chicagology rebuilding097.
CHI-POSTFIRE-CHI1872-022-A02,CHI-POSTFIRE-CHI1872-022,year_completed,1872,CHICAG_REBUILD,medium,true,Contemporary September 1872 feature documents the new building; exact completion date and demolition year remain approximate. Chicagology rebuilding097.
CHI-POSTFIRE-CHI1872-022-A03,CHI-POSTFIRE-CHI1872-022,address_historical,southeast corner Franklin and Madison Streets; formerly 235 Madison,CHICAG_REBUILD,medium,true,Contemporary September 1872 feature documents the new building; exact completion date and demolition year remain approximate. Chicagology rebuilding097.
CHI-POSTFIRE-CHI1872-022-A04,CHI-POSTFIRE-CHI1872-022,architect_or_builder,Burling & Adler,CHICAG_REBUILD,medium,true,Contemporary September 1872 feature documents the new building; exact completion date and demolition year remain approximate. Chicagology rebuilding097.
CHI-POSTFIRE-CHI1872-022-A05,CHI-POSTFIRE-CHI1872-022,structural_system,masonry,CHICAG_REBUILD,medium,true,Contemporary September 1872 feature documents the new building; exact completion date and demolition year remain approximate. Chicagology rebuilding097.
CHI-POSTFIRE-CHI1872-022-A06,CHI-POSTFIRE-CHI1872-022,construction_or_event_type,reconstruction,CHICAG_REBUILD,medium,true,Contemporary September 1872 feature documents the new building; exact completion date and demolition year remain approximate. Chicagology rebuilding097.
CHI-POSTFIRE-CHI1872-022-A07,CHI-POSTFIRE-CHI1872-022,predecessor_or_rebuild_of,firm premises destroyed in 1871 fire,CHICAG_REBUILD,medium,true,Contemporary September 1872 feature documents the new building; exact completion date and demolition year remain approximate. Chicagology rebuilding097.
CHI-POSTFIRE-CHI1872-022-A08,CHI-POSTFIRE-CHI1872-022,postfire_code_context,Masonry warehouse in the new post-fire wholesale district.,CHICAG_REBUILD,medium,true,Contemporary September 1872 feature documents the new building; exact completion date and demolition year remain approximate. Chicagology rebuilding097.
CHI-POSTFIRE-CHI1872-022-A09,CHI-POSTFIRE-CHI1872-022,year_demolished,1949,CHICAG_REBUILD,medium,true,Contemporary September 1872 feature documents the new building; exact completion date and demolition year remain approximate. Chicagology rebuilding097.
CHI-POSTFIRE-CHI1872-023-A01,CHI-POSTFIRE-CHI1872-023,canonical_name,Pike's Block,CHICAG_REBUILD,medium,true,Featured as a newly erected block in the October 1872 Land Owner; Chicagology rebuilding104.
CHI-POSTFIRE-CHI1872-023-A02,CHI-POSTFIRE-CHI1872-023,year_completed,1872,CHICAG_REBUILD,medium,true,Featured as a newly erected block in the October 1872 Land Owner; Chicagology rebuilding104.
CHI-POSTFIRE-CHI1872-023-A03,CHI-POSTFIRE-CHI1872-023,address_historical,166-172 State Street; southwest corner State and Monroe Streets,CHICAG_REBUILD,medium,true,Featured as a newly erected block in the October 1872 Land Owner; Chicagology rebuilding104.
CHI-POSTFIRE-CHI1872-023-A04,CHI-POSTFIRE-CHI1872-023,architect_or_builder,John W. Roberts,CHICAG_REBUILD,medium,true,Featured as a newly erected block in the October 1872 Land Owner; Chicagology rebuilding104.
CHI-POSTFIRE-CHI1872-023-A05,CHI-POSTFIRE-CHI1872-023,structural_system,masonry,CHICAG_REBUILD,medium,true,Featured as a newly erected block in the October 1872 Land Owner; Chicagology rebuilding104.
CHI-POSTFIRE-CHI1872-023-A06,CHI-POSTFIRE-CHI1872-023,construction_or_event_type,reconstruction,CHICAG_REBUILD,medium,true,Featured as a newly erected block in the October 1872 Land Owner; Chicagology rebuilding104.
CHI-POSTFIRE-CHI1872-023-A07,CHI-POSTFIRE-CHI1872-023,postfire_code_context,Stone-and-masonry commercial rebuilding opposite the Palmer House.,CHICAG_REBUILD,medium,true,Featured as a newly erected block in the October 1872 Land Owner; Chicagology rebuilding104.
CHI-POSTFIRE-CHI1872-023-A08,CHI-POSTFIRE-CHI1872-023,year_demolished,1955,CHICAG_REBUILD,medium,true,Featured as a newly erected block in the October 1872 Land Owner; Chicagology rebuilding104.
CHI-POSTFIRE-CHI1872-024-A01,CHI-POSTFIRE-CHI1872-024,canonical_name,Schweizer Block,CHICAG_REBUILD,medium,true,"Shown as a new 1872 streetscape building; formal Anchor Line office opening occurred January 1873, so construction completion remains approximate. Chicagology rebuilding089."
CHI-POSTFIRE-CHI1872-024-A02,CHI-POSTFIRE-CHI1872-024,year_completed,1872,CHICAG_REBUILD,medium,true,"Shown as a new 1872 streetscape building; formal Anchor Line office opening occurred January 1873, so construction completion remains approximate. Chicagology rebuilding089."
CHI-POSTFIRE-CHI1872-024-A03,CHI-POSTFIRE-CHI1872-024,address_historical,northeast corner Madison and LaSalle Streets; 135 LaSalle,CHICAG_REBUILD,medium,true,"Shown as a new 1872 streetscape building; formal Anchor Line office opening occurred January 1873, so construction completion remains approximate. Chicagology rebuilding089."
CHI-POSTFIRE-CHI1872-024-A04,CHI-POSTFIRE-CHI1872-024,construction_or_event_type,reconstruction,CHICAG_REBUILD,medium,true,"Shown as a new 1872 streetscape building; formal Anchor Line office opening occurred January 1873, so construction completion remains approximate. Chicagology rebuilding089."
CHI-POSTFIRE-CHI1872-024-A05,CHI-POSTFIRE-CHI1872-024,postfire_code_context,Commercial rebuilding inside the fire district.,CHICAG_REBUILD,medium,true,"Shown as a new 1872 streetscape building; formal Anchor Line office opening occurred January 1873, so construction completion remains approximate. Chicagology rebuilding089."
CHI-POSTFIRE-CHI1872-024-A06,CHI-POSTFIRE-CHI1872-024,year_demolished,1888,CHICAG_REBUILD,medium,true,"Shown as a new 1872 streetscape building; formal Anchor Line office opening occurred January 1873, so construction completion remains approximate. Chicagology rebuilding089."
CHI-POSTFIRE-CHI1872-025-A01,CHI-POSTFIRE-CHI1872-025,canonical_name,Robbins Building III,CHICAG_REBUILD,medium,true,"Contemporary November 1872 account calls the 80-by-150-foot building rebuilt for about $100,000. Chicagology rebuilding101 also describes a related Lake Street block and a separate Ohio/Franklin manufacturing complex, not merged here."
CHI-POSTFIRE-CHI1872-025-A02,CHI-POSTFIRE-CHI1872-025,year_completed,1872,CHICAG_REBUILD,medium,true,"Contemporary November 1872 account calls the 80-by-150-foot building rebuilt for about $100,000. Chicagology rebuilding101 also describes a related Lake Street block and a separate Ohio/Franklin manufacturing complex, not merged here."
CHI-POSTFIRE-CHI1872-025-A03,CHI-POSTFIRE-CHI1872-025,address_historical,11-13 Fifth Avenue and 205-207 South Water Street,CHICAG_REBUILD,medium,true,"Contemporary November 1872 account calls the 80-by-150-foot building rebuilt for about $100,000. Chicagology rebuilding101 also describes a related Lake Street block and a separate Ohio/Franklin manufacturing complex, not merged here."
CHI-POSTFIRE-CHI1872-025-A04,CHI-POSTFIRE-CHI1872-025,architect_or_builder,John M. Van Osdel,CHICAG_REBUILD,medium,true,"Contemporary November 1872 account calls the 80-by-150-foot building rebuilt for about $100,000. Chicagology rebuilding101 also describes a related Lake Street block and a separate Ohio/Franklin manufacturing complex, not merged here."
CHI-POSTFIRE-CHI1872-025-A05,CHI-POSTFIRE-CHI1872-025,structural_system,cut-stone front; masonry,CHICAG_REBUILD,medium,true,"Contemporary November 1872 account calls the 80-by-150-foot building rebuilt for about $100,000. Chicagology rebuilding101 also describes a related Lake Street block and a separate Ohio/Franklin manufacturing complex, not merged here."
CHI-POSTFIRE-CHI1872-025-A06,CHI-POSTFIRE-CHI1872-025,construction_or_event_type,reconstruction,CHICAG_REBUILD,medium,true,"Contemporary November 1872 account calls the 80-by-150-foot building rebuilt for about $100,000. Chicagology rebuilding101 also describes a related Lake Street block and a separate Ohio/Franklin manufacturing complex, not merged here."
CHI-POSTFIRE-CHI1872-025-A07,CHI-POSTFIRE-CHI1872-025,predecessor_or_rebuild_of,Robbins Block destroyed in 1871 fire,CHICAG_REBUILD,medium,true,"Contemporary November 1872 account calls the 80-by-150-foot building rebuilt for about $100,000. Chicagology rebuilding101 also describes a related Lake Street block and a separate Ohio/Franklin manufacturing complex, not merged here."
CHI-POSTFIRE-CHI1872-025-A08,CHI-POSTFIRE-CHI1872-025,postfire_code_context,Permanent commercial rebuilding in the burned district.,CHICAG_REBUILD,medium,true,"Contemporary November 1872 account calls the 80-by-150-foot building rebuilt for about $100,000. Chicagology rebuilding101 also describes a related Lake Street block and a separate Ohio/Franklin manufacturing complex, not merged here."
CHI-POSTFIRE-CHI1872-025-A09,CHI-POSTFIRE-CHI1872-025,year_demolished,1910,CHICAG_REBUILD,medium,true,"Contemporary November 1872 account calls the 80-by-150-foot building rebuilt for about $100,000. Chicagology rebuilding101 also describes a related Lake Street block and a separate Ohio/Franklin manufacturing complex, not merged here."
CHI-POSTFIRE-CHI1872-026-A01,CHI-POSTFIRE-CHI1872-026,canonical_name,William B. Pierce Building,CHICAG_REBUILD,medium,true,Contemporary June 1872 account says the building had been erected and opened; architect attribution is unconfirmed. Chicagology rebuilding107.
CHI-POSTFIRE-CHI1872-026-A02,CHI-POSTFIRE-CHI1872-026,year_completed,1872,CHICAG_REBUILD,medium,true,Contemporary June 1872 account says the building had been erected and opened; architect attribution is unconfirmed. Chicagology rebuilding107.
CHI-POSTFIRE-CHI1872-026-A03,CHI-POSTFIRE-CHI1872-026,address_historical,335-337 Wabash Avenue; later 512-514 South Wabash,CHICAG_REBUILD,medium,true,Contemporary June 1872 account says the building had been erected and opened; architect attribution is unconfirmed. Chicagology rebuilding107.
CHI-POSTFIRE-CHI1872-026-A04,CHI-POSTFIRE-CHI1872-026,architect_or_builder,C. M. Palmer (unconfirmed),CHICAG_REBUILD,medium,true,Contemporary June 1872 account says the building had been erected and opened; architect attribution is unconfirmed. Chicagology rebuilding107.
CHI-POSTFIRE-CHI1872-026-A05,CHI-POSTFIRE-CHI1872-026,structural_system,iron front; masonry,CHICAG_REBUILD,medium,true,Contemporary June 1872 account says the building had been erected and opened; architect attribution is unconfirmed. Chicagology rebuilding107.
CHI-POSTFIRE-CHI1872-026-A06,CHI-POSTFIRE-CHI1872-026,construction_or_event_type,new_construction,CHICAG_REBUILD,medium,true,Contemporary June 1872 account says the building had been erected and opened; architect attribution is unconfirmed. Chicagology rebuilding107.
CHI-POSTFIRE-CHI1872-026-A07,CHI-POSTFIRE-CHI1872-026,postfire_code_context,Iron-front commercial construction; relationship to fire limits requires parcel review.,CHICAG_REBUILD,medium,true,Contemporary June 1872 account says the building had been erected and opened; architect attribution is unconfirmed. Chicagology rebuilding107.
CHI-POSTFIRE-CHI1872-026-A08,CHI-POSTFIRE-CHI1872-026,year_demolished,1949,CHICAG_REBUILD,medium,true,Contemporary June 1872 account says the building had been erected and opened; architect attribution is unconfirmed. Chicagology rebuilding107.
CHI-POSTFIRE-CHI1872-027-A01,CHI-POSTFIRE-CHI1872-027,canonical_name,Chicago Type Foundry II,CHICAG_REBUILD,medium,false,Construction began about March 1 and moving began May 6 1872; 45 by 80 feet. Chicagology rebuilding057/rebuilding108 transcribes the company account.
CHI-POSTFIRE-CHI1872-027-A02,CHI-POSTFIRE-CHI1872-027,year_completed,1872,CHICAG_REBUILD,medium,false,Construction began about March 1 and moving began May 6 1872; 45 by 80 feet. Chicagology rebuilding057/rebuilding108 transcribes the company account.
CHI-POSTFIRE-CHI1872-027-A03,CHI-POSTFIRE-CHI1872-027,address_historical,139-141 Monroe Street between Clark and LaSalle Streets,CHICAG_REBUILD,medium,false,Construction began about March 1 and moving began May 6 1872; 45 by 80 feet. Chicagology rebuilding057/rebuilding108 transcribes the company account.
CHI-POSTFIRE-CHI1872-027-A04,CHI-POSTFIRE-CHI1872-027,structural_system,brick with stone basement; white Wisconsin-brick front,CHICAG_REBUILD,medium,false,Construction began about March 1 and moving began May 6 1872; 45 by 80 feet. Chicagology rebuilding057/rebuilding108 transcribes the company account.
CHI-POSTFIRE-CHI1872-027-A05,CHI-POSTFIRE-CHI1872-027,construction_or_event_type,reconstruction,CHICAG_REBUILD,medium,false,Construction began about March 1 and moving began May 6 1872; 45 by 80 feet. Chicagology rebuilding057/rebuilding108 transcribes the company account.
CHI-POSTFIRE-CHI1872-027-A06,CHI-POSTFIRE-CHI1872-027,predecessor_or_rebuild_of,Chicago Type Foundry destroyed in 1871 fire,CHICAG_REBUILD,medium,false,Construction began about March 1 and moving began May 6 1872; 45 by 80 feet. Chicagology rebuilding057/rebuilding108 transcribes the company account.
CHI-POSTFIRE-CHI1872-027-A07,CHI-POSTFIRE-CHI1872-027,postfire_code_context,Substantial masonry factory reconstruction in the fire district.,CHICAG_REBUILD,medium,false,Construction began about March 1 and moving began May 6 1872; 45 by 80 feet. Chicagology rebuilding057/rebuilding108 transcribes the company account.
CHI-POSTFIRE-CHI1872-027-A08,CHI-POSTFIRE-CHI1872-027,year_demolished,1894,CHICAG_REBUILD,medium,false,Construction began about March 1 and moving began May 6 1872; 45 by 80 feet. Chicagology rebuilding057/rebuilding108 transcribes the company account.
CHI-POSTFIRE-CHI1872-028-A01,CHI-POSTFIRE-CHI1872-028,canonical_name,Fidelity Savings Bank and Safe Depository II,CHICAG_REBUILD,medium,true,Chicagology rebuilding109 identifies the 1872 building and contemporary banking occupancy; precise completion evidence should be checked in the original newspaper.
CHI-POSTFIRE-CHI1872-028-A02,CHI-POSTFIRE-CHI1872-028,year_completed,1872,CHICAG_REBUILD,medium,true,Chicagology rebuilding109 identifies the 1872 building and contemporary banking occupancy; precise completion evidence should be checked in the original newspaper.
CHI-POSTFIRE-CHI1872-028-A03,CHI-POSTFIRE-CHI1872-028,address_historical,143-147 Randolph Street,CHICAG_REBUILD,medium,true,Chicagology rebuilding109 identifies the 1872 building and contemporary banking occupancy; precise completion evidence should be checked in the original newspaper.
CHI-POSTFIRE-CHI1872-028-A04,CHI-POSTFIRE-CHI1872-028,construction_or_event_type,reconstruction,CHICAG_REBUILD,medium,true,Chicagology rebuilding109 identifies the 1872 building and contemporary banking occupancy; precise completion evidence should be checked in the original newspaper.
CHI-POSTFIRE-CHI1872-028-A05,CHI-POSTFIRE-CHI1872-028,predecessor_or_rebuild_of,Fidelity facilities destroyed in 1871 fire,CHICAG_REBUILD,medium,true,Chicagology rebuilding109 identifies the 1872 building and contemporary banking occupancy; precise completion evidence should be checked in the original newspaper.
CHI-POSTFIRE-CHI1872-028-A06,CHI-POSTFIRE-CHI1872-028,postfire_code_context,Banking reconstruction in the fire district; specific fireproof systems need verification.,CHICAG_REBUILD,medium,true,Chicagology rebuilding109 identifies the 1872 building and contemporary banking occupancy; precise completion evidence should be checked in the original newspaper.
CHI-POSTFIRE-CHI1872-028-A07,CHI-POSTFIRE-CHI1872-028,year_demolished,1924,CHICAG_REBUILD,medium,true,Chicagology rebuilding109 identifies the 1872 building and contemporary banking occupancy; precise completion evidence should be checked in the original newspaper.
CHI-POSTFIRE-CHI1872-029-A01,CHI-POSTFIRE-CHI1872-029,canonical_name,Inter-Ocean Building I,CHICAG_REBUILD,medium,true,Chicagology rebuilding110 identifies the 1872-1874 building; destroyed in the 1874 fire. Original contemporary notice requires image-level verification.
CHI-POSTFIRE-CHI1872-029-A02,CHI-POSTFIRE-CHI1872-029,year_completed,1872,CHICAG_REBUILD,medium,true,Chicagology rebuilding110 identifies the 1872-1874 building; destroyed in the 1874 fire. Original contemporary notice requires image-level verification.
CHI-POSTFIRE-CHI1872-029-A03,CHI-POSTFIRE-CHI1872-029,address_historical,Wabash Avenue between Harrison and Congress Streets,CHICAG_REBUILD,medium,true,Chicagology rebuilding110 identifies the 1872-1874 building; destroyed in the 1874 fire. Original contemporary notice requires image-level verification.
CHI-POSTFIRE-CHI1872-029-A04,CHI-POSTFIRE-CHI1872-029,structural_system,masonry,CHICAG_REBUILD,medium,true,Chicagology rebuilding110 identifies the 1872-1874 building; destroyed in the 1874 fire. Original contemporary notice requires image-level verification.
CHI-POSTFIRE-CHI1872-029-A05,CHI-POSTFIRE-CHI1872-029,construction_or_event_type,new_construction,CHICAG_REBUILD,medium,true,Chicagology rebuilding110 identifies the 1872-1874 building; destroyed in the 1874 fire. Original contemporary notice requires image-level verification.
CHI-POSTFIRE-CHI1872-029-A06,CHI-POSTFIRE-CHI1872-029,postfire_code_context,Located south of the principal burned district; direct code context not established.,CHICAG_REBUILD,medium,true,Chicagology rebuilding110 identifies the 1872-1874 building; destroyed in the 1874 fire. Original contemporary notice requires image-level verification.
CHI-POSTFIRE-CHI1872-029-A07,CHI-POSTFIRE-CHI1872-029,year_demolished,1874,CHICAG_REBUILD,medium,true,Chicagology rebuilding110 identifies the 1872-1874 building; destroyed in the 1874 fire. Original contemporary notice requires image-level verification.
CHI-POSTFIRE-CHI1872-030-A01,CHI-POSTFIRE-CHI1872-030,canonical_name,Grocers' Block,CHICAG_REBUILD,medium,true,Chicagology rebuilding112 gives a 1872 life span start and contemporary directory evidence; exact completion date needs original source review.
CHI-POSTFIRE-CHI1872-030-A02,CHI-POSTFIRE-CHI1872-030,year_completed,1872,CHICAG_REBUILD,medium,true,Chicagology rebuilding112 gives a 1872 life span start and contemporary directory evidence; exact completion date needs original source review.
CHI-POSTFIRE-CHI1872-030-A03,CHI-POSTFIRE-CHI1872-030,address_historical,southwest corner Wabash Avenue and Lake Street,CHICAG_REBUILD,medium,true,Chicagology rebuilding112 gives a 1872 life span start and contemporary directory evidence; exact completion date needs original source review.
CHI-POSTFIRE-CHI1872-030-A04,CHI-POSTFIRE-CHI1872-030,architect_or_builder,T. V. Wadskier,CHICAG_REBUILD,medium,true,Chicagology rebuilding112 gives a 1872 life span start and contemporary directory evidence; exact completion date needs original source review.
CHI-POSTFIRE-CHI1872-030-A05,CHI-POSTFIRE-CHI1872-030,structural_system,masonry,CHICAG_REBUILD,medium,true,Chicagology rebuilding112 gives a 1872 life span start and contemporary directory evidence; exact completion date needs original source review.
CHI-POSTFIRE-CHI1872-030-A06,CHI-POSTFIRE-CHI1872-030,construction_or_event_type,reconstruction,CHICAG_REBUILD,medium,true,Chicagology rebuilding112 gives a 1872 life span start and contemporary directory evidence; exact completion date needs original source review.
CHI-POSTFIRE-CHI1872-030-A07,CHI-POSTFIRE-CHI1872-030,postfire_code_context,Permanent mercantile rebuilding in the fire district.,CHICAG_REBUILD,medium,true,Chicagology rebuilding112 gives a 1872 life span start and contemporary directory evidence; exact completion date needs original source review.
CHI-POSTFIRE-CHI1872-030-A08,CHI-POSTFIRE-CHI1872-030,year_demolished,1899,CHICAG_REBUILD,medium,true,Chicagology rebuilding112 gives a 1872 life span start and contemporary directory evidence; exact completion date needs original source review.
CHI-POSTFIRE-CHI1872-031-A01,CHI-POSTFIRE-CHI1872-031,canonical_name,Brevoort House I,CHICAG_REBUILD,medium,false,Opened in November 1872 with 125 sleeping rooms; later hotel identity and a south adjoining A. Crocker building must remain separate. Chicagology rebuilding113.
CHI-POSTFIRE-CHI1872-031-A02,CHI-POSTFIRE-CHI1872-031,year_completed,1872,CHICAG_REBUILD,medium,false,Opened in November 1872 with 125 sleeping rooms; later hotel identity and a south adjoining A. Crocker building must remain separate. Chicagology rebuilding113.
CHI-POSTFIRE-CHI1872-031-A03,CHI-POSTFIRE-CHI1872-031,address_historical,north side Madison Street between Clark and LaSalle Streets,CHICAG_REBUILD,medium,false,Opened in November 1872 with 125 sleeping rooms; later hotel identity and a south adjoining A. Crocker building must remain separate. Chicagology rebuilding113.
CHI-POSTFIRE-CHI1872-031-A04,CHI-POSTFIRE-CHI1872-031,architect_or_builder,Dixon & Hamilton,CHICAG_REBUILD,medium,false,Opened in November 1872 with 125 sleeping rooms; later hotel identity and a south adjoining A. Crocker building must remain separate. Chicagology rebuilding113.
CHI-POSTFIRE-CHI1872-031-A05,CHI-POSTFIRE-CHI1872-031,structural_system,masonry; fire plugs and hose,CHICAG_REBUILD,medium,false,Opened in November 1872 with 125 sleeping rooms; later hotel identity and a south adjoining A. Crocker building must remain separate. Chicagology rebuilding113.
CHI-POSTFIRE-CHI1872-031-A06,CHI-POSTFIRE-CHI1872-031,construction_or_event_type,new_construction,CHICAG_REBUILD,medium,false,Opened in November 1872 with 125 sleeping rooms; later hotel identity and a south adjoining A. Crocker building must remain separate. Chicagology rebuilding113.
CHI-POSTFIRE-CHI1872-031-A07,CHI-POSTFIRE-CHI1872-031,postfire_code_context,Contemporary description emphasized fire plugs and two fireproof vaults but complete fire resistance is not inferred.,CHICAG_REBUILD,medium,false,Opened in November 1872 with 125 sleeping rooms; later hotel identity and a south adjoining A. Crocker building must remain separate. Chicagology rebuilding113.
CHI-POSTFIRE-CHI1872-031-A08,CHI-POSTFIRE-CHI1872-031,year_demolished,1906,CHICAG_REBUILD,medium,false,Opened in November 1872 with 125 sleeping rooms; later hotel identity and a south adjoining A. Crocker building must remain separate. Chicagology rebuilding113.
CHI-POSTFIRE-CHI1872-032-A01,CHI-POSTFIRE-CHI1872-032,canonical_name,Hall's Safe and Lock Company Building,CHICAG_REBUILD,medium,false,Contemporary June 1872 account says the firm was back on its old site eight months after the fire. Chicagology rebuilding114.
CHI-POSTFIRE-CHI1872-032-A02,CHI-POSTFIRE-CHI1872-032,year_completed,1872,CHICAG_REBUILD,medium,false,Contemporary June 1872 account says the firm was back on its old site eight months after the fire. Chicagology rebuilding114.
CHI-POSTFIRE-CHI1872-032-A03,CHI-POSTFIRE-CHI1872-032,address_historical,147-149 Dearborn Street between Madison and Monroe Streets,CHICAG_REBUILD,medium,false,Contemporary June 1872 account says the firm was back on its old site eight months after the fire. Chicagology rebuilding114.
CHI-POSTFIRE-CHI1872-032-A04,CHI-POSTFIRE-CHI1872-032,architect_or_builder,Dixon & Hamilton,CHICAG_REBUILD,medium,false,Contemporary June 1872 account says the firm was back on its old site eight months after the fire. Chicagology rebuilding114.
CHI-POSTFIRE-CHI1872-032-A05,CHI-POSTFIRE-CHI1872-032,structural_system,brick masonry,CHICAG_REBUILD,medium,false,Contemporary June 1872 account says the firm was back on its old site eight months after the fire. Chicagology rebuilding114.
CHI-POSTFIRE-CHI1872-032-A06,CHI-POSTFIRE-CHI1872-032,construction_or_event_type,reconstruction,CHICAG_REBUILD,medium,false,Contemporary June 1872 account says the firm was back on its old site eight months after the fire. Chicagology rebuilding114.
CHI-POSTFIRE-CHI1872-032-A07,CHI-POSTFIRE-CHI1872-032,predecessor_or_rebuild_of,Hall company building destroyed in 1871 fire,CHICAG_REBUILD,medium,false,Contemporary June 1872 account says the firm was back on its old site eight months after the fire. Chicagology rebuilding114.
CHI-POSTFIRE-CHI1872-032-A08,CHI-POSTFIRE-CHI1872-032,postfire_code_context,Rebuilt on the old site in masonry; the safe-company use made post-fire fire resistance central to its marketing.,CHICAG_REBUILD,medium,false,Contemporary June 1872 account says the firm was back on its old site eight months after the fire. Chicagology rebuilding114.
CHI-POSTFIRE-CHI1872-032-A09,CHI-POSTFIRE-CHI1872-032,year_demolished,1901,CHICAG_REBUILD,medium,false,Contemporary June 1872 account says the firm was back on its old site eight months after the fire. Chicagology rebuilding114.
CHI-POSTFIRE-CHI1872-033-A01,CHI-POSTFIRE-CHI1872-033,canonical_name,Buck and Rayner Building II,CHICAG_REBUILD,medium,true,Rebuilt immediately after the fire and photographed in August 1872; later source says part of the 1868 walls survived. Chicagology rebuilding116.
CHI-POSTFIRE-CHI1872-033-A02,CHI-POSTFIRE-CHI1872-033,year_completed,1872,CHICAG_REBUILD,medium,true,Rebuilt immediately after the fire and photographed in August 1872; later source says part of the 1868 walls survived. Chicagology rebuilding116.
CHI-POSTFIRE-CHI1872-033-A03,CHI-POSTFIRE-CHI1872-033,address_historical,southwest corner State and Madison Streets,CHICAG_REBUILD,medium,true,Rebuilt immediately after the fire and photographed in August 1872; later source says part of the 1868 walls survived. Chicagology rebuilding116.
CHI-POSTFIRE-CHI1872-033-A04,CHI-POSTFIRE-CHI1872-033,structural_system,reused surviving masonry walls,CHICAG_REBUILD,medium,true,Rebuilt immediately after the fire and photographed in August 1872; later source says part of the 1868 walls survived. Chicagology rebuilding116.
CHI-POSTFIRE-CHI1872-033-A05,CHI-POSTFIRE-CHI1872-033,construction_or_event_type,reconstruction,CHICAG_REBUILD,medium,true,Rebuilt immediately after the fire and photographed in August 1872; later source says part of the 1868 walls survived. Chicagology rebuilding116.
CHI-POSTFIRE-CHI1872-033-A06,CHI-POSTFIRE-CHI1872-033,predecessor_or_rebuild_of,Buck and Rayner Building fire-damaged in 1871,CHICAG_REBUILD,medium,true,Rebuilt immediately after the fire and photographed in August 1872; later source says part of the 1868 walls survived. Chicagology rebuilding116.
CHI-POSTFIRE-CHI1872-033-A07,CHI-POSTFIRE-CHI1872-033,postfire_code_context,Reconstruction incorporated surviving pre-fire walls; not wholly new construction.,CHICAG_REBUILD,medium,true,Rebuilt immediately after the fire and photographed in August 1872; later source says part of the 1868 walls survived. Chicagology rebuilding116.
CHI-POSTFIRE-CHI1872-033-A08,CHI-POSTFIRE-CHI1872-033,year_demolished,1904,CHICAG_REBUILD,medium,true,Rebuilt immediately after the fire and photographed in August 1872; later source says part of the 1868 walls survived. Chicagology rebuilding116.
CHI-POSTFIRE-CHI1872-034-A01,CHI-POSTFIRE-CHI1872-034,canonical_name,LaSalle Building,CHICAG_REBUILD,medium,true,Up to the fourth story October 13 and expected to be occupied in November 1872; final finish extended into 1873. Chicagology rebuilding117.
CHI-POSTFIRE-CHI1872-034-A02,CHI-POSTFIRE-CHI1872-034,year_completed,1872,CHICAG_REBUILD,medium,true,Up to the fourth story October 13 and expected to be occupied in November 1872; final finish extended into 1873. Chicagology rebuilding117.
CHI-POSTFIRE-CHI1872-034-A03,CHI-POSTFIRE-CHI1872-034,address_historical,northwest corner LaSalle and Madison Streets,CHICAG_REBUILD,medium,true,Up to the fourth story October 13 and expected to be occupied in November 1872; final finish extended into 1873. Chicagology rebuilding117.
CHI-POSTFIRE-CHI1872-034-A04,CHI-POSTFIRE-CHI1872-034,architect_or_builder,Dixon & Hamilton,CHICAG_REBUILD,medium,true,Up to the fourth story October 13 and expected to be occupied in November 1872; final finish extended into 1873. Chicagology rebuilding117.
CHI-POSTFIRE-CHI1872-034-A05,CHI-POSTFIRE-CHI1872-034,structural_system,Buena Vista sandstone,CHICAG_REBUILD,medium,true,Up to the fourth story October 13 and expected to be occupied in November 1872; final finish extended into 1873. Chicagology rebuilding117.
CHI-POSTFIRE-CHI1872-034-A06,CHI-POSTFIRE-CHI1872-034,construction_or_event_type,reconstruction,CHICAG_REBUILD,medium,true,Up to the fourth story October 13 and expected to be occupied in November 1872; final finish extended into 1873. Chicagology rebuilding117.
CHI-POSTFIRE-CHI1872-034-A07,CHI-POSTFIRE-CHI1872-034,postfire_code_context,Stone commercial reconstruction in the fire district.,CHICAG_REBUILD,medium,true,Up to the fourth story October 13 and expected to be occupied in November 1872; final finish extended into 1873. Chicagology rebuilding117.
CHI-POSTFIRE-CHI1872-034-A08,CHI-POSTFIRE-CHI1872-034,year_demolished,1908,CHICAG_REBUILD,medium,true,Up to the fourth story October 13 and expected to be occupied in November 1872; final finish extended into 1873. Chicagology rebuilding117.
CHI-POSTFIRE-CHI1872-035-A01,CHI-POSTFIRE-CHI1872-035,canonical_name,Marine Bank Building II,CHICAG_REBUILD,medium,true,"Ready for roof October 5 1872; occupancy/completion may have followed late that year or early 1873. About 70 by 80 feet; projected cost $95,000. Chicagology rebuilding139."
CHI-POSTFIRE-CHI1872-035-A02,CHI-POSTFIRE-CHI1872-035,year_completed,1872,CHICAG_REBUILD,medium,true,"Ready for roof October 5 1872; occupancy/completion may have followed late that year or early 1873. About 70 by 80 feet; projected cost $95,000. Chicagology rebuilding139."
CHI-POSTFIRE-CHI1872-035-A03,CHI-POSTFIRE-CHI1872-035,address_historical,northeast corner Lake and LaSalle Streets,CHICAG_REBUILD,medium,true,"Ready for roof October 5 1872; occupancy/completion may have followed late that year or early 1873. About 70 by 80 feet; projected cost $95,000. Chicagology rebuilding139."
CHI-POSTFIRE-CHI1872-035-A04,CHI-POSTFIRE-CHI1872-035,architect_or_builder,Burling & Adler,CHICAG_REBUILD,medium,true,"Ready for roof October 5 1872; occupancy/completion may have followed late that year or early 1873. About 70 by 80 feet; projected cost $95,000. Chicagology rebuilding139."
CHI-POSTFIRE-CHI1872-035-A05,CHI-POSTFIRE-CHI1872-035,structural_system,limestone fronts; masonry,CHICAG_REBUILD,medium,true,"Ready for roof October 5 1872; occupancy/completion may have followed late that year or early 1873. About 70 by 80 feet; projected cost $95,000. Chicagology rebuilding139."
CHI-POSTFIRE-CHI1872-035-A06,CHI-POSTFIRE-CHI1872-035,construction_or_event_type,reconstruction,CHICAG_REBUILD,medium,true,"Ready for roof October 5 1872; occupancy/completion may have followed late that year or early 1873. About 70 by 80 feet; projected cost $95,000. Chicagology rebuilding139."
CHI-POSTFIRE-CHI1872-035-A07,CHI-POSTFIRE-CHI1872-035,predecessor_or_rebuild_of,Marine Bank property destroyed in 1871 fire,CHICAG_REBUILD,medium,true,"Ready for roof October 5 1872; occupancy/completion may have followed late that year or early 1873. About 70 by 80 feet; projected cost $95,000. Chicagology rebuilding139."
CHI-POSTFIRE-CHI1872-035-A08,CHI-POSTFIRE-CHI1872-035,postfire_code_context,Permanent bank rebuilding in the fire district.,CHICAG_REBUILD,medium,true,"Ready for roof October 5 1872; occupancy/completion may have followed late that year or early 1873. About 70 by 80 feet; projected cost $95,000. Chicagology rebuilding139."
CHI-POSTFIRE-CHI1872-035-A09,CHI-POSTFIRE-CHI1872-035,year_demolished,1928,CHICAG_REBUILD,medium,true,"Ready for roof October 5 1872; occupancy/completion may have followed late that year or early 1873. About 70 by 80 feet; projected cost $95,000. Chicagology rebuilding139."
CHI-POSTFIRE-CHI1872-036-A01,CHI-POSTFIRE-CHI1872-036,canonical_name,Keith Brothers Building,CHICAG_REBUILD,medium,true,Contemporary August and October 1872 accounts describe the nearly finished 55-by-170-foot building; occupancy followed within weeks. Chicagology rebuilding180.
CHI-POSTFIRE-CHI1872-036-A02,CHI-POSTFIRE-CHI1872-036,year_completed,1872,CHICAG_REBUILD,medium,true,Contemporary August and October 1872 accounts describe the nearly finished 55-by-170-foot building; occupancy followed within weeks. Chicagology rebuilding180.
CHI-POSTFIRE-CHI1872-036-A03,CHI-POSTFIRE-CHI1872-036,address_historical,246-252 Madison Street near Market Street; later 323-331 West Madison,CHICAG_REBUILD,medium,true,Contemporary August and October 1872 accounts describe the nearly finished 55-by-170-foot building; occupancy followed within weeks. Chicagology rebuilding180.
CHI-POSTFIRE-CHI1872-036-A04,CHI-POSTFIRE-CHI1872-036,architect_or_builder,John W. Roberts,CHICAG_REBUILD,medium,true,Contemporary August and October 1872 accounts describe the nearly finished 55-by-170-foot building; occupancy followed within weeks. Chicagology rebuilding180.
CHI-POSTFIRE-CHI1872-036-A05,CHI-POSTFIRE-CHI1872-036,structural_system,Ohio sandstone; extensive plate glass,CHICAG_REBUILD,medium,true,Contemporary August and October 1872 accounts describe the nearly finished 55-by-170-foot building; occupancy followed within weeks. Chicagology rebuilding180.
CHI-POSTFIRE-CHI1872-036-A06,CHI-POSTFIRE-CHI1872-036,construction_or_event_type,reconstruction,CHICAG_REBUILD,medium,true,Contemporary August and October 1872 accounts describe the nearly finished 55-by-170-foot building; occupancy followed within weeks. Chicagology rebuilding180.
CHI-POSTFIRE-CHI1872-036-A07,CHI-POSTFIRE-CHI1872-036,predecessor_or_rebuild_of,Keith Brothers premises destroyed in 1871 fire,CHICAG_REBUILD,medium,true,Contemporary August and October 1872 accounts describe the nearly finished 55-by-170-foot building; occupancy followed within weeks. Chicagology rebuilding180.
CHI-POSTFIRE-CHI1872-036-A08,CHI-POSTFIRE-CHI1872-036,postfire_code_context,Stone wholesale reconstruction in the expanded post-fire business district.,CHICAG_REBUILD,medium,true,Contemporary August and October 1872 accounts describe the nearly finished 55-by-170-foot building; occupancy followed within weeks. Chicagology rebuilding180.
CHI-POSTFIRE-CHI1872-036-A09,CHI-POSTFIRE-CHI1872-036,year_demolished,1980,CHICAG_REBUILD,medium,true,Contemporary August and October 1872 accounts describe the nearly finished 55-by-170-foot building; occupancy followed within weeks. Chicagology rebuilding180.
CHI-POSTFIRE-CHI1872-037-A01,CHI-POSTFIRE-CHI1872-037,canonical_name,McVicker's Theatre III,CHICAG_REBUILD,medium,true,Under active reconstruction in August and intended for the fall 1872 season; exact opening date should be verified. Chicagology rebuilding045.
CHI-POSTFIRE-CHI1872-037-A02,CHI-POSTFIRE-CHI1872-037,year_completed,1872,CHICAG_REBUILD,medium,true,Under active reconstruction in August and intended for the fall 1872 season; exact opening date should be verified. Chicagology rebuilding045.
CHI-POSTFIRE-CHI1872-037-A03,CHI-POSTFIRE-CHI1872-037,address_historical,Madison Street between State and Dearborn Streets,CHICAG_REBUILD,medium,true,Under active reconstruction in August and intended for the fall 1872 season; exact opening date should be verified. Chicagology rebuilding045.
CHI-POSTFIRE-CHI1872-037-A04,CHI-POSTFIRE-CHI1872-037,structural_system,masonry,CHICAG_REBUILD,medium,true,Under active reconstruction in August and intended for the fall 1872 season; exact opening date should be verified. Chicagology rebuilding045.
CHI-POSTFIRE-CHI1872-037-A05,CHI-POSTFIRE-CHI1872-037,construction_or_event_type,reconstruction,CHICAG_REBUILD,medium,true,Under active reconstruction in August and intended for the fall 1872 season; exact opening date should be verified. Chicagology rebuilding045.
CHI-POSTFIRE-CHI1872-037-A06,CHI-POSTFIRE-CHI1872-037,predecessor_or_rebuild_of,McVicker's Theatre II destroyed in 1871 fire,CHICAG_REBUILD,medium,true,Under active reconstruction in August and intended for the fall 1872 season; exact opening date should be verified. Chicagology rebuilding045.
CHI-POSTFIRE-CHI1872-037-A07,CHI-POSTFIRE-CHI1872-037,postfire_code_context,Prominent entertainment reconstruction in the burned district.,CHICAG_REBUILD,medium,true,Under active reconstruction in August and intended for the fall 1872 season; exact opening date should be verified. Chicagology rebuilding045.
CHI-POSTFIRE-CHI1872-038-A01,CHI-POSTFIRE-CHI1872-038,canonical_name,Relic House,CHICAG_REBUILD,medium,true,"Constructed in 1872 from melted iron, glass, pottery and stone and later moved roughly 100 yards. Chicagology rebuilding046."
CHI-POSTFIRE-CHI1872-038-A02,CHI-POSTFIRE-CHI1872-038,year_completed,1872,CHICAG_REBUILD,medium,true,"Constructed in 1872 from melted iron, glass, pottery and stone and later moved roughly 100 yards. Chicagology rebuilding046."
CHI-POSTFIRE-CHI1872-038-A03,CHI-POSTFIRE-CHI1872-038,address_historical,North Park Avenue and Centre Street; later Clark near Centre,CHICAG_REBUILD,medium,true,"Constructed in 1872 from melted iron, glass, pottery and stone and later moved roughly 100 yards. Chicagology rebuilding046."
CHI-POSTFIRE-CHI1872-038-A04,CHI-POSTFIRE-CHI1872-038,structural_system,fused and salvaged fire debris,CHICAG_REBUILD,medium,true,"Constructed in 1872 from melted iron, glass, pottery and stone and later moved roughly 100 yards. Chicagology rebuilding046."
CHI-POSTFIRE-CHI1872-038-A05,CHI-POSTFIRE-CHI1872-038,construction_or_event_type,new_construction,CHICAG_REBUILD,medium,true,"Constructed in 1872 from melted iron, glass, pottery and stone and later moved roughly 100 yards. Chicagology rebuilding046."
CHI-POSTFIRE-CHI1872-038-A06,CHI-POSTFIRE-CHI1872-038,postfire_code_context,Purpose-built from fire relics; not evidence of ordinary code-compliant construction.,CHICAG_REBUILD,medium,true,"Constructed in 1872 from melted iron, glass, pottery and stone and later moved roughly 100 yards. Chicagology rebuilding046."
CHI-POSTFIRE-CHI1872-038-A07,CHI-POSTFIRE-CHI1872-038,year_demolished,1929,CHICAG_REBUILD,medium,true,"Constructed in 1872 from melted iron, glass, pottery and stone and later moved roughly 100 yards. Chicagology rebuilding046."
CHI-POSTFIRE-CHI1872-039-A01,CHI-POSTFIRE-CHI1872-039,canonical_name,Chicago Fire Monument,CHICAG_REBUILD,medium,false,Cornerstone laid October 30 1872; project was never completed and remnants were later removed and sold as scrap. Chicagology rebuilding086 transcribes contemporary accounts.
CHI-POSTFIRE-CHI1872-039-A02,CHI-POSTFIRE-CHI1872-039,address_historical,Central Park at the western termination of Washington Street; later Garfield Park,CHICAG_REBUILD,medium,false,Cornerstone laid October 30 1872; project was never completed and remnants were later removed and sold as scrap. Chicagology rebuilding086 transcribes contemporary accounts.
CHI-POSTFIRE-CHI1872-039-A03,CHI-POSTFIRE-CHI1872-039,architect_or_builder,William Le Baron Jenney,CHICAG_REBUILD,medium,false,Cornerstone laid October 30 1872; project was never completed and remnants were later removed and sold as scrap. Chicagology rebuilding086 transcribes contemporary accounts.
CHI-POSTFIRE-CHI1872-039-A04,CHI-POSTFIRE-CHI1872-039,structural_system,salvaged burnt safes and masonry relics,CHICAG_REBUILD,medium,false,Cornerstone laid October 30 1872; project was never completed and remnants were later removed and sold as scrap. Chicagology rebuilding086 transcribes contemporary accounts.
CHI-POSTFIRE-CHI1872-039-A05,CHI-POSTFIRE-CHI1872-039,construction_or_event_type,cornerstone_and_incomplete_construction,CHICAG_REBUILD,medium,false,Cornerstone laid October 30 1872; project was never completed and remnants were later removed and sold as scrap. Chicagology rebuilding086 transcribes contemporary accounts.
CHI-POSTFIRE-CHI1872-039-A06,CHI-POSTFIRE-CHI1872-039,postfire_code_context,"A memorial reuse of fire debris, not an occupied building.",CHICAG_REBUILD,medium,false,Cornerstone laid October 30 1872; project was never completed and remnants were later removed and sold as scrap. Chicagology rebuilding086 transcribes contemporary accounts.
CHI-POSTFIRE-CHI1872-040-A01,CHI-POSTFIRE-CHI1872-040,canonical_name,720 North Wells Street Building,PRESCHI720,medium,true,Preservation Chicago documents the 1872 date and demolition; exact demolition month and original owner require archival verification.
CHI-POSTFIRE-CHI1872-040-A02,CHI-POSTFIRE-CHI1872-040,year_completed,1872,PRESCHI720,medium,true,Preservation Chicago documents the 1872 date and demolition; exact demolition month and original owner require archival verification.
CHI-POSTFIRE-CHI1872-040-A03,CHI-POSTFIRE-CHI1872-040,address_historical,720 North Wells Street,PRESCHI720,medium,true,Preservation Chicago documents the 1872 date and demolition; exact demolition month and original owner require archival verification.
CHI-POSTFIRE-CHI1872-040-A04,CHI-POSTFIRE-CHI1872-040,architect_or_builder,unknown,PRESCHI720,medium,true,Preservation Chicago documents the 1872 date and demolition; exact demolition month and original owner require archival verification.
CHI-POSTFIRE-CHI1872-040-A05,CHI-POSTFIRE-CHI1872-040,structural_system,brick with cast-iron storefront,PRESCHI720,medium,true,Preservation Chicago documents the 1872 date and demolition; exact demolition month and original owner require archival verification.
CHI-POSTFIRE-CHI1872-040-A06,CHI-POSTFIRE-CHI1872-040,construction_or_event_type,new_construction,PRESCHI720,medium,true,Preservation Chicago documents the 1872 date and demolition; exact demolition month and original owner require archival verification.
CHI-POSTFIRE-CHI1872-040-A07,CHI-POSTFIRE-CHI1872-040,postfire_code_context,"Rare North Side post-fire architecture; sources report work began before a February 1872 code update, but permit evidence remains to be acquired.",PRESCHI720,medium,true,Preservation Chicago documents the 1872 date and demolition; exact demolition month and original owner require archival verification.
CHI-POSTFIRE-CHI1872-040-A08,CHI-POSTFIRE-CHI1872-040,year_demolished,2024,PRESCHI720,medium,true,Preservation Chicago documents the 1872 date and demolition; exact demolition month and original owner require archival verification.
CHI-POSTFIRE-CHI1872-041-A01,CHI-POSTFIRE-CHI1872-041,canonical_name,Commercial Hotel,AND1886V3,high,false,"Built for American Express, which declined occupancy; Howell Pulling and Hiram F. Ingraham opened the combined structure as Commercial Hotel in 1872; about 270 rooms by 1886."
CHI-POSTFIRE-CHI1872-041-A02,CHI-POSTFIRE-CHI1872-041,year_completed,1872,AND1886V3,high,false,"Built for American Express, which declined occupancy; Howell Pulling and Hiram F. Ingraham opened the combined structure as Commercial Hotel in 1872; about 270 rooms by 1886."
CHI-POSTFIRE-CHI1872-041-A03,CHI-POSTFIRE-CHI1872-041,address_historical,northwest corner Dearborn and Lake Streets,AND1886V3,high,false,"Built for American Express, which declined occupancy; Howell Pulling and Hiram F. Ingraham opened the combined structure as Commercial Hotel in 1872; about 270 rooms by 1886."
CHI-POSTFIRE-CHI1872-041-A04,CHI-POSTFIRE-CHI1872-041,structural_system,stone front; five-story corner and four-story additions,AND1886V3,high,false,"Built for American Express, which declined occupancy; Howell Pulling and Hiram F. Ingraham opened the combined structure as Commercial Hotel in 1872; about 270 rooms by 1886."
CHI-POSTFIRE-CHI1872-041-A05,CHI-POSTFIRE-CHI1872-041,construction_or_event_type,new_construction,AND1886V3,high,false,"Built for American Express, which declined occupancy; Howell Pulling and Hiram F. Ingraham opened the combined structure as Commercial Hotel in 1872; about 270 rooms by 1886."
CHI-POSTFIRE-CHI1872-041-A06,CHI-POSTFIRE-CHI1872-041,postfire_code_context,Permanent masonry construction within the burned district.,AND1886V3,high,false,"Built for American Express, which declined occupancy; Howell Pulling and Hiram F. Ingraham opened the combined structure as Commercial Hotel in 1872; about 270 rooms by 1886."
CHI-POSTFIRE-CHI1872-042-A01,CHI-POSTFIRE-CHI1872-042,canonical_name,Gardner House,AND1886V3,high,false,"Finished and opened October 1 1872, the first American-plan hotel opened in the burned district; cost including ground reported about $600,000."
CHI-POSTFIRE-CHI1872-042-A02,CHI-POSTFIRE-CHI1872-042,year_completed,1872,AND1886V3,high,false,"Finished and opened October 1 1872, the first American-plan hotel opened in the burned district; cost including ground reported about $600,000."
CHI-POSTFIRE-CHI1872-042-A03,CHI-POSTFIRE-CHI1872-042,address_historical,Michigan Avenue at Jackson Street,AND1886V3,high,false,"Finished and opened October 1 1872, the first American-plan hotel opened in the burned district; cost including ground reported about $600,000."
CHI-POSTFIRE-CHI1872-042-A04,CHI-POSTFIRE-CHI1872-042,structural_system,brick masonry,AND1886V3,high,false,"Finished and opened October 1 1872, the first American-plan hotel opened in the burned district; cost including ground reported about $600,000."
CHI-POSTFIRE-CHI1872-042-A05,CHI-POSTFIRE-CHI1872-042,construction_or_event_type,new_construction,AND1886V3,high,false,"Finished and opened October 1 1872, the first American-plan hotel opened in the burned district; cost including ground reported about $600,000."
CHI-POSTFIRE-CHI1872-042-A06,CHI-POSTFIRE-CHI1872-042,postfire_code_context,"Andreas calls it essentially fireproof in its later form, but later alterations and fire escapes should not be retrojected to 1872.",AND1886V3,high,false,"Finished and opened October 1 1872, the first American-plan hotel opened in the burned district; cost including ground reported about $600,000."
CHI-POSTFIRE-CHI1872-043-A01,CHI-POSTFIRE-CHI1872-043,canonical_name,Kuhns's European Hotel,AND1886V3,high,true,North 70-foot section built and opened about August 1872; later additions and Windsor identity must be separated from the 1872 phase.
CHI-POSTFIRE-CHI1872-043-A02,CHI-POSTFIRE-CHI1872-043,year_completed,1872,AND1886V3,high,true,North 70-foot section built and opened about August 1872; later additions and Windsor identity must be separated from the 1872 phase.
CHI-POSTFIRE-CHI1872-043-A03,CHI-POSTFIRE-CHI1872-043,address_historical,Dearborn Street in the burned district,AND1886V3,high,true,North 70-foot section built and opened about August 1872; later additions and Windsor identity must be separated from the 1872 phase.
CHI-POSTFIRE-CHI1872-043-A04,CHI-POSTFIRE-CHI1872-043,architect_or_builder,William W. Boyington,AND1886V3,high,true,North 70-foot section built and opened about August 1872; later additions and Windsor identity must be separated from the 1872 phase.
CHI-POSTFIRE-CHI1872-043-A05,CHI-POSTFIRE-CHI1872-043,structural_system,masonry,AND1886V3,high,true,North 70-foot section built and opened about August 1872; later additions and Windsor identity must be separated from the 1872 phase.
CHI-POSTFIRE-CHI1872-043-A06,CHI-POSTFIRE-CHI1872-043,construction_or_event_type,reconstruction,AND1886V3,high,true,North 70-foot section built and opened about August 1872; later additions and Windsor identity must be separated from the 1872 phase.
CHI-POSTFIRE-CHI1872-043-A07,CHI-POSTFIRE-CHI1872-043,postfire_code_context,First European-plan hotel erected in the burned district after the fire.,AND1886V3,high,true,North 70-foot section built and opened about August 1872; later additions and Windsor identity must be separated from the 1872 phase.
CHI-POSTFIRE-CHI1872-044-A01,CHI-POSTFIRE-CHI1872-044,canonical_name,St. Charles Hotel II,AND1886V3,high,false,Andreas explicitly says rebuilt in 1872 and opened by Phil Conley; later Raggio return and remodeling belong to 1878.
CHI-POSTFIRE-CHI1872-044-A02,CHI-POSTFIRE-CHI1872-044,year_completed,1872,AND1886V3,high,false,Andreas explicitly says rebuilt in 1872 and opened by Phil Conley; later Raggio return and remodeling belong to 1878.
CHI-POSTFIRE-CHI1872-044-A03,CHI-POSTFIRE-CHI1872-044,address_historical,15-17 Clark Street,AND1886V3,high,false,Andreas explicitly says rebuilt in 1872 and opened by Phil Conley; later Raggio return and remodeling belong to 1878.
CHI-POSTFIRE-CHI1872-044-A04,CHI-POSTFIRE-CHI1872-044,structural_system,masonry,AND1886V3,high,false,Andreas explicitly says rebuilt in 1872 and opened by Phil Conley; later Raggio return and remodeling belong to 1878.
CHI-POSTFIRE-CHI1872-044-A05,CHI-POSTFIRE-CHI1872-044,construction_or_event_type,reconstruction,AND1886V3,high,false,Andreas explicitly says rebuilt in 1872 and opened by Phil Conley; later Raggio return and remodeling belong to 1878.
CHI-POSTFIRE-CHI1872-044-A06,CHI-POSTFIRE-CHI1872-044,predecessor_or_rebuild_of,pre-fire St. Charles Hotel destroyed in 1871 fire,AND1886V3,high,false,Andreas explicitly says rebuilt in 1872 and opened by Phil Conley; later Raggio return and remodeling belong to 1878.
CHI-POSTFIRE-CHI1872-044-A07,CHI-POSTFIRE-CHI1872-044,postfire_code_context,Permanent hotel rebuilding in the fire district.,AND1886V3,high,false,Andreas explicitly says rebuilt in 1872 and opened by Phil Conley; later Raggio return and remodeling belong to 1878.
CHI-POSTFIRE-CHI1872-045-A01,CHI-POSTFIRE-CHI1872-045,canonical_name,Massasoit House II,AND1886V3,high,true,Andreas says built by Albert Longley in 1872 and completed and opened in the fall; address is unreadable or absent in the OCR and needs directory follow-up.
CHI-POSTFIRE-CHI1872-045-A02,CHI-POSTFIRE-CHI1872-045,year_completed,1872,AND1886V3,high,true,Andreas says built by Albert Longley in 1872 and completed and opened in the fall; address is unreadable or absent in the OCR and needs directory follow-up.
CHI-POSTFIRE-CHI1872-045-A03,CHI-POSTFIRE-CHI1872-045,structural_system,masonry,AND1886V3,high,true,Andreas says built by Albert Longley in 1872 and completed and opened in the fall; address is unreadable or absent in the OCR and needs directory follow-up.
CHI-POSTFIRE-CHI1872-045-A04,CHI-POSTFIRE-CHI1872-045,construction_or_event_type,reconstruction,AND1886V3,high,true,Andreas says built by Albert Longley in 1872 and completed and opened in the fall; address is unreadable or absent in the OCR and needs directory follow-up.
CHI-POSTFIRE-CHI1872-045-A05,CHI-POSTFIRE-CHI1872-045,predecessor_or_rebuild_of,pre-fire Massasoit House,AND1886V3,high,true,Andreas says built by Albert Longley in 1872 and completed and opened in the fall; address is unreadable or absent in the OCR and needs directory follow-up.
CHI-POSTFIRE-CHI1872-045-A06,CHI-POSTFIRE-CHI1872-045,postfire_code_context,Post-fire hotel replacement; direct code evidence not located.,AND1886V3,high,true,Andreas says built by Albert Longley in 1872 and completed and opened in the fall; address is unreadable or absent in the OCR and needs directory follow-up.
CHI-POSTFIRE-CHI1872-046-A01,CHI-POSTFIRE-CHI1872-046,canonical_name,Matteson House II,AND1886V3;CHICAG_REBUILD,high,false,Finished late in 1872 but opened February 3 1873; completion and opening are intentionally separated.
CHI-POSTFIRE-CHI1872-046-A02,CHI-POSTFIRE-CHI1872-046,year_completed,1872,AND1886V3;CHICAG_REBUILD,high,false,Finished late in 1872 but opened February 3 1873; completion and opening are intentionally separated.
CHI-POSTFIRE-CHI1872-046-A03,CHI-POSTFIRE-CHI1872-046,address_historical,northeast corner Wabash Avenue and Jackson Street,AND1886V3;CHICAG_REBUILD,high,false,Finished late in 1872 but opened February 3 1873; completion and opening are intentionally separated.
CHI-POSTFIRE-CHI1872-046-A04,CHI-POSTFIRE-CHI1872-046,structural_system,cut stone; masonry,AND1886V3;CHICAG_REBUILD,high,false,Finished late in 1872 but opened February 3 1873; completion and opening are intentionally separated.
CHI-POSTFIRE-CHI1872-046-A05,CHI-POSTFIRE-CHI1872-046,construction_or_event_type,new_construction,AND1886V3;CHICAG_REBUILD,high,false,Finished late in 1872 but opened February 3 1873; completion and opening are intentionally separated.
CHI-POSTFIRE-CHI1872-046-A06,CHI-POSTFIRE-CHI1872-046,predecessor_or_rebuild_of,pre-fire Matteson House at Randolph and Dearborn Streets,AND1886V3;CHICAG_REBUILD,high,false,Finished late in 1872 but opened February 3 1873; completion and opening are intentionally separated.
CHI-POSTFIRE-CHI1872-046-A07,CHI-POSTFIRE-CHI1872-046,postfire_code_context,Substantial hotel relocation/replacement after the fire; not on the original site.,AND1886V3;CHICAG_REBUILD,high,false,Finished late in 1872 but opened February 3 1873; completion and opening are intentionally separated.
CHI-POSTFIRE-CHI1872-046-A08,CHI-POSTFIRE-CHI1872-046,year_demolished,1915,AND1886V3;CHICAG_REBUILD,high,false,Finished late in 1872 but opened February 3 1873; completion and opening are intentionally separated.
CHI-POSTFIRE-CHI1872-047-A01,CHI-POSTFIRE-CHI1872-047,canonical_name,Lake Shore and Michigan Southern / Chicago Rock Island Passenger Depot,AND1886V3;CHICAG_REBUILD,high,false,Andreas lists the depot among first-year projects; an August 1872 contemporary notice records the third story rising. Completion belongs to 1873. Chicagology rebuilding035.
CHI-POSTFIRE-CHI1872-047-A02,CHI-POSTFIRE-CHI1872-047,year_completed,1873,AND1886V3;CHICAG_REBUILD,high,false,Andreas lists the depot among first-year projects; an August 1872 contemporary notice records the third story rising. Completion belongs to 1873. Chicagology rebuilding035.
CHI-POSTFIRE-CHI1872-047-A03,CHI-POSTFIRE-CHI1872-047,address_historical,southwest corner LaSalle and Van Buren Streets; head of LaSalle Street,AND1886V3;CHICAG_REBUILD,high,false,Andreas lists the depot among first-year projects; an August 1872 contemporary notice records the third story rising. Completion belongs to 1873. Chicagology rebuilding035.
CHI-POSTFIRE-CHI1872-047-A04,CHI-POSTFIRE-CHI1872-047,architect_or_builder,W. W. Boyington,AND1886V3;CHICAG_REBUILD,high,false,Andreas lists the depot among first-year projects; an August 1872 contemporary notice records the third story rising. Completion belongs to 1873. Chicagology rebuilding035.
CHI-POSTFIRE-CHI1872-047-A05,CHI-POSTFIRE-CHI1872-047,structural_system,white stone; masonry,AND1886V3;CHICAG_REBUILD,high,false,Andreas lists the depot among first-year projects; an August 1872 contemporary notice records the third story rising. Completion belongs to 1873. Chicagology rebuilding035.
CHI-POSTFIRE-CHI1872-047-A06,CHI-POSTFIRE-CHI1872-047,construction_or_event_type,construction_phase,AND1886V3;CHICAG_REBUILD,high,false,Andreas lists the depot among first-year projects; an August 1872 contemporary notice records the third story rising. Completion belongs to 1873. Chicagology rebuilding035.
CHI-POSTFIRE-CHI1872-047-A07,CHI-POSTFIRE-CHI1872-047,predecessor_or_rebuild_of,joint depot destroyed in 1871 fire,AND1886V3;CHICAG_REBUILD,high,false,Andreas lists the depot among first-year projects; an August 1872 contemporary notice records the third story rising. Completion belongs to 1873. Chicagology rebuilding035.
CHI-POSTFIRE-CHI1872-047-A08,CHI-POSTFIRE-CHI1872-047,postfire_code_context,Large stone public-transport reconstruction in the post-fire city.,AND1886V3;CHICAG_REBUILD,high,false,Andreas lists the depot among first-year projects; an August 1872 contemporary notice records the third story rising. Completion belongs to 1873. Chicagology rebuilding035.
CHI-POSTFIRE-CHI1872-047-A09,CHI-POSTFIRE-CHI1872-047,year_demolished,1901,AND1886V3;CHICAG_REBUILD,high,false,Andreas lists the depot among first-year projects; an August 1872 contemporary notice records the third story rising. Completion belongs to 1873. Chicagology rebuilding035.
CHI-POSTFIRE-CHI1872-048-A01,CHI-POSTFIRE-CHI1872-048,canonical_name,Lakeside Building,AND1886V3;CHICAG_REBUILD,high,false,"Active rebuilding documented throughout 1872 after more than $100,000 pre-fire work was lost; Chicagology rebuilding010 transcribes contemporary notices."
CHI-POSTFIRE-CHI1872-048-A02,CHI-POSTFIRE-CHI1872-048,year_completed,1873,AND1886V3;CHICAG_REBUILD,high,false,"Active rebuilding documented throughout 1872 after more than $100,000 pre-fire work was lost; Chicagology rebuilding010 transcribes contemporary notices."
CHI-POSTFIRE-CHI1872-048-A03,CHI-POSTFIRE-CHI1872-048,address_historical,southwest corner Clark and Adams Streets,AND1886V3;CHICAG_REBUILD,high,false,"Active rebuilding documented throughout 1872 after more than $100,000 pre-fire work was lost; Chicagology rebuilding010 transcribes contemporary notices."
CHI-POSTFIRE-CHI1872-048-A04,CHI-POSTFIRE-CHI1872-048,architect_or_builder,Cass Chapman,AND1886V3;CHICAG_REBUILD,high,false,"Active rebuilding documented throughout 1872 after more than $100,000 pre-fire work was lost; Chicagology rebuilding010 transcribes contemporary notices."
CHI-POSTFIRE-CHI1872-048-A05,CHI-POSTFIRE-CHI1872-048,structural_system,Cleveland sandstone; Gothic Revival,AND1886V3;CHICAG_REBUILD,high,false,"Active rebuilding documented throughout 1872 after more than $100,000 pre-fire work was lost; Chicagology rebuilding010 transcribes contemporary notices."
CHI-POSTFIRE-CHI1872-048-A06,CHI-POSTFIRE-CHI1872-048,construction_or_event_type,construction_phase,AND1886V3;CHICAG_REBUILD,high,false,"Active rebuilding documented throughout 1872 after more than $100,000 pre-fire work was lost; Chicagology rebuilding010 transcribes contemporary notices."
CHI-POSTFIRE-CHI1872-048-A07,CHI-POSTFIRE-CHI1872-048,predecessor_or_rebuild_of,nearly completed pre-fire Lakeside Building destroyed in 1871 fire,AND1886V3;CHICAG_REBUILD,high,false,"Active rebuilding documented throughout 1872 after more than $100,000 pre-fire work was lost; Chicagology rebuilding010 transcribes contemporary notices."
CHI-POSTFIRE-CHI1872-048-A08,CHI-POSTFIRE-CHI1872-048,postfire_code_context,Rebuilt with an explicit fire-resistant objective; completion belongs to 1873.,AND1886V3;CHICAG_REBUILD,high,false,"Active rebuilding documented throughout 1872 after more than $100,000 pre-fire work was lost; Chicagology rebuilding010 transcribes contemporary notices."
CHI-POSTFIRE-CHI1872-048-A09,CHI-POSTFIRE-CHI1872-048,year_demolished,1926,AND1886V3;CHICAG_REBUILD,high,false,"Active rebuilding documented throughout 1872 after more than $100,000 pre-fire work was lost; Chicagology rebuilding010 transcribes contemporary notices."
CHI-POSTFIRE-CHI1872-049-A01,CHI-POSTFIRE-CHI1872-049,canonical_name,Palmer House II,AND1886V3;CHICAG_REBUILD,high,false,Major construction continued through 1872; opening belongs to late 1873. Do not count as a 1872 completion.
CHI-POSTFIRE-CHI1872-049-A02,CHI-POSTFIRE-CHI1872-049,year_completed,1873,AND1886V3;CHICAG_REBUILD,high,false,Major construction continued through 1872; opening belongs to late 1873. Do not count as a 1872 completion.
CHI-POSTFIRE-CHI1872-049-A03,CHI-POSTFIRE-CHI1872-049,address_historical,State Street from Monroe toward Quincy and Wabash Avenue,AND1886V3;CHICAG_REBUILD,high,false,Major construction continued through 1872; opening belongs to late 1873. Do not count as a 1872 completion.
CHI-POSTFIRE-CHI1872-049-A04,CHI-POSTFIRE-CHI1872-049,architect_or_builder,John M. Van Osdel,AND1886V3;CHICAG_REBUILD,high,false,Major construction continued through 1872; opening belongs to late 1873. Do not count as a 1872 completion.
CHI-POSTFIRE-CHI1872-049-A05,CHI-POSTFIRE-CHI1872-049,structural_system,masonry hotel; foundations survived the fire,AND1886V3;CHICAG_REBUILD,high,false,Major construction continued through 1872; opening belongs to late 1873. Do not count as a 1872 completion.
CHI-POSTFIRE-CHI1872-049-A06,CHI-POSTFIRE-CHI1872-049,construction_or_event_type,construction_phase,AND1886V3;CHICAG_REBUILD,high,false,Major construction continued through 1872; opening belongs to late 1873. Do not count as a 1872 completion.
CHI-POSTFIRE-CHI1872-049-A07,CHI-POSTFIRE-CHI1872-049,predecessor_or_rebuild_of,Palmer House I destroyed in 1871 fire,AND1886V3;CHICAG_REBUILD,high,false,Major construction continued through 1872; opening belongs to late 1873. Do not count as a 1872 completion.
CHI-POSTFIRE-CHI1872-049-A08,CHI-POSTFIRE-CHI1872-049,postfire_code_context,"A leading attempt at fire-resistant hotel construction; contemporary 'entirely fireproof' language is recorded as aspiration, not verified performance.",AND1886V3;CHICAG_REBUILD,high,false,Major construction continued through 1872; opening belongs to late 1873. Do not count as a 1872 completion.
CHI-POSTFIRE-CHI1872-050-A01,CHI-POSTFIRE-CHI1872-050,canonical_name,Grand Pacific Hotel II,AND1886V3,high,false,Andreas includes the $1 million project among the major first-year starts; not counted as completed in 1872.
CHI-POSTFIRE-CHI1872-050-A02,CHI-POSTFIRE-CHI1872-050,year_completed,1873,AND1886V3,high,false,Andreas includes the $1 million project among the major first-year starts; not counted as completed in 1872.
CHI-POSTFIRE-CHI1872-050-A03,CHI-POSTFIRE-CHI1872-050,address_historical,"block bounded Jackson, Quincy, LaSalle and Clark Streets",AND1886V3,high,false,Andreas includes the $1 million project among the major first-year starts; not counted as completed in 1872.
CHI-POSTFIRE-CHI1872-050-A04,CHI-POSTFIRE-CHI1872-050,architect_or_builder,W. W. Boyington; John A. Rice operational guidance,AND1886V3,high,false,Andreas includes the $1 million project among the major first-year starts; not counted as completed in 1872.
CHI-POSTFIRE-CHI1872-050-A05,CHI-POSTFIRE-CHI1872-050,structural_system,masonry,AND1886V3,high,false,Andreas includes the $1 million project among the major first-year starts; not counted as completed in 1872.
CHI-POSTFIRE-CHI1872-050-A06,CHI-POSTFIRE-CHI1872-050,construction_or_event_type,construction_phase,AND1886V3,high,false,Andreas includes the $1 million project among the major first-year starts; not counted as completed in 1872.
CHI-POSTFIRE-CHI1872-050-A07,CHI-POSTFIRE-CHI1872-050,predecessor_or_rebuild_of,Grand Pacific Hotel I destroyed in 1871 fire,AND1886V3,high,false,Andreas includes the $1 million project among the major first-year starts; not counted as completed in 1872.
CHI-POSTFIRE-CHI1872-050-A08,CHI-POSTFIRE-CHI1872-050,postfire_code_context,Urgent post-fire reconstruction began before plans were complete; completion belongs to 1873.,AND1886V3,high,false,Andreas includes the $1 million project among the major first-year starts; not counted as completed in 1872.
CHI-POSTFIRE-CHI1872-051-A01,CHI-POSTFIRE-CHI1872-051,canonical_name,Sherman House III,AND1886V3,high,false,"Andreas lists the $650,000 Sherman House among first-year projects but its opening was May 1 1873. Chicagology rebuilding004 has a conflicting 1872 life-span label; event dating follows Andreas."
CHI-POSTFIRE-CHI1872-051-A02,CHI-POSTFIRE-CHI1872-051,year_completed,1873,AND1886V3,high,false,"Andreas lists the $650,000 Sherman House among first-year projects but its opening was May 1 1873. Chicagology rebuilding004 has a conflicting 1872 life-span label; event dating follows Andreas."
CHI-POSTFIRE-CHI1872-051-A03,CHI-POSTFIRE-CHI1872-051,address_historical,northwest corner Clark and Randolph Streets,AND1886V3,high,false,"Andreas lists the $650,000 Sherman House among first-year projects but its opening was May 1 1873. Chicagology rebuilding004 has a conflicting 1872 life-span label; event dating follows Andreas."
CHI-POSTFIRE-CHI1872-051-A04,CHI-POSTFIRE-CHI1872-051,architect_or_builder,William W. Boyington; Charles W. Cregar,AND1886V3,high,false,"Andreas lists the $650,000 Sherman House among first-year projects but its opening was May 1 1873. Chicagology rebuilding004 has a conflicting 1872 life-span label; event dating follows Andreas."
CHI-POSTFIRE-CHI1872-051-A05,CHI-POSTFIRE-CHI1872-051,structural_system,stone-front masonry,AND1886V3,high,false,"Andreas lists the $650,000 Sherman House among first-year projects but its opening was May 1 1873. Chicagology rebuilding004 has a conflicting 1872 life-span label; event dating follows Andreas."
CHI-POSTFIRE-CHI1872-051-A06,CHI-POSTFIRE-CHI1872-051,construction_or_event_type,construction_phase,AND1886V3,high,false,"Andreas lists the $650,000 Sherman House among first-year projects but its opening was May 1 1873. Chicagology rebuilding004 has a conflicting 1872 life-span label; event dating follows Andreas."
CHI-POSTFIRE-CHI1872-051-A07,CHI-POSTFIRE-CHI1872-051,predecessor_or_rebuild_of,Sherman House II destroyed in 1871 fire,AND1886V3,high,false,"Andreas lists the $650,000 Sherman House among first-year projects but its opening was May 1 1873. Chicagology rebuilding004 has a conflicting 1872 life-span label; event dating follows Andreas."
CHI-POSTFIRE-CHI1872-051-A08,CHI-POSTFIRE-CHI1872-051,postfire_code_context,Major hotel reconstruction in the burned district; completion belongs to 1873.,AND1886V3,high,false,"Andreas lists the $650,000 Sherman House among first-year projects but its opening was May 1 1873. Chicagology rebuilding004 has a conflicting 1872 life-span label; event dating follows Andreas."
CHI-POSTFIRE-CHI1872-051-A09,CHI-POSTFIRE-CHI1872-051,year_demolished,1910,AND1886V3,high,false,"Andreas lists the $650,000 Sherman House among first-year projects but its opening was May 1 1873. Chicagology rebuilding004 has a conflicting 1872 life-span label; event dating follows Andreas."
CHI-POSTFIRE-CHI1872-052-A01,CHI-POSTFIRE-CHI1872-052,canonical_name,Briggs House II,AND1886V3,high,false,"Construction began immediately after the fire and continued through 1872; opened in 1873, reported building cost about $190,000."
CHI-POSTFIRE-CHI1872-052-A02,CHI-POSTFIRE-CHI1872-052,year_completed,1873,AND1886V3,high,false,"Construction began immediately after the fire and continued through 1872; opened in 1873, reported building cost about $190,000."
CHI-POSTFIRE-CHI1872-052-A03,CHI-POSTFIRE-CHI1872-052,address_historical,Randolph Street at Fifth Avenue,AND1886V3,high,false,"Construction began immediately after the fire and continued through 1872; opened in 1873, reported building cost about $190,000."
CHI-POSTFIRE-CHI1872-052-A04,CHI-POSTFIRE-CHI1872-052,structural_system,red brick with stone facings,AND1886V3,high,false,"Construction began immediately after the fire and continued through 1872; opened in 1873, reported building cost about $190,000."
CHI-POSTFIRE-CHI1872-052-A05,CHI-POSTFIRE-CHI1872-052,construction_or_event_type,construction_phase,AND1886V3,high,false,"Construction began immediately after the fire and continued through 1872; opened in 1873, reported building cost about $190,000."
CHI-POSTFIRE-CHI1872-052-A06,CHI-POSTFIRE-CHI1872-052,predecessor_or_rebuild_of,Briggs House destroyed in 1871 fire,AND1886V3,high,false,"Construction began immediately after the fire and continued through 1872; opened in 1873, reported building cost about $190,000."
CHI-POSTFIRE-CHI1872-052-A07,CHI-POSTFIRE-CHI1872-052,postfire_code_context,Permanent hotel rebuilding on the old site; completion belongs to 1873.,AND1886V3,high,false,"Construction began immediately after the fire and continued through 1872; opened in 1873, reported building cost about $190,000."
CHI-POSTFIRE-CHI1872-053-A01,CHI-POSTFIRE-CHI1872-053,canonical_name,Tremont House IV,AND1886V3,medium,true,"Contractor biography says a partnership dissolved after finishing Tremont work in 1872, but hotel chronology gives 1873 completion/opening; treated as 1872 construction phase only."
CHI-POSTFIRE-CHI1872-053-A02,CHI-POSTFIRE-CHI1872-053,year_completed,1873,AND1886V3,medium,true,"Contractor biography says a partnership dissolved after finishing Tremont work in 1872, but hotel chronology gives 1873 completion/opening; treated as 1872 construction phase only."
CHI-POSTFIRE-CHI1872-053-A03,CHI-POSTFIRE-CHI1872-053,address_historical,Lake and Dearborn Streets,AND1886V3,medium,true,"Contractor biography says a partnership dissolved after finishing Tremont work in 1872, but hotel chronology gives 1873 completion/opening; treated as 1872 construction phase only."
CHI-POSTFIRE-CHI1872-053-A04,CHI-POSTFIRE-CHI1872-053,architect_or_builder,John M. Van Osdel,AND1886V3,medium,true,"Contractor biography says a partnership dissolved after finishing Tremont work in 1872, but hotel chronology gives 1873 completion/opening; treated as 1872 construction phase only."
CHI-POSTFIRE-CHI1872-053-A05,CHI-POSTFIRE-CHI1872-053,structural_system,Amherst sandstone front,AND1886V3,medium,true,"Contractor biography says a partnership dissolved after finishing Tremont work in 1872, but hotel chronology gives 1873 completion/opening; treated as 1872 construction phase only."
CHI-POSTFIRE-CHI1872-053-A06,CHI-POSTFIRE-CHI1872-053,construction_or_event_type,construction_phase,AND1886V3,medium,true,"Contractor biography says a partnership dissolved after finishing Tremont work in 1872, but hotel chronology gives 1873 completion/opening; treated as 1872 construction phase only."
CHI-POSTFIRE-CHI1872-053-A07,CHI-POSTFIRE-CHI1872-053,predecessor_or_rebuild_of,Tremont House III destroyed in 1871 fire,AND1886V3,medium,true,"Contractor biography says a partnership dissolved after finishing Tremont work in 1872, but hotel chronology gives 1873 completion/opening; treated as 1872 construction phase only."
CHI-POSTFIRE-CHI1872-053-A08,CHI-POSTFIRE-CHI1872-053,postfire_code_context,Major stone-front hotel replacement; completion belongs to 1873.,AND1886V3,medium,true,"Contractor biography says a partnership dissolved after finishing Tremont work in 1872, but hotel chronology gives 1873 completion/opening; treated as 1872 construction phase only."
CHI-POSTFIRE-CHI1872-054-A01,CHI-POSTFIRE-CHI1872-054,canonical_name,Grace Methodist Episcopal Church,AND1886V3,high,false,"Rebuilding began about mid-1872 and dedication occurred May 4 1873; reported total cost including lot and organ about $100,000."
CHI-POSTFIRE-CHI1872-054-A02,CHI-POSTFIRE-CHI1872-054,year_completed,1873,AND1886V3,high,false,"Rebuilding began about mid-1872 and dedication occurred May 4 1873; reported total cost including lot and organ about $100,000."
CHI-POSTFIRE-CHI1872-054-A03,CHI-POSTFIRE-CHI1872-054,address_historical,LaSalle Avenue and Locust Street,AND1886V3,high,false,"Rebuilding began about mid-1872 and dedication occurred May 4 1873; reported total cost including lot and organ about $100,000."
CHI-POSTFIRE-CHI1872-054-A04,CHI-POSTFIRE-CHI1872-054,structural_system,Gothic masonry,AND1886V3,high,false,"Rebuilding began about mid-1872 and dedication occurred May 4 1873; reported total cost including lot and organ about $100,000."
CHI-POSTFIRE-CHI1872-054-A05,CHI-POSTFIRE-CHI1872-054,construction_or_event_type,construction_start,AND1886V3,high,false,"Rebuilding began about mid-1872 and dedication occurred May 4 1873; reported total cost including lot and organ about $100,000."
CHI-POSTFIRE-CHI1872-054-A06,CHI-POSTFIRE-CHI1872-054,predecessor_or_rebuild_of,Grace Church destroyed in 1871 fire,AND1886V3,high,false,"Rebuilding began about mid-1872 and dedication occurred May 4 1873; reported total cost including lot and organ about $100,000."
CHI-POSTFIRE-CHI1872-054-A07,CHI-POSTFIRE-CHI1872-054,postfire_code_context,Permanent replacement after a temporary post-fire chapel.,AND1886V3,high,false,"Rebuilding began about mid-1872 and dedication occurred May 4 1873; reported total cost including lot and organ about $100,000."
CHI-POSTFIRE-CHI1872-055-A01,CHI-POSTFIRE-CHI1872-055,canonical_name,First Methodist Episcopal Church Block,AND1886V3;CHICAG_REBUILD;CHM_METHODIST,high,false,"Congregation left its temporary Clark-and-Harrison frame building in fall 1872 for the rebuilt block; cost about $130,000. Chicagology rebuilding072 and Chicago History Museum corroborate context."
CHI-POSTFIRE-CHI1872-055-A02,CHI-POSTFIRE-CHI1872-055,year_completed,1872,AND1886V3;CHICAG_REBUILD;CHM_METHODIST,high,false,"Congregation left its temporary Clark-and-Harrison frame building in fall 1872 for the rebuilt block; cost about $130,000. Chicagology rebuilding072 and Chicago History Museum corroborate context."
CHI-POSTFIRE-CHI1872-055-A03,CHI-POSTFIRE-CHI1872-055,address_historical,corner Clark and Washington Streets,AND1886V3;CHICAG_REBUILD;CHM_METHODIST,high,false,"Congregation left its temporary Clark-and-Harrison frame building in fall 1872 for the rebuilt block; cost about $130,000. Chicagology rebuilding072 and Chicago History Museum corroborate context."
CHI-POSTFIRE-CHI1872-055-A04,CHI-POSTFIRE-CHI1872-055,structural_system,stone-front masonry,AND1886V3;CHICAG_REBUILD;CHM_METHODIST,high,false,"Congregation left its temporary Clark-and-Harrison frame building in fall 1872 for the rebuilt block; cost about $130,000. Chicagology rebuilding072 and Chicago History Museum corroborate context."
CHI-POSTFIRE-CHI1872-055-A05,CHI-POSTFIRE-CHI1872-055,construction_or_event_type,reconstruction,AND1886V3;CHICAG_REBUILD;CHM_METHODIST,high,false,"Congregation left its temporary Clark-and-Harrison frame building in fall 1872 for the rebuilt block; cost about $130,000. Chicagology rebuilding072 and Chicago History Museum corroborate context."
CHI-POSTFIRE-CHI1872-055-A06,CHI-POSTFIRE-CHI1872-055,predecessor_or_rebuild_of,First Methodist block destroyed in 1871 fire,AND1886V3;CHICAG_REBUILD;CHM_METHODIST,high,false,"Congregation left its temporary Clark-and-Harrison frame building in fall 1872 for the rebuilt block; cost about $130,000. Chicagology rebuilding072 and Chicago History Museum corroborate context."
CHI-POSTFIRE-CHI1872-055-A07,CHI-POSTFIRE-CHI1872-055,postfire_code_context,More substantial post-fire replacement in the burned district; rental uses funded church operations.,AND1886V3;CHICAG_REBUILD;CHM_METHODIST,high,false,"Congregation left its temporary Clark-and-Harrison frame building in fall 1872 for the rebuilt block; cost about $130,000. Chicagology rebuilding072 and Chicago History Museum corroborate context."
CHI-POSTFIRE-CHI1872-056-A01,CHI-POSTFIRE-CHI1872-056,canonical_name,Michigan Avenue Methodist Episcopal Church,AND1886V3,high,true,"A portion was formally dedicated February 5 1872; full completion occurred during J. W. Phelps's 1873-74 pastorate, so this is not a full completion."
CHI-POSTFIRE-CHI1872-056-A02,CHI-POSTFIRE-CHI1872-056,year_completed,1872,AND1886V3,high,true,"A portion was formally dedicated February 5 1872; full completion occurred during J. W. Phelps's 1873-74 pastorate, so this is not a full completion."
CHI-POSTFIRE-CHI1872-056-A03,CHI-POSTFIRE-CHI1872-056,address_historical,Michigan Avenue,AND1886V3,high,true,"A portion was formally dedicated February 5 1872; full completion occurred during J. W. Phelps's 1873-74 pastorate, so this is not a full completion."
CHI-POSTFIRE-CHI1872-056-A04,CHI-POSTFIRE-CHI1872-056,structural_system,masonry,AND1886V3,high,true,"A portion was formally dedicated February 5 1872; full completion occurred during J. W. Phelps's 1873-74 pastorate, so this is not a full completion."
CHI-POSTFIRE-CHI1872-056-A05,CHI-POSTFIRE-CHI1872-056,construction_or_event_type,partial_completion_and_dedication,AND1886V3,high,true,"A portion was formally dedicated February 5 1872; full completion occurred during J. W. Phelps's 1873-74 pastorate, so this is not a full completion."
CHI-POSTFIRE-CHI1872-056-A06,CHI-POSTFIRE-CHI1872-056,postfire_code_context,Church construction underway before/through the fire era outside the principal burned core.,AND1886V3,high,true,"A portion was formally dedicated February 5 1872; full completion occurred during J. W. Phelps's 1873-74 pastorate, so this is not a full completion."
CHI-POSTFIRE-CHI1872-057-A01,CHI-POSTFIRE-CHI1872-057,canonical_name,St. Patrick's Church,AND1886V3,high,true,"Basement, still in course of erection at the fire, first occupied in August 1872; 1873 interior work is a separate phase."
CHI-POSTFIRE-CHI1872-057-A02,CHI-POSTFIRE-CHI1872-057,year_completed,1872,AND1886V3,high,true,"Basement, still in course of erection at the fire, first occupied in August 1872; 1873 interior work is a separate phase."
CHI-POSTFIRE-CHI1872-057-A03,CHI-POSTFIRE-CHI1872-057,structural_system,masonry,AND1886V3,high,true,"Basement, still in course of erection at the fire, first occupied in August 1872; 1873 interior work is a separate phase."
CHI-POSTFIRE-CHI1872-057-A04,CHI-POSTFIRE-CHI1872-057,construction_or_event_type,partial_completion_and_occupancy,AND1886V3,high,true,"Basement, still in course of erection at the fire, first occupied in August 1872; 1873 interior work is a separate phase."
CHI-POSTFIRE-CHI1872-057-A05,CHI-POSTFIRE-CHI1872-057,postfire_code_context,Construction predated the Great Fire and site lay west of the principal burned district.,AND1886V3,high,true,"Basement, still in course of erection at the fire, first occupied in August 1872; 1873 interior work is a separate phase."
CHI-POSTFIRE-CHI1872-058-A01,CHI-POSTFIRE-CHI1872-058,canonical_name,St. Matthew's German Evangelical Lutheran Church,AND1886V3,high,false,Trustees erected the two-story church-school in 1872; later 1875 and 1882 school buildings are excluded from this phase.
CHI-POSTFIRE-CHI1872-058-A02,CHI-POSTFIRE-CHI1872-058,year_completed,1872,AND1886V3,high,false,Trustees erected the two-story church-school in 1872; later 1875 and 1882 school buildings are excluded from this phase.
CHI-POSTFIRE-CHI1872-058-A03,CHI-POSTFIRE-CHI1872-058,address_historical,"block between Twentieth, Twenty-first, Hoyne and Leavitt Streets",AND1886V3,high,false,Trustees erected the two-story church-school in 1872; later 1875 and 1882 school buildings are excluded from this phase.
CHI-POSTFIRE-CHI1872-058-A04,CHI-POSTFIRE-CHI1872-058,structural_system,brick basement with frame upper story,AND1886V3,high,false,Trustees erected the two-story church-school in 1872; later 1875 and 1882 school buildings are excluded from this phase.
CHI-POSTFIRE-CHI1872-058-A05,CHI-POSTFIRE-CHI1872-058,construction_or_event_type,new_construction,AND1886V3,high,false,Trustees erected the two-story church-school in 1872; later 1875 and 1882 school buildings are excluded from this phase.
CHI-POSTFIRE-CHI1872-058-A06,CHI-POSTFIRE-CHI1872-058,postfire_code_context,Mixed brick/frame construction outside the principal fire limits; no ordinance-compliance inference.,AND1886V3,high,false,Trustees erected the two-story church-school in 1872; later 1875 and 1882 school buildings are excluded from this phase.
CHI-POSTFIRE-CHI1872-059-A01,CHI-POSTFIRE-CHI1872-059,canonical_name,Chicago Society of the New Jerusalem West Division Church,AND1886V3,high,true,Andreas calls it a commodious house of worship built in 1872; the society later sold the Ogden frontage in 1885.
CHI-POSTFIRE-CHI1872-059-A02,CHI-POSTFIRE-CHI1872-059,year_completed,1872,AND1886V3,high,true,Andreas calls it a commodious house of worship built in 1872; the society later sold the Ogden frontage in 1885.
CHI-POSTFIRE-CHI1872-059-A03,CHI-POSTFIRE-CHI1872-059,address_historical,Washington Boulevard and Ogden Avenue,AND1886V3,high,true,Andreas calls it a commodious house of worship built in 1872; the society later sold the Ogden frontage in 1885.
CHI-POSTFIRE-CHI1872-059-A04,CHI-POSTFIRE-CHI1872-059,structural_system,masonry,AND1886V3,high,true,Andreas calls it a commodious house of worship built in 1872; the society later sold the Ogden frontage in 1885.
CHI-POSTFIRE-CHI1872-059-A05,CHI-POSTFIRE-CHI1872-059,construction_or_event_type,new_construction,AND1886V3,high,true,Andreas calls it a commodious house of worship built in 1872; the society later sold the Ogden frontage in 1885.
CHI-POSTFIRE-CHI1872-059-A06,CHI-POSTFIRE-CHI1872-059,postfire_code_context,Outside the core burned business district; no direct fire-code claim.,AND1886V3,high,true,Andreas calls it a commodious house of worship built in 1872; the society later sold the Ogden frontage in 1885.
CHI-POSTFIRE-CHI1872-060-A01,CHI-POSTFIRE-CHI1872-060,canonical_name,Church of the Messiah II,AND1886V3,high,false,"Recorded as a foundation phase only; cost about $90,000 and seating about 800 upon completion."
CHI-POSTFIRE-CHI1872-060-A02,CHI-POSTFIRE-CHI1872-060,year_completed,1873,AND1886V3,high,false,"Recorded as a foundation phase only; cost about $90,000 and seating about 800 upon completion."
CHI-POSTFIRE-CHI1872-060-A03,CHI-POSTFIRE-CHI1872-060,address_historical,Michigan Avenue and Twenty-third Street,AND1886V3,high,false,"Recorded as a foundation phase only; cost about $90,000 and seating about 800 upon completion."
CHI-POSTFIRE-CHI1872-060-A04,CHI-POSTFIRE-CHI1872-060,structural_system,masonry church,AND1886V3,high,false,"Recorded as a foundation phase only; cost about $90,000 and seating about 800 upon completion."
CHI-POSTFIRE-CHI1872-060-A05,CHI-POSTFIRE-CHI1872-060,construction_or_event_type,foundation_phase,AND1886V3,high,false,"Recorded as a foundation phase only; cost about $90,000 and seating about 800 upon completion."
CHI-POSTFIRE-CHI1872-060-A06,CHI-POSTFIRE-CHI1872-060,predecessor_or_rebuild_of,Church of the Messiah property sold for commercial use after the fire,AND1886V3,high,false,"Recorded as a foundation phase only; cost about $90,000 and seating about 800 upon completion."
CHI-POSTFIRE-CHI1872-060-A07,CHI-POSTFIRE-CHI1872-060,postfire_code_context,Foundation stone laid fall 1872; cornerstone May 13 and dedication November 16 1873.,AND1886V3,high,false,"Recorded as a foundation phase only; cost about $90,000 and seating about 800 upon completion."
CHI-POSTFIRE-CHI1872-061-A01,CHI-POSTFIRE-CHI1872-061,canonical_name,First Universalist Church II,AND1886V3,high,false,Construction began in 1872 and completed summer 1873; incomplete spire should not be counted as later separate building.
CHI-POSTFIRE-CHI1872-061-A02,CHI-POSTFIRE-CHI1872-061,year_completed,1873,AND1886V3,high,false,Construction began in 1872 and completed summer 1873; incomplete spire should not be counted as later separate building.
CHI-POSTFIRE-CHI1872-061-A03,CHI-POSTFIRE-CHI1872-061,address_historical,Michigan Avenue between Sixteenth and Eighteenth Streets,AND1886V3,high,false,Construction began in 1872 and completed summer 1873; incomplete spire should not be counted as later separate building.
CHI-POSTFIRE-CHI1872-061-A04,CHI-POSTFIRE-CHI1872-061,structural_system,solid stone; modern Gothic,AND1886V3,high,false,Construction began in 1872 and completed summer 1873; incomplete spire should not be counted as later separate building.
CHI-POSTFIRE-CHI1872-061-A05,CHI-POSTFIRE-CHI1872-061,construction_or_event_type,construction_start,AND1886V3,high,false,Construction began in 1872 and completed summer 1873; incomplete spire should not be counted as later separate building.
CHI-POSTFIRE-CHI1872-061-A06,CHI-POSTFIRE-CHI1872-061,predecessor_or_rebuild_of,First Universalist Church at Van Buren and Wabash lost in 1871 fire,AND1886V3,high,false,Construction began in 1872 and completed summer 1873; incomplete spire should not be counted as later separate building.
CHI-POSTFIRE-CHI1872-061-A07,CHI-POSTFIRE-CHI1872-061,postfire_code_context,Stone replacement farther south; direct ordinance evidence not located.,AND1886V3,high,false,Construction began in 1872 and completed summer 1873; incomplete spire should not be counted as later separate building.
CHI-POSTFIRE-CHI1872-062-A01,CHI-POSTFIRE-CHI1872-062,canonical_name,St. James Episcopal Church Reconstruction,AND1886V3,high,true,"Rebuilding moved vigorously in 1872, stopped in 1873, resumed 1874, and first service in completed building occurred in 1875."
CHI-POSTFIRE-CHI1872-062-A02,CHI-POSTFIRE-CHI1872-062,year_completed,1875,AND1886V3,high,true,"Rebuilding moved vigorously in 1872, stopped in 1873, resumed 1874, and first service in completed building occurred in 1875."
CHI-POSTFIRE-CHI1872-062-A03,CHI-POSTFIRE-CHI1872-062,address_historical,Cass Street at Huron Street,AND1886V3,high,true,"Rebuilding moved vigorously in 1872, stopped in 1873, resumed 1874, and first service in completed building occurred in 1875."
CHI-POSTFIRE-CHI1872-062-A04,CHI-POSTFIRE-CHI1872-062,structural_system,masonry,AND1886V3,high,true,"Rebuilding moved vigorously in 1872, stopped in 1873, resumed 1874, and first service in completed building occurred in 1875."
CHI-POSTFIRE-CHI1872-062-A05,CHI-POSTFIRE-CHI1872-062,construction_or_event_type,construction_phase,AND1886V3,high,true,"Rebuilding moved vigorously in 1872, stopped in 1873, resumed 1874, and first service in completed building occurred in 1875."
CHI-POSTFIRE-CHI1872-062-A06,CHI-POSTFIRE-CHI1872-062,predecessor_or_rebuild_of,St. James church ruined in 1871 fire,AND1886V3,high,true,"Rebuilding moved vigorously in 1872, stopped in 1873, resumed 1874, and first service in completed building occurred in 1875."
CHI-POSTFIRE-CHI1872-062-A07,CHI-POSTFIRE-CHI1872-062,postfire_code_context,Permanent reconstruction from surviving/ruined church fabric; work interrupted by 1873 financial crisis.,AND1886V3,high,true,"Rebuilding moved vigorously in 1872, stopped in 1873, resumed 1874, and first service in completed building occurred in 1875."
CHI-POSTFIRE-CHI1872-063-A01,CHI-POSTFIRE-CHI1872-063,canonical_name,St. Michael's Church Reconstruction,AND1886V3,high,true,"Church repair was rapidly pushed at reported cost $40,000 while temporary worship continued; ready for occupancy fall 1873. Exact 1872 work fraction unknown."
CHI-POSTFIRE-CHI1872-063-A02,CHI-POSTFIRE-CHI1872-063,year_completed,1873,AND1886V3,high,true,"Church repair was rapidly pushed at reported cost $40,000 while temporary worship continued; ready for occupancy fall 1873. Exact 1872 work fraction unknown."
CHI-POSTFIRE-CHI1872-063-A03,CHI-POSTFIRE-CHI1872-063,address_historical,North Side church lot,AND1886V3,high,true,"Church repair was rapidly pushed at reported cost $40,000 while temporary worship continued; ready for occupancy fall 1873. Exact 1872 work fraction unknown."
CHI-POSTFIRE-CHI1872-063-A04,CHI-POSTFIRE-CHI1872-063,structural_system,repaired masonry church,AND1886V3,high,true,"Church repair was rapidly pushed at reported cost $40,000 while temporary worship continued; ready for occupancy fall 1873. Exact 1872 work fraction unknown."
CHI-POSTFIRE-CHI1872-063-A05,CHI-POSTFIRE-CHI1872-063,construction_or_event_type,reconstruction_phase,AND1886V3,high,true,"Church repair was rapidly pushed at reported cost $40,000 while temporary worship continued; ready for occupancy fall 1873. Exact 1872 work fraction unknown."
CHI-POSTFIRE-CHI1872-063-A06,CHI-POSTFIRE-CHI1872-063,predecessor_or_rebuild_of,St. Michael's Church destroyed in 1871 fire,AND1886V3,high,true,"Church repair was rapidly pushed at reported cost $40,000 while temporary worship continued; ready for occupancy fall 1873. Exact 1872 work fraction unknown."
CHI-POSTFIRE-CHI1872-063-A07,CHI-POSTFIRE-CHI1872-063,postfire_code_context,Major repair of fire-damaged church; direct code evidence not located.,AND1886V3,high,true,"Church repair was rapidly pushed at reported cost $40,000 while temporary worship continued; ready for occupancy fall 1873. Exact 1872 work fraction unknown."
CHI-POSTFIRE-CHI1872-064-A01,CHI-POSTFIRE-CHI1872-064,canonical_name,St. Michael's Clergy House,AND1886V3,high,false,Partly restored in 1872 and completed in 1876; completion must not be assigned to 1872.
CHI-POSTFIRE-CHI1872-064-A02,CHI-POSTFIRE-CHI1872-064,year_completed,1876,AND1886V3,high,false,Partly restored in 1872 and completed in 1876; completion must not be assigned to 1872.
CHI-POSTFIRE-CHI1872-064-A03,CHI-POSTFIRE-CHI1872-064,address_historical,St. Michael's parish property,AND1886V3,high,false,Partly restored in 1872 and completed in 1876; completion must not be assigned to 1872.
CHI-POSTFIRE-CHI1872-064-A04,CHI-POSTFIRE-CHI1872-064,structural_system,masonry,AND1886V3,high,false,Partly restored in 1872 and completed in 1876; completion must not be assigned to 1872.
CHI-POSTFIRE-CHI1872-064-A05,CHI-POSTFIRE-CHI1872-064,construction_or_event_type,partial_reconstruction,AND1886V3,high,false,Partly restored in 1872 and completed in 1876; completion must not be assigned to 1872.
CHI-POSTFIRE-CHI1872-064-A06,CHI-POSTFIRE-CHI1872-064,predecessor_or_rebuild_of,clergy house damaged in 1871 fire,AND1886V3,high,false,Partly restored in 1872 and completed in 1876; completion must not be assigned to 1872.
CHI-POSTFIRE-CHI1872-064-A07,CHI-POSTFIRE-CHI1872-064,postfire_code_context,Institutional fire reconstruction; direct ordinance evidence not located.,AND1886V3,high,false,Partly restored in 1872 and completed in 1876; completion must not be assigned to 1872.
CHI-POSTFIRE-CHI1872-065-A01,CHI-POSTFIRE-CHI1872-065,canonical_name,Convent of the Immaculate Conception II,AND1886V3,high,true,Dominican Sisters returned in 1872 and erected the building after Bishop Foley promised assistance; later adjoining parochial school excluded.
CHI-POSTFIRE-CHI1872-065-A02,CHI-POSTFIRE-CHI1872-065,year_completed,1872,AND1886V3,high,true,Dominican Sisters returned in 1872 and erected the building after Bishop Foley promised assistance; later adjoining parochial school excluded.
CHI-POSTFIRE-CHI1872-065-A03,CHI-POSTFIRE-CHI1872-065,address_historical,Franklin and Wieland Streets,AND1886V3,high,true,Dominican Sisters returned in 1872 and erected the building after Bishop Foley promised assistance; later adjoining parochial school excluded.
CHI-POSTFIRE-CHI1872-065-A04,CHI-POSTFIRE-CHI1872-065,structural_system,two-and-a-half-story building,AND1886V3,high,true,Dominican Sisters returned in 1872 and erected the building after Bishop Foley promised assistance; later adjoining parochial school excluded.
CHI-POSTFIRE-CHI1872-065-A05,CHI-POSTFIRE-CHI1872-065,construction_or_event_type,reconstruction,AND1886V3,high,true,Dominican Sisters returned in 1872 and erected the building after Bishop Foley promised assistance; later adjoining parochial school excluded.
CHI-POSTFIRE-CHI1872-065-A06,CHI-POSTFIRE-CHI1872-065,predecessor_or_rebuild_of,convent and school destroyed in 1871 fire,AND1886V3,high,true,Dominican Sisters returned in 1872 and erected the building after Bishop Foley promised assistance; later adjoining parochial school excluded.
CHI-POSTFIRE-CHI1872-065-A07,CHI-POSTFIRE-CHI1872-065,postfire_code_context,Institutional replacement in the North Side fire area; material not established.,AND1886V3,high,true,Dominican Sisters returned in 1872 and erected the building after Bishop Foley promised assistance; later adjoining parochial school excluded.
CHI-POSTFIRE-CHI1872-066-A01,CHI-POSTFIRE-CHI1872-066,canonical_name,Convent of Saints Benedict and Scholastica Home,AND1886V3,high,true,Finished in 1872 and later enlarged with a brick rear addition in 1879; institution incorporated July 1 1872.
CHI-POSTFIRE-CHI1872-066-A02,CHI-POSTFIRE-CHI1872-066,year_completed,1872,AND1886V3,high,true,Finished in 1872 and later enlarged with a brick rear addition in 1879; institution incorporated July 1 1872.
CHI-POSTFIRE-CHI1872-066-A03,CHI-POSTFIRE-CHI1872-066,address_historical,corner North Market and Hill Streets,AND1886V3,high,true,Finished in 1872 and later enlarged with a brick rear addition in 1879; institution incorporated July 1 1872.
CHI-POSTFIRE-CHI1872-066-A04,CHI-POSTFIRE-CHI1872-066,structural_system,frame,AND1886V3,high,true,Finished in 1872 and later enlarged with a brick rear addition in 1879; institution incorporated July 1 1872.
CHI-POSTFIRE-CHI1872-066-A05,CHI-POSTFIRE-CHI1872-066,construction_or_event_type,reconstruction,AND1886V3,high,true,Finished in 1872 and later enlarged with a brick rear addition in 1879; institution incorporated July 1 1872.
CHI-POSTFIRE-CHI1872-066-A06,CHI-POSTFIRE-CHI1872-066,predecessor_or_rebuild_of,St. Joseph parish church and school destroyed in 1871 fire,AND1886V3,high,true,Finished in 1872 and later enlarged with a brick rear addition in 1879; institution incorporated July 1 1872.
CHI-POSTFIRE-CHI1872-066-A07,CHI-POSTFIRE-CHI1872-066,postfire_code_context,Frame institutional rebuilding undertaken immediately after the fire; location and permission context need ordinance research.,AND1886V3,high,true,Finished in 1872 and later enlarged with a brick rear addition in 1879; institution incorporated July 1 1872.
CHI-POSTFIRE-CHI1872-067-A01,CHI-POSTFIRE-CHI1872-067,canonical_name,C. L. Rice and Company Machine Shops and Warerooms,AND1886V3,high,false,Construction began at once after the fire; occupied in fall 1872 and business sold to Kirkwood and Dunklee about then.
CHI-POSTFIRE-CHI1872-067-A02,CHI-POSTFIRE-CHI1872-067,year_completed,1872,AND1886V3,high,false,Construction began at once after the fire; occupied in fall 1872 and business sold to Kirkwood and Dunklee about then.
CHI-POSTFIRE-CHI1872-067-A03,CHI-POSTFIRE-CHI1872-067,address_historical,corner Canal and Harrison Streets,AND1886V3,high,false,Construction began at once after the fire; occupied in fall 1872 and business sold to Kirkwood and Dunklee about then.
CHI-POSTFIRE-CHI1872-067-A04,CHI-POSTFIRE-CHI1872-067,structural_system,masonry,AND1886V3,high,false,Construction began at once after the fire; occupied in fall 1872 and business sold to Kirkwood and Dunklee about then.
CHI-POSTFIRE-CHI1872-067-A05,CHI-POSTFIRE-CHI1872-067,construction_or_event_type,reconstruction,AND1886V3,high,false,Construction began at once after the fire; occupied in fall 1872 and business sold to Kirkwood and Dunklee about then.
CHI-POSTFIRE-CHI1872-067-A06,CHI-POSTFIRE-CHI1872-067,predecessor_or_rebuild_of,Dearborn/Madison machinery premises destroyed in 1871 fire,AND1886V3,high,false,Construction began at once after the fire; occupied in fall 1872 and business sold to Kirkwood and Dunklee about then.
CHI-POSTFIRE-CHI1872-067-A07,CHI-POSTFIRE-CHI1872-067,postfire_code_context,Industrial relocation west of the core burned district.,AND1886V3,high,false,Construction began at once after the fire; occupied in fall 1872 and business sold to Kirkwood and Dunklee about then.
CHI-POSTFIRE-CHI1872-068-A01,CHI-POSTFIRE-CHI1872-068,canonical_name,Bournique Dancing Academy II,AND1886V3,high,false,Erected in summer 1872; capacity doubled in 1874. Not to be confused with the 1882-84 Twenty-third Street academy.
CHI-POSTFIRE-CHI1872-068-A02,CHI-POSTFIRE-CHI1872-068,year_completed,1872,AND1886V3,high,false,Erected in summer 1872; capacity doubled in 1874. Not to be confused with the 1882-84 Twenty-third Street academy.
CHI-POSTFIRE-CHI1872-068-A03,CHI-POSTFIRE-CHI1872-068,address_historical,Twenty-fourth Street between Michigan and Indiana Avenues,AND1886V3,high,false,Erected in summer 1872; capacity doubled in 1874. Not to be confused with the 1882-84 Twenty-third Street academy.
CHI-POSTFIRE-CHI1872-068-A04,CHI-POSTFIRE-CHI1872-068,structural_system,brick,AND1886V3,high,false,Erected in summer 1872; capacity doubled in 1874. Not to be confused with the 1882-84 Twenty-third Street academy.
CHI-POSTFIRE-CHI1872-068-A05,CHI-POSTFIRE-CHI1872-068,construction_or_event_type,new_construction,AND1886V3,high,false,Erected in summer 1872; capacity doubled in 1874. Not to be confused with the 1882-84 Twenty-third Street academy.
CHI-POSTFIRE-CHI1872-068-A06,CHI-POSTFIRE-CHI1872-068,predecessor_or_rebuild_of,downtown Bournique academy destroyed in 1871 fire,AND1886V3,high,false,Erected in summer 1872; capacity doubled in 1874. Not to be confused with the 1882-84 Twenty-third Street academy.
CHI-POSTFIRE-CHI1872-068-A07,CHI-POSTFIRE-CHI1872-068,postfire_code_context,Brick replacement outside the core burned district.,AND1886V3,high,false,Erected in summer 1872; capacity doubled in 1874. Not to be confused with the 1882-84 Twenty-third Street academy.
CHI-POSTFIRE-CHI1872-069-A01,CHI-POSTFIRE-CHI1872-069,canonical_name,Brachvogel Picture-Frame Factory,AND1886V3,high,true,Andreas states Brachvogel built the factory structure occupied by the later company in 1872; street-number continuity should be checked against directories.
CHI-POSTFIRE-CHI1872-069-A02,CHI-POSTFIRE-CHI1872-069,year_completed,1872,AND1886V3,high,true,Andreas states Brachvogel built the factory structure occupied by the later company in 1872; street-number continuity should be checked against directories.
CHI-POSTFIRE-CHI1872-069-A03,CHI-POSTFIRE-CHI1872-069,address_historical,22-24 South Jefferson Street,AND1886V3,high,true,Andreas states Brachvogel built the factory structure occupied by the later company in 1872; street-number continuity should be checked against directories.
CHI-POSTFIRE-CHI1872-069-A04,CHI-POSTFIRE-CHI1872-069,structural_system,masonry,AND1886V3,high,true,Andreas states Brachvogel built the factory structure occupied by the later company in 1872; street-number continuity should be checked against directories.
CHI-POSTFIRE-CHI1872-069-A05,CHI-POSTFIRE-CHI1872-069,construction_or_event_type,new_construction,AND1886V3,high,true,Andreas states Brachvogel built the factory structure occupied by the later company in 1872; street-number continuity should be checked against directories.
CHI-POSTFIRE-CHI1872-069-A06,CHI-POSTFIRE-CHI1872-069,postfire_code_context,Industrial construction west of the core burned district; no direct fire-code evidence.,AND1886V3,high,true,Andreas states Brachvogel built the factory structure occupied by the later company in 1872; street-number continuity should be checked against directories.
CHI-POSTFIRE-CHI1872-070-A01,CHI-POSTFIRE-CHI1872-070,canonical_name,Sawyer Livery Stables,AND1886V3,high,true,Built January 1872 and occupied by Sawyer's livery business.
CHI-POSTFIRE-CHI1872-070-A02,CHI-POSTFIRE-CHI1872-070,year_completed,1872,AND1886V3,high,true,Built January 1872 and occupied by Sawyer's livery business.
CHI-POSTFIRE-CHI1872-070-A03,CHI-POSTFIRE-CHI1872-070,address_historical,9-11 Third Avenue,AND1886V3,high,true,Built January 1872 and occupied by Sawyer's livery business.
CHI-POSTFIRE-CHI1872-070-A04,CHI-POSTFIRE-CHI1872-070,construction_or_event_type,new_construction,AND1886V3,high,true,Built January 1872 and occupied by Sawyer's livery business.
CHI-POSTFIRE-CHI1872-070-A05,CHI-POSTFIRE-CHI1872-070,predecessor_or_rebuild_of,Dutton & Sawyer stables/business disrupted by 1871 fire,AND1886V3,high,true,Built January 1872 and occupied by Sawyer's livery business.
CHI-POSTFIRE-CHI1872-070-A06,CHI-POSTFIRE-CHI1872-070,postfire_code_context,Stable construction presented elevated fire risk; material and ordinance compliance are not given.,AND1886V3,high,true,Built January 1872 and occupied by Sawyer's livery business.
CHI-POSTFIRE-CHI1872-071-A01,CHI-POSTFIRE-CHI1872-071,canonical_name,Bemis and McAvoy Brewery Ice House No. 1,AND1886V3,high,true,"One of a sequence of west-side ice houses explicitly dated 1872, 1874, 1875 and 1876; only the 1872 unit is recorded here."
CHI-POSTFIRE-CHI1872-071-A02,CHI-POSTFIRE-CHI1872-071,year_completed,1872,AND1886V3,high,true,"One of a sequence of west-side ice houses explicitly dated 1872, 1874, 1875 and 1876; only the 1872 unit is recorded here."
CHI-POSTFIRE-CHI1872-071-A03,CHI-POSTFIRE-CHI1872-071,address_historical,west side South Park Avenue near Twenty-third Street,AND1886V3,high,true,"One of a sequence of west-side ice houses explicitly dated 1872, 1874, 1875 and 1876; only the 1872 unit is recorded here."
CHI-POSTFIRE-CHI1872-071-A04,CHI-POSTFIRE-CHI1872-071,structural_system,masonry,AND1886V3,high,true,"One of a sequence of west-side ice houses explicitly dated 1872, 1874, 1875 and 1876; only the 1872 unit is recorded here."
CHI-POSTFIRE-CHI1872-071-A05,CHI-POSTFIRE-CHI1872-071,construction_or_event_type,addition,AND1886V3,high,true,"One of a sequence of west-side ice houses explicitly dated 1872, 1874, 1875 and 1876; only the 1872 unit is recorded here."
CHI-POSTFIRE-CHI1872-071-A06,CHI-POSTFIRE-CHI1872-071,predecessor_or_rebuild_of,Bemis and McAvoy brewery complex,AND1886V3,high,true,"One of a sequence of west-side ice houses explicitly dated 1872, 1874, 1875 and 1876; only the 1872 unit is recorded here."
CHI-POSTFIRE-CHI1872-071-A07,CHI-POSTFIRE-CHI1872-071,postfire_code_context,Industrial addition outside principal burned core; no direct code claim.,AND1886V3,high,true,"One of a sequence of west-side ice houses explicitly dated 1872, 1874, 1875 and 1876; only the 1872 unit is recorded here."
CHI-POSTFIRE-CHI1872-072-A01,CHI-POSTFIRE-CHI1872-072,canonical_name,Bemis and McAvoy Brewery Addition,AND1886V3,high,true,Large addition to brewery proper made in 1871-72; phase endpoint is recorded as 1872 but exact month unknown.
CHI-POSTFIRE-CHI1872-072-A02,CHI-POSTFIRE-CHI1872-072,year_completed,1872,AND1886V3,high,true,Large addition to brewery proper made in 1871-72; phase endpoint is recorded as 1872 but exact month unknown.
CHI-POSTFIRE-CHI1872-072-A03,CHI-POSTFIRE-CHI1872-072,address_historical,South Park Avenue near Twenty-third Street,AND1886V3,high,true,Large addition to brewery proper made in 1871-72; phase endpoint is recorded as 1872 but exact month unknown.
CHI-POSTFIRE-CHI1872-072-A04,CHI-POSTFIRE-CHI1872-072,structural_system,masonry,AND1886V3,high,true,Large addition to brewery proper made in 1871-72; phase endpoint is recorded as 1872 but exact month unknown.
CHI-POSTFIRE-CHI1872-072-A05,CHI-POSTFIRE-CHI1872-072,construction_or_event_type,addition,AND1886V3,high,true,Large addition to brewery proper made in 1871-72; phase endpoint is recorded as 1872 but exact month unknown.
CHI-POSTFIRE-CHI1872-072-A06,CHI-POSTFIRE-CHI1872-072,predecessor_or_rebuild_of,Bemis and McAvoy brewery complex,AND1886V3,high,true,Large addition to brewery proper made in 1871-72; phase endpoint is recorded as 1872 but exact month unknown.
CHI-POSTFIRE-CHI1872-072-A07,CHI-POSTFIRE-CHI1872-072,postfire_code_context,Industrial expansion outside principal burned core.,AND1886V3,high,true,Large addition to brewery proper made in 1871-72; phase endpoint is recorded as 1872 but exact month unknown.
CHI-POSTFIRE-CHI1872-073-A01,CHI-POSTFIRE-CHI1872-073,canonical_name,Gottfried Brewery Ice House No. 1,AND1886V3,high,true,Built in 1872; a second ice house belongs to 1879 and later brewery reconstruction to 1884-85.
CHI-POSTFIRE-CHI1872-073-A02,CHI-POSTFIRE-CHI1872-073,year_completed,1872,AND1886V3,high,true,Built in 1872; a second ice house belongs to 1879 and later brewery reconstruction to 1884-85.
CHI-POSTFIRE-CHI1872-073-A03,CHI-POSTFIRE-CHI1872-073,address_historical,corner Archer and Stewart Avenues,AND1886V3,high,true,Built in 1872; a second ice house belongs to 1879 and later brewery reconstruction to 1884-85.
CHI-POSTFIRE-CHI1872-073-A04,CHI-POSTFIRE-CHI1872-073,construction_or_event_type,addition,AND1886V3,high,true,Built in 1872; a second ice house belongs to 1879 and later brewery reconstruction to 1884-85.
CHI-POSTFIRE-CHI1872-073-A05,CHI-POSTFIRE-CHI1872-073,predecessor_or_rebuild_of,Gottfried brewery complex,AND1886V3,high,true,Built in 1872; a second ice house belongs to 1879 and later brewery reconstruction to 1884-85.
CHI-POSTFIRE-CHI1872-073-A06,CHI-POSTFIRE-CHI1872-073,postfire_code_context,Industrial addition outside principal burned core.,AND1886V3,high,true,Built in 1872; a second ice house belongs to 1879 and later brewery reconstruction to 1884-85.
CHI-POSTFIRE-CHI1872-074-A01,CHI-POSTFIRE-CHI1872-074,canonical_name,Chicago Water Works Reconstruction,AND1886V3,high,false,"Machine shop reconstructed, engines returned to service, hydrants/meters repaired and iron roof installed during first post-fire year; treated as a complex phase."
CHI-POSTFIRE-CHI1872-074-A02,CHI-POSTFIRE-CHI1872-074,year_completed,1872,AND1886V3,high,false,"Machine shop reconstructed, engines returned to service, hydrants/meters repaired and iron roof installed during first post-fire year; treated as a complex phase."
CHI-POSTFIRE-CHI1872-074-A03,CHI-POSTFIRE-CHI1872-074,address_historical,Chicago Avenue pumping works,AND1886V3,high,false,"Machine shop reconstructed, engines returned to service, hydrants/meters repaired and iron roof installed during first post-fire year; treated as a complex phase."
CHI-POSTFIRE-CHI1872-074-A04,CHI-POSTFIRE-CHI1872-074,architect_or_builder,Chief Engineer DeWitt Cregier,AND1886V3,high,false,"Machine shop reconstructed, engines returned to service, hydrants/meters repaired and iron roof installed during first post-fire year; treated as a complex phase."
CHI-POSTFIRE-CHI1872-074-A05,CHI-POSTFIRE-CHI1872-074,structural_system,masonry shell repaired; iron roof substituted,AND1886V3,high,false,"Machine shop reconstructed, engines returned to service, hydrants/meters repaired and iron roof installed during first post-fire year; treated as a complex phase."
CHI-POSTFIRE-CHI1872-074-A06,CHI-POSTFIRE-CHI1872-074,construction_or_event_type,reconstruction,AND1886V3,high,false,"Machine shop reconstructed, engines returned to service, hydrants/meters repaired and iron roof installed during first post-fire year; treated as a complex phase."
CHI-POSTFIRE-CHI1872-074-A07,CHI-POSTFIRE-CHI1872-074,predecessor_or_rebuild_of,Chicago Water Works fire-damaged October 1871,AND1886V3,high,false,"Machine shop reconstructed, engines returned to service, hydrants/meters repaired and iron roof installed during first post-fire year; treated as a complex phase."
CHI-POSTFIRE-CHI1872-074-A08,CHI-POSTFIRE-CHI1872-074,postfire_code_context,"Iron roof replaced the combustible covering; Andreas reports total repair-related cost about $248,410 including system losses.",AND1886V3,high,false,"Machine shop reconstructed, engines returned to service, hydrants/meters repaired and iron roof installed during first post-fire year; treated as a complex phase."
CHI-POSTFIRE-CHI1872-075-A01,CHI-POSTFIRE-CHI1872-075,canonical_name,Second Chicago Lake Tunnel,AND1886V3,high,false,Contract work commenced July 12 1872 at shore end and October 2 at crib end; completion deadline July 1 1874.
CHI-POSTFIRE-CHI1872-075-A02,CHI-POSTFIRE-CHI1872-075,year_completed,1874,AND1886V3,high,false,Contract work commenced July 12 1872 at shore end and October 2 at crib end; completion deadline July 1 1874.
CHI-POSTFIRE-CHI1872-075-A03,CHI-POSTFIRE-CHI1872-075,address_historical,shore end at Chicago Water Works; lake crib; planned cross-city extension to Canal A,AND1886V3,high,false,Contract work commenced July 12 1872 at shore end and October 2 at crib end; completion deadline July 1 1874.
CHI-POSTFIRE-CHI1872-075-A04,CHI-POSTFIRE-CHI1872-075,architect_or_builder,DeWitt Cregier; Steel & McMahon contractors,AND1886V3,high,false,Contract work commenced July 12 1872 at shore end and October 2 at crib end; completion deadline July 1 1874.
CHI-POSTFIRE-CHI1872-075-A05,CHI-POSTFIRE-CHI1872-075,structural_system,subaqueous tunnel,AND1886V3,high,false,Contract work commenced July 12 1872 at shore end and October 2 at crib end; completion deadline July 1 1874.
CHI-POSTFIRE-CHI1872-075-A06,CHI-POSTFIRE-CHI1872-075,construction_or_event_type,construction_start,AND1886V3,high,false,Contract work commenced July 12 1872 at shore end and October 2 at crib end; completion deadline July 1 1874.
CHI-POSTFIRE-CHI1872-075-A07,CHI-POSTFIRE-CHI1872-075,postfire_code_context,Municipal water infrastructure; building-code context not applicable.,AND1886V3,high,false,Contract work commenced July 12 1872 at shore end and October 2 at crib end; completion deadline July 1 1874.
CHI-POSTFIRE-CHI1872-076-A01,CHI-POSTFIRE-CHI1872-076,canonical_name,Cregier Pumping Engine at Chicago Water Works,AND1886V3,high,false,"Completed and started November 27 1872 through a 36-inch main; engine and boilers cost $188,400."
CHI-POSTFIRE-CHI1872-076-A02,CHI-POSTFIRE-CHI1872-076,year_completed,1872,AND1886V3,high,false,"Completed and started November 27 1872 through a 36-inch main; engine and boilers cost $188,400."
CHI-POSTFIRE-CHI1872-076-A03,CHI-POSTFIRE-CHI1872-076,address_historical,Chicago Avenue pumping works,AND1886V3,high,false,"Completed and started November 27 1872 through a 36-inch main; engine and boilers cost $188,400."
CHI-POSTFIRE-CHI1872-076-A04,CHI-POSTFIRE-CHI1872-076,architect_or_builder,DeWitt Cregier; Knapp Fort Pitt Foundry Works,AND1886V3,high,false,"Completed and started November 27 1872 through a 36-inch main; engine and boilers cost $188,400."
CHI-POSTFIRE-CHI1872-076-A05,CHI-POSTFIRE-CHI1872-076,structural_system,70-inch steam cylinders; three boilers,AND1886V3,high,false,"Completed and started November 27 1872 through a 36-inch main; engine and boilers cost $188,400."
CHI-POSTFIRE-CHI1872-076-A06,CHI-POSTFIRE-CHI1872-076,construction_or_event_type,infrastructure_installation,AND1886V3,high,false,"Completed and started November 27 1872 through a 36-inch main; engine and boilers cost $188,400."
CHI-POSTFIRE-CHI1872-076-A07,CHI-POSTFIRE-CHI1872-076,predecessor_or_rebuild_of,Chicago Water Works mechanical plant,AND1886V3,high,false,"Completed and started November 27 1872 through a 36-inch main; engine and boilers cost $188,400."
CHI-POSTFIRE-CHI1872-076-A08,CHI-POSTFIRE-CHI1872-076,postfire_code_context,Post-fire capacity and resilience upgrade; building-code context not applicable.,AND1886V3,high,false,"Completed and started November 27 1872 through a 36-inch main; engine and boilers cost $188,400."
CHI-POSTFIRE-CHI1872-077-A01,CHI-POSTFIRE-CHI1872-077,canonical_name,State Street Viaduct Reconstruction,AND1886V3,high,false,One of three named viaducts repaired immediately and completed within one year of the fire.
CHI-POSTFIRE-CHI1872-077-A02,CHI-POSTFIRE-CHI1872-077,year_completed,1872,AND1886V3,high,false,One of three named viaducts repaired immediately and completed within one year of the fire.
CHI-POSTFIRE-CHI1872-077-A03,CHI-POSTFIRE-CHI1872-077,address_historical,State Street,AND1886V3,high,false,One of three named viaducts repaired immediately and completed within one year of the fire.
CHI-POSTFIRE-CHI1872-077-A04,CHI-POSTFIRE-CHI1872-077,construction_or_event_type,reconstruction,AND1886V3,high,false,One of three named viaducts repaired immediately and completed within one year of the fire.
CHI-POSTFIRE-CHI1872-077-A05,CHI-POSTFIRE-CHI1872-077,predecessor_or_rebuild_of,State Street viaduct rendered impassable in 1871 fire,AND1886V3,high,false,One of three named viaducts repaired immediately and completed within one year of the fire.
CHI-POSTFIRE-CHI1872-077-A06,CHI-POSTFIRE-CHI1872-077,postfire_code_context,Municipal infrastructure funded partly through Illinois canal-refund appropriation.,AND1886V3,high,false,One of three named viaducts repaired immediately and completed within one year of the fire.
CHI-POSTFIRE-CHI1872-078-A01,CHI-POSTFIRE-CHI1872-078,canonical_name,Clark Street Viaduct Reconstruction,AND1886V3,high,false,One of three named viaducts repaired immediately and completed within one year of the fire.
CHI-POSTFIRE-CHI1872-078-A02,CHI-POSTFIRE-CHI1872-078,year_completed,1872,AND1886V3,high,false,One of three named viaducts repaired immediately and completed within one year of the fire.
CHI-POSTFIRE-CHI1872-078-A03,CHI-POSTFIRE-CHI1872-078,address_historical,Clark Street,AND1886V3,high,false,One of three named viaducts repaired immediately and completed within one year of the fire.
CHI-POSTFIRE-CHI1872-078-A04,CHI-POSTFIRE-CHI1872-078,construction_or_event_type,reconstruction,AND1886V3,high,false,One of three named viaducts repaired immediately and completed within one year of the fire.
CHI-POSTFIRE-CHI1872-078-A05,CHI-POSTFIRE-CHI1872-078,predecessor_or_rebuild_of,Clark Street viaduct rendered impassable in 1871 fire,AND1886V3,high,false,One of three named viaducts repaired immediately and completed within one year of the fire.
CHI-POSTFIRE-CHI1872-078-A06,CHI-POSTFIRE-CHI1872-078,postfire_code_context,Municipal infrastructure funded partly through Illinois canal-refund appropriation.,AND1886V3,high,false,One of three named viaducts repaired immediately and completed within one year of the fire.
CHI-POSTFIRE-CHI1872-079-A01,CHI-POSTFIRE-CHI1872-079,canonical_name,Wells Street Viaduct Reconstruction,AND1886V3,high,false,One of three named viaducts repaired immediately and completed within one year of the fire.
CHI-POSTFIRE-CHI1872-079-A02,CHI-POSTFIRE-CHI1872-079,year_completed,1872,AND1886V3,high,false,One of three named viaducts repaired immediately and completed within one year of the fire.
CHI-POSTFIRE-CHI1872-079-A03,CHI-POSTFIRE-CHI1872-079,address_historical,Wells Street,AND1886V3,high,false,One of three named viaducts repaired immediately and completed within one year of the fire.
CHI-POSTFIRE-CHI1872-079-A04,CHI-POSTFIRE-CHI1872-079,construction_or_event_type,reconstruction,AND1886V3,high,false,One of three named viaducts repaired immediately and completed within one year of the fire.
CHI-POSTFIRE-CHI1872-079-A05,CHI-POSTFIRE-CHI1872-079,predecessor_or_rebuild_of,Wells Street viaduct rendered impassable in 1871 fire,AND1886V3,high,false,One of three named viaducts repaired immediately and completed within one year of the fire.
CHI-POSTFIRE-CHI1872-079-A06,CHI-POSTFIRE-CHI1872-079,postfire_code_context,Municipal infrastructure funded partly through Illinois canal-refund appropriation.,AND1886V3,high,false,One of three named viaducts repaired immediately and completed within one year of the fire.
CHI-POSTFIRE-CHI1872-080-A01,CHI-POSTFIRE-CHI1872-080,canonical_name,Rush Street Bridge Reconstruction,AND1886V3,high,false,One of eight named bridges repaired immediately and completed within one year of the fire.
CHI-POSTFIRE-CHI1872-080-A02,CHI-POSTFIRE-CHI1872-080,year_completed,1872,AND1886V3,high,false,One of eight named bridges repaired immediately and completed within one year of the fire.
CHI-POSTFIRE-CHI1872-080-A03,CHI-POSTFIRE-CHI1872-080,address_historical,Rush Street crossing Chicago River,AND1886V3,high,false,One of eight named bridges repaired immediately and completed within one year of the fire.
CHI-POSTFIRE-CHI1872-080-A04,CHI-POSTFIRE-CHI1872-080,construction_or_event_type,reconstruction,AND1886V3,high,false,One of eight named bridges repaired immediately and completed within one year of the fire.
CHI-POSTFIRE-CHI1872-080-A05,CHI-POSTFIRE-CHI1872-080,predecessor_or_rebuild_of,Rush Street bridge rendered impassable in 1871 fire,AND1886V3,high,false,One of eight named bridges repaired immediately and completed within one year of the fire.
CHI-POSTFIRE-CHI1872-080-A06,CHI-POSTFIRE-CHI1872-080,postfire_code_context,Municipal infrastructure funded partly through Illinois canal-refund appropriation.,AND1886V3,high,false,One of eight named bridges repaired immediately and completed within one year of the fire.
CHI-POSTFIRE-CHI1872-081-A01,CHI-POSTFIRE-CHI1872-081,canonical_name,State Street Bridge Reconstruction,AND1886V3,high,false,One of eight named bridges repaired immediately and completed within one year of the fire.
CHI-POSTFIRE-CHI1872-081-A02,CHI-POSTFIRE-CHI1872-081,year_completed,1872,AND1886V3,high,false,One of eight named bridges repaired immediately and completed within one year of the fire.
CHI-POSTFIRE-CHI1872-081-A03,CHI-POSTFIRE-CHI1872-081,address_historical,State Street crossing Chicago River,AND1886V3,high,false,One of eight named bridges repaired immediately and completed within one year of the fire.
CHI-POSTFIRE-CHI1872-081-A04,CHI-POSTFIRE-CHI1872-081,construction_or_event_type,reconstruction,AND1886V3,high,false,One of eight named bridges repaired immediately and completed within one year of the fire.
CHI-POSTFIRE-CHI1872-081-A05,CHI-POSTFIRE-CHI1872-081,predecessor_or_rebuild_of,State Street bridge rendered impassable in 1871 fire,AND1886V3,high,false,One of eight named bridges repaired immediately and completed within one year of the fire.
CHI-POSTFIRE-CHI1872-081-A06,CHI-POSTFIRE-CHI1872-081,postfire_code_context,Municipal infrastructure funded partly through Illinois canal-refund appropriation.,AND1886V3,high,false,One of eight named bridges repaired immediately and completed within one year of the fire.
CHI-POSTFIRE-CHI1872-082-A01,CHI-POSTFIRE-CHI1872-082,canonical_name,Clark Street Bridge Reconstruction,AND1886V3,high,false,One of eight named bridges repaired immediately and completed within one year of the fire.
CHI-POSTFIRE-CHI1872-082-A02,CHI-POSTFIRE-CHI1872-082,year_completed,1872,AND1886V3,high,false,One of eight named bridges repaired immediately and completed within one year of the fire.
CHI-POSTFIRE-CHI1872-082-A03,CHI-POSTFIRE-CHI1872-082,address_historical,Clark Street crossing Chicago River,AND1886V3,high,false,One of eight named bridges repaired immediately and completed within one year of the fire.
CHI-POSTFIRE-CHI1872-082-A04,CHI-POSTFIRE-CHI1872-082,construction_or_event_type,reconstruction,AND1886V3,high,false,One of eight named bridges repaired immediately and completed within one year of the fire.
CHI-POSTFIRE-CHI1872-082-A05,CHI-POSTFIRE-CHI1872-082,predecessor_or_rebuild_of,Clark Street bridge rendered impassable in 1871 fire,AND1886V3,high,false,One of eight named bridges repaired immediately and completed within one year of the fire.
CHI-POSTFIRE-CHI1872-082-A06,CHI-POSTFIRE-CHI1872-082,postfire_code_context,Municipal infrastructure funded partly through Illinois canal-refund appropriation.,AND1886V3,high,false,One of eight named bridges repaired immediately and completed within one year of the fire.
CHI-POSTFIRE-CHI1872-083-A01,CHI-POSTFIRE-CHI1872-083,canonical_name,Wells Street Bridge Reconstruction,AND1886V3,high,false,One of eight named bridges repaired immediately and completed within one year of the fire.
CHI-POSTFIRE-CHI1872-083-A02,CHI-POSTFIRE-CHI1872-083,year_completed,1872,AND1886V3,high,false,One of eight named bridges repaired immediately and completed within one year of the fire.
CHI-POSTFIRE-CHI1872-083-A03,CHI-POSTFIRE-CHI1872-083,address_historical,Wells Street crossing Chicago River,AND1886V3,high,false,One of eight named bridges repaired immediately and completed within one year of the fire.
CHI-POSTFIRE-CHI1872-083-A04,CHI-POSTFIRE-CHI1872-083,construction_or_event_type,reconstruction,AND1886V3,high,false,One of eight named bridges repaired immediately and completed within one year of the fire.
CHI-POSTFIRE-CHI1872-083-A05,CHI-POSTFIRE-CHI1872-083,predecessor_or_rebuild_of,Wells Street bridge rendered impassable in 1871 fire,AND1886V3,high,false,One of eight named bridges repaired immediately and completed within one year of the fire.
CHI-POSTFIRE-CHI1872-083-A06,CHI-POSTFIRE-CHI1872-083,postfire_code_context,Municipal infrastructure funded partly through Illinois canal-refund appropriation.,AND1886V3,high,false,One of eight named bridges repaired immediately and completed within one year of the fire.
CHI-POSTFIRE-CHI1872-084-A01,CHI-POSTFIRE-CHI1872-084,canonical_name,Chicago Avenue Bridge Reconstruction,AND1886V3,high,false,One of eight named bridges repaired immediately and completed within one year of the fire.
CHI-POSTFIRE-CHI1872-084-A02,CHI-POSTFIRE-CHI1872-084,year_completed,1872,AND1886V3,high,false,One of eight named bridges repaired immediately and completed within one year of the fire.
CHI-POSTFIRE-CHI1872-084-A03,CHI-POSTFIRE-CHI1872-084,address_historical,Chicago Avenue crossing North Branch,AND1886V3,high,false,One of eight named bridges repaired immediately and completed within one year of the fire.
CHI-POSTFIRE-CHI1872-084-A04,CHI-POSTFIRE-CHI1872-084,construction_or_event_type,reconstruction,AND1886V3,high,false,One of eight named bridges repaired immediately and completed within one year of the fire.
CHI-POSTFIRE-CHI1872-084-A05,CHI-POSTFIRE-CHI1872-084,predecessor_or_rebuild_of,Chicago Avenue bridge rendered impassable in 1871 fire,AND1886V3,high,false,One of eight named bridges repaired immediately and completed within one year of the fire.
CHI-POSTFIRE-CHI1872-084-A06,CHI-POSTFIRE-CHI1872-084,postfire_code_context,Municipal infrastructure funded partly through Illinois canal-refund appropriation.,AND1886V3,high,false,One of eight named bridges repaired immediately and completed within one year of the fire.
CHI-POSTFIRE-CHI1872-085-A01,CHI-POSTFIRE-CHI1872-085,canonical_name,Adams Street Bridge Reconstruction,AND1886V3,high,false,One of eight named bridges repaired immediately and completed within one year of the fire.
CHI-POSTFIRE-CHI1872-085-A02,CHI-POSTFIRE-CHI1872-085,year_completed,1872,AND1886V3,high,false,One of eight named bridges repaired immediately and completed within one year of the fire.
CHI-POSTFIRE-CHI1872-085-A03,CHI-POSTFIRE-CHI1872-085,address_historical,Adams Street crossing South Branch,AND1886V3,high,false,One of eight named bridges repaired immediately and completed within one year of the fire.
CHI-POSTFIRE-CHI1872-085-A04,CHI-POSTFIRE-CHI1872-085,construction_or_event_type,reconstruction,AND1886V3,high,false,One of eight named bridges repaired immediately and completed within one year of the fire.
CHI-POSTFIRE-CHI1872-085-A05,CHI-POSTFIRE-CHI1872-085,predecessor_or_rebuild_of,Adams Street bridge rendered impassable in 1871 fire,AND1886V3,high,false,One of eight named bridges repaired immediately and completed within one year of the fire.
CHI-POSTFIRE-CHI1872-085-A06,CHI-POSTFIRE-CHI1872-085,postfire_code_context,Municipal infrastructure funded partly through Illinois canal-refund appropriation.,AND1886V3,high,false,One of eight named bridges repaired immediately and completed within one year of the fire.
CHI-POSTFIRE-CHI1872-086-A01,CHI-POSTFIRE-CHI1872-086,canonical_name,Van Buren Street Bridge Reconstruction,AND1886V3,high,false,One of eight named bridges repaired immediately and completed within one year of the fire.
CHI-POSTFIRE-CHI1872-086-A02,CHI-POSTFIRE-CHI1872-086,year_completed,1872,AND1886V3,high,false,One of eight named bridges repaired immediately and completed within one year of the fire.
CHI-POSTFIRE-CHI1872-086-A03,CHI-POSTFIRE-CHI1872-086,address_historical,Van Buren Street crossing South Branch,AND1886V3,high,false,One of eight named bridges repaired immediately and completed within one year of the fire.
CHI-POSTFIRE-CHI1872-086-A04,CHI-POSTFIRE-CHI1872-086,construction_or_event_type,reconstruction,AND1886V3,high,false,One of eight named bridges repaired immediately and completed within one year of the fire.
CHI-POSTFIRE-CHI1872-086-A05,CHI-POSTFIRE-CHI1872-086,predecessor_or_rebuild_of,Van Buren Street bridge rendered impassable in 1871 fire,AND1886V3,high,false,One of eight named bridges repaired immediately and completed within one year of the fire.
CHI-POSTFIRE-CHI1872-086-A06,CHI-POSTFIRE-CHI1872-086,postfire_code_context,Municipal infrastructure funded partly through Illinois canal-refund appropriation.,AND1886V3,high,false,One of eight named bridges repaired immediately and completed within one year of the fire.
CHI-POSTFIRE-CHI1872-087-A01,CHI-POSTFIRE-CHI1872-087,canonical_name,Polk Street Bridge Reconstruction,AND1886V3,high,false,One of eight named bridges repaired immediately and completed within one year of the fire.
CHI-POSTFIRE-CHI1872-087-A02,CHI-POSTFIRE-CHI1872-087,year_completed,1872,AND1886V3,high,false,One of eight named bridges repaired immediately and completed within one year of the fire.
CHI-POSTFIRE-CHI1872-087-A03,CHI-POSTFIRE-CHI1872-087,address_historical,Polk Street crossing South Branch,AND1886V3,high,false,One of eight named bridges repaired immediately and completed within one year of the fire.
CHI-POSTFIRE-CHI1872-087-A04,CHI-POSTFIRE-CHI1872-087,construction_or_event_type,reconstruction,AND1886V3,high,false,One of eight named bridges repaired immediately and completed within one year of the fire.
CHI-POSTFIRE-CHI1872-087-A05,CHI-POSTFIRE-CHI1872-087,predecessor_or_rebuild_of,Polk Street bridge rendered impassable in 1871 fire,AND1886V3,high,false,One of eight named bridges repaired immediately and completed within one year of the fire.
CHI-POSTFIRE-CHI1872-087-A06,CHI-POSTFIRE-CHI1872-087,postfire_code_context,Municipal infrastructure funded partly through Illinois canal-refund appropriation.,AND1886V3,high,false,One of eight named bridges repaired immediately and completed within one year of the fire.
CHI-POSTFIRE-CHI1872-088-A01,CHI-POSTFIRE-CHI1872-088,canonical_name,Aiken's Theatre II,AND1886V3,medium,true,Opened October 7 1872 with a series of concerts; Andreas supports opening but fuller building description requires theater-history follow-up.
CHI-POSTFIRE-CHI1872-088-A02,CHI-POSTFIRE-CHI1872-088,year_completed,1872,AND1886V3,medium,true,Opened October 7 1872 with a series of concerts; Andreas supports opening but fuller building description requires theater-history follow-up.
CHI-POSTFIRE-CHI1872-088-A03,CHI-POSTFIRE-CHI1872-088,construction_or_event_type,new_construction,AND1886V3,medium,true,Opened October 7 1872 with a series of concerts; Andreas supports opening but fuller building description requires theater-history follow-up.
CHI-POSTFIRE-CHI1872-088-A04,CHI-POSTFIRE-CHI1872-088,predecessor_or_rebuild_of,Aiken's Theatre lost in 1871 fire,AND1886V3,medium,true,Opened October 7 1872 with a series of concerts; Andreas supports opening but fuller building description requires theater-history follow-up.
CHI-POSTFIRE-CHI1872-088-A05,CHI-POSTFIRE-CHI1872-088,postfire_code_context,Entertainment replacement after the fire; address and construction material unresolved.,AND1886V3,medium,true,Opened October 7 1872 with a series of concerts; Andreas supports opening but fuller building description requires theater-history follow-up.
CHI-POSTFIRE-CHI1872-089-A01,CHI-POSTFIRE-CHI1872-089,canonical_name,Central European Hotel II,AND1886V3,medium,true,Andreas OCR says the temporary shanty was replaced 'next year' by the present brick structure; interpreted as 1872 but flagged for scan verification.
CHI-POSTFIRE-CHI1872-089-A02,CHI-POSTFIRE-CHI1872-089,year_completed,1872,AND1886V3,medium,true,Andreas OCR says the temporary shanty was replaced 'next year' by the present brick structure; interpreted as 1872 but flagged for scan verification.
CHI-POSTFIRE-CHI1872-089-A03,CHI-POSTFIRE-CHI1872-089,address_historical,East Water Street,AND1886V3,medium,true,Andreas OCR says the temporary shanty was replaced 'next year' by the present brick structure; interpreted as 1872 but flagged for scan verification.
CHI-POSTFIRE-CHI1872-089-A04,CHI-POSTFIRE-CHI1872-089,structural_system,brick masonry,AND1886V3,medium,true,Andreas OCR says the temporary shanty was replaced 'next year' by the present brick structure; interpreted as 1872 but flagged for scan verification.
CHI-POSTFIRE-CHI1872-089-A05,CHI-POSTFIRE-CHI1872-089,construction_or_event_type,reconstruction,AND1886V3,medium,true,Andreas OCR says the temporary shanty was replaced 'next year' by the present brick structure; interpreted as 1872 but flagged for scan verification.
CHI-POSTFIRE-CHI1872-089-A06,CHI-POSTFIRE-CHI1872-089,predecessor_or_rebuild_of,Central European Hotel destroyed in 1871 fire; temporary frame shanty,AND1886V3,medium,true,Andreas OCR says the temporary shanty was replaced 'next year' by the present brick structure; interpreted as 1872 but flagged for scan verification.
CHI-POSTFIRE-CHI1872-089-A07,CHI-POSTFIRE-CHI1872-089,postfire_code_context,Brick replacement following an immediate temporary frame shanty; fire-limit status requires historic parcel review.,AND1886V3,medium,true,Andreas OCR says the temporary shanty was replaced 'next year' by the present brick structure; interpreted as 1872 but flagged for scan verification.
CHI-POSTFIRE-CHI1873-001-A01,CHI-POSTFIRE-CHI1873-001,canonical_name,Reaper Block,AND1886V3;CHAMBERLIN1874;CHICAGOLOGY_REAPER,high,false,Andreas and Chamberlin list it among 1873 completions; contemporary 1872 evidence shows construction underway. It had about 90 feet on Clark and 75 on Washington before later vertical enlargement.
CHI-POSTFIRE-CHI1873-001-A02,CHI-POSTFIRE-CHI1873-001,year_completed,1873,AND1886V3;CHAMBERLIN1874;CHICAGOLOGY_REAPER,high,false,Andreas and Chamberlin list it among 1873 completions; contemporary 1872 evidence shows construction underway. It had about 90 feet on Clark and 75 on Washington before later vertical enlargement.
CHI-POSTFIRE-CHI1873-001-A03,CHI-POSTFIRE-CHI1873-001,address_historical,northeast corner Clark and Washington Streets,AND1886V3;CHAMBERLIN1874;CHICAGOLOGY_REAPER,high,false,Andreas and Chamberlin list it among 1873 completions; contemporary 1872 evidence shows construction underway. It had about 90 feet on Clark and 75 on Washington before later vertical enlargement.
CHI-POSTFIRE-CHI1873-001-A04,CHI-POSTFIRE-CHI1873-001,architect_or_builder,John M. Van Osdel,AND1886V3;CHAMBERLIN1874;CHICAGOLOGY_REAPER,high,false,Andreas and Chamberlin list it among 1873 completions; contemporary 1872 evidence shows construction underway. It had about 90 feet on Clark and 75 on Washington before later vertical enlargement.
CHI-POSTFIRE-CHI1873-001-A05,CHI-POSTFIRE-CHI1873-001,structural_system,stone-front masonry,AND1886V3;CHAMBERLIN1874;CHICAGOLOGY_REAPER,high,false,Andreas and Chamberlin list it among 1873 completions; contemporary 1872 evidence shows construction underway. It had about 90 feet on Clark and 75 on Washington before later vertical enlargement.
CHI-POSTFIRE-CHI1873-001-A06,CHI-POSTFIRE-CHI1873-001,construction_or_event_type,reconstruction,AND1886V3;CHAMBERLIN1874;CHICAGOLOGY_REAPER,high,false,Andreas and Chamberlin list it among 1873 completions; contemporary 1872 evidence shows construction underway. It had about 90 feet on Clark and 75 on Washington before later vertical enlargement.
CHI-POSTFIRE-CHI1873-001-A07,CHI-POSTFIRE-CHI1873-001,predecessor_or_rebuild_of,Larmon Block site,AND1886V3;CHAMBERLIN1874;CHICAGOLOGY_REAPER,high,false,Andreas and Chamberlin list it among 1873 completions; contemporary 1872 evidence shows construction underway. It had about 90 feet on Clark and 75 on Washington before later vertical enlargement.
CHI-POSTFIRE-CHI1873-001-A08,CHI-POSTFIRE-CHI1873-001,postfire_code_context,Permanent masonry rebuilding in the burned civic core; later sources calling the building fireproof are not treated as proof of complete fire resistance.,AND1886V3;CHAMBERLIN1874;CHICAGOLOGY_REAPER,high,false,Andreas and Chamberlin list it among 1873 completions; contemporary 1872 evidence shows construction underway. It had about 90 feet on Clark and 75 on Washington before later vertical enlargement.
CHI-POSTFIRE-CHI1873-001-A09,CHI-POSTFIRE-CHI1873-001,year_demolished,1957,AND1886V3;CHAMBERLIN1874;CHICAGOLOGY_REAPER,high,false,Andreas and Chamberlin list it among 1873 completions; contemporary 1872 evidence shows construction underway. It had about 90 feet on Clark and 75 on Washington before later vertical enlargement.
CHI-POSTFIRE-CHI1873-002-A01,CHI-POSTFIRE-CHI1873-002,canonical_name,Lakeside Building,AND1886V3;CHICAGOLAKESIDE,high,false,"Andreas lists completion in 1873. Contemporary 1872 notices transcribed by Chicagology document active rebuilding, dimensions, material, architect attribution, and owner; a 1873 directory confirms occupancy."
CHI-POSTFIRE-CHI1873-002-A02,CHI-POSTFIRE-CHI1873-002,year_completed,1873,AND1886V3;CHICAGOLAKESIDE,high,false,"Andreas lists completion in 1873. Contemporary 1872 notices transcribed by Chicagology document active rebuilding, dimensions, material, architect attribution, and owner; a 1873 directory confirms occupancy."
CHI-POSTFIRE-CHI1873-002-A03,CHI-POSTFIRE-CHI1873-002,address_historical,southwest corner Clark and Adams Streets,AND1886V3;CHICAGOLAKESIDE,high,false,"Andreas lists completion in 1873. Contemporary 1872 notices transcribed by Chicagology document active rebuilding, dimensions, material, architect attribution, and owner; a 1873 directory confirms occupancy."
CHI-POSTFIRE-CHI1873-002-A04,CHI-POSTFIRE-CHI1873-002,architect_or_builder,Cass Chapman,AND1886V3;CHICAGOLAKESIDE,high,false,"Andreas lists completion in 1873. Contemporary 1872 notices transcribed by Chicagology document active rebuilding, dimensions, material, architect attribution, and owner; a 1873 directory confirms occupancy."
CHI-POSTFIRE-CHI1873-002-A05,CHI-POSTFIRE-CHI1873-002,structural_system,Cleveland sandstone exterior; six stories and basement,AND1886V3;CHICAGOLAKESIDE,high,false,"Andreas lists completion in 1873. Contemporary 1872 notices transcribed by Chicagology document active rebuilding, dimensions, material, architect attribution, and owner; a 1873 directory confirms occupancy."
CHI-POSTFIRE-CHI1873-002-A06,CHI-POSTFIRE-CHI1873-002,construction_or_event_type,reconstruction,AND1886V3;CHICAGOLAKESIDE,high,false,"Andreas lists completion in 1873. Contemporary 1872 notices transcribed by Chicagology document active rebuilding, dimensions, material, architect attribution, and owner; a 1873 directory confirms occupancy."
CHI-POSTFIRE-CHI1873-002-A07,CHI-POSTFIRE-CHI1873-002,predecessor_or_rebuild_of,pre-fire Lakeside Building on same site,AND1886V3;CHICAGOLAKESIDE,high,false,"Andreas lists completion in 1873. Contemporary 1872 notices transcribed by Chicagology document active rebuilding, dimensions, material, architect attribution, and owner; a 1873 directory confirms occupancy."
CHI-POSTFIRE-CHI1873-002-A08,CHI-POSTFIRE-CHI1873-002,postfire_code_context,Rebuilt with an explicit contemporary fireproof objective; Andreas identifies it as a Gothic-revival post-fire building.,AND1886V3;CHICAGOLAKESIDE,high,false,"Andreas lists completion in 1873. Contemporary 1872 notices transcribed by Chicagology document active rebuilding, dimensions, material, architect attribution, and owner; a 1873 directory confirms occupancy."
CHI-POSTFIRE-CHI1873-002-A09,CHI-POSTFIRE-CHI1873-002,year_demolished,1926,AND1886V3;CHICAGOLAKESIDE,high,false,"Andreas lists completion in 1873. Contemporary 1872 notices transcribed by Chicagology document active rebuilding, dimensions, material, architect attribution, and owner; a 1873 directory confirms occupancy."
CHI-POSTFIRE-CHI1873-003-A01,CHI-POSTFIRE-CHI1873-003,canonical_name,Chicago Times Building,AND1886V3;CHAMBERLIN1874;CHICAGOLOGY_TIMES,high,false,Andreas and Chamberlin list it among 1873 completions; an October 1872 contemporary construction account identifies the architect and corner location.
CHI-POSTFIRE-CHI1873-003-A02,CHI-POSTFIRE-CHI1873-003,year_completed,1873,AND1886V3;CHAMBERLIN1874;CHICAGOLOGY_TIMES,high,false,Andreas and Chamberlin list it among 1873 completions; an October 1872 contemporary construction account identifies the architect and corner location.
CHI-POSTFIRE-CHI1873-003-A03,CHI-POSTFIRE-CHI1873-003,address_historical,corner Washington Street and Fifth Avenue,AND1886V3;CHAMBERLIN1874;CHICAGOLOGY_TIMES,high,false,Andreas and Chamberlin list it among 1873 completions; an October 1872 contemporary construction account identifies the architect and corner location.
CHI-POSTFIRE-CHI1873-003-A04,CHI-POSTFIRE-CHI1873-003,architect_or_builder,James H. Willett,AND1886V3;CHAMBERLIN1874;CHICAGOLOGY_TIMES,high,false,Andreas and Chamberlin list it among 1873 completions; an October 1872 contemporary construction account identifies the architect and corner location.
CHI-POSTFIRE-CHI1873-003-A05,CHI-POSTFIRE-CHI1873-003,structural_system,masonry newspaper building,AND1886V3;CHAMBERLIN1874;CHICAGOLOGY_TIMES,high,false,Andreas and Chamberlin list it among 1873 completions; an October 1872 contemporary construction account identifies the architect and corner location.
CHI-POSTFIRE-CHI1873-003-A06,CHI-POSTFIRE-CHI1873-003,construction_or_event_type,reconstruction,AND1886V3;CHAMBERLIN1874;CHICAGOLOGY_TIMES,high,false,Andreas and Chamberlin list it among 1873 completions; an October 1872 contemporary construction account identifies the architect and corner location.
CHI-POSTFIRE-CHI1873-003-A07,CHI-POSTFIRE-CHI1873-003,predecessor_or_rebuild_of,pre-fire Times facilities,AND1886V3;CHAMBERLIN1874;CHICAGOLOGY_TIMES,high,false,Andreas and Chamberlin list it among 1873 completions; an October 1872 contemporary construction account identifies the architect and corner location.
CHI-POSTFIRE-CHI1873-003-A08,CHI-POSTFIRE-CHI1873-003,postfire_code_context,Andreas presents it as an illustration of efforts toward fire-resistant post-fire construction; the claim is not upgraded to modern fireproof status.,AND1886V3;CHAMBERLIN1874;CHICAGOLOGY_TIMES,high,false,Andreas and Chamberlin list it among 1873 completions; an October 1872 contemporary construction account identifies the architect and corner location.
CHI-POSTFIRE-CHI1873-004-A01,CHI-POSTFIRE-CHI1873-004,canonical_name,Busby and Stuart Building,AND1886V3,medium,true,Andreas lists it among prominent 1873 completions and explicitly identifies the old Crosby Opera House site.
CHI-POSTFIRE-CHI1873-004-A02,CHI-POSTFIRE-CHI1873-004,year_completed,1873,AND1886V3,medium,true,Andreas lists it among prominent 1873 completions and explicitly identifies the old Crosby Opera House site.
CHI-POSTFIRE-CHI1873-004-A03,CHI-POSTFIRE-CHI1873-004,address_historical,Crosby's Opera House site; Washington Street between State and Dearborn Streets,AND1886V3,medium,true,Andreas lists it among prominent 1873 completions and explicitly identifies the old Crosby Opera House site.
CHI-POSTFIRE-CHI1873-004-A04,CHI-POSTFIRE-CHI1873-004,construction_or_event_type,reconstruction,AND1886V3,medium,true,Andreas lists it among prominent 1873 completions and explicitly identifies the old Crosby Opera House site.
CHI-POSTFIRE-CHI1873-004-A05,CHI-POSTFIRE-CHI1873-004,predecessor_or_rebuild_of,Crosby's Opera House site,AND1886V3,medium,true,Andreas lists it among prominent 1873 completions and explicitly identifies the old Crosby Opera House site.
CHI-POSTFIRE-CHI1873-004-A06,CHI-POSTFIRE-CHI1873-004,postfire_code_context,Permanent commercial rebuilding in the burned district; no direct code-compliance statement located.,AND1886V3,medium,true,Andreas lists it among prominent 1873 completions and explicitly identifies the old Crosby Opera House site.
CHI-POSTFIRE-CHI1873-005-A01,CHI-POSTFIRE-CHI1873-005,canonical_name,St. James Hotel,AND1886V3,medium,true,Named by Andreas among prominent edifices completed in 1873; the hotel-history chapter was insufficiently specific on address and fabric.
CHI-POSTFIRE-CHI1873-005-A02,CHI-POSTFIRE-CHI1873-005,year_completed,1873,AND1886V3,medium,true,Named by Andreas among prominent edifices completed in 1873; the hotel-history chapter was insufficiently specific on address and fabric.
CHI-POSTFIRE-CHI1873-005-A03,CHI-POSTFIRE-CHI1873-005,construction_or_event_type,reconstruction,AND1886V3,medium,true,Named by Andreas among prominent edifices completed in 1873; the hotel-history chapter was insufficiently specific on address and fabric.
CHI-POSTFIRE-CHI1873-005-A04,CHI-POSTFIRE-CHI1873-005,predecessor_or_rebuild_of,pre-fire St. James Hotel,AND1886V3,medium,true,Named by Andreas among prominent edifices completed in 1873; the hotel-history chapter was insufficiently specific on address and fabric.
CHI-POSTFIRE-CHI1873-005-A05,CHI-POSTFIRE-CHI1873-005,postfire_code_context,Permanent hotel rebuilding in the burned commercial core; direct ordinance compliance not established.,AND1886V3,medium,true,Named by Andreas among prominent edifices completed in 1873; the hotel-history chapter was insufficiently specific on address and fabric.
CHI-POSTFIRE-CHI1873-006-A01,CHI-POSTFIRE-CHI1873-006,canonical_name,Tremont House IV,AND1886V3,high,false,"Completed two years after the fire and opened in 1873; nearly 50,000 square feet of ground and over 500 feet of frontage; contemporary cost summarized as about $500,000 in Andreas's architecture chapter."
CHI-POSTFIRE-CHI1873-006-A02,CHI-POSTFIRE-CHI1873-006,year_completed,1873,AND1886V3,high,false,"Completed two years after the fire and opened in 1873; nearly 50,000 square feet of ground and over 500 feet of frontage; contemporary cost summarized as about $500,000 in Andreas's architecture chapter."
CHI-POSTFIRE-CHI1873-006-A03,CHI-POSTFIRE-CHI1873-006,address_historical,Lake and Dearborn Streets,AND1886V3,high,false,"Completed two years after the fire and opened in 1873; nearly 50,000 square feet of ground and over 500 feet of frontage; contemporary cost summarized as about $500,000 in Andreas's architecture chapter."
CHI-POSTFIRE-CHI1873-006-A04,CHI-POSTFIRE-CHI1873-006,architect_or_builder,J. M. Van Osdel,AND1886V3,high,false,"Completed two years after the fire and opened in 1873; nearly 50,000 square feet of ground and over 500 feet of frontage; contemporary cost summarized as about $500,000 in Andreas's architecture chapter."
CHI-POSTFIRE-CHI1873-006-A05,CHI-POSTFIRE-CHI1873-006,structural_system,Amherst sandstone front; French Renaissance,AND1886V3,high,false,"Completed two years after the fire and opened in 1873; nearly 50,000 square feet of ground and over 500 feet of frontage; contemporary cost summarized as about $500,000 in Andreas's architecture chapter."
CHI-POSTFIRE-CHI1873-006-A06,CHI-POSTFIRE-CHI1873-006,construction_or_event_type,reconstruction,AND1886V3,high,false,"Completed two years after the fire and opened in 1873; nearly 50,000 square feet of ground and over 500 feet of frontage; contemporary cost summarized as about $500,000 in Andreas's architecture chapter."
CHI-POSTFIRE-CHI1873-006-A07,CHI-POSTFIRE-CHI1873-006,predecessor_or_rebuild_of,Tremont House III destroyed in 1871 fire,AND1886V3,high,false,"Completed two years after the fire and opened in 1873; nearly 50,000 square feet of ground and over 500 feet of frontage; contemporary cost summarized as about $500,000 in Andreas's architecture chapter."
CHI-POSTFIRE-CHI1873-006-A08,CHI-POSTFIRE-CHI1873-006,postfire_code_context,Substantial stone-front replacement in the fire district; source does not equate material with complete fireproofing.,AND1886V3,high,false,"Completed two years after the fire and opened in 1873; nearly 50,000 square feet of ground and over 500 feet of frontage; contemporary cost summarized as about $500,000 in Andreas's architecture chapter."
CHI-POSTFIRE-CHI1873-007-A01,CHI-POSTFIRE-CHI1873-007,canonical_name,Sherman House III,AND1886V3,high,false,"Opened May 1, 1873; approximately 300 rooms and capacity for 500 guests. Andreas's architecture summary gives a cost of about $650,000."
CHI-POSTFIRE-CHI1873-007-A02,CHI-POSTFIRE-CHI1873-007,year_completed,1873,AND1886V3,high,false,"Opened May 1, 1873; approximately 300 rooms and capacity for 500 guests. Andreas's architecture summary gives a cost of about $650,000."
CHI-POSTFIRE-CHI1873-007-A03,CHI-POSTFIRE-CHI1873-007,address_historical,northwest corner Clark and Randolph Streets,AND1886V3,high,false,"Opened May 1, 1873; approximately 300 rooms and capacity for 500 guests. Andreas's architecture summary gives a cost of about $650,000."
CHI-POSTFIRE-CHI1873-007-A04,CHI-POSTFIRE-CHI1873-007,architect_or_builder,Charles W. Cregar,AND1886V3,high,false,"Opened May 1, 1873; approximately 300 rooms and capacity for 500 guests. Andreas's architecture summary gives a cost of about $650,000."
CHI-POSTFIRE-CHI1873-007-A05,CHI-POSTFIRE-CHI1873-007,structural_system,stone fronts on Clark and Randolph,AND1886V3,high,false,"Opened May 1, 1873; approximately 300 rooms and capacity for 500 guests. Andreas's architecture summary gives a cost of about $650,000."
CHI-POSTFIRE-CHI1873-007-A06,CHI-POSTFIRE-CHI1873-007,construction_or_event_type,reconstruction,AND1886V3,high,false,"Opened May 1, 1873; approximately 300 rooms and capacity for 500 guests. Andreas's architecture summary gives a cost of about $650,000."
CHI-POSTFIRE-CHI1873-007-A07,CHI-POSTFIRE-CHI1873-007,predecessor_or_rebuild_of,Sherman House II destroyed in 1871 fire,AND1886V3,high,false,"Opened May 1, 1873; approximately 300 rooms and capacity for 500 guests. Andreas's architecture summary gives a cost of about $650,000."
CHI-POSTFIRE-CHI1873-007-A08,CHI-POSTFIRE-CHI1873-007,postfire_code_context,Masonry replacement in the post-fire business district; no direct ordinance-compliance statement located.,AND1886V3,high,false,"Opened May 1, 1873; approximately 300 rooms and capacity for 500 guests. Andreas's architecture summary gives a cost of about $650,000."
CHI-POSTFIRE-CHI1873-008-A01,CHI-POSTFIRE-CHI1873-008,canonical_name,Grand Pacific Hotel II,AND1886V3,high,false,Completed and opened in June 1873. Andreas reports a cost near $1 million in its architecture list and describes the reconstruction as guided operationally by John A. Rice.
CHI-POSTFIRE-CHI1873-008-A02,CHI-POSTFIRE-CHI1873-008,year_completed,1873,AND1886V3,high,false,Completed and opened in June 1873. Andreas reports a cost near $1 million in its architecture list and describes the reconstruction as guided operationally by John A. Rice.
CHI-POSTFIRE-CHI1873-008-A03,CHI-POSTFIRE-CHI1873-008,address_historical,"block bounded Jackson, Quincy, LaSalle and Clark Streets",AND1886V3,high,false,Completed and opened in June 1873. Andreas reports a cost near $1 million in its architecture list and describes the reconstruction as guided operationally by John A. Rice.
CHI-POSTFIRE-CHI1873-008-A04,CHI-POSTFIRE-CHI1873-008,architect_or_builder,W. W. Boyington; John A. Rice (operational guidance),AND1886V3,high,false,Completed and opened in June 1873. Andreas reports a cost near $1 million in its architecture list and describes the reconstruction as guided operationally by John A. Rice.
CHI-POSTFIRE-CHI1873-008-A05,CHI-POSTFIRE-CHI1873-008,structural_system,masonry hotel,AND1886V3,high,false,Completed and opened in June 1873. Andreas reports a cost near $1 million in its architecture list and describes the reconstruction as guided operationally by John A. Rice.
CHI-POSTFIRE-CHI1873-008-A06,CHI-POSTFIRE-CHI1873-008,construction_or_event_type,reconstruction,AND1886V3,high,false,Completed and opened in June 1873. Andreas reports a cost near $1 million in its architecture list and describes the reconstruction as guided operationally by John A. Rice.
CHI-POSTFIRE-CHI1873-008-A07,CHI-POSTFIRE-CHI1873-008,predecessor_or_rebuild_of,Grand Pacific Hotel I destroyed in 1871 fire,AND1886V3,high,false,Completed and opened in June 1873. Andreas reports a cost near $1 million in its architecture list and describes the reconstruction as guided operationally by John A. Rice.
CHI-POSTFIRE-CHI1873-008-A08,CHI-POSTFIRE-CHI1873-008,postfire_code_context,"Rebuilding began with urgency before plans were complete; the replacement was larger and costlier, but the source warns that 'fireproof' remained an unsettled claim.",AND1886V3,high,false,Completed and opened in June 1873. Andreas reports a cost near $1 million in its architecture list and describes the reconstruction as guided operationally by John A. Rice.
CHI-POSTFIRE-CHI1873-009-A01,CHI-POSTFIRE-CHI1873-009,canonical_name,Palmer House II,AND1886V3,high,false,"Opened in late fall 1873. Andreas reports 76,550 square feet of ground coverage and estimated building cost of about $2 million, plus furnishings; later enlargements must not be attributed to the 1873 phase."
CHI-POSTFIRE-CHI1873-009-A02,CHI-POSTFIRE-CHI1873-009,year_completed,1873,AND1886V3,high,false,"Opened in late fall 1873. Andreas reports 76,550 square feet of ground coverage and estimated building cost of about $2 million, plus furnishings; later enlargements must not be attributed to the 1873 phase."
CHI-POSTFIRE-CHI1873-009-A03,CHI-POSTFIRE-CHI1873-009,address_historical,State Street frontage between Monroe and Quincy; extending toward Wabash Avenue,AND1886V3,high,false,"Opened in late fall 1873. Andreas reports 76,550 square feet of ground coverage and estimated building cost of about $2 million, plus furnishings; later enlargements must not be attributed to the 1873 phase."
CHI-POSTFIRE-CHI1873-009-A04,CHI-POSTFIRE-CHI1873-009,architect_or_builder,John M. Van Osdel,AND1886V3,high,false,"Opened in late fall 1873. Andreas reports 76,550 square feet of ground coverage and estimated building cost of about $2 million, plus furnishings; later enlargements must not be attributed to the 1873 phase."
CHI-POSTFIRE-CHI1873-009-A05,CHI-POSTFIRE-CHI1873-009,structural_system,masonry hotel,AND1886V3,high,false,"Opened in late fall 1873. Andreas reports 76,550 square feet of ground coverage and estimated building cost of about $2 million, plus furnishings; later enlargements must not be attributed to the 1873 phase."
CHI-POSTFIRE-CHI1873-009-A06,CHI-POSTFIRE-CHI1873-009,construction_or_event_type,reconstruction,AND1886V3,high,false,"Opened in late fall 1873. Andreas reports 76,550 square feet of ground coverage and estimated building cost of about $2 million, plus furnishings; later enlargements must not be attributed to the 1873 phase."
CHI-POSTFIRE-CHI1873-009-A07,CHI-POSTFIRE-CHI1873-009,predecessor_or_rebuild_of,Palmer House I and foundations surviving the 1871 fire,AND1886V3,high,false,"Opened in late fall 1873. Andreas reports 76,550 square feet of ground coverage and estimated building cost of about $2 million, plus furnishings; later enlargements must not be attributed to the 1873 phase."
CHI-POSTFIRE-CHI1873-009-A08,CHI-POSTFIRE-CHI1873-009,postfire_code_context,"Andreas treats it as a leading effort to make the new city fire resistant, while explicitly noting that a generally accepted definition of fireproof construction did not yet exist.",AND1886V3,high,false,"Opened in late fall 1873. Andreas reports 76,550 square feet of ground coverage and estimated building cost of about $2 million, plus furnishings; later enlargements must not be attributed to the 1873 phase."
CHI-POSTFIRE-CHI1873-010-A01,CHI-POSTFIRE-CHI1873-010,canonical_name,Clifton House II,AND1886V3,high,false,"Completed in the latter part of 1873 and opened that year; 80 feet on Wabash by about 180 feet deep, 225 rooms, building cost $237,400 and furniture $105,000."
CHI-POSTFIRE-CHI1873-010-A02,CHI-POSTFIRE-CHI1873-010,year_completed,1873,AND1886V3,high,false,"Completed in the latter part of 1873 and opened that year; 80 feet on Wabash by about 180 feet deep, 225 rooms, building cost $237,400 and furniture $105,000."
CHI-POSTFIRE-CHI1873-010-A03,CHI-POSTFIRE-CHI1873-010,address_historical,northwest corner Wabash Avenue and Monroe Street,AND1886V3,high,false,"Completed in the latter part of 1873 and opened that year; 80 feet on Wabash by about 180 feet deep, 225 rooms, building cost $237,400 and furniture $105,000."
CHI-POSTFIRE-CHI1873-010-A04,CHI-POSTFIRE-CHI1873-010,structural_system,fine brick; six stories above basement,AND1886V3,high,false,"Completed in the latter part of 1873 and opened that year; 80 feet on Wabash by about 180 feet deep, 225 rooms, building cost $237,400 and furniture $105,000."
CHI-POSTFIRE-CHI1873-010-A05,CHI-POSTFIRE-CHI1873-010,construction_or_event_type,reconstruction,AND1886V3,high,false,"Completed in the latter part of 1873 and opened that year; 80 feet on Wabash by about 180 feet deep, 225 rooms, building cost $237,400 and furniture $105,000."
CHI-POSTFIRE-CHI1873-010-A06,CHI-POSTFIRE-CHI1873-010,predecessor_or_rebuild_of,pre-fire Clifton House; temporary Clifton at Washington and Halsted,AND1886V3,high,false,"Completed in the latter part of 1873 and opened that year; 80 feet on Wabash by about 180 feet deep, 225 rooms, building cost $237,400 and furniture $105,000."
CHI-POSTFIRE-CHI1873-010-A07,CHI-POSTFIRE-CHI1873-010,postfire_code_context,Brick replacement in the fire district; source gives no ordinance-specific claim.,AND1886V3,high,false,"Completed in the latter part of 1873 and opened that year; 80 feet on Wabash by about 180 feet deep, 225 rooms, building cost $237,400 and furniture $105,000."
CHI-POSTFIRE-CHI1873-011-A01,CHI-POSTFIRE-CHI1873-011,canonical_name,Briggs House II,AND1886V3,medium,true,"Andreas says construction commenced immediately after the fire and the hotel reopened in 1873, but does not explicitly state the completion year; recorded as approximate and reviewable. Dimensions about 80 by 144 feet; reported building cost $190,000."
CHI-POSTFIRE-CHI1873-011-A02,CHI-POSTFIRE-CHI1873-011,year_completed,1873,AND1886V3,medium,true,"Andreas says construction commenced immediately after the fire and the hotel reopened in 1873, but does not explicitly state the completion year; recorded as approximate and reviewable. Dimensions about 80 by 144 feet; reported building cost $190,000."
CHI-POSTFIRE-CHI1873-011-A03,CHI-POSTFIRE-CHI1873-011,address_historical,Randolph Street at Fifth Avenue,AND1886V3,medium,true,"Andreas says construction commenced immediately after the fire and the hotel reopened in 1873, but does not explicitly state the completion year; recorded as approximate and reviewable. Dimensions about 80 by 144 feet; reported building cost $190,000."
CHI-POSTFIRE-CHI1873-011-A04,CHI-POSTFIRE-CHI1873-011,structural_system,red brick with stone; six stories,AND1886V3,medium,true,"Andreas says construction commenced immediately after the fire and the hotel reopened in 1873, but does not explicitly state the completion year; recorded as approximate and reviewable. Dimensions about 80 by 144 feet; reported building cost $190,000."
CHI-POSTFIRE-CHI1873-011-A05,CHI-POSTFIRE-CHI1873-011,construction_or_event_type,reconstruction,AND1886V3,medium,true,"Andreas says construction commenced immediately after the fire and the hotel reopened in 1873, but does not explicitly state the completion year; recorded as approximate and reviewable. Dimensions about 80 by 144 feet; reported building cost $190,000."
CHI-POSTFIRE-CHI1873-011-A06,CHI-POSTFIRE-CHI1873-011,predecessor_or_rebuild_of,pre-fire Briggs House on same site,AND1886V3,medium,true,"Andreas says construction commenced immediately after the fire and the hotel reopened in 1873, but does not explicitly state the completion year; recorded as approximate and reviewable. Dimensions about 80 by 144 feet; reported building cost $190,000."
CHI-POSTFIRE-CHI1873-011-A07,CHI-POSTFIRE-CHI1873-011,postfire_code_context,Masonry replacement begun immediately after the fire; direct code-compliance evidence not located.,AND1886V3,medium,true,"Andreas says construction commenced immediately after the fire and the hotel reopened in 1873, but does not explicitly state the completion year; recorded as approximate and reviewable. Dimensions about 80 by 144 feet; reported building cost $190,000."
CHI-POSTFIRE-CHI1873-012-A01,CHI-POSTFIRE-CHI1873-012,canonical_name,Revere House II,AND1886V3,high,false,"Erected in 1871-72 and explicitly completed and opened in 1873 by E. S. Pinney. Later remodeling and two added stories belong to 1884, not this record."
CHI-POSTFIRE-CHI1873-012-A02,CHI-POSTFIRE-CHI1873-012,year_completed,1873,AND1886V3,high,false,"Erected in 1871-72 and explicitly completed and opened in 1873 by E. S. Pinney. Later remodeling and two added stories belong to 1884, not this record."
CHI-POSTFIRE-CHI1873-012-A03,CHI-POSTFIRE-CHI1873-012,address_historical,"Clark Street near Kinzie Street, north of the former site across an alley",AND1886V3,high,false,"Erected in 1871-72 and explicitly completed and opened in 1873 by E. S. Pinney. Later remodeling and two added stories belong to 1884, not this record."
CHI-POSTFIRE-CHI1873-012-A04,CHI-POSTFIRE-CHI1873-012,construction_or_event_type,reconstruction,AND1886V3,high,false,"Erected in 1871-72 and explicitly completed and opened in 1873 by E. S. Pinney. Later remodeling and two added stories belong to 1884, not this record."
CHI-POSTFIRE-CHI1873-012-A05,CHI-POSTFIRE-CHI1873-012,predecessor_or_rebuild_of,pre-fire Revere House at Clark and Kinzie Streets,AND1886V3,high,false,"Erected in 1871-72 and explicitly completed and opened in 1873 by E. S. Pinney. Later remodeling and two added stories belong to 1884, not this record."
CHI-POSTFIRE-CHI1873-012-A06,CHI-POSTFIRE-CHI1873-012,postfire_code_context,"Permanent post-fire replacement, shifted to adjoining premises; no code-specific claim.",AND1886V3,high,false,"Erected in 1871-72 and explicitly completed and opened in 1873 by E. S. Pinney. Later remodeling and two added stories belong to 1884, not this record."
CHI-POSTFIRE-CHI1873-013-A01,CHI-POSTFIRE-CHI1873-013,canonical_name,Matteson House,AND1886V3,high,true,"Finished late in 1872 and opened February 3, 1873. Included only to prevent the architecture-summary wording from inflating the 1873 completion count."
CHI-POSTFIRE-CHI1873-013-A02,CHI-POSTFIRE-CHI1873-013,year_completed,1872,AND1886V3,high,true,"Finished late in 1872 and opened February 3, 1873. Included only to prevent the architecture-summary wording from inflating the 1873 completion count."
CHI-POSTFIRE-CHI1873-013-A03,CHI-POSTFIRE-CHI1873-013,construction_or_event_type,occupancy_only,AND1886V3,high,true,"Finished late in 1872 and opened February 3, 1873. Included only to prevent the architecture-summary wording from inflating the 1873 completion count."
CHI-POSTFIRE-CHI1873-013-A04,CHI-POSTFIRE-CHI1873-013,predecessor_or_rebuild_of,pre-fire Matteson House,AND1886V3,high,true,"Finished late in 1872 and opened February 3, 1873. Included only to prevent the architecture-summary wording from inflating the 1873 completion count."
CHI-POSTFIRE-CHI1873-013-A05,CHI-POSTFIRE-CHI1873-013,postfire_code_context,"Post-fire hotel, but no 1873 construction event is established.",AND1886V3,high,true,"Finished late in 1872 and opened February 3, 1873. Included only to prevent the architecture-summary wording from inflating the 1873 completion count."
CHI-POSTFIRE-CHI1873-014-A01,CHI-POSTFIRE-CHI1873-014,canonical_name,Brevoort House,AND1886V3,medium,true,Opened by Anderson Brothers in 1873; Andreas says it was built by a prominent banker but gives no construction year. Excluded from completion totals.
CHI-POSTFIRE-CHI1873-014-A02,CHI-POSTFIRE-CHI1873-014,construction_or_event_type,occupancy_only,AND1886V3,medium,true,Opened by Anderson Brothers in 1873; Andreas says it was built by a prominent banker but gives no construction year. Excluded from completion totals.
CHI-POSTFIRE-CHI1873-014-A03,CHI-POSTFIRE-CHI1873-014,postfire_code_context,No 1873 construction inference is made from opening evidence alone.,AND1886V3,medium,true,Opened by Anderson Brothers in 1873; Andreas says it was built by a prominent banker but gives no construction year. Excluded from completion totals.
CHI-POSTFIRE-CHI1873-015-A01,CHI-POSTFIRE-CHI1873-015,canonical_name,Alhambra Hotel,AND1886V3,medium,true,Built in 1873 by John Keller and opened October 1 by William L. Newman; 112 rooms. Address and full canonical spelling need directory confirmation because the scan heading is degraded.
CHI-POSTFIRE-CHI1873-015-A02,CHI-POSTFIRE-CHI1873-015,year_completed,1873,AND1886V3,medium,true,Built in 1873 by John Keller and opened October 1 by William L. Newman; 112 rooms. Address and full canonical spelling need directory confirmation because the scan heading is degraded.
CHI-POSTFIRE-CHI1873-015-A03,CHI-POSTFIRE-CHI1873-015,structural_system,stone front,AND1886V3,medium,true,Built in 1873 by John Keller and opened October 1 by William L. Newman; 112 rooms. Address and full canonical spelling need directory confirmation because the scan heading is degraded.
CHI-POSTFIRE-CHI1873-015-A04,CHI-POSTFIRE-CHI1873-015,construction_or_event_type,new_construction,AND1886V3,medium,true,Built in 1873 by John Keller and opened October 1 by William L. Newman; 112 rooms. Address and full canonical spelling need directory confirmation because the scan heading is degraded.
CHI-POSTFIRE-CHI1873-015-A05,CHI-POSTFIRE-CHI1873-015,postfire_code_context,Masonry hotel construction; direct code-compliance evidence not located.,AND1886V3,medium,true,Built in 1873 by John Keller and opened October 1 by William L. Newman; 112 rooms. Address and full canonical spelling need directory confirmation because the scan heading is degraded.
CHI-POSTFIRE-CHI1873-016-A01,CHI-POSTFIRE-CHI1873-016,canonical_name,United States Post Office and Custom House,AND1886V3,high,true,"Construction commenced in 1873. This is a start-year record only; design, contract, and completion details require federal archival follow-up."
CHI-POSTFIRE-CHI1873-016-A02,CHI-POSTFIRE-CHI1873-016,year_completed,1879,AND1886V3,high,true,"Construction commenced in 1873. This is a start-year record only; design, contract, and completion details require federal archival follow-up."
CHI-POSTFIRE-CHI1873-016-A03,CHI-POSTFIRE-CHI1873-016,address_historical,"block bounded Adams, Clark, Jackson and Dearborn Streets",AND1886V3,high,true,"Construction commenced in 1873. This is a start-year record only; design, contract, and completion details require federal archival follow-up."
CHI-POSTFIRE-CHI1873-016-A04,CHI-POSTFIRE-CHI1873-016,construction_or_event_type,construction_start,AND1886V3,high,true,"Construction commenced in 1873. This is a start-year record only; design, contract, and completion details require federal archival follow-up."
CHI-POSTFIRE-CHI1873-016-A05,CHI-POSTFIRE-CHI1873-016,postfire_code_context,Andreas places the start within the post-fire reconstruction of public buildings; later completion must not be counted in 1873.,AND1886V3,high,true,"Construction commenced in 1873. This is a start-year record only; design, contract, and completion details require federal archival follow-up."
CHI-POSTFIRE-CHI1873-017-A01,CHI-POSTFIRE-CHI1873-017,canonical_name,Cook County Criminal Court House and County Jail,AND1886V3,high,true,Andreas states that the connected courthouse and jail reconstruction commenced in 1873. Completion year and exact parcel geometry remain to be verified from county records.
CHI-POSTFIRE-CHI1873-017-A02,CHI-POSTFIRE-CHI1873-017,address_historical,Michigan Street at Dearborn Street,AND1886V3,high,true,Andreas states that the connected courthouse and jail reconstruction commenced in 1873. Completion year and exact parcel geometry remain to be verified from county records.
CHI-POSTFIRE-CHI1873-017-A03,CHI-POSTFIRE-CHI1873-017,construction_or_event_type,construction_start,AND1886V3,high,true,Andreas states that the connected courthouse and jail reconstruction commenced in 1873. Completion year and exact parcel geometry remain to be verified from county records.
CHI-POSTFIRE-CHI1873-017-A04,CHI-POSTFIRE-CHI1873-017,postfire_code_context,Public masonry reconstruction after the fire; ordinance-specific evidence not located.,AND1886V3,high,true,Andreas states that the connected courthouse and jail reconstruction commenced in 1873. Completion year and exact parcel geometry remain to be verified from county records.
CHI-POSTFIRE-CHI1873-018-A01,CHI-POSTFIRE-CHI1873-018,canonical_name,Clybourn Place Bridge,AND1886V3,high,false,"Built in 1873; length 140 feet and cost $13,700."
CHI-POSTFIRE-CHI1873-018-A02,CHI-POSTFIRE-CHI1873-018,year_completed,1873,AND1886V3,high,false,"Built in 1873; length 140 feet and cost $13,700."
CHI-POSTFIRE-CHI1873-018-A03,CHI-POSTFIRE-CHI1873-018,address_historical,Clybourn Place crossing of the North Branch,AND1886V3,high,false,"Built in 1873; length 140 feet and cost $13,700."
CHI-POSTFIRE-CHI1873-018-A04,CHI-POSTFIRE-CHI1873-018,structural_system,combination Howe truss with iron turntable,AND1886V3,high,false,"Built in 1873; length 140 feet and cost $13,700."
CHI-POSTFIRE-CHI1873-018-A05,CHI-POSTFIRE-CHI1873-018,construction_or_event_type,infrastructure,AND1886V3,high,false,"Built in 1873; length 140 feet and cost $13,700."
CHI-POSTFIRE-CHI1873-018-A06,CHI-POSTFIRE-CHI1873-018,postfire_code_context,A permanent municipal transport improvement; not a building-code case.,AND1886V3,high,false,"Built in 1873; length 140 feet and cost $13,700."
CHI-POSTFIRE-CHI1873-019-A01,CHI-POSTFIRE-CHI1873-019,canonical_name,Inter-State Industrial Exposition Building,LOC1873EXPO;AICEXPO,high,false,"Opened September 25, 1873. Art Institute archive metadata gives approximately 200 by 800 feet and more than 300 exhibitors; the official catalogue is contemporary evidence."
CHI-POSTFIRE-CHI1873-019-A02,CHI-POSTFIRE-CHI1873-019,year_completed,1873,LOC1873EXPO;AICEXPO,high,false,"Opened September 25, 1873. Art Institute archive metadata gives approximately 200 by 800 feet and more than 300 exhibitors; the official catalogue is contemporary evidence."
CHI-POSTFIRE-CHI1873-019-A03,CHI-POSTFIRE-CHI1873-019,address_historical,Lake Front at Michigan Avenue and Adams Street,LOC1873EXPO;AICEXPO,high,false,"Opened September 25, 1873. Art Institute archive metadata gives approximately 200 by 800 feet and more than 300 exhibitors; the official catalogue is contemporary evidence."
CHI-POSTFIRE-CHI1873-019-A04,CHI-POSTFIRE-CHI1873-019,architect_or_builder,W. W. Boyington,LOC1873EXPO;AICEXPO,high,false,"Opened September 25, 1873. Art Institute archive metadata gives approximately 200 by 800 feet and more than 300 exhibitors; the official catalogue is contemporary evidence."
CHI-POSTFIRE-CHI1873-019-A05,CHI-POSTFIRE-CHI1873-019,structural_system,large iron-and-glass exposition hall,LOC1873EXPO;AICEXPO,high,false,"Opened September 25, 1873. Art Institute archive metadata gives approximately 200 by 800 feet and more than 300 exhibitors; the official catalogue is contemporary evidence."
CHI-POSTFIRE-CHI1873-019-A06,CHI-POSTFIRE-CHI1873-019,construction_or_event_type,new_construction,LOC1873EXPO;AICEXPO,high,false,"Opened September 25, 1873. Art Institute archive metadata gives approximately 200 by 800 feet and more than 300 exhibitors; the official catalogue is contemporary evidence."
CHI-POSTFIRE-CHI1873-019-A07,CHI-POSTFIRE-CHI1873-019,postfire_code_context,A showpiece of post-fire recovery; its construction system and temporary-exposition character should not be generalized to ordinary code compliance.,LOC1873EXPO;AICEXPO,high,false,"Opened September 25, 1873. Art Institute archive metadata gives approximately 200 by 800 feet and more than 300 exhibitors; the official catalogue is contemporary evidence."
CHI-POSTFIRE-CHI1873-019-A08,CHI-POSTFIRE-CHI1873-019,year_demolished,1890,LOC1873EXPO;AICEXPO,high,false,"Opened September 25, 1873. Art Institute archive metadata gives approximately 200 by 800 feet and more than 300 exhibitors; the official catalogue is contemporary evidence."
CHI-POSTFIRE-CHI1873-020-A01,CHI-POSTFIRE-CHI1873-020,canonical_name,Alexian Brothers' Hospital,AND1886V3,high,true,"Completed in 1873 on the old site, with capacity for more than 100 patients."
CHI-POSTFIRE-CHI1873-020-A02,CHI-POSTFIRE-CHI1873-020,year_completed,1873,AND1886V3,high,true,"Completed in 1873 on the old site, with capacity for more than 100 patients."
CHI-POSTFIRE-CHI1873-020-A03,CHI-POSTFIRE-CHI1873-020,address_historical,site of the pre-fire Alexian Hospital,AND1886V3,high,true,"Completed in 1873 on the old site, with capacity for more than 100 patients."
CHI-POSTFIRE-CHI1873-020-A04,CHI-POSTFIRE-CHI1873-020,structural_system,brick; two stories over large cut-stone basement; mansard roof,AND1886V3,high,true,"Completed in 1873 on the old site, with capacity for more than 100 patients."
CHI-POSTFIRE-CHI1873-020-A05,CHI-POSTFIRE-CHI1873-020,construction_or_event_type,reconstruction,AND1886V3,high,true,"Completed in 1873 on the old site, with capacity for more than 100 patients."
CHI-POSTFIRE-CHI1873-020-A06,CHI-POSTFIRE-CHI1873-020,predecessor_or_rebuild_of,Alexian Brothers' Hospital destroyed in 1871 fire,AND1886V3,high,true,"Completed in 1873 on the old site, with capacity for more than 100 patients."
CHI-POSTFIRE-CHI1873-020-A07,CHI-POSTFIRE-CHI1873-020,postfire_code_context,Brick-and-stone institutional replacement in the burned district; no ordinance-specific evidence located.,AND1886V3,high,true,"Completed in 1873 on the old site, with capacity for more than 100 patients."
CHI-POSTFIRE-CHI1873-021-A01,CHI-POSTFIRE-CHI1873-021,canonical_name,Grace Methodist Episcopal Church,AND1886V3,high,false,"Rebuilding began about mid-1872 and dedication occurred May 4, 1873; cost including lot and organ about $100,000; main room seated 1,500."
CHI-POSTFIRE-CHI1873-021-A02,CHI-POSTFIRE-CHI1873-021,year_completed,1873,AND1886V3,high,false,"Rebuilding began about mid-1872 and dedication occurred May 4, 1873; cost including lot and organ about $100,000; main room seated 1,500."
CHI-POSTFIRE-CHI1873-021-A03,CHI-POSTFIRE-CHI1873-021,address_historical,LaSalle Avenue and Locust Street,AND1886V3,high,false,"Rebuilding began about mid-1872 and dedication occurred May 4, 1873; cost including lot and organ about $100,000; main room seated 1,500."
CHI-POSTFIRE-CHI1873-021-A04,CHI-POSTFIRE-CHI1873-021,structural_system,Gothic; masonry edifice,AND1886V3,high,false,"Rebuilding began about mid-1872 and dedication occurred May 4, 1873; cost including lot and organ about $100,000; main room seated 1,500."
CHI-POSTFIRE-CHI1873-021-A05,CHI-POSTFIRE-CHI1873-021,construction_or_event_type,reconstruction,AND1886V3,high,false,"Rebuilding began about mid-1872 and dedication occurred May 4, 1873; cost including lot and organ about $100,000; main room seated 1,500."
CHI-POSTFIRE-CHI1873-021-A06,CHI-POSTFIRE-CHI1873-021,predecessor_or_rebuild_of,Grace Methodist Episcopal Church destroyed in 1871 fire,AND1886V3,high,false,"Rebuilding began about mid-1872 and dedication occurred May 4, 1873; cost including lot and organ about $100,000; main room seated 1,500."
CHI-POSTFIRE-CHI1873-021-A07,CHI-POSTFIRE-CHI1873-021,postfire_code_context,More substantial replacement after a temporary post-fire chapel; source does not establish code details.,AND1886V3,high,false,"Rebuilding began about mid-1872 and dedication occurred May 4, 1873; cost including lot and organ about $100,000; main room seated 1,500."
CHI-POSTFIRE-CHI1873-022-A01,CHI-POSTFIRE-CHI1873-022,canonical_name,Fulton Street Methodist Episcopal Church Chapel,AND1886V3,high,false,"Building began August 9, was completed in October at a cost of $4,000, and was dedicated November 2, 1873."
CHI-POSTFIRE-CHI1873-022-A02,CHI-POSTFIRE-CHI1873-022,year_completed,1873,AND1886V3,high,false,"Building began August 9, was completed in October at a cost of $4,000, and was dedicated November 2, 1873."
CHI-POSTFIRE-CHI1873-022-A03,CHI-POSTFIRE-CHI1873-022,address_historical,corner Fulton Street and Artesian Avenue,AND1886V3,high,false,"Building began August 9, was completed in October at a cost of $4,000, and was dedicated November 2, 1873."
CHI-POSTFIRE-CHI1873-022-A04,CHI-POSTFIRE-CHI1873-022,construction_or_event_type,new_construction,AND1886V3,high,false,"Building began August 9, was completed in October at a cost of $4,000, and was dedicated November 2, 1873."
CHI-POSTFIRE-CHI1873-022-A05,CHI-POSTFIRE-CHI1873-022,postfire_code_context,Outside the principal burned core; no fire-code inference.,AND1886V3,high,false,"Building began August 9, was completed in October at a cost of $4,000, and was dedicated November 2, 1873."
CHI-POSTFIRE-CHI1873-023-A01,CHI-POSTFIRE-CHI1873-023,canonical_name,Grace Presbyterian Church,AND1886V3,high,true,"A lot was purchased and a building erected and dedicated July 27, 1873; the congregation later united into Sixth Presbyterian Church."
CHI-POSTFIRE-CHI1873-023-A02,CHI-POSTFIRE-CHI1873-023,year_completed,1873,AND1886V3,high,true,"A lot was purchased and a building erected and dedicated July 27, 1873; the congregation later united into Sixth Presbyterian Church."
CHI-POSTFIRE-CHI1873-023-A03,CHI-POSTFIRE-CHI1873-023,address_historical,Vincennes Avenue,AND1886V3,high,true,"A lot was purchased and a building erected and dedicated July 27, 1873; the congregation later united into Sixth Presbyterian Church."
CHI-POSTFIRE-CHI1873-023-A04,CHI-POSTFIRE-CHI1873-023,construction_or_event_type,new_construction,AND1886V3,high,true,"A lot was purchased and a building erected and dedicated July 27, 1873; the congregation later united into Sixth Presbyterian Church."
CHI-POSTFIRE-CHI1873-023-A05,CHI-POSTFIRE-CHI1873-023,postfire_code_context,No post-fire code claim; this was new south-side congregational construction.,AND1886V3,high,true,"A lot was purchased and a building erected and dedicated July 27, 1873; the congregation later united into Sixth Presbyterian Church."
CHI-POSTFIRE-CHI1873-024-A01,CHI-POSTFIRE-CHI1873-024,canonical_name,Trinity Episcopal Church,AND1886V3,high,false,"Cornerstone laid July 1873; opened November 22, 1874; seating capacity 1,000 and reported cost $100,000. Counted as a 1873 phase, not a completion."
CHI-POSTFIRE-CHI1873-024-A02,CHI-POSTFIRE-CHI1873-024,year_completed,1874,AND1886V3,high,false,"Cornerstone laid July 1873; opened November 22, 1874; seating capacity 1,000 and reported cost $100,000. Counted as a 1873 phase, not a completion."
CHI-POSTFIRE-CHI1873-024-A03,CHI-POSTFIRE-CHI1873-024,address_historical,Michigan Avenue and Twenty-sixth Street,AND1886V3,high,false,"Cornerstone laid July 1873; opened November 22, 1874; seating capacity 1,000 and reported cost $100,000. Counted as a 1873 phase, not a completion."
CHI-POSTFIRE-CHI1873-024-A04,CHI-POSTFIRE-CHI1873-024,structural_system,stone; clerestory Gothic,AND1886V3,high,false,"Cornerstone laid July 1873; opened November 22, 1874; seating capacity 1,000 and reported cost $100,000. Counted as a 1873 phase, not a completion."
CHI-POSTFIRE-CHI1873-024-A05,CHI-POSTFIRE-CHI1873-024,construction_or_event_type,cornerstone_and_construction_phase,AND1886V3,high,false,"Cornerstone laid July 1873; opened November 22, 1874; seating capacity 1,000 and reported cost $100,000. Counted as a 1873 phase, not a completion."
CHI-POSTFIRE-CHI1873-024-A06,CHI-POSTFIRE-CHI1873-024,predecessor_or_rebuild_of,Trinity church-edifice lost in 1871 fire,AND1886V3,high,false,"Cornerstone laid July 1873; opened November 22, 1874; seating capacity 1,000 and reported cost $100,000. Counted as a 1873 phase, not a completion."
CHI-POSTFIRE-CHI1873-024-A07,CHI-POSTFIRE-CHI1873-024,postfire_code_context,Stone replacement after the fire; completion belongs to 1874.,AND1886V3,high,false,"Cornerstone laid July 1873; opened November 22, 1874; seating capacity 1,000 and reported cost $100,000. Counted as a 1873 phase, not a completion."
CHI-POSTFIRE-CHI1873-025-A01,CHI-POSTFIRE-CHI1873-025,canonical_name,St. James's Episcopal Church,AND1886V3,high,true,Rebuilding moved vigorously forward until the financial crisis of 1873 caused complete suspension; work resumed in 1874 and first service in the completed building occurred in 1875.
CHI-POSTFIRE-CHI1873-025-A02,CHI-POSTFIRE-CHI1873-025,year_completed,1875,AND1886V3,high,true,Rebuilding moved vigorously forward until the financial crisis of 1873 caused complete suspension; work resumed in 1874 and first service in the completed building occurred in 1875.
CHI-POSTFIRE-CHI1873-025-A03,CHI-POSTFIRE-CHI1873-025,address_historical,Cass Street at Huron Street,AND1886V3,high,true,Rebuilding moved vigorously forward until the financial crisis of 1873 caused complete suspension; work resumed in 1874 and first service in the completed building occurred in 1875.
CHI-POSTFIRE-CHI1873-025-A04,CHI-POSTFIRE-CHI1873-025,structural_system,masonry church,AND1886V3,high,true,Rebuilding moved vigorously forward until the financial crisis of 1873 caused complete suspension; work resumed in 1874 and first service in the completed building occurred in 1875.
CHI-POSTFIRE-CHI1873-025-A05,CHI-POSTFIRE-CHI1873-025,construction_or_event_type,interrupted_reconstruction_phase,AND1886V3,high,true,Rebuilding moved vigorously forward until the financial crisis of 1873 caused complete suspension; work resumed in 1874 and first service in the completed building occurred in 1875.
CHI-POSTFIRE-CHI1873-025-A06,CHI-POSTFIRE-CHI1873-025,predecessor_or_rebuild_of,St. James church damaged/destroyed in 1871 fire,AND1886V3,high,true,Rebuilding moved vigorously forward until the financial crisis of 1873 caused complete suspension; work resumed in 1874 and first service in the completed building occurred in 1875.
CHI-POSTFIRE-CHI1873-025-A07,CHI-POSTFIRE-CHI1873-025,postfire_code_context,"The 1873 financial crisis, not a code action, stopped work; completed fabric belongs to 1875.",AND1886V3,high,true,Rebuilding moved vigorously forward until the financial crisis of 1873 caused complete suspension; work resumed in 1874 and first service in the completed building occurred in 1875.
CHI-POSTFIRE-CHI1873-026-A01,CHI-POSTFIRE-CHI1873-026,canonical_name,New England Congregational Church Stone Chapel,AND1886V3,medium,true,"The scan says construction began early in the spring following the post-fire fundraising narrative; first service was September 14, 1873 and dedication September 23. Start year retained as 1872 but needs chronology review."
CHI-POSTFIRE-CHI1873-026-A02,CHI-POSTFIRE-CHI1873-026,year_completed,1873,AND1886V3,medium,true,"The scan says construction began early in the spring following the post-fire fundraising narrative; first service was September 14, 1873 and dedication September 23. Start year retained as 1872 but needs chronology review."
CHI-POSTFIRE-CHI1873-026-A03,CHI-POSTFIRE-CHI1873-026,address_historical,old chapel grounds behind the church lot,AND1886V3,medium,true,"The scan says construction began early in the spring following the post-fire fundraising narrative; first service was September 14, 1873 and dedication September 23. Start year retained as 1872 but needs chronology review."
CHI-POSTFIRE-CHI1873-026-A04,CHI-POSTFIRE-CHI1873-026,structural_system,stone chapel,AND1886V3,medium,true,"The scan says construction began early in the spring following the post-fire fundraising narrative; first service was September 14, 1873 and dedication September 23. Start year retained as 1872 but needs chronology review."
CHI-POSTFIRE-CHI1873-026-A05,CHI-POSTFIRE-CHI1873-026,construction_or_event_type,reconstruction,AND1886V3,medium,true,"The scan says construction began early in the spring following the post-fire fundraising narrative; first service was September 14, 1873 and dedication September 23. Start year retained as 1872 but needs chronology review."
CHI-POSTFIRE-CHI1873-026-A06,CHI-POSTFIRE-CHI1873-026,predecessor_or_rebuild_of,New England Church property destroyed in 1871 fire,AND1886V3,medium,true,"The scan says construction began early in the spring following the post-fire fundraising narrative; first service was September 14, 1873 and dedication September 23. Start year retained as 1872 but needs chronology review."
CHI-POSTFIRE-CHI1873-026-A07,CHI-POSTFIRE-CHI1873-026,postfire_code_context,Permanent stone replacement following a temporary wooden post-fire structure.,AND1886V3,medium,true,"The scan says construction began early in the spring following the post-fire fundraising narrative; first service was September 14, 1873 and dedication September 23. Start year retained as 1872 but needs chronology review."
CHI-POSTFIRE-CHI1873-027-A01,CHI-POSTFIRE-CHI1873-027,canonical_name,Chicago Avenue Church,AND1886V3,high,false,"Present building begun in 1873; only basement completed under a temporary roof, used for two years; full structure dedicated June 1875."
CHI-POSTFIRE-CHI1873-027-A02,CHI-POSTFIRE-CHI1873-027,year_completed,1875,AND1886V3,high,false,"Present building begun in 1873; only basement completed under a temporary roof, used for two years; full structure dedicated June 1875."
CHI-POSTFIRE-CHI1873-027-A03,CHI-POSTFIRE-CHI1873-027,address_historical,Chicago and LaSalle Avenues,AND1886V3,high,false,"Present building begun in 1873; only basement completed under a temporary roof, used for two years; full structure dedicated June 1875."
CHI-POSTFIRE-CHI1873-027-A04,CHI-POSTFIRE-CHI1873-027,structural_system,two stories and basement,AND1886V3,high,false,"Present building begun in 1873; only basement completed under a temporary roof, used for two years; full structure dedicated June 1875."
CHI-POSTFIRE-CHI1873-027-A05,CHI-POSTFIRE-CHI1873-027,construction_or_event_type,basement_phase,AND1886V3,high,false,"Present building begun in 1873; only basement completed under a temporary roof, used for two years; full structure dedicated June 1875."
CHI-POSTFIRE-CHI1873-027-A06,CHI-POSTFIRE-CHI1873-027,predecessor_or_rebuild_of,Illinois Street Tabernacle destroyed in 1871 fire,AND1886V3,high,false,"Present building begun in 1873; only basement completed under a temporary roof, used for two years; full structure dedicated June 1875."
CHI-POSTFIRE-CHI1873-027-A07,CHI-POSTFIRE-CHI1873-027,postfire_code_context,"Rebuilding began in 1873, but the panic limited that year's work to a roofed basement used temporarily.",AND1886V3,high,false,"Present building begun in 1873; only basement completed under a temporary roof, used for two years; full structure dedicated June 1875."
CHI-POSTFIRE-CHI1873-028-A01,CHI-POSTFIRE-CHI1873-028,canonical_name,Church of the Messiah,AND1886V3,high,false,"Foundation stone laid fall 1872, cornerstone May 13, 1873, dedicated November 16, 1873; auditorium seated 800 and total cost about $90,000."
CHI-POSTFIRE-CHI1873-028-A02,CHI-POSTFIRE-CHI1873-028,year_completed,1873,AND1886V3,high,false,"Foundation stone laid fall 1872, cornerstone May 13, 1873, dedicated November 16, 1873; auditorium seated 800 and total cost about $90,000."
CHI-POSTFIRE-CHI1873-028-A03,CHI-POSTFIRE-CHI1873-028,address_historical,Michigan Avenue and Twenty-third Street,AND1886V3,high,false,"Foundation stone laid fall 1872, cornerstone May 13, 1873, dedicated November 16, 1873; auditorium seated 800 and total cost about $90,000."
CHI-POSTFIRE-CHI1873-028-A04,CHI-POSTFIRE-CHI1873-028,construction_or_event_type,new_construction,AND1886V3,high,false,"Foundation stone laid fall 1872, cornerstone May 13, 1873, dedicated November 16, 1873; auditorium seated 800 and total cost about $90,000."
CHI-POSTFIRE-CHI1873-028-A05,CHI-POSTFIRE-CHI1873-028,postfire_code_context,Permanent masonry-era church following post-fire institutional relocation; code specifics not stated.,AND1886V3,high,false,"Foundation stone laid fall 1872, cornerstone May 13, 1873, dedicated November 16, 1873; auditorium seated 800 and total cost about $90,000."
CHI-POSTFIRE-CHI1873-029-A01,CHI-POSTFIRE-CHI1873-029,canonical_name,Unity Church II,AND1886V3,high,true,"Lecture room was usable in winter 1872-73; full house dedicated December 7, 1873; reconstruction including organ cost about $91,737."
CHI-POSTFIRE-CHI1873-029-A02,CHI-POSTFIRE-CHI1873-029,year_completed,1873,AND1886V3,high,true,"Lecture room was usable in winter 1872-73; full house dedicated December 7, 1873; reconstruction including organ cost about $91,737."
CHI-POSTFIRE-CHI1873-029-A03,CHI-POSTFIRE-CHI1873-029,address_historical,old Unity Church site,AND1886V3,high,true,"Lecture room was usable in winter 1872-73; full house dedicated December 7, 1873; reconstruction including organ cost about $91,737."
CHI-POSTFIRE-CHI1873-029-A04,CHI-POSTFIRE-CHI1873-029,construction_or_event_type,reconstruction,AND1886V3,high,true,"Lecture room was usable in winter 1872-73; full house dedicated December 7, 1873; reconstruction including organ cost about $91,737."
CHI-POSTFIRE-CHI1873-029-A05,CHI-POSTFIRE-CHI1873-029,predecessor_or_rebuild_of,Unity Church destroyed in 1871 fire,AND1886V3,high,true,"Lecture room was usable in winter 1872-73; full house dedicated December 7, 1873; reconstruction including organ cost about $91,737."
CHI-POSTFIRE-CHI1873-029-A06,CHI-POSTFIRE-CHI1873-029,postfire_code_context,Rebuilt on the old site; source reports reconstruction cost but no ordinance-specific construction detail.,AND1886V3,high,true,"Lecture room was usable in winter 1872-73; full house dedicated December 7, 1873; reconstruction including organ cost about $91,737."
CHI-POSTFIRE-CHI1873-030-A01,CHI-POSTFIRE-CHI1873-030,canonical_name,St. Paul's Universalist Church,AND1886V3,high,false,"Building began in 1872 and the house of worship was completed in summer 1873; reported cost including lot, organ and furniture about $180,000."
CHI-POSTFIRE-CHI1873-030-A02,CHI-POSTFIRE-CHI1873-030,year_completed,1873,AND1886V3,high,false,"Building began in 1872 and the house of worship was completed in summer 1873; reported cost including lot, organ and furniture about $180,000."
CHI-POSTFIRE-CHI1873-030-A03,CHI-POSTFIRE-CHI1873-030,address_historical,Michigan Avenue between Sixteenth and Eighteenth Streets,AND1886V3,high,false,"Building began in 1872 and the house of worship was completed in summer 1873; reported cost including lot, organ and furniture about $180,000."
CHI-POSTFIRE-CHI1873-030-A04,CHI-POSTFIRE-CHI1873-030,structural_system,solid stone; modern Gothic,AND1886V3,high,false,"Building began in 1872 and the house of worship was completed in summer 1873; reported cost including lot, organ and furniture about $180,000."
CHI-POSTFIRE-CHI1873-030-A05,CHI-POSTFIRE-CHI1873-030,construction_or_event_type,reconstruction,AND1886V3,high,false,"Building began in 1872 and the house of worship was completed in summer 1873; reported cost including lot, organ and furniture about $180,000."
CHI-POSTFIRE-CHI1873-030-A06,CHI-POSTFIRE-CHI1873-030,predecessor_or_rebuild_of,First Universalist Church at Van Buren and Wabash lost in 1871 fire,AND1886V3,high,false,"Building began in 1872 and the house of worship was completed in summer 1873; reported cost including lot, organ and furniture about $180,000."
CHI-POSTFIRE-CHI1873-030-A07,CHI-POSTFIRE-CHI1873-030,postfire_code_context,"Solid-stone post-fire replacement; spire remained incomplete, so completion refers to the usable main edifice.",AND1886V3,high,false,"Building began in 1872 and the house of worship was completed in summer 1873; reported cost including lot, organ and furniture about $180,000."
CHI-POSTFIRE-CHI1873-031-A01,CHI-POSTFIRE-CHI1873-031,canonical_name,Mariners' Temple,AND1886V3,high,false,"Cornerstone laid July 1873; five-story shell enclosed and one story finished, permitting church, Sunday-school and a 25-boarder sailors' home to operate. Not counted as a fully completed building."
CHI-POSTFIRE-CHI1873-031-A02,CHI-POSTFIRE-CHI1873-031,address_historical,near Michigan and Market Streets,AND1886V3,high,false,"Cornerstone laid July 1873; five-story shell enclosed and one story finished, permitting church, Sunday-school and a 25-boarder sailors' home to operate. Not counted as a fully completed building."
CHI-POSTFIRE-CHI1873-031-A03,CHI-POSTFIRE-CHI1873-031,structural_system,brick; five stories,AND1886V3,high,false,"Cornerstone laid July 1873; five-story shell enclosed and one story finished, permitting church, Sunday-school and a 25-boarder sailors' home to operate. Not counted as a fully completed building."
CHI-POSTFIRE-CHI1873-031-A04,CHI-POSTFIRE-CHI1873-031,construction_or_event_type,partial_completion_and_occupancy,AND1886V3,high,false,"Cornerstone laid July 1873; five-story shell enclosed and one story finished, permitting church, Sunday-school and a 25-boarder sailors' home to operate. Not counted as a fully completed building."
CHI-POSTFIRE-CHI1873-031-A05,CHI-POSTFIRE-CHI1873-031,predecessor_or_rebuild_of,"Bethel/Mariners' Church destroyed October 9, 1871",AND1886V3,high,false,"Cornerstone laid July 1873; five-story shell enclosed and one story finished, permitting church, Sunday-school and a 25-boarder sailors' home to operate. Not counted as a fully completed building."
CHI-POSTFIRE-CHI1873-031-A06,CHI-POSTFIRE-CHI1873-031,postfire_code_context,Enlarged brick replacement after the fire; only one story was finished in 1873.,AND1886V3,high,false,"Cornerstone laid July 1873; five-story shell enclosed and one story finished, permitting church, Sunday-school and a 25-boarder sailors' home to operate. Not counted as a fully completed building."
CHI-POSTFIRE-CHI1873-032-A01,CHI-POSTFIRE-CHI1873-032,canonical_name,Chicago Public Library Book Room in the Old Water Tank,CPLHIST;CPLARCH,high,false,"Chicago Public Library opened January 1, 1873 in the circular water tank. Recorded as a conversion/opening, not a newly erected building."
CHI-POSTFIRE-CHI1873-032-A02,CHI-POSTFIRE-CHI1873-032,year_completed,1873,CPLHIST;CPLARCH,high,false,"Chicago Public Library opened January 1, 1873 in the circular water tank. Recorded as a conversion/opening, not a newly erected building."
CHI-POSTFIRE-CHI1873-032-A03,CHI-POSTFIRE-CHI1873-032,address_historical,southeast corner LaSalle and Adams Streets,CPLHIST;CPLARCH,high,false,"Chicago Public Library opened January 1, 1873 in the circular water tank. Recorded as a conversion/opening, not a newly erected building."
CHI-POSTFIRE-CHI1873-032-A04,CHI-POSTFIRE-CHI1873-032,structural_system,surviving circular iron water tank,CPLHIST;CPLARCH,high,false,"Chicago Public Library opened January 1, 1873 in the circular water tank. Recorded as a conversion/opening, not a newly erected building."
CHI-POSTFIRE-CHI1873-032-A05,CHI-POSTFIRE-CHI1873-032,construction_or_event_type,conversion,CPLHIST;CPLARCH,high,false,"Chicago Public Library opened January 1, 1873 in the circular water tank. Recorded as a conversion/opening, not a newly erected building."
CHI-POSTFIRE-CHI1873-032-A06,CHI-POSTFIRE-CHI1873-032,predecessor_or_rebuild_of,surviving pre-fire water tank,CPLHIST;CPLARCH,high,false,"Chicago Public Library opened January 1, 1873 in the circular water tank. Recorded as a conversion/opening, not a newly erected building."
CHI-POSTFIRE-CHI1873-032-A07,CHI-POSTFIRE-CHI1873-032,postfire_code_context,"Adaptive reuse of fire-surviving infrastructure, not new-code construction.",CPLHIST;CPLARCH,high,false,"Chicago Public Library opened January 1, 1873 in the circular water tank. Recorded as a conversion/opening, not a newly erected building."
CHI-POSTFIRE-CHI1873-033-A01,CHI-POSTFIRE-CHI1873-033,canonical_name,St. Mary's Church,AND1886V3,high,false,"Bishop Foley purchased the Plymouth Church property in spring 1873; first Catholic service October 6, and it served as pro-cathedral until 1876. Excluded from completion totals."
CHI-POSTFIRE-CHI1873-033-A02,CHI-POSTFIRE-CHI1873-033,address_historical,Wabash Avenue and Eldridge Court,AND1886V3,high,false,"Bishop Foley purchased the Plymouth Church property in spring 1873; first Catholic service October 6, and it served as pro-cathedral until 1876. Excluded from completion totals."
CHI-POSTFIRE-CHI1873-033-A03,CHI-POSTFIRE-CHI1873-033,construction_or_event_type,conversion,AND1886V3,high,false,"Bishop Foley purchased the Plymouth Church property in spring 1873; first Catholic service October 6, and it served as pro-cathedral until 1876. Excluded from completion totals."
CHI-POSTFIRE-CHI1873-033-A04,CHI-POSTFIRE-CHI1873-033,predecessor_or_rebuild_of,Plymouth Congregational Church building,AND1886V3,high,false,"Bishop Foley purchased the Plymouth Church property in spring 1873; first Catholic service October 6, and it served as pro-cathedral until 1876. Excluded from completion totals."
CHI-POSTFIRE-CHI1873-033-A05,CHI-POSTFIRE-CHI1873-033,postfire_code_context,Change of ownership and use rather than new construction.,AND1886V3,high,false,"Bishop Foley purchased the Plymouth Church property in spring 1873; first Catholic service October 6, and it served as pro-cathedral until 1876. Excluded from completion totals."
CHI-POSTFIRE-CHI1873-034-A01,CHI-POSTFIRE-CHI1873-034,canonical_name,South Park preliminary works,LOCOLMSTED,medium,true,"Library of Congress curatorial history states that economic recession delayed preliminary construction until 1873 and that only limited progress occurred. Include as named city-form work, not as a building completion."
CHI-POSTFIRE-CHI1873-034-A02,CHI-POSTFIRE-CHI1873-034,address_historical,South Park lands south of the built-up city,LOCOLMSTED,medium,true,"Library of Congress curatorial history states that economic recession delayed preliminary construction until 1873 and that only limited progress occurred. Include as named city-form work, not as a building completion."
CHI-POSTFIRE-CHI1873-034-A03,CHI-POSTFIRE-CHI1873-034,architect_or_builder,Frederick Law Olmsted and Calvert Vaux,LOCOLMSTED,medium,true,"Library of Congress curatorial history states that economic recession delayed preliminary construction until 1873 and that only limited progress occurred. Include as named city-form work, not as a building completion."
CHI-POSTFIRE-CHI1873-034-A04,CHI-POSTFIRE-CHI1873-034,structural_system,landscape and drainage works,LOCOLMSTED,medium,true,"Library of Congress curatorial history states that economic recession delayed preliminary construction until 1873 and that only limited progress occurred. Include as named city-form work, not as a building completion."
CHI-POSTFIRE-CHI1873-034-A05,CHI-POSTFIRE-CHI1873-034,construction_or_event_type,preliminary_site_work,LOCOLMSTED,medium,true,"Library of Congress curatorial history states that economic recession delayed preliminary construction until 1873 and that only limited progress occurred. Include as named city-form work, not as a building completion."
CHI-POSTFIRE-CHI1873-034-A06,CHI-POSTFIRE-CHI1873-034,postfire_code_context,Municipal landscape infrastructure; building-code context not applicable.,LOCOLMSTED,medium,true,"Library of Congress curatorial history states that economic recession delayed preliminary construction until 1873 and that only limited progress occurred. Include as named city-form work, not as a building completion."
CHI-POSTFIRE-CHI1873-035-A01,CHI-POSTFIRE-CHI1873-035,canonical_name,"Lake Shore & Michigan Southern and Chicago, Rock Island & Pacific Passenger Depot",CHAMBERLIN1874;CHICAGOLOGY_DEPOT,high,false,"Opened June 1 1873; Chamberlin reports a cost of $750,000. The six-story front block and long train shed reused the pre-fire terminal site."
CHI-POSTFIRE-CHI1873-035-A02,CHI-POSTFIRE-CHI1873-035,year_completed,1873,CHAMBERLIN1874;CHICAGOLOGY_DEPOT,high,false,"Opened June 1 1873; Chamberlin reports a cost of $750,000. The six-story front block and long train shed reused the pre-fire terminal site."
CHI-POSTFIRE-CHI1873-035-A03,CHI-POSTFIRE-CHI1873-035,address_historical,southwest corner LaSalle and Van Buren Streets,CHAMBERLIN1874;CHICAGOLOGY_DEPOT,high,false,"Opened June 1 1873; Chamberlin reports a cost of $750,000. The six-story front block and long train shed reused the pre-fire terminal site."
CHI-POSTFIRE-CHI1873-035-A04,CHI-POSTFIRE-CHI1873-035,architect_or_builder,W. W. Boyington,CHAMBERLIN1874;CHICAGOLOGY_DEPOT,high,false,"Opened June 1 1873; Chamberlin reports a cost of $750,000. The six-story front block and long train shed reused the pre-fire terminal site."
CHI-POSTFIRE-CHI1873-035-A05,CHI-POSTFIRE-CHI1873-035,structural_system,Joliet limestone masonry depot and train shed,CHAMBERLIN1874;CHICAGOLOGY_DEPOT,high,false,"Opened June 1 1873; Chamberlin reports a cost of $750,000. The six-story front block and long train shed reused the pre-fire terminal site."
CHI-POSTFIRE-CHI1873-035-A06,CHI-POSTFIRE-CHI1873-035,construction_or_event_type,reconstruction,CHAMBERLIN1874;CHICAGOLOGY_DEPOT,high,false,"Opened June 1 1873; Chamberlin reports a cost of $750,000. The six-story front block and long train shed reused the pre-fire terminal site."
CHI-POSTFIRE-CHI1873-035-A07,CHI-POSTFIRE-CHI1873-035,predecessor_or_rebuild_of,joint depot destroyed in the 1871 fire,CHAMBERLIN1874;CHICAGOLOGY_DEPOT,high,false,"Opened June 1 1873; Chamberlin reports a cost of $750,000. The six-story front block and long train shed reused the pre-fire terminal site."
CHI-POSTFIRE-CHI1873-035-A08,CHI-POSTFIRE-CHI1873-035,postfire_code_context,Large permanent stone replacement within the post-fire reconstruction zone; contemporary sources still caution that material alone did not make a structure wholly fireproof.,CHAMBERLIN1874;CHICAGOLOGY_DEPOT,high,false,"Opened June 1 1873; Chamberlin reports a cost of $750,000. The six-story front block and long train shed reused the pre-fire terminal site."
CHI-POSTFIRE-CHI1873-035-A09,CHI-POSTFIRE-CHI1873-035,year_demolished,1901,CHAMBERLIN1874;CHICAGOLOGY_DEPOT,high,false,"Opened June 1 1873; Chamberlin reports a cost of $750,000. The six-story front block and long train shed reused the pre-fire terminal site."
CHI-POSTFIRE-CHI1873-036-A01,CHI-POSTFIRE-CHI1873-036,canonical_name,LaSalle Building,CHAMBERLIN1874;CHICAGOLOGY_LASALLE,high,false,"Completed for occupancy after being four stories high in October 1872. A contemporary description gives dimensions of about 53 by 81 feet and cost near $200,000; Chamberlin includes it among 1873 completions."
CHI-POSTFIRE-CHI1873-036-A02,CHI-POSTFIRE-CHI1873-036,year_completed,1873,CHAMBERLIN1874;CHICAGOLOGY_LASALLE,high,false,"Completed for occupancy after being four stories high in October 1872. A contemporary description gives dimensions of about 53 by 81 feet and cost near $200,000; Chamberlin includes it among 1873 completions."
CHI-POSTFIRE-CHI1873-036-A03,CHI-POSTFIRE-CHI1873-036,address_historical,northwest corner LaSalle and Madison Streets,CHAMBERLIN1874;CHICAGOLOGY_LASALLE,high,false,"Completed for occupancy after being four stories high in October 1872. A contemporary description gives dimensions of about 53 by 81 feet and cost near $200,000; Chamberlin includes it among 1873 completions."
CHI-POSTFIRE-CHI1873-036-A04,CHI-POSTFIRE-CHI1873-036,architect_or_builder,Dixon & Hamilton,CHAMBERLIN1874;CHICAGOLOGY_LASALLE,high,false,"Completed for occupancy after being four stories high in October 1872. A contemporary description gives dimensions of about 53 by 81 feet and cost near $200,000; Chamberlin includes it among 1873 completions."
CHI-POSTFIRE-CHI1873-036-A05,CHI-POSTFIRE-CHI1873-036,structural_system,Buena Vista sandstone; plate glass; iron and zinc cresting,CHAMBERLIN1874;CHICAGOLOGY_LASALLE,high,false,"Completed for occupancy after being four stories high in October 1872. A contemporary description gives dimensions of about 53 by 81 feet and cost near $200,000; Chamberlin includes it among 1873 completions."
CHI-POSTFIRE-CHI1873-036-A06,CHI-POSTFIRE-CHI1873-036,construction_or_event_type,reconstruction,CHAMBERLIN1874;CHICAGOLOGY_LASALLE,high,false,"Completed for occupancy after being four stories high in October 1872. A contemporary description gives dimensions of about 53 by 81 feet and cost near $200,000; Chamberlin includes it among 1873 completions."
CHI-POSTFIRE-CHI1873-036-A07,CHI-POSTFIRE-CHI1873-036,postfire_code_context,A contemporary 1873 account explicitly promoted it as fireproof; the database records that historical claim without asserting modern fireproof performance.,CHAMBERLIN1874;CHICAGOLOGY_LASALLE,high,false,"Completed for occupancy after being four stories high in October 1872. A contemporary description gives dimensions of about 53 by 81 feet and cost near $200,000; Chamberlin includes it among 1873 completions."
CHI-POSTFIRE-CHI1873-036-A08,CHI-POSTFIRE-CHI1873-036,year_demolished,1908,CHAMBERLIN1874;CHICAGOLOGY_LASALLE,high,false,"Completed for occupancy after being four stories high in October 1872. A contemporary description gives dimensions of about 53 by 81 feet and cost near $200,000; Chamberlin includes it among 1873 completions."
CHI-POSTFIRE-CHI1873-037-A01,CHI-POSTFIRE-CHI1873-037,canonical_name,Honoré Hotel reconstruction,CHAMBERLIN1874;CHICAGOLOGY_HONORE,medium,true,"Chamberlin called the hotel a fine structure of the year ending October 9 1873, but a later detailed account says reconstruction began in summer 1873 and stopped unfinished for lack of funds. Modeled only as a 1873 construction phase."
CHI-POSTFIRE-CHI1873-037-A02,CHI-POSTFIRE-CHI1873-037,address_historical,northwest corner Dearborn and Adams Streets,CHAMBERLIN1874;CHICAGOLOGY_HONORE,medium,true,"Chamberlin called the hotel a fine structure of the year ending October 9 1873, but a later detailed account says reconstruction began in summer 1873 and stopped unfinished for lack of funds. Modeled only as a 1873 construction phase."
CHI-POSTFIRE-CHI1873-037-A03,CHI-POSTFIRE-CHI1873-037,architect_or_builder,Wheelock & Thomas,CHAMBERLIN1874;CHICAGOLOGY_HONORE,medium,true,"Chamberlin called the hotel a fine structure of the year ending October 9 1873, but a later detailed account says reconstruction began in summer 1873 and stopped unfinished for lack of funds. Modeled only as a 1873 construction phase."
CHI-POSTFIRE-CHI1873-037-A04,CHI-POSTFIRE-CHI1873-037,structural_system,Joliet stone front; Renaissance style,CHAMBERLIN1874;CHICAGOLOGY_HONORE,medium,true,"Chamberlin called the hotel a fine structure of the year ending October 9 1873, but a later detailed account says reconstruction began in summer 1873 and stopped unfinished for lack of funds. Modeled only as a 1873 construction phase."
CHI-POSTFIRE-CHI1873-037-A05,CHI-POSTFIRE-CHI1873-037,construction_or_event_type,construction_start,CHAMBERLIN1874;CHICAGOLOGY_HONORE,medium,true,"Chamberlin called the hotel a fine structure of the year ending October 9 1873, but a later detailed account says reconstruction began in summer 1873 and stopped unfinished for lack of funds. Modeled only as a 1873 construction phase."
CHI-POSTFIRE-CHI1873-037-A06,CHI-POSTFIRE-CHI1873-037,predecessor_or_rebuild_of,pre-fire Honoré building destroyed in 1871,CHAMBERLIN1874;CHICAGOLOGY_HONORE,medium,true,"Chamberlin called the hotel a fine structure of the year ending October 9 1873, but a later detailed account says reconstruction began in summer 1873 and stopped unfinished for lack of funds. Modeled only as a 1873 construction phase."
CHI-POSTFIRE-CHI1873-037-A07,CHI-POSTFIRE-CHI1873-037,postfire_code_context,Masonry reconstruction in the burned core; the prolonged unfinished interior shows why exterior completion and occupancy must remain separate.,CHAMBERLIN1874;CHICAGOLOGY_HONORE,medium,true,"Chamberlin called the hotel a fine structure of the year ending October 9 1873, but a later detailed account says reconstruction began in summer 1873 and stopped unfinished for lack of funds. Modeled only as a 1873 construction phase."
CHI-POSTFIRE-CHI1873-038-A01,CHI-POSTFIRE-CHI1873-038,canonical_name,Singer Building I,CHICAGOLOGY_SINGER,high,false,"Approximately 150 feet on Washington by 160 on State; reported cost $500,000. The building suffered a major roof and upper-floor fire on August 2 1873 immediately before the store opening, was repaired, and burned again in 1877."
CHI-POSTFIRE-CHI1873-038-A02,CHI-POSTFIRE-CHI1873-038,year_completed,1873,CHICAGOLOGY_SINGER,high,false,"Approximately 150 feet on Washington by 160 on State; reported cost $500,000. The building suffered a major roof and upper-floor fire on August 2 1873 immediately before the store opening, was repaired, and burned again in 1877."
CHI-POSTFIRE-CHI1873-038-A03,CHI-POSTFIRE-CHI1873-038,address_historical,northeast corner State and Washington Streets,CHICAGOLOGY_SINGER,high,false,"Approximately 150 feet on Washington by 160 on State; reported cost $500,000. The building suffered a major roof and upper-floor fire on August 2 1873 immediately before the store opening, was repaired, and burned again in 1877."
CHI-POSTFIRE-CHI1873-038-A04,CHI-POSTFIRE-CHI1873-038,structural_system,brown Portland sandstone; large open retail floors,CHICAGOLOGY_SINGER,high,false,"Approximately 150 feet on Washington by 160 on State; reported cost $500,000. The building suffered a major roof and upper-floor fire on August 2 1873 immediately before the store opening, was repaired, and burned again in 1877."
CHI-POSTFIRE-CHI1873-038-A05,CHI-POSTFIRE-CHI1873-038,construction_or_event_type,new_construction,CHICAGOLOGY_SINGER,high,false,"Approximately 150 feet on Washington by 160 on State; reported cost $500,000. The building suffered a major roof and upper-floor fire on August 2 1873 immediately before the store opening, was repaired, and burned again in 1877."
CHI-POSTFIRE-CHI1873-038-A06,CHI-POSTFIRE-CHI1873-038,predecessor_or_rebuild_of,"Field, Leiter & Company store destroyed in 1871",CHICAGOLOGY_SINGER,high,false,"Approximately 150 feet on Washington by 160 on State; reported cost $500,000. The building suffered a major roof and upper-floor fire on August 2 1873 immediately before the store opening, was repaired, and burned again in 1877."
CHI-POSTFIRE-CHI1873-038-A07,CHI-POSTFIRE-CHI1873-038,postfire_code_context,The August 1873 construction-stage fire exposed risks in the large open interior and vertical elevator passage despite a masonry exterior.,CHICAGOLOGY_SINGER,high,false,"Approximately 150 feet on Washington by 160 on State; reported cost $500,000. The building suffered a major roof and upper-floor fire on August 2 1873 immediately before the store opening, was repaired, and burned again in 1877."
CHI-POSTFIRE-CHI1873-038-A08,CHI-POSTFIRE-CHI1873-038,year_demolished,1877,CHICAGOLOGY_SINGER,high,false,"Approximately 150 feet on Washington by 160 on State; reported cost $500,000. The building suffered a major roof and upper-floor fire on August 2 1873 immediately before the store opening, was repaired, and burned again in 1877."
CHI-POSTFIRE-CHI1873-039-A01,CHI-POSTFIRE-CHI1873-039,canonical_name,Illinois Staats-Zeitung Building,CHICAGOLOGY_STAATS,high,false,The newspaper reported taking full possession by April 8 1873. Dimensions were 40 feet on Washington by 110 on Fifth Avenue with about 30 offices and one elevator.
CHI-POSTFIRE-CHI1873-039-A02,CHI-POSTFIRE-CHI1873-039,year_completed,1873,CHICAGOLOGY_STAATS,high,false,The newspaper reported taking full possession by April 8 1873. Dimensions were 40 feet on Washington by 110 on Fifth Avenue with about 30 offices and one elevator.
CHI-POSTFIRE-CHI1873-039-A03,CHI-POSTFIRE-CHI1873-039,address_historical,northeast corner Fifth Avenue and Washington Street,CHICAGOLOGY_STAATS,high,false,The newspaper reported taking full possession by April 8 1873. Dimensions were 40 feet on Washington by 110 on Fifth Avenue with about 30 offices and one elevator.
CHI-POSTFIRE-CHI1873-039-A04,CHI-POSTFIRE-CHI1873-039,architect_or_builder,Bauer & Loebnitz,CHICAGOLOGY_STAATS,high,false,The newspaper reported taking full possession by April 8 1873. Dimensions were 40 feet on Washington by 110 on Fifth Avenue with about 30 offices and one elevator.
CHI-POSTFIRE-CHI1873-039-A05,CHI-POSTFIRE-CHI1873-039,structural_system,cut limestone front; Italian Renaissance; presses in basement,CHICAGOLOGY_STAATS,high,false,The newspaper reported taking full possession by April 8 1873. Dimensions were 40 feet on Washington by 110 on Fifth Avenue with about 30 offices and one elevator.
CHI-POSTFIRE-CHI1873-039-A06,CHI-POSTFIRE-CHI1873-039,construction_or_event_type,reconstruction,CHICAGOLOGY_STAATS,high,false,The newspaper reported taking full possession by April 8 1873. Dimensions were 40 feet on Washington by 110 on Fifth Avenue with about 30 offices and one elevator.
CHI-POSTFIRE-CHI1873-039-A07,CHI-POSTFIRE-CHI1873-039,predecessor_or_rebuild_of,Illinois Staats-Zeitung premises destroyed in 1871,CHICAGOLOGY_STAATS,high,false,The newspaper reported taking full possession by April 8 1873. Dimensions were 40 feet on Washington by 110 on Fifth Avenue with about 30 offices and one elevator.
CHI-POSTFIRE-CHI1873-039-A08,CHI-POSTFIRE-CHI1873-039,postfire_code_context,Contemporary plans described substantial stone construction but do not establish comprehensive fireproofing; a later two-story fireproof addition was separate.,CHICAGOLOGY_STAATS,high,false,The newspaper reported taking full possession by April 8 1873. Dimensions were 40 feet on Washington by 110 on Fifth Avenue with about 30 offices and one elevator.
CHI-POSTFIRE-CHI1873-039-A09,CHI-POSTFIRE-CHI1873-039,year_demolished,1962,CHICAGOLOGY_STAATS,high,false,The newspaper reported taking full possession by April 8 1873. Dimensions were 40 feet on Washington by 110 on Fifth Avenue with about 30 offices and one elevator.
CHI-POSTFIRE-CHI1873-040-A01,CHI-POSTFIRE-CHI1873-040,canonical_name,First Methodist Episcopal Church Block IV,CHICAGOLOGY_METHODIST,medium,true,Plans were complete by May 1872 and the 1874 directory locates the completed church block. The 1873 life-span assignment is retained with review because an exact dedication date was not located.
CHI-POSTFIRE-CHI1873-040-A02,CHI-POSTFIRE-CHI1873-040,year_completed,1873,CHICAGOLOGY_METHODIST,medium,true,Plans were complete by May 1872 and the 1874 directory locates the completed church block. The 1873 life-span assignment is retained with review because an exact dedication date was not located.
CHI-POSTFIRE-CHI1873-040-A03,CHI-POSTFIRE-CHI1873-040,address_historical,southeast corner Clark and Washington Streets,CHICAGOLOGY_METHODIST,medium,true,Plans were complete by May 1872 and the 1874 directory locates the completed church block. The 1873 life-span assignment is retained with review because an exact dedication date was not located.
CHI-POSTFIRE-CHI1873-040-A04,CHI-POSTFIRE-CHI1873-040,architect_or_builder,Edward Burling; Dankmar Adler,CHICAGOLOGY_METHODIST,medium,true,Plans were complete by May 1872 and the 1874 directory locates the completed church block. The 1873 life-span assignment is retained with review because an exact dedication date was not located.
CHI-POSTFIRE-CHI1873-040-A05,CHI-POSTFIRE-CHI1873-040,structural_system,masonry commercial block enclosing auditorium,CHICAGOLOGY_METHODIST,medium,true,Plans were complete by May 1872 and the 1874 directory locates the completed church block. The 1873 life-span assignment is retained with review because an exact dedication date was not located.
CHI-POSTFIRE-CHI1873-040-A06,CHI-POSTFIRE-CHI1873-040,construction_or_event_type,reconstruction,CHICAGOLOGY_METHODIST,medium,true,Plans were complete by May 1872 and the 1874 directory locates the completed church block. The 1873 life-span assignment is retained with review because an exact dedication date was not located.
CHI-POSTFIRE-CHI1873-040-A07,CHI-POSTFIRE-CHI1873-040,predecessor_or_rebuild_of,First Methodist Episcopal Church property destroyed in 1871,CHICAGOLOGY_METHODIST,medium,true,Plans were complete by May 1872 and the 1874 directory locates the completed church block. The 1873 life-span assignment is retained with review because an exact dedication date was not located.
CHI-POSTFIRE-CHI1873-040-A08,CHI-POSTFIRE-CHI1873-040,postfire_code_context,"Post-fire mixed-use masonry replacement; commercial rents supported the congregation, while source evidence does not establish full fireproof construction.",CHICAGOLOGY_METHODIST,medium,true,Plans were complete by May 1872 and the 1874 directory locates the completed church block. The 1873 life-span assignment is retained with review because an exact dedication date was not located.
CHI-POSTFIRE-CHI1873-040-A09,CHI-POSTFIRE-CHI1873-040,year_demolished,1922,CHICAGOLOGY_METHODIST,medium,true,Plans were complete by May 1872 and the 1874 directory locates the completed church block. The 1873 life-span assignment is retained with review because an exact dedication date was not located.
CHI-POSTFIRE-CHI1873-041-A01,CHI-POSTFIRE-CHI1873-041,canonical_name,Washington Block,CITYLANDMARKSAPI;CITYCOUNCIL_WASHINGTON,high,false,"Official city findings date construction to 1873-1874. An October 1873 newspaper account found it approaching completion, so this is a start/progress row rather than a 1873 completion."
CHI-POSTFIRE-CHI1873-041-A02,CHI-POSTFIRE-CHI1873-041,year_completed,1874,CITYLANDMARKSAPI;CITYCOUNCIL_WASHINGTON,high,false,"Official city findings date construction to 1873-1874. An October 1873 newspaper account found it approaching completion, so this is a start/progress row rather than a 1873 completion."
CHI-POSTFIRE-CHI1873-041-A03,CHI-POSTFIRE-CHI1873-041,address_historical,southwest corner Washington Street and Fifth Avenue,CITYLANDMARKSAPI;CITYCOUNCIL_WASHINGTON,high,false,"Official city findings date construction to 1873-1874. An October 1873 newspaper account found it approaching completion, so this is a start/progress row rather than a 1873 completion."
CHI-POSTFIRE-CHI1873-041-A04,CHI-POSTFIRE-CHI1873-041,architect_or_builder,Frederick & Edward Baumann,CITYLANDMARKSAPI;CITYCOUNCIL_WASHINGTON,high,false,"Official city findings date construction to 1873-1874. An October 1873 newspaper account found it approaching completion, so this is a start/progress row rather than a 1873 completion."
CHI-POSTFIRE-CHI1873-041-A05,CHI-POSTFIRE-CHI1873-041,structural_system,limestone facade; isolated-pier foundations,CITYLANDMARKSAPI;CITYCOUNCIL_WASHINGTON,high,false,"Official city findings date construction to 1873-1874. An October 1873 newspaper account found it approaching completion, so this is a start/progress row rather than a 1873 completion."
CHI-POSTFIRE-CHI1873-041-A06,CHI-POSTFIRE-CHI1873-041,construction_or_event_type,construction_phase,CITYLANDMARKSAPI;CITYCOUNCIL_WASHINGTON,high,false,"Official city findings date construction to 1873-1874. An October 1873 newspaper account found it approaching completion, so this is a start/progress row rather than a 1873 completion."
CHI-POSTFIRE-CHI1873-041-A07,CHI-POSTFIRE-CHI1873-041,postfire_code_context,"A permanent post-fire office building; its isolated-pier foundation is a structural advance, distinct from claims of fireproofing.",CITYLANDMARKSAPI;CITYCOUNCIL_WASHINGTON,high,false,"Official city findings date construction to 1873-1874. An October 1873 newspaper account found it approaching completion, so this is a start/progress row rather than a 1873 completion."
CHI-POSTFIRE-CHI1873-042-A01,CHI-POSTFIRE-CHI1873-042,canonical_name,Samuel Cole Building,CITYCOUNCIL_LAKEFRANKLIN,high,false,One of the Lake and Franklin Buildings and a rare surviving post-fire mercantile loft; a fifth story was added in 1896.
CHI-POSTFIRE-CHI1873-042-A02,CHI-POSTFIRE-CHI1873-042,year_completed,1873,CITYCOUNCIL_LAKEFRANKLIN,high,false,One of the Lake and Franklin Buildings and a rare surviving post-fire mercantile loft; a fifth story was added in 1896.
CHI-POSTFIRE-CHI1873-042-A03,CHI-POSTFIRE-CHI1873-042,address_historical,233 W Lake Street and 185 N Franklin Street,CITYCOUNCIL_LAKEFRANKLIN,high,false,One of the Lake and Franklin Buildings and a rare surviving post-fire mercantile loft; a fifth story was added in 1896.
CHI-POSTFIRE-CHI1873-042-A04,CHI-POSTFIRE-CHI1873-042,architect_or_builder,Edward Burling; Dankmar Adler,CITYCOUNCIL_LAKEFRANKLIN,high,false,One of the Lake and Franklin Buildings and a rare surviving post-fire mercantile loft; a fifth story was added in 1896.
CHI-POSTFIRE-CHI1873-042-A05,CHI-POSTFIRE-CHI1873-042,structural_system,load-bearing masonry; molded architectural terra cotta,CITYCOUNCIL_LAKEFRANKLIN,high,false,One of the Lake and Franklin Buildings and a rare surviving post-fire mercantile loft; a fifth story was added in 1896.
CHI-POSTFIRE-CHI1873-042-A06,CHI-POSTFIRE-CHI1873-042,construction_or_event_type,new_construction,CITYCOUNCIL_LAKEFRANKLIN,high,false,One of the Lake and Franklin Buildings and a rare surviving post-fire mercantile loft; a fifth story was added in 1896.
CHI-POSTFIRE-CHI1873-042-A07,CHI-POSTFIRE-CHI1873-042,postfire_code_context,Permanent masonry loft in the post-fire wholesale district; official designation emphasizes its early architectural terra cotta rather than a complete fireproof system.,CITYCOUNCIL_LAKEFRANKLIN,high,false,One of the Lake and Franklin Buildings and a rare surviving post-fire mercantile loft; a fifth story was added in 1896.
CHI-POSTFIRE-CHI1873-043-A01,CHI-POSTFIRE-CHI1873-043,canonical_name,William Rowney Building,CITYCOUNCIL_LAKEFRANKLIN,high,false,One of the officially designated Lake and Franklin Buildings and a surviving component of the city's largest intact 1870s mercantile-loft ensemble.
CHI-POSTFIRE-CHI1873-043-A02,CHI-POSTFIRE-CHI1873-043,year_completed,1873,CITYCOUNCIL_LAKEFRANKLIN,high,false,One of the officially designated Lake and Franklin Buildings and a surviving component of the city's largest intact 1870s mercantile-loft ensemble.
CHI-POSTFIRE-CHI1873-043-A03,CHI-POSTFIRE-CHI1873-043,address_historical,235 W Lake Street and 189 N Franklin Street,CITYCOUNCIL_LAKEFRANKLIN,high,false,One of the officially designated Lake and Franklin Buildings and a surviving component of the city's largest intact 1870s mercantile-loft ensemble.
CHI-POSTFIRE-CHI1873-043-A04,CHI-POSTFIRE-CHI1873-043,architect_or_builder,Edward Burling; Dankmar Adler,CITYCOUNCIL_LAKEFRANKLIN,high,false,One of the officially designated Lake and Franklin Buildings and a surviving component of the city's largest intact 1870s mercantile-loft ensemble.
CHI-POSTFIRE-CHI1873-043-A05,CHI-POSTFIRE-CHI1873-043,structural_system,load-bearing masonry; Italianate commercial loft,CITYCOUNCIL_LAKEFRANKLIN,high,false,One of the officially designated Lake and Franklin Buildings and a surviving component of the city's largest intact 1870s mercantile-loft ensemble.
CHI-POSTFIRE-CHI1873-043-A06,CHI-POSTFIRE-CHI1873-043,construction_or_event_type,new_construction,CITYCOUNCIL_LAKEFRANKLIN,high,false,One of the officially designated Lake and Franklin Buildings and a surviving component of the city's largest intact 1870s mercantile-loft ensemble.
CHI-POSTFIRE-CHI1873-043-A07,CHI-POSTFIRE-CHI1873-043,postfire_code_context,Permanent masonry loft in the post-fire wholesale district; direct fireproof-system evidence was not located.,CITYCOUNCIL_LAKEFRANKLIN,high,false,One of the officially designated Lake and Franklin Buildings and a surviving component of the city's largest intact 1870s mercantile-loft ensemble.
CHI-POSTFIRE-CHI1873-044-A01,CHI-POSTFIRE-CHI1873-044,canonical_name,Burr School,AND1886V3,high,true,"Andreas's construction table records a 71-by-81-foot three-story brick building heated by furnaces with 758 sittings and total value $26,500."
CHI-POSTFIRE-CHI1873-044-A02,CHI-POSTFIRE-CHI1873-044,year_completed,1873,AND1886V3,high,true,"Andreas's construction table records a 71-by-81-foot three-story brick building heated by furnaces with 758 sittings and total value $26,500."
CHI-POSTFIRE-CHI1873-044-A03,CHI-POSTFIRE-CHI1873-044,structural_system,brick; furnaces,AND1886V3,high,true,"Andreas's construction table records a 71-by-81-foot three-story brick building heated by furnaces with 758 sittings and total value $26,500."
CHI-POSTFIRE-CHI1873-044-A04,CHI-POSTFIRE-CHI1873-044,construction_or_event_type,new_construction,AND1886V3,high,true,"Andreas's construction table records a 71-by-81-foot three-story brick building heated by furnaces with 758 sittings and total value $26,500."
CHI-POSTFIRE-CHI1873-044-A05,CHI-POSTFIRE-CHI1873-044,postfire_code_context,Brick public-school construction in the post-fire expansion period; code-specific evidence not stated.,AND1886V3,high,true,"Andreas's construction table records a 71-by-81-foot three-story brick building heated by furnaces with 758 sittings and total value $26,500."
CHI-POSTFIRE-CHI1873-045-A01,CHI-POSTFIRE-CHI1873-045,canonical_name,Jones School II,AND1886V3,high,true,"Andreas's table records a 76-by-84-foot three-story brick building with 976 sittings and value $42,000; narrative says it was occupied only one year before burning in 1874."
CHI-POSTFIRE-CHI1873-045-A02,CHI-POSTFIRE-CHI1873-045,year_completed,1873,AND1886V3,high,true,"Andreas's table records a 76-by-84-foot three-story brick building with 976 sittings and value $42,000; narrative says it was occupied only one year before burning in 1874."
CHI-POSTFIRE-CHI1873-045-A03,CHI-POSTFIRE-CHI1873-045,structural_system,brick; steam heat,AND1886V3,high,true,"Andreas's table records a 76-by-84-foot three-story brick building with 976 sittings and value $42,000; narrative says it was occupied only one year before burning in 1874."
CHI-POSTFIRE-CHI1873-045-A04,CHI-POSTFIRE-CHI1873-045,construction_or_event_type,reconstruction,AND1886V3,high,true,"Andreas's table records a 76-by-84-foot three-story brick building with 976 sittings and value $42,000; narrative says it was occupied only one year before burning in 1874."
CHI-POSTFIRE-CHI1873-045-A05,CHI-POSTFIRE-CHI1873-045,predecessor_or_rebuild_of,Jones School destroyed in 1871 fire,AND1886V3,high,true,"Andreas's table records a 76-by-84-foot three-story brick building with 976 sittings and value $42,000; narrative says it was occupied only one year before burning in 1874."
CHI-POSTFIRE-CHI1873-045-A06,CHI-POSTFIRE-CHI1873-045,postfire_code_context,Brick municipal replacement after the fire; the building's destruction the next year shows that masonry did not eliminate fire vulnerability.,AND1886V3,high,true,"Andreas's table records a 76-by-84-foot three-story brick building with 976 sittings and value $42,000; narrative says it was occupied only one year before burning in 1874."
CHI-POSTFIRE-CHI1873-045-A07,CHI-POSTFIRE-CHI1873-045,year_demolished,1874,AND1886V3,high,true,"Andreas's table records a 76-by-84-foot three-story brick building with 976 sittings and value $42,000; narrative says it was occupied only one year before burning in 1874."
CHI-POSTFIRE-CHI1873-046-A01,CHI-POSTFIRE-CHI1873-046,canonical_name,King School,AND1886V3,high,true,"Andreas's table records a 71-by-81-foot three-story brick building with 1,004 sittings and total value $27,000."
CHI-POSTFIRE-CHI1873-046-A02,CHI-POSTFIRE-CHI1873-046,year_completed,1873,AND1886V3,high,true,"Andreas's table records a 71-by-81-foot three-story brick building with 1,004 sittings and total value $27,000."
CHI-POSTFIRE-CHI1873-046-A03,CHI-POSTFIRE-CHI1873-046,structural_system,brick; furnaces,AND1886V3,high,true,"Andreas's table records a 71-by-81-foot three-story brick building with 1,004 sittings and total value $27,000."
CHI-POSTFIRE-CHI1873-046-A04,CHI-POSTFIRE-CHI1873-046,construction_or_event_type,new_construction,AND1886V3,high,true,"Andreas's table records a 71-by-81-foot three-story brick building with 1,004 sittings and total value $27,000."
CHI-POSTFIRE-CHI1873-046-A05,CHI-POSTFIRE-CHI1873-046,postfire_code_context,Brick public-school construction in the post-fire expansion period; code-specific evidence not stated.,AND1886V3,high,true,"Andreas's table records a 71-by-81-foot three-story brick building with 1,004 sittings and total value $27,000."
CHI-POSTFIRE-CHI1873-047-A01,CHI-POSTFIRE-CHI1873-047,canonical_name,Third Avenue School,AND1886V3,high,true,"Andreas's construction table records a 60-by-94-foot three-story brick building with 761 sittings and total value $26,250; the later site table associates Third Avenue School with State and Elm."
CHI-POSTFIRE-CHI1873-047-A02,CHI-POSTFIRE-CHI1873-047,year_completed,1873,AND1886V3,high,true,"Andreas's construction table records a 60-by-94-foot three-story brick building with 761 sittings and total value $26,250; the later site table associates Third Avenue School with State and Elm."
CHI-POSTFIRE-CHI1873-047-A03,CHI-POSTFIRE-CHI1873-047,address_historical,State Street at Elm Street,AND1886V3,high,true,"Andreas's construction table records a 60-by-94-foot three-story brick building with 761 sittings and total value $26,250; the later site table associates Third Avenue School with State and Elm."
CHI-POSTFIRE-CHI1873-047-A04,CHI-POSTFIRE-CHI1873-047,structural_system,brick; furnaces,AND1886V3,high,true,"Andreas's construction table records a 60-by-94-foot three-story brick building with 761 sittings and total value $26,250; the later site table associates Third Avenue School with State and Elm."
CHI-POSTFIRE-CHI1873-047-A05,CHI-POSTFIRE-CHI1873-047,construction_or_event_type,new_construction,AND1886V3,high,true,"Andreas's construction table records a 60-by-94-foot three-story brick building with 761 sittings and total value $26,250; the later site table associates Third Avenue School with State and Elm."
CHI-POSTFIRE-CHI1873-047-A06,CHI-POSTFIRE-CHI1873-047,postfire_code_context,Brick public-school construction in the post-fire expansion period; code-specific evidence not stated.,AND1886V3,high,true,"Andreas's construction table records a 60-by-94-foot three-story brick building with 761 sittings and total value $26,250; the later site table associates Third Avenue School with State and Elm."
CHI-POSTFIRE-CHI1873-048-A01,CHI-POSTFIRE-CHI1873-048,canonical_name,Vedder Street School,AND1886V3,high,true,"Andreas's table records a 70-by-82-foot three-story brick building with 756 sittings and total value $26,250."
CHI-POSTFIRE-CHI1873-048-A02,CHI-POSTFIRE-CHI1873-048,year_completed,1873,AND1886V3,high,true,"Andreas's table records a 70-by-82-foot three-story brick building with 756 sittings and total value $26,250."
CHI-POSTFIRE-CHI1873-048-A03,CHI-POSTFIRE-CHI1873-048,address_historical,Vedder Street,AND1886V3,high,true,"Andreas's table records a 70-by-82-foot three-story brick building with 756 sittings and total value $26,250."
CHI-POSTFIRE-CHI1873-048-A04,CHI-POSTFIRE-CHI1873-048,structural_system,brick; furnaces,AND1886V3,high,true,"Andreas's table records a 70-by-82-foot three-story brick building with 756 sittings and total value $26,250."
CHI-POSTFIRE-CHI1873-048-A05,CHI-POSTFIRE-CHI1873-048,construction_or_event_type,new_construction,AND1886V3,high,true,"Andreas's table records a 70-by-82-foot three-story brick building with 756 sittings and total value $26,250."
CHI-POSTFIRE-CHI1873-048-A06,CHI-POSTFIRE-CHI1873-048,postfire_code_context,Brick public-school construction in the post-fire expansion period; code-specific evidence not stated.,AND1886V3,high,true,"Andreas's table records a 70-by-82-foot three-story brick building with 756 sittings and total value $26,250."
CHI-POSTFIRE-CHI1873-049-A01,CHI-POSTFIRE-CHI1873-049,canonical_name,Chicago Gas Light and Coke Company Bridgeport Works,AND1886V3,high,false,"Company bought the site and erected works in 1873 to serve the southwestern city at a reported cost of $150,000; Andreas says it was connected by mains to the other works."
CHI-POSTFIRE-CHI1873-049-A02,CHI-POSTFIRE-CHI1873-049,year_completed,1873,AND1886V3,high,false,"Company bought the site and erected works in 1873 to serve the southwestern city at a reported cost of $150,000; Andreas says it was connected by mains to the other works."
CHI-POSTFIRE-CHI1873-049-A03,CHI-POSTFIRE-CHI1873-049,address_historical,foot of Deering Street in Bridgeport,AND1886V3,high,false,"Company bought the site and erected works in 1873 to serve the southwestern city at a reported cost of $150,000; Andreas says it was connected by mains to the other works."
CHI-POSTFIRE-CHI1873-049-A04,CHI-POSTFIRE-CHI1873-049,structural_system,industrial gas-production plant,AND1886V3,high,false,"Company bought the site and erected works in 1873 to serve the southwestern city at a reported cost of $150,000; Andreas says it was connected by mains to the other works."
CHI-POSTFIRE-CHI1873-049-A05,CHI-POSTFIRE-CHI1873-049,construction_or_event_type,new_construction,AND1886V3,high,false,"Company bought the site and erected works in 1873 to serve the southwestern city at a reported cost of $150,000; Andreas says it was connected by mains to the other works."
CHI-POSTFIRE-CHI1873-049-A06,CHI-POSTFIRE-CHI1873-049,postfire_code_context,Industrial utility outside the principal burned core; fire-limit building-code implications were not established.,AND1886V3,high,false,"Company bought the site and erected works in 1873 to serve the southwestern city at a reported cost of $150,000; Andreas says it was connected by mains to the other works."
CHI-POSTFIRE-CHI1873-050-A01,CHI-POSTFIRE-CHI1873-050,canonical_name,Cook County Insane Asylum 1873 addition,AND1886V3,high,true,"A large addition was constructed and a fourth story added to the original building in 1873, increasing capacity to about 350 patients. Recorded as a phase of the asylum complex rather than a separate institution."
CHI-POSTFIRE-CHI1873-050-A02,CHI-POSTFIRE-CHI1873-050,year_completed,1873,AND1886V3,high,true,"A large addition was constructed and a fourth story added to the original building in 1873, increasing capacity to about 350 patients. Recorded as a phase of the asylum complex rather than a separate institution."
CHI-POSTFIRE-CHI1873-050-A03,CHI-POSTFIRE-CHI1873-050,address_historical,Cook County farm near the County Infirmary,AND1886V3,high,true,"A large addition was constructed and a fourth story added to the original building in 1873, increasing capacity to about 350 patients. Recorded as a phase of the asylum complex rather than a separate institution."
CHI-POSTFIRE-CHI1873-050-A04,CHI-POSTFIRE-CHI1873-050,structural_system,brick addition and added fourth story,AND1886V3,high,true,"A large addition was constructed and a fourth story added to the original building in 1873, increasing capacity to about 350 patients. Recorded as a phase of the asylum complex rather than a separate institution."
CHI-POSTFIRE-CHI1873-050-A05,CHI-POSTFIRE-CHI1873-050,construction_or_event_type,addition,AND1886V3,high,true,"A large addition was constructed and a fourth story added to the original building in 1873, increasing capacity to about 350 patients. Recorded as a phase of the asylum complex rather than a separate institution."
CHI-POSTFIRE-CHI1873-050-A06,CHI-POSTFIRE-CHI1873-050,predecessor_or_rebuild_of,Cook County Insane Asylum building of 1870,AND1886V3,high,true,"A large addition was constructed and a fourth story added to the original building in 1873, increasing capacity to about 350 patients. Recorded as a phase of the asylum complex rather than a separate institution."
CHI-POSTFIRE-CHI1873-050-A07,CHI-POSTFIRE-CHI1873-050,postfire_code_context,Institutional masonry enlargement; code-specific fire-resistance evidence not stated.,AND1886V3,high,true,"A large addition was constructed and a fourth story added to the original building in 1873, increasing capacity to about 350 patients. Recorded as a phase of the asylum complex rather than a separate institution."
CHI-POSTFIRE-CHI1873-051-A01,CHI-POSTFIRE-CHI1873-051,canonical_name,Rush Street water-supply tunnel,AND1886V3,high,false,"Commenced January 15 and completed May 19 1873 at reported cost $13,279.70; involved an 84-foot shaft at Michigan Avenue and 68-foot shaft at Pine Street connected by a 492-foot drift."
CHI-POSTFIRE-CHI1873-051-A02,CHI-POSTFIRE-CHI1873-051,year_completed,1873,AND1886V3,high,false,"Commenced January 15 and completed May 19 1873 at reported cost $13,279.70; involved an 84-foot shaft at Michigan Avenue and 68-foot shaft at Pine Street connected by a 492-foot drift."
CHI-POSTFIRE-CHI1873-051-A03,CHI-POSTFIRE-CHI1873-051,address_historical,under Chicago River near Rush Street bridge,AND1886V3,high,false,"Commenced January 15 and completed May 19 1873 at reported cost $13,279.70; involved an 84-foot shaft at Michigan Avenue and 68-foot shaft at Pine Street connected by a 492-foot drift."
CHI-POSTFIRE-CHI1873-051-A04,CHI-POSTFIRE-CHI1873-051,architect_or_builder,Chicago Board of Public Works contractors,AND1886V3,high,false,"Commenced January 15 and completed May 19 1873 at reported cost $13,279.70; involved an 84-foot shaft at Michigan Avenue and 68-foot shaft at Pine Street connected by a 492-foot drift."
CHI-POSTFIRE-CHI1873-051-A05,CHI-POSTFIRE-CHI1873-051,structural_system,six-foot internal-diameter tunnel with two shafts,AND1886V3,high,false,"Commenced January 15 and completed May 19 1873 at reported cost $13,279.70; involved an 84-foot shaft at Michigan Avenue and 68-foot shaft at Pine Street connected by a 492-foot drift."
CHI-POSTFIRE-CHI1873-051-A06,CHI-POSTFIRE-CHI1873-051,construction_or_event_type,infrastructure,AND1886V3,high,false,"Commenced January 15 and completed May 19 1873 at reported cost $13,279.70; involved an 84-foot shaft at Michigan Avenue and 68-foot shaft at Pine Street connected by a 492-foot drift."
CHI-POSTFIRE-CHI1873-051-A07,CHI-POSTFIRE-CHI1873-051,postfire_code_context,Subsurface municipal infrastructure; building fire-code context not applicable.,AND1886V3,high,false,"Commenced January 15 and completed May 19 1873 at reported cost $13,279.70; involved an 84-foot shaft at Michigan Avenue and 68-foot shaft at Pine Street connected by a 492-foot drift."
CHI-POSTFIRE-CHI1873-052-A01,CHI-POSTFIRE-CHI1873-052,canonical_name,New lake-tunnel land extension,AND1886V3,high,false,"Department ordered commencement in July 1873; working shafts were sunk at Illinois, Franklin, Polk and Waller Streets and fire shafts at Erie, Kinzie, Market and Taylor. Land and water structures were completed July 7 1874."
CHI-POSTFIRE-CHI1873-052-A02,CHI-POSTFIRE-CHI1873-052,year_completed,1874,AND1886V3,high,false,"Department ordered commencement in July 1873; working shafts were sunk at Illinois, Franklin, Polk and Waller Streets and fire shafts at Erie, Kinzie, Market and Taylor. Land and water structures were completed July 7 1874."
CHI-POSTFIRE-CHI1873-052-A03,CHI-POSTFIRE-CHI1873-052,address_historical,from lake tunnel across the city to planned West pumping works,AND1886V3,high,false,"Department ordered commencement in July 1873; working shafts were sunk at Illinois, Franklin, Polk and Waller Streets and fire shafts at Erie, Kinzie, Market and Taylor. Land and water structures were completed July 7 1874."
CHI-POSTFIRE-CHI1873-052-A04,CHI-POSTFIRE-CHI1873-052,architect_or_builder,Chicago Board of Public Works contractors,AND1886V3,high,false,"Department ordered commencement in July 1873; working shafts were sunk at Illinois, Franklin, Polk and Waller Streets and fire shafts at Erie, Kinzie, Market and Taylor. Land and water structures were completed July 7 1874."
CHI-POSTFIRE-CHI1873-052-A05,CHI-POSTFIRE-CHI1873-052,structural_system,subsurface tunnel with working and fire shafts,AND1886V3,high,false,"Department ordered commencement in July 1873; working shafts were sunk at Illinois, Franklin, Polk and Waller Streets and fire shafts at Erie, Kinzie, Market and Taylor. Land and water structures were completed July 7 1874."
CHI-POSTFIRE-CHI1873-052-A06,CHI-POSTFIRE-CHI1873-052,construction_or_event_type,construction_start,AND1886V3,high,false,"Department ordered commencement in July 1873; working shafts were sunk at Illinois, Franklin, Polk and Waller Streets and fire shafts at Erie, Kinzie, Market and Taylor. Land and water structures were completed July 7 1874."
CHI-POSTFIRE-CHI1873-052-A07,CHI-POSTFIRE-CHI1873-052,postfire_code_context,Subsurface municipal infrastructure; building fire-code context not applicable.,AND1886V3,high,false,"Department ordered commencement in July 1873; working shafts were sunk at Illinois, Franklin, Polk and Waller Streets and fire shafts at Erie, Kinzie, Market and Taylor. Land and water structures were completed July 7 1874."
CHI-POSTFIRE-CHI1873-053-A01,CHI-POSTFIRE-CHI1873-053,canonical_name,Holy Trinity Polish Church I,HOLYTRINITY2017,medium,true,Scholarly history states that the first church was built in 1873. It must not be conflated with the extant monumental church begun in 1905 and completed in 1906; precise first-building parcel and demolition date need parish-archive review.
CHI-POSTFIRE-CHI1873-053-A02,CHI-POSTFIRE-CHI1873-053,year_completed,1873,HOLYTRINITY2017,medium,true,Scholarly history states that the first church was built in 1873. It must not be conflated with the extant monumental church begun in 1905 and completed in 1906; precise first-building parcel and demolition date need parish-archive review.
CHI-POSTFIRE-CHI1873-053-A03,CHI-POSTFIRE-CHI1873-053,address_historical,Noble Street area,HOLYTRINITY2017,medium,true,Scholarly history states that the first church was built in 1873. It must not be conflated with the extant monumental church begun in 1905 and completed in 1906; precise first-building parcel and demolition date need parish-archive review.
CHI-POSTFIRE-CHI1873-053-A04,CHI-POSTFIRE-CHI1873-053,construction_or_event_type,new_construction,HOLYTRINITY2017,medium,true,Scholarly history states that the first church was built in 1873. It must not be conflated with the extant monumental church begun in 1905 and completed in 1906; precise first-building parcel and demolition date need parish-archive review.
CHI-POSTFIRE-CHI1873-053-A05,CHI-POSTFIRE-CHI1873-053,postfire_code_context,Neighborhood church outside the principal burned commercial core; no ordinance-level fire-code evidence found.,HOLYTRINITY2017,medium,true,Scholarly history states that the first church was built in 1873. It must not be conflated with the extant monumental church begun in 1905 and completed in 1906; precise first-building parcel and demolition date need parish-archive review.
CHI-POSTFIRE-CHI1873-053-A06,CHI-POSTFIRE-CHI1873-053,year_demolished,1905,HOLYTRINITY2017,medium,true,Scholarly history states that the first church was built in 1873. It must not be conflated with the extant monumental church begun in 1905 and completed in 1906; precise first-building parcel and demolition date need parish-archive review.
CHI-POSTFIRE-CHI-1874-001-A01,CHI-POSTFIRE-CHI-1874-001,canonical_name,Palmer House (second building),ANDREAS_V3,medium,true,"Andreas says Thomas Sollitt completed the Palmer House during 1874, while other summaries use an earlier opening or a 1875 completion. This row preserves the 1874 materially documented completion phase rather than treating opening as completion."
CHI-POSTFIRE-CHI-1874-001-A02,CHI-POSTFIRE-CHI-1874-001,year_completed,1874,ANDREAS_V3,medium,true,"Andreas says Thomas Sollitt completed the Palmer House during 1874, while other summaries use an earlier opening or a 1875 completion. This row preserves the 1874 materially documented completion phase rather than treating opening as completion."
CHI-POSTFIRE-CHI-1874-001-A03,CHI-POSTFIRE-CHI-1874-001,address_historical,State and Monroe Streets,ANDREAS_V3,medium,true,"Andreas says Thomas Sollitt completed the Palmer House during 1874, while other summaries use an earlier opening or a 1875 completion. This row preserves the 1874 materially documented completion phase rather than treating opening as completion."
CHI-POSTFIRE-CHI-1874-001-A04,CHI-POSTFIRE-CHI-1874-001,architect_or_builder,John M. Van Osdel (architect); Thomas Sollitt (builder/superintendent),ANDREAS_V3,medium,true,"Andreas says Thomas Sollitt completed the Palmer House during 1874, while other summaries use an earlier opening or a 1875 completion. This row preserves the 1874 materially documented completion phase rather than treating opening as completion."
CHI-POSTFIRE-CHI-1874-001-A05,CHI-POSTFIRE-CHI-1874-001,structural_system,masonry exterior with fire-resistive claims,ANDREAS_V3,medium,true,"Andreas says Thomas Sollitt completed the Palmer House during 1874, while other summaries use an earlier opening or a 1875 completion. This row preserves the 1874 materially documented completion phase rather than treating opening as completion."
CHI-POSTFIRE-CHI-1874-001-A06,CHI-POSTFIRE-CHI-1874-001,construction_or_event_type,completion_phase,ANDREAS_V3,medium,true,"Andreas says Thomas Sollitt completed the Palmer House during 1874, while other summaries use an earlier opening or a 1875 completion. This row preserves the 1874 materially documented completion phase rather than treating opening as completion."
CHI-POSTFIRE-CHI-1874-001-A07,CHI-POSTFIRE-CHI-1874-001,predecessor_or_rebuild_of,Palmer House destroyed October 1871,ANDREAS_V3,medium,true,"Andreas says Thomas Sollitt completed the Palmer House during 1874, while other summaries use an earlier opening or a 1875 completion. This row preserves the 1874 materially documented completion phase rather than treating opening as completion."
CHI-POSTFIRE-CHI-1874-001-A08,CHI-POSTFIRE-CHI-1874-001,postfire_code_context,Within the 1871 fire limits; post-fire masonry and interior-safety rules applied.,ANDREAS_V3,medium,true,"Andreas says Thomas Sollitt completed the Palmer House during 1874, while other summaries use an earlier opening or a 1875 completion. This row preserves the 1874 materially documented completion phase rather than treating opening as completion."
CHI-POSTFIRE-CHI-1874-001-A09,CHI-POSTFIRE-CHI-1874-001,year_demolished,1923,ANDREAS_V3,medium,true,"Andreas says Thomas Sollitt completed the Palmer House during 1874, while other summaries use an earlier opening or a 1875 completion. This row preserves the 1874 materially documented completion phase rather than treating opening as completion."
CHI-POSTFIRE-CHI-1874-002-A01,CHI-POSTFIRE-CHI-1874-002,canonical_name,Cook County Criminal Court House and Jail complex,CHM_CRIMINAL;CHICAGOLOGY_CRIMINAL,high,false,The residence wing was occupied in February 1874 and the complex was expected ready by May 1; Chicago History Museum describes courthouse and jail as completed in 1874. Court and jail are kept as one complex-phase record because the contemporary account treats coordinated construction.
CHI-POSTFIRE-CHI-1874-002-A02,CHI-POSTFIRE-CHI-1874-002,year_completed,1874,CHM_CRIMINAL;CHICAGOLOGY_CRIMINAL,high,false,The residence wing was occupied in February 1874 and the complex was expected ready by May 1; Chicago History Museum describes courthouse and jail as completed in 1874. Court and jail are kept as one complex-phase record because the contemporary account treats coordinated construction.
CHI-POSTFIRE-CHI-1874-002-A03,CHI-POSTFIRE-CHI-1874-002,address_historical,"Dearborn Street at Hubbard Street; block bounded by Michigan (Hubbard), Dearborn, Illinois, and Clark Streets",CHM_CRIMINAL;CHICAGOLOGY_CRIMINAL,high,false,The residence wing was occupied in February 1874 and the complex was expected ready by May 1; Chicago History Museum describes courthouse and jail as completed in 1874. Court and jail are kept as one complex-phase record because the contemporary account treats coordinated construction.
CHI-POSTFIRE-CHI-1874-002-A04,CHI-POSTFIRE-CHI-1874-002,architect_or_builder,Armstrong & Egan,CHM_CRIMINAL;CHICAGOLOGY_CRIMINAL,high,false,The residence wing was occupied in February 1874 and the complex was expected ready by May 1; Chicago History Museum describes courthouse and jail as completed in 1874. Court and jail are kept as one complex-phase record because the contemporary account treats coordinated construction.
CHI-POSTFIRE-CHI-1874-002-A05,CHI-POSTFIRE-CHI-1874-002,structural_system,masonry complex,CHM_CRIMINAL;CHICAGOLOGY_CRIMINAL,high,false,The residence wing was occupied in February 1874 and the complex was expected ready by May 1; Chicago History Museum describes courthouse and jail as completed in 1874. Court and jail are kept as one complex-phase record because the contemporary account treats coordinated construction.
CHI-POSTFIRE-CHI-1874-002-A06,CHI-POSTFIRE-CHI-1874-002,construction_or_event_type,complex_completion_and_opening_phase,CHM_CRIMINAL;CHICAGOLOGY_CRIMINAL,high,false,The residence wing was occupied in February 1874 and the complex was expected ready by May 1; Chicago History Museum describes courthouse and jail as completed in 1874. Court and jail are kept as one complex-phase record because the contemporary account treats coordinated construction.
CHI-POSTFIRE-CHI-1874-002-A07,CHI-POSTFIRE-CHI-1874-002,predecessor_or_rebuild_of,North Market Hall site; post-fire replacement of county facilities,CHM_CRIMINAL;CHICAGOLOGY_CRIMINAL,high,false,The residence wing was occupied in February 1874 and the complex was expected ready by May 1; Chicago History Museum describes courthouse and jail as completed in 1874. Court and jail are kept as one complex-phase record because the contemporary account treats coordinated construction.
CHI-POSTFIRE-CHI-1874-002-A08,CHI-POSTFIRE-CHI-1874-002,postfire_code_context,Within the 1871 fire limits; designed during the post-fire rebuilding and subject to masonry/fire-safety requirements.,CHM_CRIMINAL;CHICAGOLOGY_CRIMINAL,high,false,The residence wing was occupied in February 1874 and the complex was expected ready by May 1; Chicago History Museum describes courthouse and jail as completed in 1874. Court and jail are kept as one complex-phase record because the contemporary account treats coordinated construction.
CHI-POSTFIRE-CHI-1874-002-A09,CHI-POSTFIRE-CHI-1874-002,year_demolished,1892,CHM_CRIMINAL;CHICAGOLOGY_CRIMINAL,high,false,The residence wing was occupied in February 1874 and the complex was expected ready by May 1; Chicago History Museum describes courthouse and jail as completed in 1874. Court and jail are kept as one complex-phase record because the contemporary account treats coordinated construction.
CHI-POSTFIRE-CHI-1874-003-A01,CHI-POSTFIRE-CHI-1874-003,canonical_name,American Express Company Building,CHICAGOLOGY_AMEX,high,false,"The company announced removal into its new building on February 2, 1874. The Land Owner described a 90-by-190-foot, six-story-and-basement building begun in 1872; occupancy is direct, construction completion is inferred from the move-in and contemporary illustration."
CHI-POSTFIRE-CHI-1874-003-A02,CHI-POSTFIRE-CHI-1874-003,year_completed,1874,CHICAGOLOGY_AMEX,high,false,"The company announced removal into its new building on February 2, 1874. The Land Owner described a 90-by-190-foot, six-story-and-basement building begun in 1872; occupancy is direct, construction completion is inferred from the move-in and contemporary illustration."
CHI-POSTFIRE-CHI-1874-003-A03,CHI-POSTFIRE-CHI-1874-003,address_historical,72-78 Monroe Street,CHICAGOLOGY_AMEX,high,false,"The company announced removal into its new building on February 2, 1874. The Land Owner described a 90-by-190-foot, six-story-and-basement building begun in 1872; occupancy is direct, construction completion is inferred from the move-in and contemporary illustration."
CHI-POSTFIRE-CHI-1874-003-A04,CHI-POSTFIRE-CHI-1874-003,architect_or_builder,Henry Richardson,CHICAGOLOGY_AMEX,high,false,"The company announced removal into its new building on February 2, 1874. The Land Owner described a 90-by-190-foot, six-story-and-basement building begun in 1872; occupancy is direct, construction completion is inferred from the move-in and contemporary illustration."
CHI-POSTFIRE-CHI-1874-003-A05,CHI-POSTFIRE-CHI-1874-003,structural_system,masonry with hardwood interior construction,CHICAGOLOGY_AMEX,high,false,"The company announced removal into its new building on February 2, 1874. The Land Owner described a 90-by-190-foot, six-story-and-basement building begun in 1872; occupancy is direct, construction completion is inferred from the move-in and contemporary illustration."
CHI-POSTFIRE-CHI-1874-003-A06,CHI-POSTFIRE-CHI-1874-003,construction_or_event_type,completion_and_opening_phase,CHICAGOLOGY_AMEX,high,false,"The company announced removal into its new building on February 2, 1874. The Land Owner described a 90-by-190-foot, six-story-and-basement building begun in 1872; occupancy is direct, construction completion is inferred from the move-in and contemporary illustration."
CHI-POSTFIRE-CHI-1874-003-A07,CHI-POSTFIRE-CHI-1874-003,predecessor_or_rebuild_of,post-fire replacement for company quarters,CHICAGOLOGY_AMEX,high,false,"The company announced removal into its new building on February 2, 1874. The Land Owner described a 90-by-190-foot, six-story-and-basement building begun in 1872; occupancy is direct, construction completion is inferred from the move-in and contemporary illustration."
CHI-POSTFIRE-CHI-1874-003-A08,CHI-POSTFIRE-CHI-1874-003,postfire_code_context,Within the 1871 fire limits; six-story post-fire commercial construction.,CHICAGOLOGY_AMEX,high,false,"The company announced removal into its new building on February 2, 1874. The Land Owner described a 90-by-190-foot, six-story-and-basement building begun in 1872; occupancy is direct, construction completion is inferred from the move-in and contemporary illustration."
CHI-POSTFIRE-CHI-1874-003-A09,CHI-POSTFIRE-CHI-1874-003,year_demolished,1930,CHICAGOLOGY_AMEX,high,false,"The company announced removal into its new building on February 2, 1874. The Land Owner described a 90-by-190-foot, six-story-and-basement building begun in 1872; occupancy is direct, construction completion is inferred from the move-in and contemporary illustration."
CHI-POSTFIRE-CHI-1874-004-A01,CHI-POSTFIRE-CHI-1874-004,canonical_name,Washington Block,CITY_WASHINGTON,high,false,City landmark record dates construction 1873-74 and emphasizes the Baumanns' isolated-pier foundation and tall load-bearing masonry design.
CHI-POSTFIRE-CHI-1874-004-A02,CHI-POSTFIRE-CHI-1874-004,year_completed,1874,CITY_WASHINGTON,high,false,City landmark record dates construction 1873-74 and emphasizes the Baumanns' isolated-pier foundation and tall load-bearing masonry design.
CHI-POSTFIRE-CHI-1874-004-A03,CHI-POSTFIRE-CHI-1874-004,address_historical,Washington and Wells Streets,CITY_WASHINGTON,high,false,City landmark record dates construction 1873-74 and emphasizes the Baumanns' isolated-pier foundation and tall load-bearing masonry design.
CHI-POSTFIRE-CHI-1874-004-A04,CHI-POSTFIRE-CHI-1874-004,architect_or_builder,Frederick Baumann; Edward Baumann,CITY_WASHINGTON,high,false,City landmark record dates construction 1873-74 and emphasizes the Baumanns' isolated-pier foundation and tall load-bearing masonry design.
CHI-POSTFIRE-CHI-1874-004-A05,CHI-POSTFIRE-CHI-1874-004,structural_system,limestone masonry on isolated-pier foundation,CITY_WASHINGTON,high,false,City landmark record dates construction 1873-74 and emphasizes the Baumanns' isolated-pier foundation and tall load-bearing masonry design.
CHI-POSTFIRE-CHI-1874-004-A06,CHI-POSTFIRE-CHI-1874-004,construction_or_event_type,completion_phase,CITY_WASHINGTON,high,false,City landmark record dates construction 1873-74 and emphasizes the Baumanns' isolated-pier foundation and tall load-bearing masonry design.
CHI-POSTFIRE-CHI-1874-004-A07,CHI-POSTFIRE-CHI-1874-004,postfire_code_context,Within the 1871 fire limits; masonry and foundation experimentation followed the fire.,CITY_WASHINGTON,high,false,City landmark record dates construction 1873-74 and emphasizes the Baumanns' isolated-pier foundation and tall load-bearing masonry design.
CHI-POSTFIRE-CHI-1874-005-A01,CHI-POSTFIRE-CHI-1874-005,canonical_name,W. M. Hoyt wholesale building,CHICAGOLOGY_HOYT,medium,true,"The 1874 Lakeside directory describes a three-story brick building approximately 25 by 80 feet. Exact lot number, architect, and demolition date remain unresolved."
CHI-POSTFIRE-CHI-1874-005-A02,CHI-POSTFIRE-CHI-1874-005,year_completed,1874,CHICAGOLOGY_HOYT,medium,true,"The 1874 Lakeside directory describes a three-story brick building approximately 25 by 80 feet. Exact lot number, architect, and demolition date remain unresolved."
CHI-POSTFIRE-CHI-1874-005-A03,CHI-POSTFIRE-CHI-1874-005,address_historical,North Dearborn Street near Kinzie Street,CHICAGOLOGY_HOYT,medium,true,"The 1874 Lakeside directory describes a three-story brick building approximately 25 by 80 feet. Exact lot number, architect, and demolition date remain unresolved."
CHI-POSTFIRE-CHI-1874-005-A04,CHI-POSTFIRE-CHI-1874-005,structural_system,brick masonry,CHICAGOLOGY_HOYT,medium,true,"The 1874 Lakeside directory describes a three-story brick building approximately 25 by 80 feet. Exact lot number, architect, and demolition date remain unresolved."
CHI-POSTFIRE-CHI-1874-005-A05,CHI-POSTFIRE-CHI-1874-005,construction_or_event_type,new_construction,CHICAGOLOGY_HOYT,medium,true,"The 1874 Lakeside directory describes a three-story brick building approximately 25 by 80 feet. Exact lot number, architect, and demolition date remain unresolved."
CHI-POSTFIRE-CHI-1874-005-A06,CHI-POSTFIRE-CHI-1874-005,postfire_code_context,Within the 1871 fire limits; brick construction conforms to the post-fire ban on wood.,CHICAGOLOGY_HOYT,medium,true,"The 1874 Lakeside directory describes a three-story brick building approximately 25 by 80 feet. Exact lot number, architect, and demolition date remain unresolved."
CHI-POSTFIRE-CHI-1874-006-A01,CHI-POSTFIRE-CHI-1874-006,canonical_name,Moody & Waters pie factory,ANDREAS_V3,high,false,"Erected spring 1874 on the old factory site; 35 by 126 feet. After an 1880 factory addition, this structure became offices, wagon house, and stable."
CHI-POSTFIRE-CHI-1874-006-A02,CHI-POSTFIRE-CHI-1874-006,year_completed,1874,ANDREAS_V3,high,false,"Erected spring 1874 on the old factory site; 35 by 126 feet. After an 1880 factory addition, this structure became offices, wagon house, and stable."
CHI-POSTFIRE-CHI-1874-006-A03,CHI-POSTFIRE-CHI-1874-006,address_historical,Green Street near Lake Street,ANDREAS_V3,high,false,"Erected spring 1874 on the old factory site; 35 by 126 feet. After an 1880 factory addition, this structure became offices, wagon house, and stable."
CHI-POSTFIRE-CHI-1874-006-A04,CHI-POSTFIRE-CHI-1874-006,architect_or_builder,unknown,ANDREAS_V3,high,false,"Erected spring 1874 on the old factory site; 35 by 126 feet. After an 1880 factory addition, this structure became offices, wagon house, and stable."
CHI-POSTFIRE-CHI-1874-006-A05,CHI-POSTFIRE-CHI-1874-006,structural_system,brick and stone,ANDREAS_V3,high,false,"Erected spring 1874 on the old factory site; 35 by 126 feet. After an 1880 factory addition, this structure became offices, wagon house, and stable."
CHI-POSTFIRE-CHI-1874-006-A06,CHI-POSTFIRE-CHI-1874-006,construction_or_event_type,replacement_new_construction,ANDREAS_V3,high,false,"Erected spring 1874 on the old factory site; 35 by 126 feet. After an 1880 factory addition, this structure became offices, wagon house, and stable."
CHI-POSTFIRE-CHI-1874-006-A07,CHI-POSTFIRE-CHI-1874-006,predecessor_or_rebuild_of,20-by-36-foot one-and-a-half-story frame factory on the same lot,ANDREAS_V3,high,false,"Erected spring 1874 on the old factory site; 35 by 126 feet. After an 1880 factory addition, this structure became offices, wagon house, and stable."
CHI-POSTFIRE-CHI-1874-006-A08,CHI-POSTFIRE-CHI-1874-006,postfire_code_context,Location may have been near or outside the fire-limit edge; brick-and-stone replacement reflects post-fire industrial rebuilding practice.,ANDREAS_V3,high,false,"Erected spring 1874 on the old factory site; 35 by 126 feet. After an 1880 factory addition, this structure became offices, wagon house, and stable."
CHI-POSTFIRE-CHI-1874-007-A01,CHI-POSTFIRE-CHI-1874-007,canonical_name,C. J. L. Meyer Chicago factory,ANDREAS_V3,medium,true,"Andreas states that Meyer erected a Chicago factory in 1874 and links it with a large North Pier lumber yard. Address, dimensions, and structural system are not given."
CHI-POSTFIRE-CHI-1874-007-A02,CHI-POSTFIRE-CHI-1874-007,year_completed,1874,ANDREAS_V3,medium,true,"Andreas states that Meyer erected a Chicago factory in 1874 and links it with a large North Pier lumber yard. Address, dimensions, and structural system are not given."
CHI-POSTFIRE-CHI-1874-007-A03,CHI-POSTFIRE-CHI-1874-007,address_historical,North Pier,ANDREAS_V3,medium,true,"Andreas states that Meyer erected a Chicago factory in 1874 and links it with a large North Pier lumber yard. Address, dimensions, and structural system are not given."
CHI-POSTFIRE-CHI-1874-007-A04,CHI-POSTFIRE-CHI-1874-007,construction_or_event_type,new_construction,ANDREAS_V3,medium,true,"Andreas states that Meyer erected a Chicago factory in 1874 and links it with a large North Pier lumber yard. Address, dimensions, and structural system are not given."
CHI-POSTFIRE-CHI-1874-007-A05,CHI-POSTFIRE-CHI-1874-007,postfire_code_context,Post-fire industrial construction; exact fire-limit location and structural material require confirmation.,ANDREAS_V3,medium,true,"Andreas states that Meyer erected a Chicago factory in 1874 and links it with a large North Pier lumber yard. Address, dimensions, and structural system are not given."
CHI-POSTFIRE-CHI-1874-008-A01,CHI-POSTFIRE-CHI-1874-008,canonical_name,A. S. Piper & Co. ice-tool factory,ANDREAS_V3,high,false,Andreas describes a large building erected in 1874 where the firm began manufacturing ice-industry tools and wagons.
CHI-POSTFIRE-CHI-1874-008-A02,CHI-POSTFIRE-CHI-1874-008,year_completed,1874,ANDREAS_V3,high,false,Andreas describes a large building erected in 1874 where the firm began manufacturing ice-industry tools and wagons.
CHI-POSTFIRE-CHI-1874-008-A03,CHI-POSTFIRE-CHI-1874-008,address_historical,Ogden Avenue and Leavitt Street,ANDREAS_V3,high,false,Andreas describes a large building erected in 1874 where the firm began manufacturing ice-industry tools and wagons.
CHI-POSTFIRE-CHI-1874-008-A04,CHI-POSTFIRE-CHI-1874-008,construction_or_event_type,new_construction,ANDREAS_V3,high,false,Andreas describes a large building erected in 1874 where the firm began manufacturing ice-industry tools and wagons.
CHI-POSTFIRE-CHI-1874-008-A05,CHI-POSTFIRE-CHI-1874-008,postfire_code_context,West-side industrial location; fire-limit applicability needs parcel-level confirmation.,ANDREAS_V3,high,false,Andreas describes a large building erected in 1874 where the firm began manufacturing ice-industry tools and wagons.
CHI-POSTFIRE-CHI-1874-009-A01,CHI-POSTFIRE-CHI-1874-009,canonical_name,Illinois Charitable Eye and Ear Infirmary,ANDREAS_V3,high,false,"The 1874 building cost $42,693, accommodated more than 100 patients, and replaced temporary quarters at 137 N Morgan Street. The state supplied $28,000 and Relief and Aid funds helped buy the site."
CHI-POSTFIRE-CHI-1874-009-A02,CHI-POSTFIRE-CHI-1874-009,year_completed,1874,ANDREAS_V3,high,false,"The 1874 building cost $42,693, accommodated more than 100 patients, and replaced temporary quarters at 137 N Morgan Street. The state supplied $28,000 and Relief and Aid funds helped buy the site."
CHI-POSTFIRE-CHI-1874-009-A03,CHI-POSTFIRE-CHI-1874-009,address_historical,Peoria and West Adams Streets,ANDREAS_V3,high,false,"The 1874 building cost $42,693, accommodated more than 100 patients, and replaced temporary quarters at 137 N Morgan Street. The state supplied $28,000 and Relief and Aid funds helped buy the site."
CHI-POSTFIRE-CHI-1874-009-A04,CHI-POSTFIRE-CHI-1874-009,architect_or_builder,unknown,ANDREAS_V3,high,false,"The 1874 building cost $42,693, accommodated more than 100 patients, and replaced temporary quarters at 137 N Morgan Street. The state supplied $28,000 and Relief and Aid funds helped buy the site."
CHI-POSTFIRE-CHI-1874-009-A05,CHI-POSTFIRE-CHI-1874-009,structural_system,brick with stone trim,ANDREAS_V3,high,false,"The 1874 building cost $42,693, accommodated more than 100 patients, and replaced temporary quarters at 137 N Morgan Street. The state supplied $28,000 and Relief and Aid funds helped buy the site."
CHI-POSTFIRE-CHI-1874-009-A06,CHI-POSTFIRE-CHI-1874-009,construction_or_event_type,post_fire_reconstruction,ANDREAS_V3,high,false,"The 1874 building cost $42,693, accommodated more than 100 patients, and replaced temporary quarters at 137 N Morgan Street. The state supplied $28,000 and Relief and Aid funds helped buy the site."
CHI-POSTFIRE-CHI-1874-009-A07,CHI-POSTFIRE-CHI-1874-009,predecessor_or_rebuild_of,"Infirmary destroyed October 9, 1871",ANDREAS_V3,high,false,"The 1874 building cost $42,693, accommodated more than 100 patients, and replaced temporary quarters at 137 N Morgan Street. The state supplied $28,000 and Relief and Aid funds helped buy the site."
CHI-POSTFIRE-CHI-1874-009-A08,CHI-POSTFIRE-CHI-1874-009,postfire_code_context,Post-fire institutional rebuilding in masonry; precise fire-limit status needs confirmation.,ANDREAS_V3,high,false,"The 1874 building cost $42,693, accommodated more than 100 patients, and replaced temporary quarters at 137 N Morgan Street. The state supplied $28,000 and Relief and Aid funds helped buy the site."
CHI-POSTFIRE-CHI-1874-010-A01,CHI-POSTFIRE-CHI-1874-010,canonical_name,Former Engine Company 27,CITY_ENGINE27,high,false,Chicago's oldest intact firehouse; a rear/additional phase was built in 1907.
CHI-POSTFIRE-CHI-1874-010-A02,CHI-POSTFIRE-CHI-1874-010,year_completed,1874,CITY_ENGINE27,high,false,Chicago's oldest intact firehouse; a rear/additional phase was built in 1907.
CHI-POSTFIRE-CHI-1874-010-A03,CHI-POSTFIRE-CHI-1874-010,address_historical,1244 N Wells Street,CITY_ENGINE27,high,false,Chicago's oldest intact firehouse; a rear/additional phase was built in 1907.
CHI-POSTFIRE-CHI-1874-010-A04,CHI-POSTFIRE-CHI-1874-010,architect_or_builder,unknown,CITY_ENGINE27,high,false,Chicago's oldest intact firehouse; a rear/additional phase was built in 1907.
CHI-POSTFIRE-CHI-1874-010-A05,CHI-POSTFIRE-CHI-1874-010,structural_system,brick masonry,CITY_ENGINE27,high,false,Chicago's oldest intact firehouse; a rear/additional phase was built in 1907.
CHI-POSTFIRE-CHI-1874-010-A06,CHI-POSTFIRE-CHI-1874-010,construction_or_event_type,new_construction,CITY_ENGINE27,high,false,Chicago's oldest intact firehouse; a rear/additional phase was built in 1907.
CHI-POSTFIRE-CHI-1874-010-A07,CHI-POSTFIRE-CHI-1874-010,postfire_code_context,Near North Side construction after the Great Fire; masonry storefront-like facade.,CITY_ENGINE27,high,false,Chicago's oldest intact firehouse; a rear/additional phase was built in 1907.
CHI-POSTFIRE-CHI-1874-011-A01,CHI-POSTFIRE-CHI-1874-011,canonical_name,Fourth Presbyterian Church at Rush and Superior,ANDREAS_V3;FOURTH_HISTORY,high,false,"Andreas records opening on January 4, 1874, a Latin-cross plan, about $80,000 cost, and 1,200 seats; the congregation's history independently names architect John R. Neff."
CHI-POSTFIRE-CHI-1874-011-A02,CHI-POSTFIRE-CHI-1874-011,year_completed,1874,ANDREAS_V3;FOURTH_HISTORY,high,false,"Andreas records opening on January 4, 1874, a Latin-cross plan, about $80,000 cost, and 1,200 seats; the congregation's history independently names architect John R. Neff."
CHI-POSTFIRE-CHI-1874-011-A03,CHI-POSTFIRE-CHI-1874-011,address_historical,Northwest corner of Rush and Superior Streets,ANDREAS_V3;FOURTH_HISTORY,high,false,"Andreas records opening on January 4, 1874, a Latin-cross plan, about $80,000 cost, and 1,200 seats; the congregation's history independently names architect John R. Neff."
CHI-POSTFIRE-CHI-1874-011-A04,CHI-POSTFIRE-CHI-1874-011,architect_or_builder,John R. Neff,ANDREAS_V3;FOURTH_HISTORY,high,false,"Andreas records opening on January 4, 1874, a Latin-cross plan, about $80,000 cost, and 1,200 seats; the congregation's history independently names architect John R. Neff."
CHI-POSTFIRE-CHI-1874-011-A05,CHI-POSTFIRE-CHI-1874-011,structural_system,rock-faced Athens stone,ANDREAS_V3;FOURTH_HISTORY,high,false,"Andreas records opening on January 4, 1874, a Latin-cross plan, about $80,000 cost, and 1,200 seats; the congregation's history independently names architect John R. Neff."
CHI-POSTFIRE-CHI-1874-011-A06,CHI-POSTFIRE-CHI-1874-011,construction_or_event_type,post_fire_reconstruction,ANDREAS_V3;FOURTH_HISTORY,high,false,"Andreas records opening on January 4, 1874, a Latin-cross plan, about $80,000 cost, and 1,200 seats; the congregation's history independently names architect John R. Neff."
CHI-POSTFIRE-CHI-1874-011-A07,CHI-POSTFIRE-CHI-1874-011,predecessor_or_rebuild_of,"Fourth Presbyterian sanctuary destroyed October 8, 1871",ANDREAS_V3;FOURTH_HISTORY,high,false,"Andreas records opening on January 4, 1874, a Latin-cross plan, about $80,000 cost, and 1,200 seats; the congregation's history independently names architect John R. Neff."
CHI-POSTFIRE-CHI-1874-011-A08,CHI-POSTFIRE-CHI-1874-011,postfire_code_context,Within/adjacent to the burned North Side and built under post-fire masonry requirements.,ANDREAS_V3;FOURTH_HISTORY,high,false,"Andreas records opening on January 4, 1874, a Latin-cross plan, about $80,000 cost, and 1,200 seats; the congregation's history independently names architect John R. Neff."
CHI-POSTFIRE-CHI-1874-011-A09,CHI-POSTFIRE-CHI-1874-011,year_demolished,1912,ANDREAS_V3;FOURTH_HISTORY,high,false,"Andreas records opening on January 4, 1874, a Latin-cross plan, about $80,000 cost, and 1,200 seats; the congregation's history independently names architect John R. Neff."
CHI-POSTFIRE-CHI-1874-012-A01,CHI-POSTFIRE-CHI-1874-012,canonical_name,Second Presbyterian Church,CITY_SECOND_PRES;EOC_CHURCH_ARCH,high,false,"The City landmark record gives 1874 construction; Encyclopedia of Chicago gives 1872-74. A 1900 fire destroyed much of the interior and Shaw directed reconstruction, so current fabric is not wholly 1874."
CHI-POSTFIRE-CHI-1874-012-A02,CHI-POSTFIRE-CHI-1874-012,year_completed,1874,CITY_SECOND_PRES;EOC_CHURCH_ARCH,high,false,"The City landmark record gives 1874 construction; Encyclopedia of Chicago gives 1872-74. A 1900 fire destroyed much of the interior and Shaw directed reconstruction, so current fabric is not wholly 1874."
CHI-POSTFIRE-CHI-1874-012-A03,CHI-POSTFIRE-CHI-1874-012,address_historical,Michigan Avenue at Twentieth Street,CITY_SECOND_PRES;EOC_CHURCH_ARCH,high,false,"The City landmark record gives 1874 construction; Encyclopedia of Chicago gives 1872-74. A 1900 fire destroyed much of the interior and Shaw directed reconstruction, so current fabric is not wholly 1874."
CHI-POSTFIRE-CHI-1874-012-A04,CHI-POSTFIRE-CHI-1874-012,architect_or_builder,James Renwick Jr.; Howard Van Doren Shaw (1900 reconstruction),CITY_SECOND_PRES;EOC_CHURCH_ARCH,high,false,"The City landmark record gives 1874 construction; Encyclopedia of Chicago gives 1872-74. A 1900 fire destroyed much of the interior and Shaw directed reconstruction, so current fabric is not wholly 1874."
CHI-POSTFIRE-CHI-1874-012-A05,CHI-POSTFIRE-CHI-1874-012,structural_system,limestone masonry,CITY_SECOND_PRES;EOC_CHURCH_ARCH,high,false,"The City landmark record gives 1874 construction; Encyclopedia of Chicago gives 1872-74. A 1900 fire destroyed much of the interior and Shaw directed reconstruction, so current fabric is not wholly 1874."
CHI-POSTFIRE-CHI-1874-012-A06,CHI-POSTFIRE-CHI-1874-012,construction_or_event_type,completion_phase,CITY_SECOND_PRES;EOC_CHURCH_ARCH,high,false,"The City landmark record gives 1874 construction; Encyclopedia of Chicago gives 1872-74. A 1900 fire destroyed much of the interior and Shaw directed reconstruction, so current fabric is not wholly 1874."
CHI-POSTFIRE-CHI-1874-012-A07,CHI-POSTFIRE-CHI-1874-012,predecessor_or_rebuild_of,Second Presbyterian Church pre-fire building destroyed in 1871,CITY_SECOND_PRES;EOC_CHURCH_ARCH,high,false,"The City landmark record gives 1874 construction; Encyclopedia of Chicago gives 1872-74. A 1900 fire destroyed much of the interior and Shaw directed reconstruction, so current fabric is not wholly 1874."
CHI-POSTFIRE-CHI-1874-012-A08,CHI-POSTFIRE-CHI-1874-012,postfire_code_context,Post-fire masonry church; completed during the rebuilding era.,CITY_SECOND_PRES;EOC_CHURCH_ARCH,high,false,"The City landmark record gives 1874 construction; Encyclopedia of Chicago gives 1872-74. A 1900 fire destroyed much of the interior and Shaw directed reconstruction, so current fabric is not wholly 1874."
CHI-POSTFIRE-CHI-1874-013-A01,CHI-POSTFIRE-CHI-1874-013,canonical_name,First Congregational Church reconstruction,ANDREAS_V3,high,true,"Worship was held in the basement from spring 1873; the new cruciform building was completed February 15, 1874, resembled its predecessor externally, seated 1,800, and cost $105,000 including its organ."
CHI-POSTFIRE-CHI-1874-013-A02,CHI-POSTFIRE-CHI-1874-013,year_completed,1874,ANDREAS_V3,high,true,"Worship was held in the basement from spring 1873; the new cruciform building was completed February 15, 1874, resembled its predecessor externally, seated 1,800, and cost $105,000 including its organ."
CHI-POSTFIRE-CHI-1874-013-A03,CHI-POSTFIRE-CHI-1874-013,architect_or_builder,unknown,ANDREAS_V3,high,true,"Worship was held in the basement from spring 1873; the new cruciform building was completed February 15, 1874, resembled its predecessor externally, seated 1,800, and cost $105,000 including its organ."
CHI-POSTFIRE-CHI-1874-013-A04,CHI-POSTFIRE-CHI-1874-013,construction_or_event_type,reconstruction,ANDREAS_V3,high,true,"Worship was held in the basement from spring 1873; the new cruciform building was completed February 15, 1874, resembled its predecessor externally, seated 1,800, and cost $105,000 including its organ."
CHI-POSTFIRE-CHI-1874-013-A05,CHI-POSTFIRE-CHI-1874-013,predecessor_or_rebuild_of,"First Congregational Church burned January 16, 1873",ANDREAS_V3,high,true,"Worship was held in the basement from spring 1873; the new cruciform building was completed February 15, 1874, resembled its predecessor externally, seated 1,800, and cost $105,000 including its organ."
CHI-POSTFIRE-CHI-1874-013-A06,CHI-POSTFIRE-CHI-1874-013,postfire_code_context,Post-fire reconstruction; fire-limit applicability and address require confirmation.,ANDREAS_V3,high,true,"Worship was held in the basement from spring 1873; the new cruciform building was completed February 15, 1874, resembled its predecessor externally, seated 1,800, and cost $105,000 including its organ."
CHI-POSTFIRE-CHI-1874-014-A01,CHI-POSTFIRE-CHI-1874-014,canonical_name,Church of the Immaculate Conception reconstruction,ANDREAS_V3,high,true,"A temporary roof over the surviving basement served worshippers while a slightly larger church was built around it. Andreas states completion in fall 1874, dedication by Bishop Foley, and about $30,000 cost. Exact address remains unresolved because Chicago later had multiple parishes of this name."
CHI-POSTFIRE-CHI-1874-014-A02,CHI-POSTFIRE-CHI-1874-014,year_completed,1874,ANDREAS_V3,high,true,"A temporary roof over the surviving basement served worshippers while a slightly larger church was built around it. Andreas states completion in fall 1874, dedication by Bishop Foley, and about $30,000 cost. Exact address remains unresolved because Chicago later had multiple parishes of this name."
CHI-POSTFIRE-CHI-1874-014-A03,CHI-POSTFIRE-CHI-1874-014,architect_or_builder,unknown,ANDREAS_V3,high,true,"A temporary roof over the surviving basement served worshippers while a slightly larger church was built around it. Andreas states completion in fall 1874, dedication by Bishop Foley, and about $30,000 cost. Exact address remains unresolved because Chicago later had multiple parishes of this name."
CHI-POSTFIRE-CHI-1874-014-A04,CHI-POSTFIRE-CHI-1874-014,structural_system,brick with cut-stone foundations,ANDREAS_V3,high,true,"A temporary roof over the surviving basement served worshippers while a slightly larger church was built around it. Andreas states completion in fall 1874, dedication by Bishop Foley, and about $30,000 cost. Exact address remains unresolved because Chicago later had multiple parishes of this name."
CHI-POSTFIRE-CHI-1874-014-A05,CHI-POSTFIRE-CHI-1874-014,construction_or_event_type,post_fire_reconstruction_around_retained_basement,ANDREAS_V3,high,true,"A temporary roof over the surviving basement served worshippers while a slightly larger church was built around it. Andreas states completion in fall 1874, dedication by Bishop Foley, and about $30,000 cost. Exact address remains unresolved because Chicago later had multiple parishes of this name."
CHI-POSTFIRE-CHI-1874-014-A06,CHI-POSTFIRE-CHI-1874-014,predecessor_or_rebuild_of,Pre-fire church destroyed above rubble-stone basement walls in October 1871,ANDREAS_V3,high,true,"A temporary roof over the surviving basement served worshippers while a slightly larger church was built around it. Andreas states completion in fall 1874, dedication by Bishop Foley, and about $30,000 cost. Exact address remains unresolved because Chicago later had multiple parishes of this name."
CHI-POSTFIRE-CHI-1874-014-A07,CHI-POSTFIRE-CHI-1874-014,postfire_code_context,Post-fire masonry rebuilding reused surviving rubble basement walls.,ANDREAS_V3,high,true,"A temporary roof over the surviving basement served worshippers while a slightly larger church was built around it. Andreas states completion in fall 1874, dedication by Bishop Foley, and about $30,000 cost. Exact address remains unresolved because Chicago later had multiple parishes of this name."
CHI-POSTFIRE-CHI-1874-015-A01,CHI-POSTFIRE-CHI-1874-015,canonical_name,St. Patrick's Commercial School building,ANDREAS_V3,high,false,"Andreas credits Rev. Patrick J. Conway with erecting a large brick school on Desplaines Street in 1874, managed by the Brothers of the Christian Schools."
CHI-POSTFIRE-CHI-1874-015-A02,CHI-POSTFIRE-CHI-1874-015,year_completed,1874,ANDREAS_V3,high,false,"Andreas credits Rev. Patrick J. Conway with erecting a large brick school on Desplaines Street in 1874, managed by the Brothers of the Christian Schools."
CHI-POSTFIRE-CHI-1874-015-A03,CHI-POSTFIRE-CHI-1874-015,address_historical,Desplaines Street near Adams Street,ANDREAS_V3,high,false,"Andreas credits Rev. Patrick J. Conway with erecting a large brick school on Desplaines Street in 1874, managed by the Brothers of the Christian Schools."
CHI-POSTFIRE-CHI-1874-015-A04,CHI-POSTFIRE-CHI-1874-015,structural_system,brick masonry,ANDREAS_V3,high,false,"Andreas credits Rev. Patrick J. Conway with erecting a large brick school on Desplaines Street in 1874, managed by the Brothers of the Christian Schools."
CHI-POSTFIRE-CHI-1874-015-A05,CHI-POSTFIRE-CHI-1874-015,construction_or_event_type,new_construction,ANDREAS_V3,high,false,"Andreas credits Rev. Patrick J. Conway with erecting a large brick school on Desplaines Street in 1874, managed by the Brothers of the Christian Schools."
CHI-POSTFIRE-CHI-1874-015-A06,CHI-POSTFIRE-CHI-1874-015,postfire_code_context,West Division masonry institutional building; parcel-level fire-limit status needs confirmation.,ANDREAS_V3,high,false,"Andreas credits Rev. Patrick J. Conway with erecting a large brick school on Desplaines Street in 1874, managed by the Brothers of the Christian Schools."
CHI-POSTFIRE-CHI-1874-016-A01,CHI-POSTFIRE-CHI-1874-016,canonical_name,St. Ignatius College main building west addition,CITY_IGNATIUS,high,false,"City landmark record identifies a west addition built in 1874. The event is an addition, not a new main building."
CHI-POSTFIRE-CHI-1874-016-A02,CHI-POSTFIRE-CHI-1874-016,year_completed,1874,CITY_IGNATIUS,high,false,"City landmark record identifies a west addition built in 1874. The event is an addition, not a new main building."
CHI-POSTFIRE-CHI-1874-016-A03,CHI-POSTFIRE-CHI-1874-016,address_historical,West Twelfth Street,CITY_IGNATIUS,high,false,"City landmark record identifies a west addition built in 1874. The event is an addition, not a new main building."
CHI-POSTFIRE-CHI-1874-016-A04,CHI-POSTFIRE-CHI-1874-016,architect_or_builder,Toussaint Menard; John P. Huber,CITY_IGNATIUS,high,false,"City landmark record identifies a west addition built in 1874. The event is an addition, not a new main building."
CHI-POSTFIRE-CHI-1874-016-A05,CHI-POSTFIRE-CHI-1874-016,structural_system,brick masonry,CITY_IGNATIUS,high,false,"City landmark record identifies a west addition built in 1874. The event is an addition, not a new main building."
CHI-POSTFIRE-CHI-1874-016-A06,CHI-POSTFIRE-CHI-1874-016,construction_or_event_type,addition,CITY_IGNATIUS,high,false,"City landmark record identifies a west addition built in 1874. The event is an addition, not a new main building."
CHI-POSTFIRE-CHI-1874-016-A07,CHI-POSTFIRE-CHI-1874-016,predecessor_or_rebuild_of,St. Ignatius College main building begun 1869 and opened 1870,CITY_IGNATIUS,high,false,"City landmark record identifies a west addition built in 1874. The event is an addition, not a new main building."
CHI-POSTFIRE-CHI-1874-016-A08,CHI-POSTFIRE-CHI-1874-016,postfire_code_context,Outside the central burned district; masonry institutional construction nonetheless reflects the post-fire era.,CITY_IGNATIUS,high,false,"City landmark record identifies a west addition built in 1874. The event is an addition, not a new main building."
CHI-POSTFIRE-CHI-1874-017-A01,CHI-POSTFIRE-CHI-1874-017,canonical_name,James Ward Public School original section,CITY_WARD,medium,true,Included because construction began in 1874 and completed in 1875. The City header gives 1874-75 while its narrative says built 1875; the exact architect assignment among original and later 1897/1924 phases needs archival verification.
CHI-POSTFIRE-CHI-1874-017-A02,CHI-POSTFIRE-CHI-1874-017,year_completed,1875,CITY_WARD,medium,true,Included because construction began in 1874 and completed in 1875. The City header gives 1874-75 while its narrative says built 1875; the exact architect assignment among original and later 1897/1924 phases needs archival verification.
CHI-POSTFIRE-CHI-1874-017-A03,CHI-POSTFIRE-CHI-1874-017,address_historical,2701 S Shields Avenue,CITY_WARD,medium,true,Included because construction began in 1874 and completed in 1875. The City header gives 1874-75 while its narrative says built 1875; the exact architect assignment among original and later 1897/1924 phases needs archival verification.
CHI-POSTFIRE-CHI-1874-017-A04,CHI-POSTFIRE-CHI-1874-017,architect_or_builder,"John Edelmann (prototype attribution); John C. Christensen, Normand S. Patton, and Johnston & Edelmann associated with phases",CITY_WARD,medium,true,Included because construction began in 1874 and completed in 1875. The City header gives 1874-75 while its narrative says built 1875; the exact architect assignment among original and later 1897/1924 phases needs archival verification.
CHI-POSTFIRE-CHI-1874-017-A05,CHI-POSTFIRE-CHI-1874-017,structural_system,brick masonry,CITY_WARD,medium,true,Included because construction began in 1874 and completed in 1875. The City header gives 1874-75 while its narrative says built 1875; the exact architect assignment among original and later 1897/1924 phases needs archival verification.
CHI-POSTFIRE-CHI-1874-017-A06,CHI-POSTFIRE-CHI-1874-017,construction_or_event_type,construction_start,CITY_WARD,medium,true,Included because construction began in 1874 and completed in 1875. The City header gives 1874-75 while its narrative says built 1875; the exact architect assignment among original and later 1897/1924 phases needs archival verification.
CHI-POSTFIRE-CHI-1874-017-A07,CHI-POSTFIRE-CHI-1874-017,predecessor_or_rebuild_of,none identified,CITY_WARD,medium,true,Included because construction began in 1874 and completed in 1875. The City header gives 1874-75 while its narrative says built 1875; the exact architect assignment among original and later 1897/1924 phases needs archival verification.
CHI-POSTFIRE-CHI-1874-017-A08,CHI-POSTFIRE-CHI-1874-017,postfire_code_context,Outside the central fire limits; post-fire public-school masonry construction.,CITY_WARD,medium,true,Included because construction began in 1874 and completed in 1875. The City header gives 1874-75 while its narrative says built 1875; the exact architect assignment among original and later 1897/1924 phases needs archival verification.
CHI-POSTFIRE-CHI-1874-018-A01,CHI-POSTFIRE-CHI-1874-018,canonical_name,Jackson-Thomas House,CITY_JACKSON,high,false,Italianate/Second Empire residence; L. H. Thomas acquired it in 1879 and a porch/entrance alteration occurred about 1910.
CHI-POSTFIRE-CHI-1874-018-A02,CHI-POSTFIRE-CHI-1874-018,year_completed,1874,CITY_JACKSON,high,false,Italianate/Second Empire residence; L. H. Thomas acquired it in 1879 and a porch/entrance alteration occurred about 1910.
CHI-POSTFIRE-CHI-1874-018-A03,CHI-POSTFIRE-CHI-1874-018,address_historical,7053 N Ridge Boulevard,CITY_JACKSON,high,false,Italianate/Second Empire residence; L. H. Thomas acquired it in 1879 and a porch/entrance alteration occurred about 1910.
CHI-POSTFIRE-CHI-1874-018-A04,CHI-POSTFIRE-CHI-1874-018,architect_or_builder,unknown,CITY_JACKSON,high,false,Italianate/Second Empire residence; L. H. Thomas acquired it in 1879 and a porch/entrance alteration occurred about 1910.
CHI-POSTFIRE-CHI-1874-018-A05,CHI-POSTFIRE-CHI-1874-018,structural_system,wood-frame residence,CITY_JACKSON,high,false,Italianate/Second Empire residence; L. H. Thomas acquired it in 1879 and a porch/entrance alteration occurred about 1910.
CHI-POSTFIRE-CHI-1874-018-A06,CHI-POSTFIRE-CHI-1874-018,construction_or_event_type,new_construction,CITY_JACKSON,high,false,Italianate/Second Empire residence; L. H. Thomas acquired it in 1879 and a porch/entrance alteration occurred about 1910.
CHI-POSTFIRE-CHI-1874-018-A07,CHI-POSTFIRE-CHI-1874-018,postfire_code_context,Built well outside the 1871 fire limits in the then-rural far North Side; wood construction remained possible there.,CITY_JACKSON,high,false,Italianate/Second Empire residence; L. H. Thomas acquired it in 1879 and a porch/entrance alteration occurred about 1910.
CHI-POSTFIRE-CHI-1874-019-A01,CHI-POSTFIRE-CHI-1874-019,canonical_name,Stephen A. Race House,CITY_RACE,high,false,"Italianate house built in 1874; moved in 1905 from Irving Park Road and modified, so current coordinates would represent the relocation rather than the original site."
CHI-POSTFIRE-CHI-1874-019-A02,CHI-POSTFIRE-CHI-1874-019,year_completed,1874,CITY_RACE,high,false,"Italianate house built in 1874; moved in 1905 from Irving Park Road and modified, so current coordinates would represent the relocation rather than the original site."
CHI-POSTFIRE-CHI-1874-019-A03,CHI-POSTFIRE-CHI-1874-019,address_historical,Originally on Irving Park Road,CITY_RACE,high,false,"Italianate house built in 1874; moved in 1905 from Irving Park Road and modified, so current coordinates would represent the relocation rather than the original site."
CHI-POSTFIRE-CHI-1874-019-A04,CHI-POSTFIRE-CHI-1874-019,architect_or_builder,unknown,CITY_RACE,high,false,"Italianate house built in 1874; moved in 1905 from Irving Park Road and modified, so current coordinates would represent the relocation rather than the original site."
CHI-POSTFIRE-CHI-1874-019-A05,CHI-POSTFIRE-CHI-1874-019,structural_system,brick masonry,CITY_RACE,high,false,"Italianate house built in 1874; moved in 1905 from Irving Park Road and modified, so current coordinates would represent the relocation rather than the original site."
CHI-POSTFIRE-CHI-1874-019-A06,CHI-POSTFIRE-CHI-1874-019,construction_or_event_type,new_construction,CITY_RACE,high,false,"Italianate house built in 1874; moved in 1905 from Irving Park Road and modified, so current coordinates would represent the relocation rather than the original site."
CHI-POSTFIRE-CHI-1874-019-A07,CHI-POSTFIRE-CHI-1874-019,predecessor_or_rebuild_of,none identified,CITY_RACE,high,false,"Italianate house built in 1874; moved in 1905 from Irving Park Road and modified, so current coordinates would represent the relocation rather than the original site."
CHI-POSTFIRE-CHI-1874-019-A08,CHI-POSTFIRE-CHI-1874-019,postfire_code_context,Built outside the 1871 fire limits; masonry residence.,CITY_RACE,high,false,"Italianate house built in 1874; moved in 1905 from Irving Park Road and modified, so current coordinates would represent the relocation rather than the original site."
CHI-POSTFIRE-CHI-1874-020-A01,CHI-POSTFIRE-CHI-1874-020,canonical_name,Frederick Wacker House,OLD_TOWN_NRHP;UIUC_WACKER_IMAGE,medium,true,"The NRHP district inventory gives built 1874; University of Illinois metadata gives 1872-73. The house has a broad veranda and carved trim, with a coach house to the rear. Completion year is retained as 1874 but flagged."
CHI-POSTFIRE-CHI-1874-020-A02,CHI-POSTFIRE-CHI-1874-020,year_completed,1874,OLD_TOWN_NRHP;UIUC_WACKER_IMAGE,medium,true,"The NRHP district inventory gives built 1874; University of Illinois metadata gives 1872-73. The house has a broad veranda and carved trim, with a coach house to the rear. Completion year is retained as 1874 but flagged."
CHI-POSTFIRE-CHI-1874-020-A03,CHI-POSTFIRE-CHI-1874-020,address_historical,North Park Avenue,OLD_TOWN_NRHP;UIUC_WACKER_IMAGE,medium,true,"The NRHP district inventory gives built 1874; University of Illinois metadata gives 1872-73. The house has a broad veranda and carved trim, with a coach house to the rear. Completion year is retained as 1874 but flagged."
CHI-POSTFIRE-CHI-1874-020-A04,CHI-POSTFIRE-CHI-1874-020,architect_or_builder,unknown,OLD_TOWN_NRHP;UIUC_WACKER_IMAGE,medium,true,"The NRHP district inventory gives built 1874; University of Illinois metadata gives 1872-73. The house has a broad veranda and carved trim, with a coach house to the rear. Completion year is retained as 1874 but flagged."
CHI-POSTFIRE-CHI-1874-020-A05,CHI-POSTFIRE-CHI-1874-020,structural_system,wood-frame with Swiss Chalet/Italianate detailing,OLD_TOWN_NRHP;UIUC_WACKER_IMAGE,medium,true,"The NRHP district inventory gives built 1874; University of Illinois metadata gives 1872-73. The house has a broad veranda and carved trim, with a coach house to the rear. Completion year is retained as 1874 but flagged."
CHI-POSTFIRE-CHI-1874-020-A06,CHI-POSTFIRE-CHI-1874-020,construction_or_event_type,completion_phase,OLD_TOWN_NRHP;UIUC_WACKER_IMAGE,medium,true,"The NRHP district inventory gives built 1874; University of Illinois metadata gives 1872-73. The house has a broad veranda and carved trim, with a coach house to the rear. Completion year is retained as 1874 but flagged."
CHI-POSTFIRE-CHI-1874-020-A07,CHI-POSTFIRE-CHI-1874-020,predecessor_or_rebuild_of,temporary residence/coach-house relationship with 1836 property,OLD_TOWN_NRHP;UIUC_WACKER_IMAGE,medium,true,"The NRHP district inventory gives built 1874; University of Illinois metadata gives 1872-73. The house has a broad veranda and carved trim, with a coach house to the rear. Completion year is retained as 1874 but flagged."
CHI-POSTFIRE-CHI-1874-020-A08,CHI-POSTFIRE-CHI-1874-020,postfire_code_context,Near the fire-limit edge; surviving wood construction illustrates that geography and ordinance enforcement must be modeled parcel by parcel.,OLD_TOWN_NRHP;UIUC_WACKER_IMAGE,medium,true,"The NRHP district inventory gives built 1874; University of Illinois metadata gives 1872-73. The house has a broad veranda and carved trim, with a coach house to the rear. Completion year is retained as 1874 but flagged."
CHI-POSTFIRE-CHI-1874-021-A01,CHI-POSTFIRE-CHI-1874-021,canonical_name,Charles H. Wacker House / former coach house,OLD_TOWN_NRHP,medium,true,District documentation treats 1836 as a Wacker residence with an 1874 date; later accounts describe it as the coach house/temporary home associated with 1838 and moved/remodeled in 1884. The original 1874 use and precise footprint need deed/permit confirmation.
CHI-POSTFIRE-CHI-1874-021-A02,CHI-POSTFIRE-CHI-1874-021,year_completed,1874,OLD_TOWN_NRHP,medium,true,District documentation treats 1836 as a Wacker residence with an 1874 date; later accounts describe it as the coach house/temporary home associated with 1838 and moved/remodeled in 1884. The original 1874 use and precise footprint need deed/permit confirmation.
CHI-POSTFIRE-CHI-1874-021-A03,CHI-POSTFIRE-CHI-1874-021,address_historical,North Park Avenue,OLD_TOWN_NRHP,medium,true,District documentation treats 1836 as a Wacker residence with an 1874 date; later accounts describe it as the coach house/temporary home associated with 1838 and moved/remodeled in 1884. The original 1874 use and precise footprint need deed/permit confirmation.
CHI-POSTFIRE-CHI-1874-021-A04,CHI-POSTFIRE-CHI-1874-021,architect_or_builder,unknown,OLD_TOWN_NRHP,medium,true,District documentation treats 1836 as a Wacker residence with an 1874 date; later accounts describe it as the coach house/temporary home associated with 1838 and moved/remodeled in 1884. The original 1874 use and precise footprint need deed/permit confirmation.
CHI-POSTFIRE-CHI-1874-021-A05,CHI-POSTFIRE-CHI-1874-021,structural_system,wood-frame,OLD_TOWN_NRHP,medium,true,District documentation treats 1836 as a Wacker residence with an 1874 date; later accounts describe it as the coach house/temporary home associated with 1838 and moved/remodeled in 1884. The original 1874 use and precise footprint need deed/permit confirmation.
CHI-POSTFIRE-CHI-1874-021-A06,CHI-POSTFIRE-CHI-1874-021,construction_or_event_type,new_auxiliary_building,OLD_TOWN_NRHP,medium,true,District documentation treats 1836 as a Wacker residence with an 1874 date; later accounts describe it as the coach house/temporary home associated with 1838 and moved/remodeled in 1884. The original 1874 use and precise footprint need deed/permit confirmation.
CHI-POSTFIRE-CHI-1874-021-A07,CHI-POSTFIRE-CHI-1874-021,predecessor_or_rebuild_of,Frederick Wacker House at 1838 N Lincoln Park West,OLD_TOWN_NRHP,medium,true,District documentation treats 1836 as a Wacker residence with an 1874 date; later accounts describe it as the coach house/temporary home associated with 1838 and moved/remodeled in 1884. The original 1874 use and precise footprint need deed/permit confirmation.
CHI-POSTFIRE-CHI-1874-021-A08,CHI-POSTFIRE-CHI-1874-021,postfire_code_context,Near the fire-limit edge; wood construction and later relocation require parcel-level ordinance research.,OLD_TOWN_NRHP,medium,true,District documentation treats 1836 as a Wacker residence with an 1874 date; later accounts describe it as the coach house/temporary home associated with 1838 and moved/remodeled in 1884. The original 1874 use and precise footprint need deed/permit confirmation.
CHI-POSTFIRE-CHI-1874-022-A01,CHI-POSTFIRE-CHI-1874-022,canonical_name,Farragut Boat Club clubhouse at Thirteenth Street,ANDREAS_V3,high,false,"After a storm destroyed the 1873 boathouse, the club erected a replacement at the foot of Thirteenth Street for about $450. It was moved to Riverdale on the Calumet River in spring 1876."
CHI-POSTFIRE-CHI-1874-022-A02,CHI-POSTFIRE-CHI-1874-022,year_completed,1874,ANDREAS_V3,high,false,"After a storm destroyed the 1873 boathouse, the club erected a replacement at the foot of Thirteenth Street for about $450. It was moved to Riverdale on the Calumet River in spring 1876."
CHI-POSTFIRE-CHI-1874-022-A03,CHI-POSTFIRE-CHI-1874-022,address_historical,Foot of Thirteenth Street,ANDREAS_V3,high,false,"After a storm destroyed the 1873 boathouse, the club erected a replacement at the foot of Thirteenth Street for about $450. It was moved to Riverdale on the Calumet River in spring 1876."
CHI-POSTFIRE-CHI-1874-022-A04,CHI-POSTFIRE-CHI-1874-022,structural_system,light temporary waterfront construction,ANDREAS_V3,high,false,"After a storm destroyed the 1873 boathouse, the club erected a replacement at the foot of Thirteenth Street for about $450. It was moved to Riverdale on the Calumet River in spring 1876."
CHI-POSTFIRE-CHI-1874-022-A05,CHI-POSTFIRE-CHI-1874-022,construction_or_event_type,replacement_temporary_building,ANDREAS_V3,high,false,"After a storm destroyed the 1873 boathouse, the club erected a replacement at the foot of Thirteenth Street for about $450. It was moved to Riverdale on the Calumet River in spring 1876."
CHI-POSTFIRE-CHI-1874-022-A06,CHI-POSTFIRE-CHI-1874-022,predecessor_or_rebuild_of,"Farragut Boat Club boathouse at foot of Twenty-first Street, destroyed by storm in spring 1874",ANDREAS_V3,high,false,"After a storm destroyed the 1873 boathouse, the club erected a replacement at the foot of Thirteenth Street for about $450. It was moved to Riverdale on the Calumet River in spring 1876."
CHI-POSTFIRE-CHI-1874-022-A07,CHI-POSTFIRE-CHI-1874-022,postfire_code_context,Waterfront structure; fire-limit/building-code treatment was likely specialized and needs confirmation.,ANDREAS_V3,high,false,"After a storm destroyed the 1873 boathouse, the club erected a replacement at the foot of Thirteenth Street for about $450. It was moved to Riverdale on the Calumet River in spring 1876."
CHI-POSTFIRE-CHI-1874-023-A01,CHI-POSTFIRE-CHI-1874-023,canonical_name,Adelphi Theatre conversion,ANDREAS_V3,high,false,"Leonard Grover converted Aiken's into the Adelphi and reopened it February 3, 1874. It was totally destroyed July 14 and never rebuilt."
CHI-POSTFIRE-CHI-1874-023-A02,CHI-POSTFIRE-CHI-1874-023,year_completed,1874,ANDREAS_V3,high,false,"Leonard Grover converted Aiken's into the Adelphi and reopened it February 3, 1874. It was totally destroyed July 14 and never rebuilt."
CHI-POSTFIRE-CHI-1874-023-A03,CHI-POSTFIRE-CHI-1874-023,address_historical,Northwest corner of Wabash Avenue and Congress Street,ANDREAS_V3,high,false,"Leonard Grover converted Aiken's into the Adelphi and reopened it February 3, 1874. It was totally destroyed July 14 and never rebuilt."
CHI-POSTFIRE-CHI-1874-023-A04,CHI-POSTFIRE-CHI-1874-023,architect_or_builder,conversion by Leonard Grover,ANDREAS_V3,high,false,"Leonard Grover converted Aiken's into the Adelphi and reopened it February 3, 1874. It was totally destroyed July 14 and never rebuilt."
CHI-POSTFIRE-CHI-1874-023-A05,CHI-POSTFIRE-CHI-1874-023,structural_system,masonry theatre with combustible interior unknown,ANDREAS_V3,high,false,"Leonard Grover converted Aiken's into the Adelphi and reopened it February 3, 1874. It was totally destroyed July 14 and never rebuilt."
CHI-POSTFIRE-CHI-1874-023-A06,CHI-POSTFIRE-CHI-1874-023,construction_or_event_type,conversion_and_reopening,ANDREAS_V3,high,false,"Leonard Grover converted Aiken's into the Adelphi and reopened it February 3, 1874. It was totally destroyed July 14 and never rebuilt."
CHI-POSTFIRE-CHI-1874-023-A07,CHI-POSTFIRE-CHI-1874-023,predecessor_or_rebuild_of,"Aiken's Theatre opened October 7, 1872",ANDREAS_V3,high,false,"Leonard Grover converted Aiken's into the Adelphi and reopened it February 3, 1874. It was totally destroyed July 14 and never rebuilt."
CHI-POSTFIRE-CHI-1874-023-A08,CHI-POSTFIRE-CHI-1874-023,postfire_code_context,Within the 1871 fire limits; the 1874 destruction exposed continuing vulnerability of rebuilt structures.,ANDREAS_V3,high,false,"Leonard Grover converted Aiken's into the Adelphi and reopened it February 3, 1874. It was totally destroyed July 14 and never rebuilt."
CHI-POSTFIRE-CHI-1874-023-A09,CHI-POSTFIRE-CHI-1874-023,year_demolished,1874,ANDREAS_V3,high,false,"Leonard Grover converted Aiken's into the Adelphi and reopened it February 3, 1874. It was totally destroyed July 14 and never rebuilt."
CHI-POSTFIRE-CHI-1874-024-A01,CHI-POSTFIRE-CHI-1874-024,canonical_name,Holy Name Cathedral construction,EOC_CHURCH_ARCH,medium,true,"Included as a project begun in 1874 and completed in 1875, not counted as a 1874 completion. The 1874 start requires fuller primary-source confirmation; the Encyclopedia of Chicago gives 1874-75."
CHI-POSTFIRE-CHI-1874-024-A02,CHI-POSTFIRE-CHI-1874-024,year_completed,1875,EOC_CHURCH_ARCH,medium,true,"Included as a project begun in 1874 and completed in 1875, not counted as a 1874 completion. The 1874 start requires fuller primary-source confirmation; the Encyclopedia of Chicago gives 1874-75."
CHI-POSTFIRE-CHI-1874-024-A03,CHI-POSTFIRE-CHI-1874-024,address_historical,State and Superior Streets,EOC_CHURCH_ARCH,medium,true,"Included as a project begun in 1874 and completed in 1875, not counted as a 1874 completion. The 1874 start requires fuller primary-source confirmation; the Encyclopedia of Chicago gives 1874-75."
CHI-POSTFIRE-CHI-1874-024-A04,CHI-POSTFIRE-CHI-1874-024,architect_or_builder,Patrick Charles Keely,EOC_CHURCH_ARCH,medium,true,"Included as a project begun in 1874 and completed in 1875, not counted as a 1874 completion. The 1874 start requires fuller primary-source confirmation; the Encyclopedia of Chicago gives 1874-75."
CHI-POSTFIRE-CHI-1874-024-A05,CHI-POSTFIRE-CHI-1874-024,structural_system,stone masonry,EOC_CHURCH_ARCH,medium,true,"Included as a project begun in 1874 and completed in 1875, not counted as a 1874 completion. The 1874 start requires fuller primary-source confirmation; the Encyclopedia of Chicago gives 1874-75."
CHI-POSTFIRE-CHI-1874-024-A06,CHI-POSTFIRE-CHI-1874-024,construction_or_event_type,construction_start,EOC_CHURCH_ARCH,medium,true,"Included as a project begun in 1874 and completed in 1875, not counted as a 1874 completion. The 1874 start requires fuller primary-source confirmation; the Encyclopedia of Chicago gives 1874-75."
CHI-POSTFIRE-CHI-1874-024-A07,CHI-POSTFIRE-CHI-1874-024,predecessor_or_rebuild_of,cathedral/church facilities destroyed in Great Chicago Fire,EOC_CHURCH_ARCH,medium,true,"Included as a project begun in 1874 and completed in 1875, not counted as a 1874 completion. The 1874 start requires fuller primary-source confirmation; the Encyclopedia of Chicago gives 1874-75."
CHI-POSTFIRE-CHI-1874-024-A08,CHI-POSTFIRE-CHI-1874-024,postfire_code_context,Near North Side post-fire ecclesiastical reconstruction in masonry.,EOC_CHURCH_ARCH,medium,true,"Included as a project begun in 1874 and completed in 1875, not counted as a 1874 completion. The 1874 start requires fuller primary-source confirmation; the Encyclopedia of Chicago gives 1874-75."
CHI-POSTFIRE-CHI-1874-025-A01,CHI-POSTFIRE-CHI-1874-025,canonical_name,Calumet & Chicago Canal & Dock Company railroad grading and track,ANDREAS_V3,medium,true,"The company had graded a six-and-one-half-mile road to the Calumet harbor and conveyed it to the Rock Island company, which laid track during 1874. Included as a metropolitan infrastructure phase but flagged because much of the alignment lay beyond city limits."
CHI-POSTFIRE-CHI-1874-025-A02,CHI-POSTFIRE-CHI-1874-025,year_completed,1874,ANDREAS_V3,medium,true,"The company had graded a six-and-one-half-mile road to the Calumet harbor and conveyed it to the Rock Island company, which laid track during 1874. Included as a metropolitan infrastructure phase but flagged because much of the alignment lay beyond city limits."
CHI-POSTFIRE-CHI-1874-025-A03,CHI-POSTFIRE-CHI-1874-025,address_historical,"From Chicago, Rock Island & Pacific line about ten miles from the city to Calumet River harbor",ANDREAS_V3,medium,true,"The company had graded a six-and-one-half-mile road to the Calumet harbor and conveyed it to the Rock Island company, which laid track during 1874. Included as a metropolitan infrastructure phase but flagged because much of the alignment lay beyond city limits."
CHI-POSTFIRE-CHI-1874-025-A04,CHI-POSTFIRE-CHI-1874-025,structural_system,graded roadbed and rail track,ANDREAS_V3,medium,true,"The company had graded a six-and-one-half-mile road to the Calumet harbor and conveyed it to the Rock Island company, which laid track during 1874. Included as a metropolitan infrastructure phase but flagged because much of the alignment lay beyond city limits."
CHI-POSTFIRE-CHI-1874-025-A05,CHI-POSTFIRE-CHI-1874-025,construction_or_event_type,infrastructure_phase,ANDREAS_V3,medium,true,"The company had graded a six-and-one-half-mile road to the Calumet harbor and conveyed it to the Rock Island company, which laid track during 1874. Included as a metropolitan infrastructure phase but flagged because much of the alignment lay beyond city limits."
CHI-POSTFIRE-CHI-1874-025-A06,CHI-POSTFIRE-CHI-1874-025,predecessor_or_rebuild_of,none identified,ANDREAS_V3,medium,true,"The company had graded a six-and-one-half-mile road to the Calumet harbor and conveyed it to the Rock Island company, which laid track during 1874. Included as a metropolitan infrastructure phase but flagged because much of the alignment lay beyond city limits."
CHI-POSTFIRE-CHI-1874-025-A07,CHI-POSTFIRE-CHI-1874-025,postfire_code_context,Largely outside the 1874 municipal limits; ordinary city building-code rules may not apply.,ANDREAS_V3,medium,true,"The company had graded a six-and-one-half-mile road to the Calumet harbor and conveyed it to the Rock Island company, which laid track during 1874. Included as a metropolitan infrastructure phase but flagged because much of the alignment lay beyond city limits."
CHI-POSTFIRE-CHI1875-001-A01,CHI-POSTFIRE-CHI1875-001,canonical_name,Holy Name Cathedral,ANDREAS_V3;CAC_HOLY_NAME;EOC_CHURCH_ARCH,high,false,"Cornerstone laid July 19, 1874; completed and dedicated November 21, 1875. Andreas OCR gives an inconsistent November 1 opening, so the cathedral and Chicago History Museum date controls."
CHI-POSTFIRE-CHI1875-001-A02,CHI-POSTFIRE-CHI1875-001,year_completed,1875,ANDREAS_V3;CAC_HOLY_NAME;EOC_CHURCH_ARCH,high,false,"Cornerstone laid July 19, 1874; completed and dedicated November 21, 1875. Andreas OCR gives an inconsistent November 1 opening, so the cathedral and Chicago History Museum date controls."
CHI-POSTFIRE-CHI1875-001-A03,CHI-POSTFIRE-CHI1875-001,address_historical,State and Superior Streets,ANDREAS_V3;CAC_HOLY_NAME;EOC_CHURCH_ARCH,high,false,"Cornerstone laid July 19, 1874; completed and dedicated November 21, 1875. Andreas OCR gives an inconsistent November 1 opening, so the cathedral and Chicago History Museum date controls."
CHI-POSTFIRE-CHI1875-001-A04,CHI-POSTFIRE-CHI1875-001,architect_or_builder,Patrick Charles Keely; John M. Dunphy (builder),ANDREAS_V3;CAC_HOLY_NAME;EOC_CHURCH_ARCH,high,false,"Cornerstone laid July 19, 1874; completed and dedicated November 21, 1875. Andreas OCR gives an inconsistent November 1 opening, so the cathedral and Chicago History Museum date controls."
CHI-POSTFIRE-CHI1875-001-A05,CHI-POSTFIRE-CHI1875-001,structural_system,solid rock-faced stone masonry; Gothic roof,ANDREAS_V3;CAC_HOLY_NAME;EOC_CHURCH_ARCH,high,false,"Cornerstone laid July 19, 1874; completed and dedicated November 21, 1875. Andreas OCR gives an inconsistent November 1 opening, so the cathedral and Chicago History Museum date controls."
CHI-POSTFIRE-CHI1875-001-A06,CHI-POSTFIRE-CHI1875-001,construction_or_event_type,new_construction,ANDREAS_V3;CAC_HOLY_NAME;EOC_CHURCH_ARCH,high,false,"Cornerstone laid July 19, 1874; completed and dedicated November 21, 1875. Andreas OCR gives an inconsistent November 1 opening, so the cathedral and Chicago History Museum date controls."
CHI-POSTFIRE-CHI1875-001-A07,CHI-POSTFIRE-CHI1875-001,predecessor_or_rebuild_of,Cathedral of St. Mary and Church of the Holy Name destroyed in 1871,ANDREAS_V3;CAC_HOLY_NAME;EOC_CHURCH_ARCH,high,false,"Cornerstone laid July 19, 1874; completed and dedicated November 21, 1875. Andreas OCR gives an inconsistent November 1 opening, so the cathedral and Chicago History Museum date controls."
CHI-POSTFIRE-CHI1875-001-A08,CHI-POSTFIRE-CHI1875-001,postfire_code_context,Within the expanded fire-limits context; an all-masonry ecclesiastical replacement followed the destruction of two Catholic predecessors.,ANDREAS_V3;CAC_HOLY_NAME;EOC_CHURCH_ARCH,high,false,"Cornerstone laid July 19, 1874; completed and dedicated November 21, 1875. Andreas OCR gives an inconsistent November 1 opening, so the cathedral and Chicago History Museum date controls."
CHI-POSTFIRE-CHI1875-002-A01,CHI-POSTFIRE-CHI1875-002,canonical_name,St. James's Episcopal Church reconstruction,ANDREAS_V3;STJAMES_HISTORY;DRIEHAUS_BURLING;EOC_CHURCH_ARCH,high,false,"Work was suspended by the 1873 financial crisis, resumed in 1874, and the first service in the completed building was held in 1875; soot-darkened tower fabric survives."
CHI-POSTFIRE-CHI1875-002-A02,CHI-POSTFIRE-CHI1875-002,year_completed,1875,ANDREAS_V3;STJAMES_HISTORY;DRIEHAUS_BURLING;EOC_CHURCH_ARCH,high,false,"Work was suspended by the 1873 financial crisis, resumed in 1874, and the first service in the completed building was held in 1875; soot-darkened tower fabric survives."
CHI-POSTFIRE-CHI1875-002-A03,CHI-POSTFIRE-CHI1875-002,address_historical,Cass Street at Huron Street,ANDREAS_V3;STJAMES_HISTORY;DRIEHAUS_BURLING;EOC_CHURCH_ARCH,high,false,"Work was suspended by the 1873 financial crisis, resumed in 1874, and the first service in the completed building was held in 1875; soot-darkened tower fabric survives."
CHI-POSTFIRE-CHI1875-002-A04,CHI-POSTFIRE-CHI1875-002,architect_or_builder,Edward J. Burling and Dankmar Adler; John H. Edelmann (assisting),ANDREAS_V3;STJAMES_HISTORY;DRIEHAUS_BURLING;EOC_CHURCH_ARCH,high,false,"Work was suspended by the 1873 financial crisis, resumed in 1874, and the first service in the completed building was held in 1875; soot-darkened tower fabric survives."
CHI-POSTFIRE-CHI1875-002-A05,CHI-POSTFIRE-CHI1875-002,structural_system,masonry church incorporating surviving stone walls and bell tower,ANDREAS_V3;STJAMES_HISTORY;DRIEHAUS_BURLING;EOC_CHURCH_ARCH,high,false,"Work was suspended by the 1873 financial crisis, resumed in 1874, and the first service in the completed building was held in 1875; soot-darkened tower fabric survives."
CHI-POSTFIRE-CHI1875-002-A06,CHI-POSTFIRE-CHI1875-002,construction_or_event_type,completed_reconstruction,ANDREAS_V3;STJAMES_HISTORY;DRIEHAUS_BURLING;EOC_CHURCH_ARCH,high,false,"Work was suspended by the 1873 financial crisis, resumed in 1874, and the first service in the completed building was held in 1875; soot-darkened tower fabric survives."
CHI-POSTFIRE-CHI1875-002-A07,CHI-POSTFIRE-CHI1875-002,predecessor_or_rebuild_of,St. James church largely destroyed in the Great Chicago Fire,ANDREAS_V3;STJAMES_HISTORY;DRIEHAUS_BURLING;EOC_CHURCH_ARCH,high,false,"Work was suspended by the 1873 financial crisis, resumed in 1874, and the first service in the completed building was held in 1875; soot-darkened tower fabric survives."
CHI-POSTFIRE-CHI1875-002-A08,CHI-POSTFIRE-CHI1875-002,postfire_code_context,A post-fire masonry reconstruction retained documented surviving fabric rather than representing a wholly new identity.,ANDREAS_V3;STJAMES_HISTORY;DRIEHAUS_BURLING;EOC_CHURCH_ARCH,high,false,"Work was suspended by the 1873 financial crisis, resumed in 1874, and the first service in the completed building was held in 1875; soot-darkened tower fabric survives."
CHI-POSTFIRE-CHI1875-003-A01,CHI-POSTFIRE-CHI1875-003,canonical_name,Chicago Avenue Church construction,ANDREAS_V3;MOODY_HISTORY;EOC_CHURCH_ARCH,medium,true,"Included as a documented 1875 continuation, not a 1875 completion. The roofed basement served for roughly two years; institutional history places full completion and dedication in 1876, correcting an earlier annual-row chronology."
CHI-POSTFIRE-CHI1875-003-A02,CHI-POSTFIRE-CHI1875-003,year_completed,1876,ANDREAS_V3;MOODY_HISTORY;EOC_CHURCH_ARCH,medium,true,"Included as a documented 1875 continuation, not a 1875 completion. The roofed basement served for roughly two years; institutional history places full completion and dedication in 1876, correcting an earlier annual-row chronology."
CHI-POSTFIRE-CHI1875-003-A03,CHI-POSTFIRE-CHI1875-003,address_historical,Chicago and LaSalle Avenues,ANDREAS_V3;MOODY_HISTORY;EOC_CHURCH_ARCH,medium,true,"Included as a documented 1875 continuation, not a 1875 completion. The roofed basement served for roughly two years; institutional history places full completion and dedication in 1876, correcting an earlier annual-row chronology."
CHI-POSTFIRE-CHI1875-003-A04,CHI-POSTFIRE-CHI1875-003,architect_or_builder,John H. Edelmann and Joseph S. Johnston,ANDREAS_V3;MOODY_HISTORY;EOC_CHURCH_ARCH,medium,true,"Included as a documented 1875 continuation, not a 1875 completion. The roofed basement served for roughly two years; institutional history places full completion and dedication in 1876, correcting an earlier annual-row chronology."
CHI-POSTFIRE-CHI1875-003-A05,CHI-POSTFIRE-CHI1875-003,structural_system,masonry superstructure over a two-story basement,ANDREAS_V3;MOODY_HISTORY;EOC_CHURCH_ARCH,medium,true,"Included as a documented 1875 continuation, not a 1875 completion. The roofed basement served for roughly two years; institutional history places full completion and dedication in 1876, correcting an earlier annual-row chronology."
CHI-POSTFIRE-CHI1875-003-A06,CHI-POSTFIRE-CHI1875-003,construction_or_event_type,continuing_construction,ANDREAS_V3;MOODY_HISTORY;EOC_CHURCH_ARCH,medium,true,"Included as a documented 1875 continuation, not a 1875 completion. The roofed basement served for roughly two years; institutional history places full completion and dedication in 1876, correcting an earlier annual-row chronology."
CHI-POSTFIRE-CHI1875-003-A07,CHI-POSTFIRE-CHI1875-003,predecessor_or_rebuild_of,Illinois Street Church destroyed in 1871,ANDREAS_V3;MOODY_HISTORY;EOC_CHURCH_ARCH,medium,true,"Included as a documented 1875 continuation, not a 1875 completion. The roofed basement served for roughly two years; institutional history places full completion and dedication in 1876, correcting an earlier annual-row chronology."
CHI-POSTFIRE-CHI1875-003-A08,CHI-POSTFIRE-CHI1875-003,postfire_code_context,Within the North Side fire limits; the permanent masonry project replaced a temporary tabernacle and roofed basement.,ANDREAS_V3;MOODY_HISTORY;EOC_CHURCH_ARCH,medium,true,"Included as a documented 1875 continuation, not a 1875 completion. The roofed basement served for roughly two years; institutional history places full completion and dedication in 1876, correcting an earlier annual-row chronology."
CHI-POSTFIRE-CHI1875-003-A09,CHI-POSTFIRE-CHI1875-003,year_demolished,1915,ANDREAS_V3;MOODY_HISTORY;EOC_CHURCH_ARCH,medium,true,"Included as a documented 1875 continuation, not a 1875 completion. The roofed basement served for roughly two years; institutional history places full completion and dedication in 1876, correcting an earlier annual-row chronology."
CHI-POSTFIRE-CHI1875-004-A01,CHI-POSTFIRE-CHI1875-004,canonical_name,First Baptist Church at Thirty-first Street,ANDREAS_V3;PRES_CHI_OLIVET,high,false,Construction began by November 1874 and the main church was completed in 1875; the attached Sunday-school portion is reported as 1876. The building now houses Olivet Baptist Church.
CHI-POSTFIRE-CHI1875-004-A02,CHI-POSTFIRE-CHI1875-004,year_completed,1875,ANDREAS_V3;PRES_CHI_OLIVET,high,false,Construction began by November 1874 and the main church was completed in 1875; the attached Sunday-school portion is reported as 1876. The building now houses Olivet Baptist Church.
CHI-POSTFIRE-CHI1875-004-A03,CHI-POSTFIRE-CHI1875-004,address_historical,South Park Avenue and Thirty-first Street,ANDREAS_V3;PRES_CHI_OLIVET,high,false,Construction began by November 1874 and the main church was completed in 1875; the attached Sunday-school portion is reported as 1876. The building now houses Olivet Baptist Church.
CHI-POSTFIRE-CHI1875-004-A04,CHI-POSTFIRE-CHI1875-004,architect_or_builder,Willcox and Miller,ANDREAS_V3;PRES_CHI_OLIVET,high,false,Construction began by November 1874 and the main church was completed in 1875; the attached Sunday-school portion is reported as 1876. The building now houses Olivet Baptist Church.
CHI-POSTFIRE-CHI1875-004-A05,CHI-POSTFIRE-CHI1875-004,structural_system,brick and stone masonry; Gothic Revival,ANDREAS_V3;PRES_CHI_OLIVET,high,false,Construction began by November 1874 and the main church was completed in 1875; the attached Sunday-school portion is reported as 1876. The building now houses Olivet Baptist Church.
CHI-POSTFIRE-CHI1875-004-A06,CHI-POSTFIRE-CHI1875-004,construction_or_event_type,new_construction,ANDREAS_V3;PRES_CHI_OLIVET,high,false,Construction began by November 1874 and the main church was completed in 1875; the attached Sunday-school portion is reported as 1876. The building now houses Olivet Baptist Church.
CHI-POSTFIRE-CHI1875-004-A07,CHI-POSTFIRE-CHI1875-004,predecessor_or_rebuild_of,"First Baptist Church on Wabash Avenue destroyed in the fire of July 14, 1874",ANDREAS_V3;PRES_CHI_OLIVET,high,false,Construction began by November 1874 and the main church was completed in 1875; the attached Sunday-school portion is reported as 1876. The building now houses Olivet Baptist Church.
CHI-POSTFIRE-CHI1875-004-A08,CHI-POSTFIRE-CHI1875-004,postfire_code_context,The July 1874 fire accelerated relocation southward; the replacement used substantial masonry construction.,ANDREAS_V3;PRES_CHI_OLIVET,high,false,Construction began by November 1874 and the main church was completed in 1875; the attached Sunday-school portion is reported as 1876. The building now houses Olivet Baptist Church.
CHI-POSTFIRE-CHI1875-005-A01,CHI-POSTFIRE-CHI1875-005,canonical_name,All Saints Catholic parish first edifice,ANDREAS_V3,high,true,Father Edward J. Dunne first celebrated Mass in a nearby store and completed this first parish edifice in 1875; Andreas later described it as used as a school after a newer church was built.
CHI-POSTFIRE-CHI1875-005-A02,CHI-POSTFIRE-CHI1875-005,year_completed,1875,ANDREAS_V3,high,true,Father Edward J. Dunne first celebrated Mass in a nearby store and completed this first parish edifice in 1875; Andreas later described it as used as a school after a newer church was built.
CHI-POSTFIRE-CHI1875-005-A03,CHI-POSTFIRE-CHI1875-005,address_historical,Wallace Street and Twenty-fifth Place,ANDREAS_V3,high,true,Father Edward J. Dunne first celebrated Mass in a nearby store and completed this first parish edifice in 1875; Andreas later described it as used as a school after a newer church was built.
CHI-POSTFIRE-CHI1875-005-A04,CHI-POSTFIRE-CHI1875-005,structural_system,substantial parish edifice; material not stated,ANDREAS_V3,high,true,Father Edward J. Dunne first celebrated Mass in a nearby store and completed this first parish edifice in 1875; Andreas later described it as used as a school after a newer church was built.
CHI-POSTFIRE-CHI1875-005-A05,CHI-POSTFIRE-CHI1875-005,construction_or_event_type,new_construction,ANDREAS_V3,high,true,Father Edward J. Dunne first celebrated Mass in a nearby store and completed this first parish edifice in 1875; Andreas later described it as used as a school after a newer church was built.
CHI-POSTFIRE-CHI1875-005-A06,CHI-POSTFIRE-CHI1875-005,postfire_code_context,Constructed after the 1874 citywide extension of fire limits; material should be confirmed from parish or permit records.,ANDREAS_V3,high,true,Father Edward J. Dunne first celebrated Mass in a nearby store and completed this first parish edifice in 1875; Andreas later described it as used as a school after a newer church was built.
CHI-POSTFIRE-CHI1875-006-A01,CHI-POSTFIRE-CHI1875-006,canonical_name,St. Patrick's boys' school building,ANDREAS_V3,high,true,"Large brick school erected by Rev. P. J. Conway at a reported cost of $24,000; operated by the Brothers of the Christian Schools with about 600 pupils in Andreas's account."
CHI-POSTFIRE-CHI1875-006-A02,CHI-POSTFIRE-CHI1875-006,year_completed,1875,ANDREAS_V3,high,true,"Large brick school erected by Rev. P. J. Conway at a reported cost of $24,000; operated by the Brothers of the Christian Schools with about 600 pupils in Andreas's account."
CHI-POSTFIRE-CHI1875-006-A03,CHI-POSTFIRE-CHI1875-006,address_historical,Adjacent to St. Patrick's Church near Adams and Desplaines Streets,ANDREAS_V3,high,true,"Large brick school erected by Rev. P. J. Conway at a reported cost of $24,000; operated by the Brothers of the Christian Schools with about 600 pupils in Andreas's account."
CHI-POSTFIRE-CHI1875-006-A04,CHI-POSTFIRE-CHI1875-006,structural_system,brick masonry,ANDREAS_V3,high,true,"Large brick school erected by Rev. P. J. Conway at a reported cost of $24,000; operated by the Brothers of the Christian Schools with about 600 pupils in Andreas's account."
CHI-POSTFIRE-CHI1875-006-A05,CHI-POSTFIRE-CHI1875-006,construction_or_event_type,new_construction,ANDREAS_V3,high,true,"Large brick school erected by Rev. P. J. Conway at a reported cost of $24,000; operated by the Brothers of the Christian Schools with about 600 pupils in Andreas's account."
CHI-POSTFIRE-CHI1875-006-A06,CHI-POSTFIRE-CHI1875-006,postfire_code_context,Brick construction conformed to the post-fire prohibition on new wood buildings within city limits.,ANDREAS_V3,high,true,"Large brick school erected by Rev. P. J. Conway at a reported cost of $24,000; operated by the Brothers of the Christian Schools with about 600 pupils in Andreas's account."
CHI-POSTFIRE-CHI1875-007-A01,CHI-POSTFIRE-CHI1875-007,canonical_name,Kehillath Anshe Maarabh Temple,KAM_EVOLUTION,medium,true,"Institutional history gives a February 5, 1875 dedication; the construction start remains unverified. This is not the 1890-91 KAM building later used as Pilgrim Baptist Church."
CHI-POSTFIRE-CHI1875-007-A02,CHI-POSTFIRE-CHI1875-007,year_completed,1875,KAM_EVOLUTION,medium,true,"Institutional history gives a February 5, 1875 dedication; the construction start remains unverified. This is not the 1890-91 KAM building later used as Pilgrim Baptist Church."
CHI-POSTFIRE-CHI1875-007-A03,CHI-POSTFIRE-CHI1875-007,address_historical,Indiana Avenue and Twenty-sixth Street,KAM_EVOLUTION,medium,true,"Institutional history gives a February 5, 1875 dedication; the construction start remains unverified. This is not the 1890-91 KAM building later used as Pilgrim Baptist Church."
CHI-POSTFIRE-CHI1875-007-A04,CHI-POSTFIRE-CHI1875-007,structural_system,masonry temple,KAM_EVOLUTION,medium,true,"Institutional history gives a February 5, 1875 dedication; the construction start remains unverified. This is not the 1890-91 KAM building later used as Pilgrim Baptist Church."
CHI-POSTFIRE-CHI1875-007-A05,CHI-POSTFIRE-CHI1875-007,construction_or_event_type,completion_phase,KAM_EVOLUTION,medium,true,"Institutional history gives a February 5, 1875 dedication; the construction start remains unverified. This is not the 1890-91 KAM building later used as Pilgrim Baptist Church."
CHI-POSTFIRE-CHI1875-007-A06,CHI-POSTFIRE-CHI1875-007,predecessor_or_rebuild_of,KAM temple destroyed in the 1874 Chicago fire,KAM_EVOLUTION,medium,true,"Institutional history gives a February 5, 1875 dedication; the construction start remains unverified. This is not the 1890-91 KAM building later used as Pilgrim Baptist Church."
CHI-POSTFIRE-CHI1875-007-A07,CHI-POSTFIRE-CHI1875-007,postfire_code_context,The temple was a masonry replacement after the 1874 fire and the extension of the city fire limits.,KAM_EVOLUTION,medium,true,"Institutional history gives a February 5, 1875 dedication; the construction start remains unverified. This is not the 1890-91 KAM building later used as Pilgrim Baptist Church."
CHI-POSTFIRE-CHI1875-008-A01,CHI-POSTFIRE-CHI1875-008,canonical_name,Sinai Temple construction,FLPS_SINAI,medium,false,"The structure was erected during 1875-76 and dedicated April 8-9, 1876. Included for its distinct 1875 construction phase, not counted as a 1875 completion."
CHI-POSTFIRE-CHI1875-008-A02,CHI-POSTFIRE-CHI1875-008,year_completed,1876,FLPS_SINAI,medium,false,"The structure was erected during 1875-76 and dedicated April 8-9, 1876. Included for its distinct 1875 construction phase, not counted as a 1875 completion."
CHI-POSTFIRE-CHI1875-008-A03,CHI-POSTFIRE-CHI1875-008,address_historical,Indiana Avenue and Twenty-first Street,FLPS_SINAI,medium,false,"The structure was erected during 1875-76 and dedicated April 8-9, 1876. Included for its distinct 1875 construction phase, not counted as a 1875 completion."
CHI-POSTFIRE-CHI1875-008-A04,CHI-POSTFIRE-CHI1875-008,architect_or_builder,Burling and Adler,FLPS_SINAI,medium,false,"The structure was erected during 1875-76 and dedicated April 8-9, 1876. Included for its distinct 1875 construction phase, not counted as a 1875 completion."
CHI-POSTFIRE-CHI1875-008-A05,CHI-POSTFIRE-CHI1875-008,structural_system,masonry; mixed Gothic and Oriental design,FLPS_SINAI,medium,false,"The structure was erected during 1875-76 and dedicated April 8-9, 1876. Included for its distinct 1875 construction phase, not counted as a 1875 completion."
CHI-POSTFIRE-CHI1875-008-A06,CHI-POSTFIRE-CHI1875-008,construction_or_event_type,construction_start_or_major_phase,FLPS_SINAI,medium,false,"The structure was erected during 1875-76 and dedicated April 8-9, 1876. Included for its distinct 1875 construction phase, not counted as a 1875 completion."
CHI-POSTFIRE-CHI1875-008-A07,CHI-POSTFIRE-CHI1875-008,predecessor_or_rebuild_of,Sinai synagogue at Plymouth Court and Van Buren destroyed in 1871,FLPS_SINAI,medium,false,"The structure was erected during 1875-76 and dedicated April 8-9, 1876. Included for its distinct 1875 construction phase, not counted as a 1875 completion."
CHI-POSTFIRE-CHI1875-008-A08,CHI-POSTFIRE-CHI1875-008,postfire_code_context,A substantial masonry temple replaced the congregation's fire-destroyed downtown synagogue as members moved south.,FLPS_SINAI,medium,false,"The structure was erected during 1875-76 and dedicated April 8-9, 1876. Included for its distinct 1875 construction phase, not counted as a 1875 completion."
CHI-POSTFIRE-CHI1875-009-A01,CHI-POSTFIRE-CHI1875-009,canonical_name,Centennial Baptist Church construction,ANDREAS_V3,medium,false,"The society formed in 1875; its $8,000 brick building was dedicated on the first Sunday of January 1876, placing its principal construction in 1875."
CHI-POSTFIRE-CHI1875-009-A02,CHI-POSTFIRE-CHI1875-009,year_completed,1876,ANDREAS_V3,medium,false,"The society formed in 1875; its $8,000 brick building was dedicated on the first Sunday of January 1876, placing its principal construction in 1875."
CHI-POSTFIRE-CHI1875-009-A03,CHI-POSTFIRE-CHI1875-009,address_historical,Southeast corner of Lincoln and Jackson Streets,ANDREAS_V3,medium,false,"The society formed in 1875; its $8,000 brick building was dedicated on the first Sunday of January 1876, placing its principal construction in 1875."
CHI-POSTFIRE-CHI1875-009-A04,CHI-POSTFIRE-CHI1875-009,structural_system,brick Gothic church,ANDREAS_V3,medium,false,"The society formed in 1875; its $8,000 brick building was dedicated on the first Sunday of January 1876, placing its principal construction in 1875."
CHI-POSTFIRE-CHI1875-009-A05,CHI-POSTFIRE-CHI1875-009,construction_or_event_type,construction_start_or_major_phase,ANDREAS_V3,medium,false,"The society formed in 1875; its $8,000 brick building was dedicated on the first Sunday of January 1876, placing its principal construction in 1875."
CHI-POSTFIRE-CHI1875-009-A06,CHI-POSTFIRE-CHI1875-009,postfire_code_context,Brick construction followed the 1874 extension of fire limits across Chicago.,ANDREAS_V3,medium,false,"The society formed in 1875; its $8,000 brick building was dedicated on the first Sunday of January 1876, placing its principal construction in 1875."
CHI-POSTFIRE-CHI1875-010-A01,CHI-POSTFIRE-CHI1875-010,canonical_name,James Ward Public School original section,CITY_WARD,high,false,The City gives a 1874-75 range and states the earliest section was built in 1875; later 1897 and 1924 additions are separate phases.
CHI-POSTFIRE-CHI1875-010-A02,CHI-POSTFIRE-CHI1875-010,year_completed,1875,CITY_WARD,high,false,The City gives a 1874-75 range and states the earliest section was built in 1875; later 1897 and 1924 additions are separate phases.
CHI-POSTFIRE-CHI1875-010-A03,CHI-POSTFIRE-CHI1875-010,address_historical,2703 S Shields Avenue,CITY_WARD,high,false,The City gives a 1874-75 range and states the earliest section was built in 1875; later 1897 and 1924 additions are separate phases.
CHI-POSTFIRE-CHI1875-010-A04,CHI-POSTFIRE-CHI1875-010,architect_or_builder,John Edelmann design influence; Johnston and Edelmann associated,CITY_WARD,high,false,The City gives a 1874-75 range and states the earliest section was built in 1875; later 1897 and 1924 additions are separate phases.
CHI-POSTFIRE-CHI1875-010-A05,CHI-POSTFIRE-CHI1875-010,structural_system,brick masonry; Italianate,CITY_WARD,high,false,The City gives a 1874-75 range and states the earliest section was built in 1875; later 1897 and 1924 additions are separate phases.
CHI-POSTFIRE-CHI1875-010-A06,CHI-POSTFIRE-CHI1875-010,construction_or_event_type,completion_phase,CITY_WARD,high,false,The City gives a 1874-75 range and states the earliest section was built in 1875; later 1897 and 1924 additions are separate phases.
CHI-POSTFIRE-CHI1875-010-A07,CHI-POSTFIRE-CHI1875-010,postfire_code_context,Post-fire public-school construction used durable masonry outside the central burned district.,CITY_WARD,high,false,The City gives a 1874-75 range and states the earliest section was built in 1875; later 1897 and 1924 additions are separate phases.
CHI-POSTFIRE-CHI1875-011-A01,CHI-POSTFIRE-CHI1875-011,canonical_name,Cook County Hospital two medical pavilions,ANDREAS_V3,high,true,"General design and two medical-pavilion plans adopted May 24, 1875; both pavilions erected that year. This grouped record represents two named functional structures and should later be decomposed if pavilion identifiers emerge."
CHI-POSTFIRE-CHI1875-011-A02,CHI-POSTFIRE-CHI1875-011,year_completed,1875,ANDREAS_V3,high,true,"General design and two medical-pavilion plans adopted May 24, 1875; both pavilions erected that year. This grouped record represents two named functional structures and should later be decomposed if pavilion identifiers emerge."
CHI-POSTFIRE-CHI1875-011-A03,CHI-POSTFIRE-CHI1875-011,address_historical,Between Wood and Lincoln Streets and Harrison and Polk Streets,ANDREAS_V3,high,true,"General design and two medical-pavilion plans adopted May 24, 1875; both pavilions erected that year. This grouped record represents two named functional structures and should later be decomposed if pavilion identifiers emerge."
CHI-POSTFIRE-CHI1875-011-A04,CHI-POSTFIRE-CHI1875-011,structural_system,red brick with stone trim; pavilion plan,ANDREAS_V3,high,true,"General design and two medical-pavilion plans adopted May 24, 1875; both pavilions erected that year. This grouped record represents two named functional structures and should later be decomposed if pavilion identifiers emerge."
CHI-POSTFIRE-CHI1875-011-A05,CHI-POSTFIRE-CHI1875-011,construction_or_event_type,new_construction,ANDREAS_V3,high,true,"General design and two medical-pavilion plans adopted May 24, 1875; both pavilions erected that year. This grouped record represents two named functional structures and should later be decomposed if pavilion identifiers emerge."
CHI-POSTFIRE-CHI1875-011-A06,CHI-POSTFIRE-CHI1875-011,postfire_code_context,Institutional masonry construction reflected post-fire concern for separation and fire resistance; outside the 1871 burned district.,ANDREAS_V3,high,true,"General design and two medical-pavilion plans adopted May 24, 1875; both pavilions erected that year. This grouped record represents two named functional structures and should later be decomposed if pavilion identifiers emerge."
CHI-POSTFIRE-CHI1875-011-A07,CHI-POSTFIRE-CHI1875-011,year_demolished,1913,ANDREAS_V3,high,true,"General design and two medical-pavilion plans adopted May 24, 1875; both pavilions erected that year. This grouped record represents two named functional structures and should later be decomposed if pavilion identifiers emerge."
CHI-POSTFIRE-CHI1875-012-A01,CHI-POSTFIRE-CHI1875-012,canonical_name,McCormick Double House,CITY_INDIVIDUAL_LANDMARKS,high,false,Built as a double house for industrialist Leander J. McCormick and his son Robert H. McCormick; the most intact McCormick-family mansion remaining in the former 'McCormickville' area.
CHI-POSTFIRE-CHI1875-012-A02,CHI-POSTFIRE-CHI1875-012,year_completed,1875,CITY_INDIVIDUAL_LANDMARKS,high,false,Built as a double house for industrialist Leander J. McCormick and his son Robert H. McCormick; the most intact McCormick-family mansion remaining in the former 'McCormickville' area.
CHI-POSTFIRE-CHI1875-012-A03,CHI-POSTFIRE-CHI1875-012,address_historical,Rush Street at Erie Street,CITY_INDIVIDUAL_LANDMARKS,high,false,Built as a double house for industrialist Leander J. McCormick and his son Robert H. McCormick; the most intact McCormick-family mansion remaining in the former 'McCormickville' area.
CHI-POSTFIRE-CHI1875-012-A04,CHI-POSTFIRE-CHI1875-012,architect_or_builder,Frederick and Edward Baumann,CITY_INDIVIDUAL_LANDMARKS,high,false,Built as a double house for industrialist Leander J. McCormick and his son Robert H. McCormick; the most intact McCormick-family mansion remaining in the former 'McCormickville' area.
CHI-POSTFIRE-CHI1875-012-A05,CHI-POSTFIRE-CHI1875-012,structural_system,Joliet limestone-clad masonry; Italianate,CITY_INDIVIDUAL_LANDMARKS,high,false,Built as a double house for industrialist Leander J. McCormick and his son Robert H. McCormick; the most intact McCormick-family mansion remaining in the former 'McCormickville' area.
CHI-POSTFIRE-CHI1875-012-A06,CHI-POSTFIRE-CHI1875-012,construction_or_event_type,new_construction,CITY_INDIVIDUAL_LANDMARKS,high,false,Built as a double house for industrialist Leander J. McCormick and his son Robert H. McCormick; the most intact McCormick-family mansion remaining in the former 'McCormickville' area.
CHI-POSTFIRE-CHI1875-012-A07,CHI-POSTFIRE-CHI1875-012,postfire_code_context,A masonry mansion within the rebuilt Near North Side conformed to post-fire fire-limit requirements.,CITY_INDIVIDUAL_LANDMARKS,high,false,Built as a double house for industrialist Leander J. McCormick and his son Robert H. McCormick; the most intact McCormick-family mansion remaining in the former 'McCormickville' area.
CHI-POSTFIRE-CHI1875-013-A01,CHI-POSTFIRE-CHI1875-013,canonical_name,Cyrus Hall McCormick mansion,CHICAGOLOGY_CYRUS,medium,true,"A contemporary February 21, 1875 account describes the completed three-story mansion. Start year and later demolition date require permit/property verification."
CHI-POSTFIRE-CHI1875-013-A02,CHI-POSTFIRE-CHI1875-013,year_completed,1875,CHICAGOLOGY_CYRUS,medium,true,"A contemporary February 21, 1875 account describes the completed three-story mansion. Start year and later demolition date require permit/property verification."
CHI-POSTFIRE-CHI1875-013-A03,CHI-POSTFIRE-CHI1875-013,address_historical,135 Rush Street,CHICAGOLOGY_CYRUS,medium,true,"A contemporary February 21, 1875 account describes the completed three-story mansion. Start year and later demolition date require permit/property verification."
CHI-POSTFIRE-CHI1875-013-A04,CHI-POSTFIRE-CHI1875-013,structural_system,Lake Superior sandstone; German Renaissance,CHICAGOLOGY_CYRUS,medium,true,"A contemporary February 21, 1875 account describes the completed three-story mansion. Start year and later demolition date require permit/property verification."
CHI-POSTFIRE-CHI1875-013-A05,CHI-POSTFIRE-CHI1875-013,construction_or_event_type,completion_or_occupancy_phase,CHICAGOLOGY_CYRUS,medium,true,"A contemporary February 21, 1875 account describes the completed three-story mansion. Start year and later demolition date require permit/property verification."
CHI-POSTFIRE-CHI1875-013-A06,CHI-POSTFIRE-CHI1875-013,predecessor_or_rebuild_of,McCormick residence destroyed in the Great Chicago Fire,CHICAGOLOGY_CYRUS,medium,true,"A contemporary February 21, 1875 account describes the completed three-story mansion. Start year and later demolition date require permit/property verification."
CHI-POSTFIRE-CHI1875-013-A07,CHI-POSTFIRE-CHI1875-013,postfire_code_context,Substantial stone construction in the rebuilt Near North Side met post-fire fire-limit expectations.,CHICAGOLOGY_CYRUS,medium,true,"A contemporary February 21, 1875 account describes the completed three-story mansion. Start year and later demolition date require permit/property verification."
CHI-POSTFIRE-CHI1875-013-A08,CHI-POSTFIRE-CHI1875-013,year_demolished,1954,CHICAGOLOGY_CYRUS,medium,true,"A contemporary February 21, 1875 account describes the completed three-story mansion. Start year and later demolition date require permit/property verification."
CHI-POSTFIRE-CHI1875-014-A01,CHI-POSTFIRE-CHI1875-014,canonical_name,Emmel Building,NPS_EMMEL,high,false,"Purpose-built for German immigrant painter and decorator Peter Emmel, with commerce below and family rooms above."
CHI-POSTFIRE-CHI1875-014-A02,CHI-POSTFIRE-CHI1875-014,year_completed,1875,NPS_EMMEL,high,false,"Purpose-built for German immigrant painter and decorator Peter Emmel, with commerce below and family rooms above."
CHI-POSTFIRE-CHI1875-014-A03,CHI-POSTFIRE-CHI1875-014,address_historical,Wells Street,NPS_EMMEL,high,false,"Purpose-built for German immigrant painter and decorator Peter Emmel, with commerce below and family rooms above."
CHI-POSTFIRE-CHI1875-014-A04,CHI-POSTFIRE-CHI1875-014,structural_system,masonry; carved stone facade; Italianate,NPS_EMMEL,high,false,"Purpose-built for German immigrant painter and decorator Peter Emmel, with commerce below and family rooms above."
CHI-POSTFIRE-CHI1875-014-A05,CHI-POSTFIRE-CHI1875-014,construction_or_event_type,new_construction,NPS_EMMEL,high,false,"Purpose-built for German immigrant painter and decorator Peter Emmel, with commerce below and family rooms above."
CHI-POSTFIRE-CHI1875-014-A06,CHI-POSTFIRE-CHI1875-014,postfire_code_context,Built in the Near North Side after post-fire restrictions; masonry store-and-flat form replaced fire-lost property.,NPS_EMMEL,high,false,"Purpose-built for German immigrant painter and decorator Peter Emmel, with commerce below and family rooms above."
CHI-POSTFIRE-CHI1875-015-A01,CHI-POSTFIRE-CHI1875-015,canonical_name,William Waller House,NPS_WALLER,high,false,National Register documentation gives 1875-76. Included for the 1875 start/phase and not counted as a 1875 completion.
CHI-POSTFIRE-CHI1875-015-A02,CHI-POSTFIRE-CHI1875-015,year_completed,1876,NPS_WALLER,high,false,National Register documentation gives 1875-76. Included for the 1875 start/phase and not counted as a 1875 completion.
CHI-POSTFIRE-CHI1875-015-A03,CHI-POSTFIRE-CHI1875-015,address_historical,Dearborn Street,NPS_WALLER,high,false,National Register documentation gives 1875-76. Included for the 1875 start/phase and not counted as a 1875 completion.
CHI-POSTFIRE-CHI1875-015-A04,CHI-POSTFIRE-CHI1875-015,structural_system,stone masonry; Italianate/Tuscan Villa,NPS_WALLER,high,false,National Register documentation gives 1875-76. Included for the 1875 start/phase and not counted as a 1875 completion.
CHI-POSTFIRE-CHI1875-015-A05,CHI-POSTFIRE-CHI1875-015,construction_or_event_type,construction_start_or_major_phase,NPS_WALLER,high,false,National Register documentation gives 1875-76. Included for the 1875 start/phase and not counted as a 1875 completion.
CHI-POSTFIRE-CHI1875-015-A06,CHI-POSTFIRE-CHI1875-015,postfire_code_context,Stone residential construction followed Near North Side rebuilding and fire-limit requirements.,NPS_WALLER,high,false,National Register documentation gives 1875-76. Included for the 1875 start/phase and not counted as a 1875 completion.
CHI-POSTFIRE-CHI1875-016-A01,CHI-POSTFIRE-CHI1875-016,canonical_name,Haskell Building,CITY_HBA;CITY_HBA_COUNCIL,high,false,Official City Council proceedings separate the Haskell and Barker buildings from the later 1877 Atwater Building and give both an 1875 completion.
CHI-POSTFIRE-CHI1875-016-A02,CHI-POSTFIRE-CHI1875-016,year_completed,1875,CITY_HBA;CITY_HBA_COUNCIL,high,false,Official City Council proceedings separate the Haskell and Barker buildings from the later 1877 Atwater Building and give both an 1875 completion.
CHI-POSTFIRE-CHI1875-016-A03,CHI-POSTFIRE-CHI1875-016,address_historical,18-20 S Wabash Avenue,CITY_HBA;CITY_HBA_COUNCIL,high,false,Official City Council proceedings separate the Haskell and Barker buildings from the later 1877 Atwater Building and give both an 1875 completion.
CHI-POSTFIRE-CHI1875-016-A04,CHI-POSTFIRE-CHI1875-016,architect_or_builder,Wheelock and Thomas,CITY_HBA;CITY_HBA_COUNCIL,high,false,Official City Council proceedings separate the Haskell and Barker buildings from the later 1877 Atwater Building and give both an 1875 completion.
CHI-POSTFIRE-CHI1875-016-A05,CHI-POSTFIRE-CHI1875-016,structural_system,traditional load-bearing masonry,CITY_HBA;CITY_HBA_COUNCIL,high,false,Official City Council proceedings separate the Haskell and Barker buildings from the later 1877 Atwater Building and give both an 1875 completion.
CHI-POSTFIRE-CHI1875-016-A06,CHI-POSTFIRE-CHI1875-016,construction_or_event_type,new_construction,CITY_HBA;CITY_HBA_COUNCIL,high,false,Official City Council proceedings separate the Haskell and Barker buildings from the later 1877 Atwater Building and give both an 1875 completion.
CHI-POSTFIRE-CHI1875-016-A07,CHI-POSTFIRE-CHI1875-016,postfire_code_context,A post-fire mercantile loft within the central fire limits used load-bearing masonry; lower floors were remodeled by Louis Sullivan in 1896.,CITY_HBA;CITY_HBA_COUNCIL,high,false,Official City Council proceedings separate the Haskell and Barker buildings from the later 1877 Atwater Building and give both an 1875 completion.
CHI-POSTFIRE-CHI1875-017-A01,CHI-POSTFIRE-CHI1875-017,canonical_name,Barker Building,CITY_HBA;CITY_HBA_COUNCIL,high,false,Official City Council proceedings separate the Haskell and Barker buildings from the later 1877 Atwater Building and give both an 1875 completion.
CHI-POSTFIRE-CHI1875-017-A02,CHI-POSTFIRE-CHI1875-017,year_completed,1875,CITY_HBA;CITY_HBA_COUNCIL,high,false,Official City Council proceedings separate the Haskell and Barker buildings from the later 1877 Atwater Building and give both an 1875 completion.
CHI-POSTFIRE-CHI1875-017-A03,CHI-POSTFIRE-CHI1875-017,address_historical,22-24 S Wabash Avenue,CITY_HBA;CITY_HBA_COUNCIL,high,false,Official City Council proceedings separate the Haskell and Barker buildings from the later 1877 Atwater Building and give both an 1875 completion.
CHI-POSTFIRE-CHI1875-017-A04,CHI-POSTFIRE-CHI1875-017,architect_or_builder,Wheelock and Thomas,CITY_HBA;CITY_HBA_COUNCIL,high,false,Official City Council proceedings separate the Haskell and Barker buildings from the later 1877 Atwater Building and give both an 1875 completion.
CHI-POSTFIRE-CHI1875-017-A05,CHI-POSTFIRE-CHI1875-017,structural_system,traditional load-bearing masonry,CITY_HBA;CITY_HBA_COUNCIL,high,false,Official City Council proceedings separate the Haskell and Barker buildings from the later 1877 Atwater Building and give both an 1875 completion.
CHI-POSTFIRE-CHI1875-017-A06,CHI-POSTFIRE-CHI1875-017,construction_or_event_type,new_construction,CITY_HBA;CITY_HBA_COUNCIL,high,false,Official City Council proceedings separate the Haskell and Barker buildings from the later 1877 Atwater Building and give both an 1875 completion.
CHI-POSTFIRE-CHI1875-017-A07,CHI-POSTFIRE-CHI1875-017,postfire_code_context,A post-fire mercantile loft within the central fire limits used load-bearing masonry.,CITY_HBA;CITY_HBA_COUNCIL,high,false,Official City Council proceedings separate the Haskell and Barker buildings from the later 1877 Atwater Building and give both an 1875 completion.
CHI-POSTFIRE-CHI1875-018-A01,CHI-POSTFIRE-CHI1875-018,canonical_name,Albert E. Kent Building,CITY_LAKE_FRANKLIN;CITY_NEAR_NORTH_REPORT,high,false,The City designation page gives the Lake-Franklin group range; the Commission report explicitly says the Kent Building was completed in 1875.
CHI-POSTFIRE-CHI1875-018-A02,CHI-POSTFIRE-CHI1875-018,year_completed,1875,CITY_LAKE_FRANKLIN;CITY_NEAR_NORTH_REPORT,high,false,The City designation page gives the Lake-Franklin group range; the Commission report explicitly says the Kent Building was completed in 1875.
CHI-POSTFIRE-CHI1875-018-A03,CHI-POSTFIRE-CHI1875-018,address_historical,175 N Franklin Street,CITY_LAKE_FRANKLIN;CITY_NEAR_NORTH_REPORT,high,false,The City designation page gives the Lake-Franklin group range; the Commission report explicitly says the Kent Building was completed in 1875.
CHI-POSTFIRE-CHI1875-018-A04,CHI-POSTFIRE-CHI1875-018,architect_or_builder,George H. Edbrooke,CITY_LAKE_FRANKLIN;CITY_NEAR_NORTH_REPORT,high,false,The City designation page gives the Lake-Franklin group range; the Commission report explicitly says the Kent Building was completed in 1875.
CHI-POSTFIRE-CHI1875-018-A05,CHI-POSTFIRE-CHI1875-018,structural_system,load-bearing masonry; cast-iron commercial details,CITY_LAKE_FRANKLIN;CITY_NEAR_NORTH_REPORT,high,false,The City designation page gives the Lake-Franklin group range; the Commission report explicitly says the Kent Building was completed in 1875.
CHI-POSTFIRE-CHI1875-018-A06,CHI-POSTFIRE-CHI1875-018,construction_or_event_type,new_construction,CITY_LAKE_FRANKLIN;CITY_NEAR_NORTH_REPORT,high,false,The City designation page gives the Lake-Franklin group range; the Commission report explicitly says the Kent Building was completed in 1875.
CHI-POSTFIRE-CHI1875-018-A07,CHI-POSTFIRE-CHI1875-018,postfire_code_context,"Within the post-fire central business district, the masonry loft reflects fire-limit construction and rapid wholesale-district rebuilding.",CITY_LAKE_FRANKLIN;CITY_NEAR_NORTH_REPORT,high,false,The City designation page gives the Lake-Franklin group range; the Commission report explicitly says the Kent Building was completed in 1875.
CHI-POSTFIRE-CHI1875-019-A01,CHI-POSTFIRE-CHI1875-019,canonical_name,Union Stock Yard Gate,CITY_INDIVIDUAL_LANDMARKS;CITY_UNION_GATE,high,false,City record dates the surviving limestone gate circa 1875; exact construction start is unverified. It must not be conflated with the original 1865 stockyard complex or gate fabric.
CHI-POSTFIRE-CHI1875-019-A02,CHI-POSTFIRE-CHI1875-019,year_completed,1875,CITY_INDIVIDUAL_LANDMARKS;CITY_UNION_GATE,high,false,City record dates the surviving limestone gate circa 1875; exact construction start is unverified. It must not be conflated with the original 1865 stockyard complex or gate fabric.
CHI-POSTFIRE-CHI1875-019-A03,CHI-POSTFIRE-CHI1875-019,address_historical,Exchange Avenue at Peoria Street,CITY_INDIVIDUAL_LANDMARKS;CITY_UNION_GATE,high,false,City record dates the surviving limestone gate circa 1875; exact construction start is unverified. It must not be conflated with the original 1865 stockyard complex or gate fabric.
CHI-POSTFIRE-CHI1875-019-A04,CHI-POSTFIRE-CHI1875-019,architect_or_builder,Burnham and Root,CITY_INDIVIDUAL_LANDMARKS;CITY_UNION_GATE,high,false,City record dates the surviving limestone gate circa 1875; exact construction start is unverified. It must not be conflated with the original 1865 stockyard complex or gate fabric.
CHI-POSTFIRE-CHI1875-019-A05,CHI-POSTFIRE-CHI1875-019,structural_system,limestone masonry with central arch,CITY_INDIVIDUAL_LANDMARKS;CITY_UNION_GATE,high,false,City record dates the surviving limestone gate circa 1875; exact construction start is unverified. It must not be conflated with the original 1865 stockyard complex or gate fabric.
CHI-POSTFIRE-CHI1875-019-A06,CHI-POSTFIRE-CHI1875-019,construction_or_event_type,completion_phase,CITY_INDIVIDUAL_LANDMARKS;CITY_UNION_GATE,high,false,City record dates the surviving limestone gate circa 1875; exact construction start is unverified. It must not be conflated with the original 1865 stockyard complex or gate fabric.
CHI-POSTFIRE-CHI1875-019-A07,CHI-POSTFIRE-CHI1875-019,predecessor_or_rebuild_of,Union Stock Yard original 1865 entrance complex,CITY_INDIVIDUAL_LANDMARKS;CITY_UNION_GATE,high,false,City record dates the surviving limestone gate circa 1875; exact construction start is unverified. It must not be conflated with the original 1865 stockyard complex or gate fabric.
CHI-POSTFIRE-CHI1875-019-A08,CHI-POSTFIRE-CHI1875-019,postfire_code_context,Outside the central burned district; durable stone construction nevertheless embodies post-fire rebuilding-era masonry practice.,CITY_INDIVIDUAL_LANDMARKS;CITY_UNION_GATE,high,false,City record dates the surviving limestone gate circa 1875; exact construction start is unverified. It must not be conflated with the original 1865 stockyard complex or gate fabric.
CHI-POSTFIRE-CHI1875-020-A01,CHI-POSTFIRE-CHI1875-020,canonical_name,Union Stock Yard post-office building,ANDREAS_V3,high,true,Andreas states that a post-office building was built in 1875 just outside the yards' main entrance. Kept separate from the contemporaneous printing house.
CHI-POSTFIRE-CHI1875-020-A02,CHI-POSTFIRE-CHI1875-020,year_completed,1875,ANDREAS_V3,high,true,Andreas states that a post-office building was built in 1875 just outside the yards' main entrance. Kept separate from the contemporaneous printing house.
CHI-POSTFIRE-CHI1875-020-A03,CHI-POSTFIRE-CHI1875-020,address_historical,Immediately outside the main entrance to the Union Stock Yards,ANDREAS_V3,high,true,Andreas states that a post-office building was built in 1875 just outside the yards' main entrance. Kept separate from the contemporaneous printing house.
CHI-POSTFIRE-CHI1875-020-A04,CHI-POSTFIRE-CHI1875-020,structural_system,masonry/unknown,ANDREAS_V3,high,true,Andreas states that a post-office building was built in 1875 just outside the yards' main entrance. Kept separate from the contemporaneous printing house.
CHI-POSTFIRE-CHI1875-020-A05,CHI-POSTFIRE-CHI1875-020,construction_or_event_type,new_construction,ANDREAS_V3,high,true,Andreas states that a post-office building was built in 1875 just outside the yards' main entrance. Kept separate from the contemporaneous printing house.
CHI-POSTFIRE-CHI1875-020-A06,CHI-POSTFIRE-CHI1875-020,postfire_code_context,Located outside the central fire area; exact material and code jurisdiction need verification.,ANDREAS_V3,high,true,Andreas states that a post-office building was built in 1875 just outside the yards' main entrance. Kept separate from the contemporaneous printing house.
CHI-POSTFIRE-CHI1875-021-A01,CHI-POSTFIRE-CHI1875-021,canonical_name,Daily Drover's Journal printing house,ANDREAS_V3,high,true,Andreas identifies the 1875 printing house as occupied by H. L. Goodall & Co.'s Daily Drover's Journal. Kept separate from the post-office building.
CHI-POSTFIRE-CHI1875-021-A02,CHI-POSTFIRE-CHI1875-021,year_completed,1875,ANDREAS_V3,high,true,Andreas identifies the 1875 printing house as occupied by H. L. Goodall & Co.'s Daily Drover's Journal. Kept separate from the post-office building.
CHI-POSTFIRE-CHI1875-021-A03,CHI-POSTFIRE-CHI1875-021,address_historical,Immediately outside the main entrance to the Union Stock Yards,ANDREAS_V3,high,true,Andreas identifies the 1875 printing house as occupied by H. L. Goodall & Co.'s Daily Drover's Journal. Kept separate from the post-office building.
CHI-POSTFIRE-CHI1875-021-A04,CHI-POSTFIRE-CHI1875-021,structural_system,masonry/unknown,ANDREAS_V3,high,true,Andreas identifies the 1875 printing house as occupied by H. L. Goodall & Co.'s Daily Drover's Journal. Kept separate from the post-office building.
CHI-POSTFIRE-CHI1875-021-A05,CHI-POSTFIRE-CHI1875-021,construction_or_event_type,new_construction,ANDREAS_V3,high,true,Andreas identifies the 1875 printing house as occupied by H. L. Goodall & Co.'s Daily Drover's Journal. Kept separate from the post-office building.
CHI-POSTFIRE-CHI1875-021-A06,CHI-POSTFIRE-CHI1875-021,postfire_code_context,Located outside the central fire area; exact material and code jurisdiction need verification.,ANDREAS_V3,high,true,Andreas identifies the 1875 printing house as occupied by H. L. Goodall & Co.'s Daily Drover's Journal. Kept separate from the post-office building.
CHI-POSTFIRE-CHI1875-022-A01,CHI-POSTFIRE-CHI1875-022,canonical_name,Baltimore and Ohio Railroad freight warehouse,ANDREAS_V3,high,true,"Andreas records a brick freight warehouse erected in Chicago in 1875 after the railroad acquired forty acres at South Chicago for depots, shops, and engine houses."
CHI-POSTFIRE-CHI1875-022-A02,CHI-POSTFIRE-CHI1875-022,year_completed,1875,ANDREAS_V3,high,true,"Andreas records a brick freight warehouse erected in Chicago in 1875 after the railroad acquired forty acres at South Chicago for depots, shops, and engine houses."
CHI-POSTFIRE-CHI1875-022-A03,CHI-POSTFIRE-CHI1875-022,address_historical,Baltimore and Ohio railroad grounds at South Chicago,ANDREAS_V3,high,true,"Andreas records a brick freight warehouse erected in Chicago in 1875 after the railroad acquired forty acres at South Chicago for depots, shops, and engine houses."
CHI-POSTFIRE-CHI1875-022-A04,CHI-POSTFIRE-CHI1875-022,structural_system,brick masonry,ANDREAS_V3,high,true,"Andreas records a brick freight warehouse erected in Chicago in 1875 after the railroad acquired forty acres at South Chicago for depots, shops, and engine houses."
CHI-POSTFIRE-CHI1875-022-A05,CHI-POSTFIRE-CHI1875-022,construction_or_event_type,new_construction,ANDREAS_V3,high,true,"Andreas records a brick freight warehouse erected in Chicago in 1875 after the railroad acquired forty acres at South Chicago for depots, shops, and engine houses."
CHI-POSTFIRE-CHI1875-022-A06,CHI-POSTFIRE-CHI1875-022,postfire_code_context,Brick industrial construction was consistent with expanded post-fire fire limits; exact jurisdictional limits at South Chicago require mapping.,ANDREAS_V3,high,true,"Andreas records a brick freight warehouse erected in Chicago in 1875 after the railroad acquired forty acres at South Chicago for depots, shops, and engine houses."
CHI-POSTFIRE-CHI1875-023-A01,CHI-POSTFIRE-CHI1875-023,canonical_name,Chicago and Pacific Elevator A,ANDREAS_V3,high,true,"Built by William H. Harper in 1875 with a reported capacity of 650,000 bushels; location and structural system remain a research priority."
CHI-POSTFIRE-CHI1875-023-A02,CHI-POSTFIRE-CHI1875-023,year_completed,1875,ANDREAS_V3,high,true,"Built by William H. Harper in 1875 with a reported capacity of 650,000 bushels; location and structural system remain a research priority."
CHI-POSTFIRE-CHI1875-023-A03,CHI-POSTFIRE-CHI1875-023,address_historical,Along the Chicago and Pacific Railroad,ANDREAS_V3,high,true,"Built by William H. Harper in 1875 with a reported capacity of 650,000 bushels; location and structural system remain a research priority."
CHI-POSTFIRE-CHI1875-023-A04,CHI-POSTFIRE-CHI1875-023,structural_system,grain-elevator structure; material unknown,ANDREAS_V3,high,true,"Built by William H. Harper in 1875 with a reported capacity of 650,000 bushels; location and structural system remain a research priority."
CHI-POSTFIRE-CHI1875-023-A05,CHI-POSTFIRE-CHI1875-023,construction_or_event_type,new_construction,ANDREAS_V3,high,true,"Built by William H. Harper in 1875 with a reported capacity of 650,000 bushels; location and structural system remain a research priority."
CHI-POSTFIRE-CHI1875-023-A06,CHI-POSTFIRE-CHI1875-023,postfire_code_context,Industrial structure outside the central fire area; construction material and fire-code treatment require confirmation.,ANDREAS_V3,high,true,"Built by William H. Harper in 1875 with a reported capacity of 650,000 bushels; location and structural system remain a research priority."
CHI-POSTFIRE-CHI1875-024-A01,CHI-POSTFIRE-CHI1875-024,canonical_name,Madison Street bridge reconstruction,ANDREAS_V3,high,false,"Completed between March 1 and December 31, 1875: 156.4-foot draw, 18-foot roadway, two 6-foot sidewalks; reported total cost $15,000."
CHI-POSTFIRE-CHI1875-024-A02,CHI-POSTFIRE-CHI1875-024,year_completed,1875,ANDREAS_V3,high,false,"Completed between March 1 and December 31, 1875: 156.4-foot draw, 18-foot roadway, two 6-foot sidewalks; reported total cost $15,000."
CHI-POSTFIRE-CHI1875-024-A03,CHI-POSTFIRE-CHI1875-024,address_historical,Madison Street over the Chicago River,ANDREAS_V3,high,false,"Completed between March 1 and December 31, 1875: 156.4-foot draw, 18-foot roadway, two 6-foot sidewalks; reported total cost $15,000."
CHI-POSTFIRE-CHI1875-024-A04,CHI-POSTFIRE-CHI1875-024,structural_system,iron superstructure; swing draw,ANDREAS_V3,high,false,"Completed between March 1 and December 31, 1875: 156.4-foot draw, 18-foot roadway, two 6-foot sidewalks; reported total cost $15,000."
CHI-POSTFIRE-CHI1875-024-A05,CHI-POSTFIRE-CHI1875-024,construction_or_event_type,reconstruction,ANDREAS_V3,high,false,"Completed between March 1 and December 31, 1875: 156.4-foot draw, 18-foot roadway, two 6-foot sidewalks; reported total cost $15,000."
CHI-POSTFIRE-CHI1875-024-A06,CHI-POSTFIRE-CHI1875-024,postfire_code_context,Municipal iron reconstruction reflected the broader post-fire replacement of vulnerable timber infrastructure.,ANDREAS_V3,high,false,"Completed between March 1 and December 31, 1875: 156.4-foot draw, 18-foot roadway, two 6-foot sidewalks; reported total cost $15,000."
CHI-POSTFIRE-CHI1875-025-A01,CHI-POSTFIRE-CHI1875-025,canonical_name,Chicago bridge-house construction program,ANDREAS_V3,medium,true,"Andreas OCR reads 'several' new brick bridge-houses built from March 1 through December 31, 1875. The number and individual locations require the original Board of Public Works report; retained as one program record to avoid invented identities."
CHI-POSTFIRE-CHI1875-025-A02,CHI-POSTFIRE-CHI1875-025,year_completed,1875,ANDREAS_V3,medium,true,"Andreas OCR reads 'several' new brick bridge-houses built from March 1 through December 31, 1875. The number and individual locations require the original Board of Public Works report; retained as one program record to avoid invented identities."
CHI-POSTFIRE-CHI1875-025-A03,CHI-POSTFIRE-CHI1875-025,address_historical,Several Chicago River bridge sites,ANDREAS_V3,medium,true,"Andreas OCR reads 'several' new brick bridge-houses built from March 1 through December 31, 1875. The number and individual locations require the original Board of Public Works report; retained as one program record to avoid invented identities."
CHI-POSTFIRE-CHI1875-025-A04,CHI-POSTFIRE-CHI1875-025,structural_system,brick masonry,ANDREAS_V3,medium,true,"Andreas OCR reads 'several' new brick bridge-houses built from March 1 through December 31, 1875. The number and individual locations require the original Board of Public Works report; retained as one program record to avoid invented identities."
CHI-POSTFIRE-CHI1875-025-A05,CHI-POSTFIRE-CHI1875-025,construction_or_event_type,multi_site_program,ANDREAS_V3,medium,true,"Andreas OCR reads 'several' new brick bridge-houses built from March 1 through December 31, 1875. The number and individual locations require the original Board of Public Works report; retained as one program record to avoid invented identities."
CHI-POSTFIRE-CHI1875-025-A06,CHI-POSTFIRE-CHI1875-025,postfire_code_context,Brick bridge houses explicitly replaced or avoided vulnerable wood service structures after the fires.,ANDREAS_V3,medium,true,"Andreas OCR reads 'several' new brick bridge-houses built from March 1 through December 31, 1875. The number and individual locations require the original Board of Public Works report; retained as one program record to avoid invented identities."
CHI-POSTFIRE-CHI1875-026-A01,CHI-POSTFIRE-CHI1875-026,canonical_name,Blue Island Avenue viaduct construction,ANDREAS_V3,high,false,"Construction began October 15, 1875 and was completed August 25, 1876 at a reported total cost of $102,173.99; included for exact start phase only."
CHI-POSTFIRE-CHI1875-026-A02,CHI-POSTFIRE-CHI1875-026,year_completed,1876,ANDREAS_V3,high,false,"Construction began October 15, 1875 and was completed August 25, 1876 at a reported total cost of $102,173.99; included for exact start phase only."
CHI-POSTFIRE-CHI1875-026-A03,CHI-POSTFIRE-CHI1875-026,address_historical,Blue Island Avenue at Throop Street over railroad tracks,ANDREAS_V3,high,false,"Construction began October 15, 1875 and was completed August 25, 1876 at a reported total cost of $102,173.99; included for exact start phase only."
CHI-POSTFIRE-CHI1875-026-A04,CHI-POSTFIRE-CHI1875-026,architect_or_builder,Cox Brothers (substructure); Keystone Bridge Company (superstructure),ANDREAS_V3,high,false,"Construction began October 15, 1875 and was completed August 25, 1876 at a reported total cost of $102,173.99; included for exact start phase only."
CHI-POSTFIRE-CHI1875-026-A05,CHI-POSTFIRE-CHI1875-026,structural_system,wrought-iron truss and plate girders,ANDREAS_V3,high,false,"Construction began October 15, 1875 and was completed August 25, 1876 at a reported total cost of $102,173.99; included for exact start phase only."
CHI-POSTFIRE-CHI1875-026-A06,CHI-POSTFIRE-CHI1875-026,construction_or_event_type,construction_start,ANDREAS_V3,high,false,"Construction began October 15, 1875 and was completed August 25, 1876 at a reported total cost of $102,173.99; included for exact start phase only."
CHI-POSTFIRE-CHI1875-026-A07,CHI-POSTFIRE-CHI1875-026,postfire_code_context,Post-fire municipal infrastructure used iron superstructures and masonry substructures to reduce fire risk and separate expanding rail traffic.,ANDREAS_V3,high,false,"Construction began October 15, 1875 and was completed August 25, 1876 at a reported total cost of $102,173.99; included for exact start phase only."
CHI-POSTFIRE-CHI1875-027-A01,CHI-POSTFIRE-CHI1875-027,canonical_name,Harrison Street bridge construction,ANDREAS_V3,high,false,"Work began June 22, 1875 but land-condemnation litigation delayed completion until October 23, 1877; included for exact 1875 start phase."
CHI-POSTFIRE-CHI1875-027-A02,CHI-POSTFIRE-CHI1875-027,year_completed,1877,ANDREAS_V3,high,false,"Work began June 22, 1875 but land-condemnation litigation delayed completion until October 23, 1877; included for exact 1875 start phase."
CHI-POSTFIRE-CHI1875-027-A03,CHI-POSTFIRE-CHI1875-027,address_historical,Harrison Street over the Chicago River,ANDREAS_V3,high,false,"Work began June 22, 1875 but land-condemnation litigation delayed completion until October 23, 1877; included for exact 1875 start phase."
CHI-POSTFIRE-CHI1875-027-A04,CHI-POSTFIRE-CHI1875-027,architect_or_builder,American Bridge Company,ANDREAS_V3,high,false,"Work began June 22, 1875 but land-condemnation litigation delayed completion until October 23, 1877; included for exact 1875 start phase."
CHI-POSTFIRE-CHI1875-027-A05,CHI-POSTFIRE-CHI1875-027,structural_system,wrought-iron turn-table swing bridge,ANDREAS_V3,high,false,"Work began June 22, 1875 but land-condemnation litigation delayed completion until October 23, 1877; included for exact 1875 start phase."
CHI-POSTFIRE-CHI1875-027-A06,CHI-POSTFIRE-CHI1875-027,construction_or_event_type,construction_start,ANDREAS_V3,high,false,"Work began June 22, 1875 but land-condemnation litigation delayed completion until October 23, 1877; included for exact 1875 start phase."
CHI-POSTFIRE-CHI1875-027-A07,CHI-POSTFIRE-CHI1875-027,postfire_code_context,Iron municipal bridge construction continued the post-fire replacement of timber infrastructure.,ANDREAS_V3,high,false,"Work began June 22, 1875 but land-condemnation litigation delayed completion until October 23, 1877; included for exact 1875 start phase."
CHI-POSTFIRE-CHI1875-028-A01,CHI-POSTFIRE-CHI1875-028,canonical_name,Main Street bridge main-structure rebuild,ANDREAS_V3,medium,true,Andreas's 1884 bridge inventory footnotes the 1868 Main Street bridge as having its main structure rebuilt in 1875. The responsible contractor and exact scope need the annual report.
CHI-POSTFIRE-CHI1875-028-A02,CHI-POSTFIRE-CHI1875-028,year_completed,1875,ANDREAS_V3,medium,true,Andreas's 1884 bridge inventory footnotes the 1868 Main Street bridge as having its main structure rebuilt in 1875. The responsible contractor and exact scope need the annual report.
CHI-POSTFIRE-CHI1875-028-A03,CHI-POSTFIRE-CHI1875-028,address_historical,Main Street over the South Branch,ANDREAS_V3,medium,true,Andreas's 1884 bridge inventory footnotes the 1868 Main Street bridge as having its main structure rebuilt in 1875. The responsible contractor and exact scope need the annual report.
CHI-POSTFIRE-CHI1875-028-A04,CHI-POSTFIRE-CHI1875-028,structural_system,main structure rebuilt; material unclear in OCR table,ANDREAS_V3,medium,true,Andreas's 1884 bridge inventory footnotes the 1868 Main Street bridge as having its main structure rebuilt in 1875. The responsible contractor and exact scope need the annual report.
CHI-POSTFIRE-CHI1875-028-A05,CHI-POSTFIRE-CHI1875-028,construction_or_event_type,reconstruction,ANDREAS_V3,medium,true,Andreas's 1884 bridge inventory footnotes the 1868 Main Street bridge as having its main structure rebuilt in 1875. The responsible contractor and exact scope need the annual report.
CHI-POSTFIRE-CHI1875-028-A06,CHI-POSTFIRE-CHI1875-028,postfire_code_context,Municipal bridge rebuilding formed part of the post-fire shift toward iron and combination structures.,ANDREAS_V3,medium,true,Andreas's 1884 bridge inventory footnotes the 1868 Main Street bridge as having its main structure rebuilt in 1875. The responsible contractor and exact scope need the annual report.
CHI-POSTFIRE-CHI1875-029-A01,CHI-POSTFIRE-CHI1875-029,canonical_name,Bemis and McAvoy brewery ice house,ANDREAS_V3,high,true,"One of four spacious ice houses erected west of South Park Avenue in 1872, 1874, 1875, and 1876. Group chronology permits a discrete 1875 addition but not a precise street number."
CHI-POSTFIRE-CHI1875-029-A02,CHI-POSTFIRE-CHI1875-029,year_completed,1875,ANDREAS_V3,high,true,"One of four spacious ice houses erected west of South Park Avenue in 1872, 1874, 1875, and 1876. Group chronology permits a discrete 1875 addition but not a precise street number."
CHI-POSTFIRE-CHI1875-029-A03,CHI-POSTFIRE-CHI1875-029,address_historical,West side of South Park Avenue near Twenty-third Street,ANDREAS_V3,high,true,"One of four spacious ice houses erected west of South Park Avenue in 1872, 1874, 1875, and 1876. Group chronology permits a discrete 1875 addition but not a precise street number."
CHI-POSTFIRE-CHI1875-029-A04,CHI-POSTFIRE-CHI1875-029,structural_system,masonry/industrial cold-storage structure,ANDREAS_V3,high,true,"One of four spacious ice houses erected west of South Park Avenue in 1872, 1874, 1875, and 1876. Group chronology permits a discrete 1875 addition but not a precise street number."
CHI-POSTFIRE-CHI1875-029-A05,CHI-POSTFIRE-CHI1875-029,construction_or_event_type,complex_addition,ANDREAS_V3,high,true,"One of four spacious ice houses erected west of South Park Avenue in 1872, 1874, 1875, and 1876. Group chronology permits a discrete 1875 addition but not a precise street number."
CHI-POSTFIRE-CHI1875-029-A06,CHI-POSTFIRE-CHI1875-029,postfire_code_context,Industrial complex lay outside the central burned district; code treatment and material require permit verification.,ANDREAS_V3,high,true,"One of four spacious ice houses erected west of South Park Avenue in 1872, 1874, 1875, and 1876. Group chronology permits a discrete 1875 addition but not a precise street number."
CHI-POSTFIRE-CHI1875-030-A01,CHI-POSTFIRE-CHI1875-030,canonical_name,New Adelphi Theatre conversion,ANDREAS_V3,high,false,"Opened January 11, 1875 after converting the surviving old Post Office walls into Chicago's then-largest theatre. Andreas later criticized its two narrow upper-gallery exits as fire traps."
CHI-POSTFIRE-CHI1875-030-A02,CHI-POSTFIRE-CHI1875-030,year_completed,1875,ANDREAS_V3,high,false,"Opened January 11, 1875 after converting the surviving old Post Office walls into Chicago's then-largest theatre. Andreas later criticized its two narrow upper-gallery exits as fire traps."
CHI-POSTFIRE-CHI1875-030-A03,CHI-POSTFIRE-CHI1875-030,address_historical,Northwest corner of Dearborn and Monroe Streets,ANDREAS_V3,high,false,"Opened January 11, 1875 after converting the surviving old Post Office walls into Chicago's then-largest theatre. Andreas later criticized its two narrow upper-gallery exits as fire traps."
CHI-POSTFIRE-CHI1875-030-A04,CHI-POSTFIRE-CHI1875-030,structural_system,reuse of surviving masonry post-office walls; heavily trussed roof and suspended galleries,ANDREAS_V3,high,false,"Opened January 11, 1875 after converting the surviving old Post Office walls into Chicago's then-largest theatre. Andreas later criticized its two narrow upper-gallery exits as fire traps."
CHI-POSTFIRE-CHI1875-030-A05,CHI-POSTFIRE-CHI1875-030,construction_or_event_type,conversion,ANDREAS_V3,high,false,"Opened January 11, 1875 after converting the surviving old Post Office walls into Chicago's then-largest theatre. Andreas later criticized its two narrow upper-gallery exits as fire traps."
CHI-POSTFIRE-CHI1875-030-A06,CHI-POSTFIRE-CHI1875-030,predecessor_or_rebuild_of,Old Post-Office building shell,ANDREAS_V3,high,false,"Opened January 11, 1875 after converting the surviving old Post Office walls into Chicago's then-largest theatre. Andreas later criticized its two narrow upper-gallery exits as fire traps."
CHI-POSTFIRE-CHI1875-030-A07,CHI-POSTFIRE-CHI1875-030,postfire_code_context,"Reuse of strong surviving masonry walls complied in form with fire-limit construction, but the narrow exits and suspended upper galleries created severe life-safety hazards.",ANDREAS_V3,high,false,"Opened January 11, 1875 after converting the surviving old Post Office walls into Chicago's then-largest theatre. Andreas later criticized its two narrow upper-gallery exits as fire traps."
CHI-POSTFIRE-CHI1875-030-A08,CHI-POSTFIRE-CHI1875-030,year_demolished,1882,ANDREAS_V3,high,false,"Opened January 11, 1875 after converting the surviving old Post Office walls into Chicago's then-largest theatre. Andreas later criticized its two narrow upper-gallery exits as fire traps."
CHI-POSTFIRE-CHI1875-031-A01,CHI-POSTFIRE-CHI1875-031,canonical_name,Burling Row House District,CITY_BURLING_ROWS;DRIEHAUS_BURLING,high,true,Grouped development of ten brick row houses. Unit-level permit and first-owner decomposition is deferred; the group record prevents false precision while representing all ten units.
CHI-POSTFIRE-CHI1875-031-A02,CHI-POSTFIRE-CHI1875-031,year_completed,1875,CITY_BURLING_ROWS;DRIEHAUS_BURLING,high,true,Grouped development of ten brick row houses. Unit-level permit and first-owner decomposition is deferred; the group record prevents false precision while representing all ten units.
CHI-POSTFIRE-CHI1875-031-A03,CHI-POSTFIRE-CHI1875-031,address_historical,2225-2245 N Burling Street,CITY_BURLING_ROWS;DRIEHAUS_BURLING,high,true,Grouped development of ten brick row houses. Unit-level permit and first-owner decomposition is deferred; the group record prevents false precision while representing all ten units.
CHI-POSTFIRE-CHI1875-031-A04,CHI-POSTFIRE-CHI1875-031,architect_or_builder,Edward J. Burling; various permits,CITY_BURLING_ROWS;DRIEHAUS_BURLING,high,true,Grouped development of ten brick row houses. Unit-level permit and first-owner decomposition is deferred; the group record prevents false precision while representing all ten units.
CHI-POSTFIRE-CHI1875-031-A05,CHI-POSTFIRE-CHI1875-031,structural_system,brick masonry; Italianate; common wooden cornice,CITY_BURLING_ROWS;DRIEHAUS_BURLING,high,true,Grouped development of ten brick row houses. Unit-level permit and first-owner decomposition is deferred; the group record prevents false precision while representing all ten units.
CHI-POSTFIRE-CHI1875-031-A06,CHI-POSTFIRE-CHI1875-031,construction_or_event_type,new_construction_group,CITY_BURLING_ROWS;DRIEHAUS_BURLING,high,true,Grouped development of ten brick row houses. Unit-level permit and first-owner decomposition is deferred; the group record prevents false precision while representing all ten units.
CHI-POSTFIRE-CHI1875-031-A07,CHI-POSTFIRE-CHI1875-031,postfire_code_context,The ten houses were among the first neighborhood projects built after the city required fire-resistive masonry construction across Chicago.,CITY_BURLING_ROWS;DRIEHAUS_BURLING,high,true,Grouped development of ten brick row houses. Unit-level permit and first-owner decomposition is deferred; the group record prevents false precision while representing all ten units.
CHI-POSTFIRE-CHI1875-032-A01,CHI-POSTFIRE-CHI1875-032,canonical_name,Fremont Row House District,CITY_FREMONT_ROWS;DRIEHAUS_BURLING,high,true,Grouped development of twenty row houses conceived as a unified composition. Unit-level permit and first-owner decomposition is deferred.
CHI-POSTFIRE-CHI1875-032-A02,CHI-POSTFIRE-CHI1875-032,year_completed,1875,CITY_FREMONT_ROWS;DRIEHAUS_BURLING,high,true,Grouped development of twenty row houses conceived as a unified composition. Unit-level permit and first-owner decomposition is deferred.
CHI-POSTFIRE-CHI1875-032-A03,CHI-POSTFIRE-CHI1875-032,address_historical,2100-2144 N Fremont Street (even addresses),CITY_FREMONT_ROWS;DRIEHAUS_BURLING,high,true,Grouped development of twenty row houses conceived as a unified composition. Unit-level permit and first-owner decomposition is deferred.
CHI-POSTFIRE-CHI1875-032-A04,CHI-POSTFIRE-CHI1875-032,architect_or_builder,Edward J. Burling,CITY_FREMONT_ROWS;DRIEHAUS_BURLING,high,true,Grouped development of twenty row houses conceived as a unified composition. Unit-level permit and first-owner decomposition is deferred.
CHI-POSTFIRE-CHI1875-032-A05,CHI-POSTFIRE-CHI1875-032,structural_system,brick masonry; Italianate; common wooden cornice,CITY_FREMONT_ROWS;DRIEHAUS_BURLING,high,true,Grouped development of twenty row houses conceived as a unified composition. Unit-level permit and first-owner decomposition is deferred.
CHI-POSTFIRE-CHI1875-032-A06,CHI-POSTFIRE-CHI1875-032,construction_or_event_type,new_construction_group,CITY_FREMONT_ROWS;DRIEHAUS_BURLING,high,true,Grouped development of twenty row houses conceived as a unified composition. Unit-level permit and first-owner decomposition is deferred.
CHI-POSTFIRE-CHI1875-032-A07,CHI-POSTFIRE-CHI1875-032,postfire_code_context,The twenty masonry houses are among the earliest large surviving groups erected after Chicago banned new wood-frame construction.,CITY_FREMONT_ROWS;DRIEHAUS_BURLING,high,true,Grouped development of twenty row houses conceived as a unified composition. Unit-level permit and first-owner decomposition is deferred.
CHI-POSTFIRE-CHI1875-033-A01,CHI-POSTFIRE-CHI1875-033,canonical_name,Lincoln Avenue Row House District,CITY_LINCOLN_ROWS,high,true,Five-address row-house group built by printer and mapmaker Andrew McNally. Unit-level permit and first-occupant decomposition is deferred.
CHI-POSTFIRE-CHI1875-033-A02,CHI-POSTFIRE-CHI1875-033,year_completed,1875,CITY_LINCOLN_ROWS,high,true,Five-address row-house group built by printer and mapmaker Andrew McNally. Unit-level permit and first-occupant decomposition is deferred.
CHI-POSTFIRE-CHI1875-033-A03,CHI-POSTFIRE-CHI1875-033,address_historical,1928-1936 N Lincoln Avenue,CITY_LINCOLN_ROWS,high,true,Five-address row-house group built by printer and mapmaker Andrew McNally. Unit-level permit and first-occupant decomposition is deferred.
CHI-POSTFIRE-CHI1875-033-A04,CHI-POSTFIRE-CHI1875-033,structural_system,Joliet limestone masonry; Italianate,CITY_LINCOLN_ROWS,high,true,Five-address row-house group built by printer and mapmaker Andrew McNally. Unit-level permit and first-occupant decomposition is deferred.
CHI-POSTFIRE-CHI1875-033-A05,CHI-POSTFIRE-CHI1875-033,construction_or_event_type,new_construction_group,CITY_LINCOLN_ROWS,high,true,Five-address row-house group built by printer and mapmaker Andrew McNally. Unit-level permit and first-occupant decomposition is deferred.
CHI-POSTFIRE-CHI1875-033-A06,CHI-POSTFIRE-CHI1875-033,postfire_code_context,Durable masonry speculative housing followed the expanded post-fire fire limits and citywide wood-construction ban.,CITY_LINCOLN_ROWS,high,true,Five-address row-house group built by printer and mapmaker Andrew McNally. Unit-level permit and first-occupant decomposition is deferred.
CHI-POSTFIRE-CHI1875-034-A01,CHI-POSTFIRE-CHI1875-034,canonical_name,DuPont-Whitehouse House,CITY_DUPONT,high,false,"Built 1875-76 for gunpowder-plant superintendent Junot Whitehouse and moved one block in 1920. Included for the 1875 phase, not counted as a 1875 completion."
CHI-POSTFIRE-CHI1875-034-A02,CHI-POSTFIRE-CHI1875-034,year_completed,1876,CITY_DUPONT,high,false,"Built 1875-76 for gunpowder-plant superintendent Junot Whitehouse and moved one block in 1920. Included for the 1875 phase, not counted as a 1875 completion."
CHI-POSTFIRE-CHI1875-034-A03,CHI-POSTFIRE-CHI1875-034,address_historical,Originally at Thirty-sixth Street and Western Avenue,CITY_DUPONT,high,false,"Built 1875-76 for gunpowder-plant superintendent Junot Whitehouse and moved one block in 1920. Included for the 1875 phase, not counted as a 1875 completion."
CHI-POSTFIRE-CHI1875-034-A04,CHI-POSTFIRE-CHI1875-034,architect_or_builder,Oscar Cobb and Company,CITY_DUPONT,high,false,"Built 1875-76 for gunpowder-plant superintendent Junot Whitehouse and moved one block in 1920. Included for the 1875 phase, not counted as a 1875 completion."
CHI-POSTFIRE-CHI1875-034-A05,CHI-POSTFIRE-CHI1875-034,structural_system,brick masonry; Italianate,CITY_DUPONT,high,false,"Built 1875-76 for gunpowder-plant superintendent Junot Whitehouse and moved one block in 1920. Included for the 1875 phase, not counted as a 1875 completion."
CHI-POSTFIRE-CHI1875-034-A06,CHI-POSTFIRE-CHI1875-034,construction_or_event_type,construction_start_or_major_phase,CITY_DUPONT,high,false,"Built 1875-76 for gunpowder-plant superintendent Junot Whitehouse and moved one block in 1920. Included for the 1875 phase, not counted as a 1875 completion."
CHI-POSTFIRE-CHI1875-034-A07,CHI-POSTFIRE-CHI1875-034,postfire_code_context,Brick construction reflected the post-1874 citywide fire limits; industrial-company context raises additional safety significance.,CITY_DUPONT,high,false,"Built 1875-76 for gunpowder-plant superintendent Junot Whitehouse and moved one block in 1920. Included for the 1875 phase, not counted as a 1875 completion."
CHI-POSTFIRE-CHI1875-035-A01,CHI-POSTFIRE-CHI1875-035,canonical_name,Ogden Canal bridge,ANDREAS_V3,medium,true,"Reported in the Board of Public Works year ending March 31, 1875 at a cost of $29,945. Exact calendar completion could fall in 1874 or early 1875 and requires the underlying report."
CHI-POSTFIRE-CHI1875-035-A02,CHI-POSTFIRE-CHI1875-035,year_completed,1875,ANDREAS_V3,medium,true,"Reported in the Board of Public Works year ending March 31, 1875 at a cost of $29,945. Exact calendar completion could fall in 1874 or early 1875 and requires the underlying report."
CHI-POSTFIRE-CHI1875-035-A03,CHI-POSTFIRE-CHI1875-035,address_historical,Over Ogden Canal,ANDREAS_V3,medium,true,"Reported in the Board of Public Works year ending March 31, 1875 at a cost of $29,945. Exact calendar completion could fall in 1874 or early 1875 and requires the underlying report."
CHI-POSTFIRE-CHI1875-035-A04,CHI-POSTFIRE-CHI1875-035,structural_system,iron superstructure; 228-foot draw,ANDREAS_V3,medium,true,"Reported in the Board of Public Works year ending March 31, 1875 at a cost of $29,945. Exact calendar completion could fall in 1874 or early 1875 and requires the underlying report."
CHI-POSTFIRE-CHI1875-035-A05,CHI-POSTFIRE-CHI1875-035,construction_or_event_type,completion_reported_in_fiscal_year,ANDREAS_V3,medium,true,"Reported in the Board of Public Works year ending March 31, 1875 at a cost of $29,945. Exact calendar completion could fall in 1874 or early 1875 and requires the underlying report."
CHI-POSTFIRE-CHI1875-035-A06,CHI-POSTFIRE-CHI1875-035,postfire_code_context,Iron municipal construction formed part of the post-fire replacement of timber bridges.,ANDREAS_V3,medium,true,"Reported in the Board of Public Works year ending March 31, 1875 at a cost of $29,945. Exact calendar completion could fall in 1874 or early 1875 and requires the underlying report."
CHI-POSTFIRE-CHI1875-036-A01,CHI-POSTFIRE-CHI1875-036,canonical_name,Randolph Street bridge,ANDREAS_V3,medium,true,"Reported in the Board of Public Works year ending March 31, 1875 with an 18-foot roadway and two 7-foot sidewalks at a cost of $10,850. Exact calendar completion requires the annual report."
CHI-POSTFIRE-CHI1875-036-A02,CHI-POSTFIRE-CHI1875-036,year_completed,1875,ANDREAS_V3,medium,true,"Reported in the Board of Public Works year ending March 31, 1875 with an 18-foot roadway and two 7-foot sidewalks at a cost of $10,850. Exact calendar completion requires the annual report."
CHI-POSTFIRE-CHI1875-036-A03,CHI-POSTFIRE-CHI1875-036,address_historical,Randolph Street over the Chicago River,ANDREAS_V3,medium,true,"Reported in the Board of Public Works year ending March 31, 1875 with an 18-foot roadway and two 7-foot sidewalks at a cost of $10,850. Exact calendar completion requires the annual report."
CHI-POSTFIRE-CHI1875-036-A04,CHI-POSTFIRE-CHI1875-036,structural_system,iron superstructure; 157-foot draw,ANDREAS_V3,medium,true,"Reported in the Board of Public Works year ending March 31, 1875 with an 18-foot roadway and two 7-foot sidewalks at a cost of $10,850. Exact calendar completion requires the annual report."
CHI-POSTFIRE-CHI1875-036-A05,CHI-POSTFIRE-CHI1875-036,construction_or_event_type,completion_reported_in_fiscal_year,ANDREAS_V3,medium,true,"Reported in the Board of Public Works year ending March 31, 1875 with an 18-foot roadway and two 7-foot sidewalks at a cost of $10,850. Exact calendar completion requires the annual report."
CHI-POSTFIRE-CHI1875-036-A06,CHI-POSTFIRE-CHI1875-036,postfire_code_context,Iron municipal construction formed part of the post-fire replacement of timber bridges.,ANDREAS_V3,medium,true,"Reported in the Board of Public Works year ending March 31, 1875 with an 18-foot roadway and two 7-foot sidewalks at a cost of $10,850. Exact calendar completion requires the annual report."
CHI-POSTFIRE-CHI1875-037-A01,CHI-POSTFIRE-CHI1875-037,canonical_name,Fullerton Avenue pile bridge,ANDREAS_V3,medium,true,"Reported in the Board of Public Works year ending March 31, 1875 as a 225-foot by 20-foot pile bridge costing $1,490. Exact calendar completion and location require the annual report."
CHI-POSTFIRE-CHI1875-037-A02,CHI-POSTFIRE-CHI1875-037,year_completed,1875,ANDREAS_V3,medium,true,"Reported in the Board of Public Works year ending March 31, 1875 as a 225-foot by 20-foot pile bridge costing $1,490. Exact calendar completion and location require the annual report."
CHI-POSTFIRE-CHI1875-037-A03,CHI-POSTFIRE-CHI1875-037,address_historical,Fullerton Avenue,ANDREAS_V3,medium,true,"Reported in the Board of Public Works year ending March 31, 1875 as a 225-foot by 20-foot pile bridge costing $1,490. Exact calendar completion and location require the annual report."
CHI-POSTFIRE-CHI1875-037-A04,CHI-POSTFIRE-CHI1875-037,structural_system,timber pile bridge,ANDREAS_V3,medium,true,"Reported in the Board of Public Works year ending March 31, 1875 as a 225-foot by 20-foot pile bridge costing $1,490. Exact calendar completion and location require the annual report."
CHI-POSTFIRE-CHI1875-037-A05,CHI-POSTFIRE-CHI1875-037,construction_or_event_type,completion_reported_in_fiscal_year,ANDREAS_V3,medium,true,"Reported in the Board of Public Works year ending March 31, 1875 as a 225-foot by 20-foot pile bridge costing $1,490. Exact calendar completion and location require the annual report."
CHI-POSTFIRE-CHI1875-037-A06,CHI-POSTFIRE-CHI1875-037,postfire_code_context,A wooden exception outside the core fire area; the relation to later 1878 Fullerton structures needs entity resolution.,ANDREAS_V3,medium,true,"Reported in the Board of Public Works year ending March 31, 1875 as a 225-foot by 20-foot pile bridge costing $1,490. Exact calendar completion and location require the annual report."
CHI-POSTFIRE-CHI1875-038-A01,CHI-POSTFIRE-CHI1875-038,canonical_name,North Halsted Street railroad viaduct,ANDREAS_V3,medium,true,"Reported in the Board of Public Works year ending March 31, 1875; 62 feet overall and 26 feet high, total cost $125,683.01, with railroads contributing $87,607.77. Exact calendar completion requires the report."
CHI-POSTFIRE-CHI1875-038-A02,CHI-POSTFIRE-CHI1875-038,year_completed,1875,ANDREAS_V3,medium,true,"Reported in the Board of Public Works year ending March 31, 1875; 62 feet overall and 26 feet high, total cost $125,683.01, with railroads contributing $87,607.77. Exact calendar completion requires the report."
CHI-POSTFIRE-CHI1875-038-A03,CHI-POSTFIRE-CHI1875-038,address_historical,North Halsted Street over Chicago and North-Western and connecting railroad tracks,ANDREAS_V3,medium,true,"Reported in the Board of Public Works year ending March 31, 1875; 62 feet overall and 26 feet high, total cost $125,683.01, with railroads contributing $87,607.77. Exact calendar completion requires the report."
CHI-POSTFIRE-CHI1875-038-A04,CHI-POSTFIRE-CHI1875-038,structural_system,iron superstructure on substantial substructure,ANDREAS_V3,medium,true,"Reported in the Board of Public Works year ending March 31, 1875; 62 feet overall and 26 feet high, total cost $125,683.01, with railroads contributing $87,607.77. Exact calendar completion requires the report."
CHI-POSTFIRE-CHI1875-038-A05,CHI-POSTFIRE-CHI1875-038,construction_or_event_type,completion_reported_in_fiscal_year,ANDREAS_V3,medium,true,"Reported in the Board of Public Works year ending March 31, 1875; 62 feet overall and 26 feet high, total cost $125,683.01, with railroads contributing $87,607.77. Exact calendar completion requires the report."
CHI-POSTFIRE-CHI1875-038-A06,CHI-POSTFIRE-CHI1875-038,postfire_code_context,Iron grade separation responded to post-fire traffic expansion and reduced conflicts with dense rail infrastructure.,ANDREAS_V3,medium,true,"Reported in the Board of Public Works year ending March 31, 1875; 62 feet overall and 26 feet high, total cost $125,683.01, with railroads contributing $87,607.77. Exact calendar completion requires the report."
CHI-POSTFIRE-CHI1876-001-A01,CHI-POSTFIRE-CHI1876-001,canonical_name,Blue Island Avenue viaduct,ANDREAS_V3,high,false,"Begun October 15, 1875 and completed August 25, 1876. Andreas reports a total cost of $102,173.99."
CHI-POSTFIRE-CHI1876-001-A02,CHI-POSTFIRE-CHI1876-001,year_completed,1876,ANDREAS_V3,high,false,"Begun October 15, 1875 and completed August 25, 1876. Andreas reports a total cost of $102,173.99."
CHI-POSTFIRE-CHI1876-001-A03,CHI-POSTFIRE-CHI1876-001,address_historical,Blue Island Avenue at Throop Street over railroad tracks,ANDREAS_V3,high,false,"Begun October 15, 1875 and completed August 25, 1876. Andreas reports a total cost of $102,173.99."
CHI-POSTFIRE-CHI1876-001-A04,CHI-POSTFIRE-CHI1876-001,architect_or_builder,Cox Brothers (substructure); Keystone Bridge Company (superstructure),ANDREAS_V3,high,false,"Begun October 15, 1875 and completed August 25, 1876. Andreas reports a total cost of $102,173.99."
CHI-POSTFIRE-CHI1876-001-A05,CHI-POSTFIRE-CHI1876-001,structural_system,wrought-iron truss and plate girders,ANDREAS_V3,high,false,"Begun October 15, 1875 and completed August 25, 1876. Andreas reports a total cost of $102,173.99."
CHI-POSTFIRE-CHI1876-001-A06,CHI-POSTFIRE-CHI1876-001,construction_or_event_type,completion_phase,ANDREAS_V3,high,false,"Begun October 15, 1875 and completed August 25, 1876. Andreas reports a total cost of $102,173.99."
CHI-POSTFIRE-CHI1876-001-A07,CHI-POSTFIRE-CHI1876-001,postfire_code_context,"Iron and masonry infrastructure was consistent with post-fire preferences for durable construction, although grade separation was its primary purpose.",ANDREAS_V3,high,false,"Begun October 15, 1875 and completed August 25, 1876. Andreas reports a total cost of $102,173.99."
CHI-POSTFIRE-CHI1876-002-A01,CHI-POSTFIRE-CHI1876-002,canonical_name,Milwaukee Avenue viaduct,ANDREAS_V3,high,true,"Opened May 25, 1876. Andreas called it the city's largest and most expensive viaduct and reported a cost of $140,371.55; the construction start was not located."
CHI-POSTFIRE-CHI1876-002-A02,CHI-POSTFIRE-CHI1876-002,year_completed,1876,ANDREAS_V3,high,true,"Opened May 25, 1876. Andreas called it the city's largest and most expensive viaduct and reported a cost of $140,371.55; the construction start was not located."
CHI-POSTFIRE-CHI1876-002-A03,CHI-POSTFIRE-CHI1876-002,address_historical,"Milwaukee Avenue over the Chicago & North Western, Chicago Milwaukee & St. Paul, and Pittsburgh Chicago & St. Louis railroad tracks",ANDREAS_V3,high,true,"Opened May 25, 1876. Andreas called it the city's largest and most expensive viaduct and reported a cost of $140,371.55; the construction start was not located."
CHI-POSTFIRE-CHI1876-002-A04,CHI-POSTFIRE-CHI1876-002,architect_or_builder,American Bridge Company (south portion); Leighton Bridge Company (north portion),ANDREAS_V3,high,true,"Opened May 25, 1876. Andreas called it the city's largest and most expensive viaduct and reported a cost of $140,371.55; the construction start was not located."
CHI-POSTFIRE-CHI1876-002-A05,CHI-POSTFIRE-CHI1876-002,structural_system,iron bridge superstructure; substructure not stated,ANDREAS_V3,high,true,"Opened May 25, 1876. Andreas called it the city's largest and most expensive viaduct and reported a cost of $140,371.55; the construction start was not located."
CHI-POSTFIRE-CHI1876-002-A06,CHI-POSTFIRE-CHI1876-002,construction_or_event_type,new_infrastructure,ANDREAS_V3,high,true,"Opened May 25, 1876. Andreas called it the city's largest and most expensive viaduct and reported a cost of $140,371.55; the construction start was not located."
CHI-POSTFIRE-CHI1876-002-A07,CHI-POSTFIRE-CHI1876-002,postfire_code_context,"Large iron infrastructure reflected the post-fire shift toward durable, noncombustible public works.",ANDREAS_V3,high,true,"Opened May 25, 1876. Andreas called it the city's largest and most expensive viaduct and reported a cost of $140,371.55; the construction start was not located."
CHI-POSTFIRE-CHI1876-003-A01,CHI-POSTFIRE-CHI1876-003,canonical_name,Fuller Street Bridge destruction,ANDREAS_V3,high,false,"The $7,500 wooden bridge erected in 1865 was destroyed on May 5, 1876. This is a physical-loss event, not 1876 construction."
CHI-POSTFIRE-CHI1876-003-A02,CHI-POSTFIRE-CHI1876-003,year_completed,1865,ANDREAS_V3,high,false,"The $7,500 wooden bridge erected in 1865 was destroyed on May 5, 1876. This is a physical-loss event, not 1876 construction."
CHI-POSTFIRE-CHI1876-003-A03,CHI-POSTFIRE-CHI1876-003,address_historical,Fuller Street crossing of the Chicago River,ANDREAS_V3,high,false,"The $7,500 wooden bridge erected in 1865 was destroyed on May 5, 1876. This is a physical-loss event, not 1876 construction."
CHI-POSTFIRE-CHI1876-003-A04,CHI-POSTFIRE-CHI1876-003,structural_system,wood,ANDREAS_V3,high,false,"The $7,500 wooden bridge erected in 1865 was destroyed on May 5, 1876. This is a physical-loss event, not 1876 construction."
CHI-POSTFIRE-CHI1876-003-A05,CHI-POSTFIRE-CHI1876-003,construction_or_event_type,destruction_event,ANDREAS_V3,high,false,"The $7,500 wooden bridge erected in 1865 was destroyed on May 5, 1876. This is a physical-loss event, not 1876 construction."
CHI-POSTFIRE-CHI1876-003-A06,CHI-POSTFIRE-CHI1876-003,postfire_code_context,The destroyed wooden bridge predated the 1874 citywide prohibition on new wood construction.,ANDREAS_V3,high,false,"The $7,500 wooden bridge erected in 1865 was destroyed on May 5, 1876. This is a physical-loss event, not 1876 construction."
CHI-POSTFIRE-CHI1876-003-A07,CHI-POSTFIRE-CHI1876-003,year_demolished,1876,ANDREAS_V3,high,false,"The $7,500 wooden bridge erected in 1865 was destroyed on May 5, 1876. This is a physical-loss event, not 1876 construction."
CHI-POSTFIRE-CHI1876-004-A01,CHI-POSTFIRE-CHI1876-004,canonical_name,West Division Pumping Works extension project,ANDREAS_V3,medium,true,"Andreas says the extension was projected in 1876 and entered regular service in July 1884. Reported machinery cost was $257,500 and total project cost $371,681.01. No 1876 completion is claimed."
CHI-POSTFIRE-CHI1876-004-A02,CHI-POSTFIRE-CHI1876-004,year_completed,1884,ANDREAS_V3,medium,true,"Andreas says the extension was projected in 1876 and entered regular service in July 1884. Reported machinery cost was $257,500 and total project cost $371,681.01. No 1876 completion is claimed."
CHI-POSTFIRE-CHI1876-004-A03,CHI-POSTFIRE-CHI1876-004,address_historical,West Division waterworks site,ANDREAS_V3,medium,true,"Andreas says the extension was projected in 1876 and entered regular service in July 1884. Reported machinery cost was $257,500 and total project cost $371,681.01. No 1876 completion is claimed."
CHI-POSTFIRE-CHI1876-004-A04,CHI-POSTFIRE-CHI1876-004,structural_system,industrial pumping plant and machinery,ANDREAS_V3,medium,true,"Andreas says the extension was projected in 1876 and entered regular service in July 1884. Reported machinery cost was $257,500 and total project cost $371,681.01. No 1876 completion is claimed."
CHI-POSTFIRE-CHI1876-004-A05,CHI-POSTFIRE-CHI1876-004,construction_or_event_type,project_initiation_planning,ANDREAS_V3,medium,true,"Andreas says the extension was projected in 1876 and entered regular service in July 1884. Reported machinery cost was $257,500 and total project cost $371,681.01. No 1876 completion is claimed."
CHI-POSTFIRE-CHI1876-004-A06,CHI-POSTFIRE-CHI1876-004,predecessor_or_rebuild_of,West Division Pumping Works,ANDREAS_V3,medium,true,"Andreas says the extension was projected in 1876 and entered regular service in July 1884. Reported machinery cost was $257,500 and total project cost $371,681.01. No 1876 completion is claimed."
CHI-POSTFIRE-CHI1876-004-A07,CHI-POSTFIRE-CHI1876-004,postfire_code_context,Water-supply expansion was a post-fire resilience investment; precise ordinance and fireproofing requirements require engineering-record review.,ANDREAS_V3,medium,true,"Andreas says the extension was projected in 1876 and entered regular service in July 1884. Reported machinery cost was $257,500 and total project cost $371,681.01. No 1876 completion is claimed."
CHI-POSTFIRE-CHI1876-005-A01,CHI-POSTFIRE-CHI1876-005,canonical_name,Cook County Hospital clinical amphitheater and corridors,ANDREAS_V3,high,false,"The clinical amphitheater and connecting corridors were built during 1876-77. The 600-seat amphitheater is retained as a distinct phase, not counted as a 1876 completion."
CHI-POSTFIRE-CHI1876-005-A02,CHI-POSTFIRE-CHI1876-005,year_completed,1877,ANDREAS_V3,high,false,"The clinical amphitheater and connecting corridors were built during 1876-77. The 600-seat amphitheater is retained as a distinct phase, not counted as a 1876 completion."
CHI-POSTFIRE-CHI1876-005-A03,CHI-POSTFIRE-CHI1876-005,address_historical,Between Wood and Lincoln Streets and Harrison and Polk Streets,ANDREAS_V3,high,false,"The clinical amphitheater and connecting corridors were built during 1876-77. The 600-seat amphitheater is retained as a distinct phase, not counted as a 1876 completion."
CHI-POSTFIRE-CHI1876-005-A04,CHI-POSTFIRE-CHI1876-005,structural_system,red brick with stone trim; 600-seat amphitheater,ANDREAS_V3,high,false,"The clinical amphitheater and connecting corridors were built during 1876-77. The 600-seat amphitheater is retained as a distinct phase, not counted as a 1876 completion."
CHI-POSTFIRE-CHI1876-005-A05,CHI-POSTFIRE-CHI1876-005,construction_or_event_type,construction_start_or_major_phase,ANDREAS_V3,high,false,"The clinical amphitheater and connecting corridors were built during 1876-77. The 600-seat amphitheater is retained as a distinct phase, not counted as a 1876 completion."
CHI-POSTFIRE-CHI1876-005-A06,CHI-POSTFIRE-CHI1876-005,predecessor_or_rebuild_of,Cook County Hospital pavilion complex,ANDREAS_V3,high,false,"The clinical amphitheater and connecting corridors were built during 1876-77. The 600-seat amphitheater is retained as a distinct phase, not counted as a 1876 completion."
CHI-POSTFIRE-CHI1876-005-A07,CHI-POSTFIRE-CHI1876-005,postfire_code_context,"Masonry institutional additions reflected post-fire concern for separation and fire resistance, outside the 1871 burned district.",ANDREAS_V3,high,false,"The clinical amphitheater and connecting corridors were built during 1876-77. The 600-seat amphitheater is retained as a distinct phase, not counted as a 1876 completion."
CHI-POSTFIRE-CHI1876-006-A01,CHI-POSTFIRE-CHI1876-006,canonical_name,St. Patrick's Female Academy,ANDREAS_V3,high,true,"A large twelve-room brick school was erected in 1876 at a reported cost of about $24,000 and accommodated roughly 500 pupils. Andreas uses both academy and school language."
CHI-POSTFIRE-CHI1876-006-A02,CHI-POSTFIRE-CHI1876-006,year_completed,1876,ANDREAS_V3,high,true,"A large twelve-room brick school was erected in 1876 at a reported cost of about $24,000 and accommodated roughly 500 pupils. Andreas uses both academy and school language."
CHI-POSTFIRE-CHI1876-006-A03,CHI-POSTFIRE-CHI1876-006,address_historical,Adams Street immediately west of St. Patrick's Church,ANDREAS_V3,high,true,"A large twelve-room brick school was erected in 1876 at a reported cost of about $24,000 and accommodated roughly 500 pupils. Andreas uses both academy and school language."
CHI-POSTFIRE-CHI1876-006-A04,CHI-POSTFIRE-CHI1876-006,structural_system,brick masonry,ANDREAS_V3,high,true,"A large twelve-room brick school was erected in 1876 at a reported cost of about $24,000 and accommodated roughly 500 pupils. Andreas uses both academy and school language."
CHI-POSTFIRE-CHI1876-006-A05,CHI-POSTFIRE-CHI1876-006,construction_or_event_type,new_construction,ANDREAS_V3,high,true,"A large twelve-room brick school was erected in 1876 at a reported cost of about $24,000 and accommodated roughly 500 pupils. Andreas uses both academy and school language."
CHI-POSTFIRE-CHI1876-006-A06,CHI-POSTFIRE-CHI1876-006,predecessor_or_rebuild_of,Frame school immediately west of St. Patrick's Church,ANDREAS_V3,high,true,"A large twelve-room brick school was erected in 1876 at a reported cost of about $24,000 and accommodated roughly 500 pupils. Andreas uses both academy and school language."
CHI-POSTFIRE-CHI1876-006-A07,CHI-POSTFIRE-CHI1876-006,postfire_code_context,Brick construction conformed to the post-1874 citywide prohibition on new wood buildings.,ANDREAS_V3,high,true,"A large twelve-room brick school was erected in 1876 at a reported cost of about $24,000 and accommodated roughly 500 pupils. Andreas uses both academy and school language."
CHI-POSTFIRE-CHI1876-007-A01,CHI-POSTFIRE-CHI1876-007,canonical_name,St. Michael's clergy house reconstruction,ANDREAS_V3,high,true,"Partly restored in 1872, the clergy house was completed in 1876. The current building's degree of surviving 1876 fabric requires architectural survey."
CHI-POSTFIRE-CHI1876-007-A02,CHI-POSTFIRE-CHI1876-007,year_completed,1876,ANDREAS_V3,high,true,"Partly restored in 1872, the clergy house was completed in 1876. The current building's degree of surviving 1876 fabric requires architectural survey."
CHI-POSTFIRE-CHI1876-007-A03,CHI-POSTFIRE-CHI1876-007,address_historical,St. Michael's parish property near North Avenue and New Church Street,ANDREAS_V3,high,true,"Partly restored in 1872, the clergy house was completed in 1876. The current building's degree of surviving 1876 fabric requires architectural survey."
CHI-POSTFIRE-CHI1876-007-A04,CHI-POSTFIRE-CHI1876-007,structural_system,masonry; surviving and reconstructed fabric,ANDREAS_V3,high,true,"Partly restored in 1872, the clergy house was completed in 1876. The current building's degree of surviving 1876 fabric requires architectural survey."
CHI-POSTFIRE-CHI1876-007-A05,CHI-POSTFIRE-CHI1876-007,construction_or_event_type,completed_reconstruction,ANDREAS_V3,high,true,"Partly restored in 1872, the clergy house was completed in 1876. The current building's degree of surviving 1876 fabric requires architectural survey."
CHI-POSTFIRE-CHI1876-007-A06,CHI-POSTFIRE-CHI1876-007,predecessor_or_rebuild_of,Clergy house damaged in the Great Chicago Fire,ANDREAS_V3,high,true,"Partly restored in 1872, the clergy house was completed in 1876. The current building's degree of surviving 1876 fabric requires architectural survey."
CHI-POSTFIRE-CHI1876-007-A07,CHI-POSTFIRE-CHI1876-007,postfire_code_context,The work restored fire-damaged institutional fabric rather than creating a wholly new building.,ANDREAS_V3,high,true,"Partly restored in 1872, the clergy house was completed in 1876. The current building's degree of surviving 1876 fabric requires architectural survey."
CHI-POSTFIRE-CHI1876-008-A01,CHI-POSTFIRE-CHI1876-008,canonical_name,St. Joseph's Catholic Church construction,ANDREAS_V3,high,false,"Cornerstone laid in October 1876; the approximately $40,000 church was dedicated October 6, 1878. Included for its exact start event, not as a 1876 completion."
CHI-POSTFIRE-CHI1876-008-A02,CHI-POSTFIRE-CHI1876-008,year_completed,1878,ANDREAS_V3,high,false,"Cornerstone laid in October 1876; the approximately $40,000 church was dedicated October 6, 1878. Included for its exact start event, not as a 1876 completion."
CHI-POSTFIRE-CHI1876-008-A03,CHI-POSTFIRE-CHI1876-008,address_historical,Northeast corner of Market and Hill Streets,ANDREAS_V3,high,false,"Cornerstone laid in October 1876; the approximately $40,000 church was dedicated October 6, 1878. Included for its exact start event, not as a 1876 completion."
CHI-POSTFIRE-CHI1876-008-A04,CHI-POSTFIRE-CHI1876-008,structural_system,brick masonry,ANDREAS_V3,high,false,"Cornerstone laid in October 1876; the approximately $40,000 church was dedicated October 6, 1878. Included for its exact start event, not as a 1876 completion."
CHI-POSTFIRE-CHI1876-008-A05,CHI-POSTFIRE-CHI1876-008,construction_or_event_type,construction_start_cornerstone,ANDREAS_V3,high,false,"Cornerstone laid in October 1876; the approximately $40,000 church was dedicated October 6, 1878. Included for its exact start event, not as a 1876 completion."
CHI-POSTFIRE-CHI1876-008-A06,CHI-POSTFIRE-CHI1876-008,postfire_code_context,Brick construction complied with the post-1874 citywide restriction on new wood buildings.,ANDREAS_V3,high,false,"Cornerstone laid in October 1876; the approximately $40,000 church was dedicated October 6, 1878. Included for its exact start event, not as a 1876 completion."
CHI-POSTFIRE-CHI1876-009-A01,CHI-POSTFIRE-CHI1876-009,canonical_name,St. Joseph's Home initial construction,ANDREAS_V3,medium,true,"The home was commenced in 1876 and later enlarged and completed in 1885 at a reported cost of $16,000. Its first usable phase and opening year remain unresolved."
CHI-POSTFIRE-CHI1876-009-A02,CHI-POSTFIRE-CHI1876-009,year_completed,1885,ANDREAS_V3,medium,true,"The home was commenced in 1876 and later enlarged and completed in 1885 at a reported cost of $16,000. Its first usable phase and opening year remain unresolved."
CHI-POSTFIRE-CHI1876-009-A03,CHI-POSTFIRE-CHI1876-009,address_historical,Corner of May and Eleventh Streets,ANDREAS_V3,medium,true,"The home was commenced in 1876 and later enlarged and completed in 1885 at a reported cost of $16,000. Its first usable phase and opening year remain unresolved."
CHI-POSTFIRE-CHI1876-009-A04,CHI-POSTFIRE-CHI1876-009,structural_system,material not stated,ANDREAS_V3,medium,true,"The home was commenced in 1876 and later enlarged and completed in 1885 at a reported cost of $16,000. Its first usable phase and opening year remain unresolved."
CHI-POSTFIRE-CHI1876-009-A05,CHI-POSTFIRE-CHI1876-009,construction_or_event_type,construction_start_or_major_phase,ANDREAS_V3,medium,true,"The home was commenced in 1876 and later enlarged and completed in 1885 at a reported cost of $16,000. Its first usable phase and opening year remain unresolved."
CHI-POSTFIRE-CHI1876-009-A06,CHI-POSTFIRE-CHI1876-009,postfire_code_context,A charitable-institution project after the fire; material and code compliance require permit or diocesan confirmation.,ANDREAS_V3,medium,true,"The home was commenced in 1876 and later enlarged and completed in 1885 at a reported cost of $16,000. Its first usable phase and opening year remain unresolved."
CHI-POSTFIRE-CHI1876-010-A01,CHI-POSTFIRE-CHI1876-010,canonical_name,Jefferson Park Presbyterian Church construction,ANDREAS_V3,high,false,"Construction began in summer 1876. The more-than-$45,000 church, seating about 800, was dedicated January 6, 1877."
CHI-POSTFIRE-CHI1876-010-A02,CHI-POSTFIRE-CHI1876-010,year_completed,1877,ANDREAS_V3,high,false,"Construction began in summer 1876. The more-than-$45,000 church, seating about 800, was dedicated January 6, 1877."
CHI-POSTFIRE-CHI1876-010-A03,CHI-POSTFIRE-CHI1876-010,address_historical,Northeast corner of West Adams and Throop Streets,ANDREAS_V3,high,false,"Construction began in summer 1876. The more-than-$45,000 church, seating about 800, was dedicated January 6, 1877."
CHI-POSTFIRE-CHI1876-010-A04,CHI-POSTFIRE-CHI1876-010,structural_system,brick masonry; amphitheater-plan auditorium,ANDREAS_V3,high,false,"Construction began in summer 1876. The more-than-$45,000 church, seating about 800, was dedicated January 6, 1877."
CHI-POSTFIRE-CHI1876-010-A05,CHI-POSTFIRE-CHI1876-010,construction_or_event_type,construction_start_or_major_phase,ANDREAS_V3,high,false,"Construction began in summer 1876. The more-than-$45,000 church, seating about 800, was dedicated January 6, 1877."
CHI-POSTFIRE-CHI1876-010-A06,CHI-POSTFIRE-CHI1876-010,postfire_code_context,Brick construction complied with the post-1874 citywide restriction on new wood buildings.,ANDREAS_V3,high,false,"Construction began in summer 1876. The more-than-$45,000 church, seating about 800, was dedicated January 6, 1877."
CHI-POSTFIRE-CHI1876-011-A01,CHI-POSTFIRE-CHI1876-011,canonical_name,New England Congregational Church reconstruction,ANDREAS_V3;CPL_CITYWIDE;NEWBERRY_CHURCH_GUIDE,high,false,"Rebuilding commenced in 1874 and was completed January 1, 1876; the rebuilt church was dedicated January 2. Library finding aids independently confirm the intersection and identify an exterior photograph."
CHI-POSTFIRE-CHI1876-011-A02,CHI-POSTFIRE-CHI1876-011,year_completed,1876,ANDREAS_V3;CPL_CITYWIDE;NEWBERRY_CHURCH_GUIDE,high,false,"Rebuilding commenced in 1874 and was completed January 1, 1876; the rebuilt church was dedicated January 2. Library finding aids independently confirm the intersection and identify an exterior photograph."
CHI-POSTFIRE-CHI1876-011-A03,CHI-POSTFIRE-CHI1876-011,address_historical,Dearborn and Delaware Streets,ANDREAS_V3;CPL_CITYWIDE;NEWBERRY_CHURCH_GUIDE,high,false,"Rebuilding commenced in 1874 and was completed January 1, 1876; the rebuilt church was dedicated January 2. Library finding aids independently confirm the intersection and identify an exterior photograph."
CHI-POSTFIRE-CHI1876-011-A04,CHI-POSTFIRE-CHI1876-011,structural_system,masonry church; exact materials not stated,ANDREAS_V3;CPL_CITYWIDE;NEWBERRY_CHURCH_GUIDE,high,false,"Rebuilding commenced in 1874 and was completed January 1, 1876; the rebuilt church was dedicated January 2. Library finding aids independently confirm the intersection and identify an exterior photograph."
CHI-POSTFIRE-CHI1876-011-A05,CHI-POSTFIRE-CHI1876-011,construction_or_event_type,completed_reconstruction,ANDREAS_V3;CPL_CITYWIDE;NEWBERRY_CHURCH_GUIDE,high,false,"Rebuilding commenced in 1874 and was completed January 1, 1876; the rebuilt church was dedicated January 2. Library finding aids independently confirm the intersection and identify an exterior photograph."
CHI-POSTFIRE-CHI1876-011-A06,CHI-POSTFIRE-CHI1876-011,predecessor_or_rebuild_of,New England Congregational Church damaged or destroyed in the Great Chicago Fire,ANDREAS_V3;CPL_CITYWIDE;NEWBERRY_CHURCH_GUIDE,high,false,"Rebuilding commenced in 1874 and was completed January 1, 1876; the rebuilt church was dedicated January 2. Library finding aids independently confirm the intersection and identify an exterior photograph."
CHI-POSTFIRE-CHI1876-011-A07,CHI-POSTFIRE-CHI1876-011,postfire_code_context,Permanent reconstruction occurred within the North Side fire-limits environment.,ANDREAS_V3;CPL_CITYWIDE;NEWBERRY_CHURCH_GUIDE,high,false,"Rebuilding commenced in 1874 and was completed January 1, 1876; the rebuilt church was dedicated January 2. Library finding aids independently confirm the intersection and identify an exterior photograph."
CHI-POSTFIRE-CHI1876-012-A01,CHI-POSTFIRE-CHI1876-012,canonical_name,Centennial Baptist Church,ANDREAS_V3,high,false,"The $8,000 brick church was dedicated on the first Sunday of January 1876. Construction began after the society organized in 1875."
CHI-POSTFIRE-CHI1876-012-A02,CHI-POSTFIRE-CHI1876-012,year_completed,1876,ANDREAS_V3,high,false,"The $8,000 brick church was dedicated on the first Sunday of January 1876. Construction began after the society organized in 1875."
CHI-POSTFIRE-CHI1876-012-A03,CHI-POSTFIRE-CHI1876-012,address_historical,Southeast corner of Lincoln and Jackson Streets,ANDREAS_V3,high,false,"The $8,000 brick church was dedicated on the first Sunday of January 1876. Construction began after the society organized in 1875."
CHI-POSTFIRE-CHI1876-012-A04,CHI-POSTFIRE-CHI1876-012,structural_system,brick masonry; plain Gothic design,ANDREAS_V3,high,false,"The $8,000 brick church was dedicated on the first Sunday of January 1876. Construction began after the society organized in 1875."
CHI-POSTFIRE-CHI1876-012-A05,CHI-POSTFIRE-CHI1876-012,construction_or_event_type,completion_phase,ANDREAS_V3,high,false,"The $8,000 brick church was dedicated on the first Sunday of January 1876. Construction began after the society organized in 1875."
CHI-POSTFIRE-CHI1876-012-A06,CHI-POSTFIRE-CHI1876-012,postfire_code_context,Brick construction complied with the post-1874 citywide restriction on new wood buildings.,ANDREAS_V3,high,false,"The $8,000 brick church was dedicated on the first Sunday of January 1876. Construction began after the society organized in 1875."
CHI-POSTFIRE-CHI1876-013-A01,CHI-POSTFIRE-CHI1876-013,canonical_name,Sinai Temple,ANDREAS_V3;FLPS_SINAI_1876,high,false,"Commenced about April 1875 and dedicated April 8, 1876. Andreas reports approximately $90,000 including sidewalk, furnishings and organ."
CHI-POSTFIRE-CHI1876-013-A02,CHI-POSTFIRE-CHI1876-013,year_completed,1876,ANDREAS_V3;FLPS_SINAI_1876,high,false,"Commenced about April 1875 and dedicated April 8, 1876. Andreas reports approximately $90,000 including sidewalk, furnishings and organ."
CHI-POSTFIRE-CHI1876-013-A03,CHI-POSTFIRE-CHI1876-013,address_historical,Southwest corner of Indiana Avenue and Twenty-first Street,ANDREAS_V3;FLPS_SINAI_1876,high,false,"Commenced about April 1875 and dedicated April 8, 1876. Andreas reports approximately $90,000 including sidewalk, furnishings and organ."
CHI-POSTFIRE-CHI1876-013-A04,CHI-POSTFIRE-CHI1876-013,architect_or_builder,Burling and Adler,ANDREAS_V3;FLPS_SINAI_1876,high,false,"Commenced about April 1875 and dedicated April 8, 1876. Andreas reports approximately $90,000 including sidewalk, furnishings and organ."
CHI-POSTFIRE-CHI1876-013-A05,CHI-POSTFIRE-CHI1876-013,structural_system,substantial stone masonry; Early French Gothic and Oriental design,ANDREAS_V3;FLPS_SINAI_1876,high,false,"Commenced about April 1875 and dedicated April 8, 1876. Andreas reports approximately $90,000 including sidewalk, furnishings and organ."
CHI-POSTFIRE-CHI1876-013-A06,CHI-POSTFIRE-CHI1876-013,construction_or_event_type,completion_phase,ANDREAS_V3;FLPS_SINAI_1876,high,false,"Commenced about April 1875 and dedicated April 8, 1876. Andreas reports approximately $90,000 including sidewalk, furnishings and organ."
CHI-POSTFIRE-CHI1876-013-A07,CHI-POSTFIRE-CHI1876-013,predecessor_or_rebuild_of,Sinai synagogue at Plymouth Court and Van Buren Street destroyed in 1871,ANDREAS_V3;FLPS_SINAI_1876,high,false,"Commenced about April 1875 and dedicated April 8, 1876. Andreas reports approximately $90,000 including sidewalk, furnishings and organ."
CHI-POSTFIRE-CHI1876-013-A08,CHI-POSTFIRE-CHI1876-013,postfire_code_context,A substantial noncombustible temple replaced the congregation's fire-destroyed downtown synagogue.,ANDREAS_V3;FLPS_SINAI_1876,high,false,"Commenced about April 1875 and dedicated April 8, 1876. Andreas reports approximately $90,000 including sidewalk, furnishings and organ."
CHI-POSTFIRE-CHI1876-014-A01,CHI-POSTFIRE-CHI1876-014,canonical_name,St. James's Episcopal Church chime,ANDREAS_V3,high,true,A nine-bell chime was first rung on Christmas Day 1876 as a memorial to James Carter. Bell survival and later replacements require parish-archive review.
CHI-POSTFIRE-CHI1876-014-A02,CHI-POSTFIRE-CHI1876-014,year_completed,1876,ANDREAS_V3,high,true,A nine-bell chime was first rung on Christmas Day 1876 as a memorial to James Carter. Bell survival and later replacements require parish-archive review.
CHI-POSTFIRE-CHI1876-014-A03,CHI-POSTFIRE-CHI1876-014,address_historical,Cass Street at Huron Street,ANDREAS_V3,high,true,A nine-bell chime was first rung on Christmas Day 1876 as a memorial to James Carter. Bell survival and later replacements require parish-archive review.
CHI-POSTFIRE-CHI1876-014-A04,CHI-POSTFIRE-CHI1876-014,architect_or_builder,bell founder not identified,ANDREAS_V3,high,true,A nine-bell chime was first rung on Christmas Day 1876 as a memorial to James Carter. Bell survival and later replacements require parish-archive review.
CHI-POSTFIRE-CHI1876-014-A05,CHI-POSTFIRE-CHI1876-014,structural_system,nine bells installed in existing masonry tower,ANDREAS_V3,high,true,A nine-bell chime was first rung on Christmas Day 1876 as a memorial to James Carter. Bell survival and later replacements require parish-archive review.
CHI-POSTFIRE-CHI1876-014-A06,CHI-POSTFIRE-CHI1876-014,construction_or_event_type,equipment_installation,ANDREAS_V3,high,true,A nine-bell chime was first rung on Christmas Day 1876 as a memorial to James Carter. Bell survival and later replacements require parish-archive review.
CHI-POSTFIRE-CHI1876-014-A07,CHI-POSTFIRE-CHI1876-014,predecessor_or_rebuild_of,St. James's Episcopal Church reconstruction completed in 1875,ANDREAS_V3,high,true,A nine-bell chime was first rung on Christmas Day 1876 as a memorial to James Carter. Bell survival and later replacements require parish-archive review.
CHI-POSTFIRE-CHI1876-014-A08,CHI-POSTFIRE-CHI1876-014,postfire_code_context,Installed in an already reconstructed masonry church; the event did not enlarge the building shell.,ANDREAS_V3,high,true,A nine-bell chime was first rung on Christmas Day 1876 as a memorial to James Carter. Bell survival and later replacements require parish-archive review.
CHI-POSTFIRE-CHI1876-015-A01,CHI-POSTFIRE-CHI1876-015,canonical_name,St. Paul's Catholic Church first frame building remodel,ANDREAS_V3,medium,true,"The parish organized in 1876, purchased and remodeled a modest frame building near Ambrose and Hoyne, and established a school. A later brick basement is not assigned to 1876."
CHI-POSTFIRE-CHI1876-015-A02,CHI-POSTFIRE-CHI1876-015,year_completed,1876,ANDREAS_V3,medium,true,"The parish organized in 1876, purchased and remodeled a modest frame building near Ambrose and Hoyne, and established a school. A later brick basement is not assigned to 1876."
CHI-POSTFIRE-CHI1876-015-A03,CHI-POSTFIRE-CHI1876-015,address_historical,Near Ambrose and Hoyne Streets,ANDREAS_V3,medium,true,"The parish organized in 1876, purchased and remodeled a modest frame building near Ambrose and Hoyne, and established a school. A later brick basement is not assigned to 1876."
CHI-POSTFIRE-CHI1876-015-A04,CHI-POSTFIRE-CHI1876-015,structural_system,existing modest frame building,ANDREAS_V3,medium,true,"The parish organized in 1876, purchased and remodeled a modest frame building near Ambrose and Hoyne, and established a school. A later brick basement is not assigned to 1876."
CHI-POSTFIRE-CHI1876-015-A05,CHI-POSTFIRE-CHI1876-015,construction_or_event_type,adaptive_reuse_remodel,ANDREAS_V3,medium,true,"The parish organized in 1876, purchased and remodeled a modest frame building near Ambrose and Hoyne, and established a school. A later brick basement is not assigned to 1876."
CHI-POSTFIRE-CHI1876-015-A06,CHI-POSTFIRE-CHI1876-015,predecessor_or_rebuild_of,Pre-existing frame building purchased by the parish,ANDREAS_V3,medium,true,"The parish organized in 1876, purchased and remodeled a modest frame building near Ambrose and Hoyne, and established a school. A later brick basement is not assigned to 1876."
CHI-POSTFIRE-CHI1876-015-A07,CHI-POSTFIRE-CHI1876-015,postfire_code_context,The parish reused an existing frame structure after the 1874 ban on new wood construction; whether alteration permits treated it as an exception needs confirmation.,ANDREAS_V3,medium,true,"The parish organized in 1876, purchased and remodeled a modest frame building near Ambrose and Hoyne, and established a school. A later brick basement is not assigned to 1876."
CHI-POSTFIRE-CHI1876-016-A01,CHI-POSTFIRE-CHI1876-016,canonical_name,St. John's Catholic Church bell installation,ANDREAS_V3,medium,true,"The approximately 6,000-pound bell was installed and blessed in 1876 and first rung on St. Patrick's Day. Andreas places construction of a new church in 1877, not 1876."
CHI-POSTFIRE-CHI1876-016-A02,CHI-POSTFIRE-CHI1876-016,year_completed,1876,ANDREAS_V3,medium,true,"The approximately 6,000-pound bell was installed and blessed in 1876 and first rung on St. Patrick's Day. Andreas places construction of a new church in 1877, not 1876."
CHI-POSTFIRE-CHI1876-016-A03,CHI-POSTFIRE-CHI1876-016,address_historical,St. John's Catholic Church property,ANDREAS_V3,medium,true,"The approximately 6,000-pound bell was installed and blessed in 1876 and first rung on St. Patrick's Day. Andreas places construction of a new church in 1877, not 1876."
CHI-POSTFIRE-CHI1876-016-A04,CHI-POSTFIRE-CHI1876-016,architect_or_builder,bell founder not identified,ANDREAS_V3,medium,true,"The approximately 6,000-pound bell was installed and blessed in 1876 and first rung on St. Patrick's Day. Andreas places construction of a new church in 1877, not 1876."
CHI-POSTFIRE-CHI1876-016-A05,CHI-POSTFIRE-CHI1876-016,structural_system,bell installed in existing church tower,ANDREAS_V3,medium,true,"The approximately 6,000-pound bell was installed and blessed in 1876 and first rung on St. Patrick's Day. Andreas places construction of a new church in 1877, not 1876."
CHI-POSTFIRE-CHI1876-016-A06,CHI-POSTFIRE-CHI1876-016,construction_or_event_type,equipment_installation,ANDREAS_V3,medium,true,"The approximately 6,000-pound bell was installed and blessed in 1876 and first rung on St. Patrick's Day. Andreas places construction of a new church in 1877, not 1876."
CHI-POSTFIRE-CHI1876-016-A07,CHI-POSTFIRE-CHI1876-016,predecessor_or_rebuild_of,St. John's Catholic Church,ANDREAS_V3,medium,true,"The approximately 6,000-pound bell was installed and blessed in 1876 and first rung on St. Patrick's Day. Andreas places construction of a new church in 1877, not 1876."
CHI-POSTFIRE-CHI1876-016-A08,CHI-POSTFIRE-CHI1876-016,postfire_code_context,An equipment installation within an existing church; no new combustible building fabric is documented.,ANDREAS_V3,medium,true,"The approximately 6,000-pound bell was installed and blessed in 1876 and first rung on St. Patrick's Day. Andreas places construction of a new church in 1877, not 1876."
CHI-POSTFIRE-CHI1876-017-A01,CHI-POSTFIRE-CHI1876-017,canonical_name,DuPont-Whitehouse House,CITY_DUPONT;CITY_LANDMARKS_API,high,false,Built in 1875-76 for superintendent Junot Whitehouse and moved one block in 1920. Completion is assigned to the range endpoint rather than an exact completion date.
CHI-POSTFIRE-CHI1876-017-A02,CHI-POSTFIRE-CHI1876-017,year_completed,1876,CITY_DUPONT;CITY_LANDMARKS_API,high,false,Built in 1875-76 for superintendent Junot Whitehouse and moved one block in 1920. Completion is assigned to the range endpoint rather than an exact completion date.
CHI-POSTFIRE-CHI1876-017-A03,CHI-POSTFIRE-CHI1876-017,address_historical,Originally at Thirty-sixth Street and Western Avenue,CITY_DUPONT;CITY_LANDMARKS_API,high,false,Built in 1875-76 for superintendent Junot Whitehouse and moved one block in 1920. Completion is assigned to the range endpoint rather than an exact completion date.
CHI-POSTFIRE-CHI1876-017-A04,CHI-POSTFIRE-CHI1876-017,architect_or_builder,Oscar Cobb & Company,CITY_DUPONT;CITY_LANDMARKS_API,high,false,Built in 1875-76 for superintendent Junot Whitehouse and moved one block in 1920. Completion is assigned to the range endpoint rather than an exact completion date.
CHI-POSTFIRE-CHI1876-017-A05,CHI-POSTFIRE-CHI1876-017,structural_system,brick masonry; Italianate,CITY_DUPONT;CITY_LANDMARKS_API,high,false,Built in 1875-76 for superintendent Junot Whitehouse and moved one block in 1920. Completion is assigned to the range endpoint rather than an exact completion date.
CHI-POSTFIRE-CHI1876-017-A06,CHI-POSTFIRE-CHI1876-017,construction_or_event_type,completion_phase,CITY_DUPONT;CITY_LANDMARKS_API,high,false,Built in 1875-76 for superintendent Junot Whitehouse and moved one block in 1920. Completion is assigned to the range endpoint rather than an exact completion date.
CHI-POSTFIRE-CHI1876-017-A07,CHI-POSTFIRE-CHI1876-017,postfire_code_context,Brick construction reflected the post-1874 citywide fire limits; the explosives-company association adds industrial-safety context.,CITY_DUPONT;CITY_LANDMARKS_API,high,false,Built in 1875-76 for superintendent Junot Whitehouse and moved one block in 1920. Completion is assigned to the range endpoint rather than an exact completion date.
CHI-POSTFIRE-CHI1876-018-A01,CHI-POSTFIRE-CHI1876-018,canonical_name,George M. Pullman Residence initial construction,UMN_PULLMAN;AIC_ARCH_INDEX;NPS_PRAIRIE,high,true,"University of Minnesota chronology gives 1876 completion; the Art Institute finding aid indexes competing 1876 design attributions and later 1880s Beman additions. Reported value ranges from $350,000 to $500,000."
CHI-POSTFIRE-CHI1876-018-A02,CHI-POSTFIRE-CHI1876-018,year_completed,1876,UMN_PULLMAN;AIC_ARCH_INDEX;NPS_PRAIRIE,high,true,"University of Minnesota chronology gives 1876 completion; the Art Institute finding aid indexes competing 1876 design attributions and later 1880s Beman additions. Reported value ranges from $350,000 to $500,000."
CHI-POSTFIRE-CHI1876-018-A03,CHI-POSTFIRE-CHI1876-018,address_historical,1729 South Prairie Avenue,UMN_PULLMAN;AIC_ARCH_INDEX;NPS_PRAIRIE,high,true,"University of Minnesota chronology gives 1876 completion; the Art Institute finding aid indexes competing 1876 design attributions and later 1880s Beman additions. Reported value ranges from $350,000 to $500,000."
CHI-POSTFIRE-CHI1876-018-A04,CHI-POSTFIRE-CHI1876-018,architect_or_builder,Henry S. Jaffray and/or John Mathew Dunphy; later additions by Solon S. Beman,UMN_PULLMAN;AIC_ARCH_INDEX;NPS_PRAIRIE,high,true,"University of Minnesota chronology gives 1876 completion; the Art Institute finding aid indexes competing 1876 design attributions and later 1880s Beman additions. Reported value ranges from $350,000 to $500,000."
CHI-POSTFIRE-CHI1876-018-A05,CHI-POSTFIRE-CHI1876-018,structural_system,three-story greystone masonry,UMN_PULLMAN;AIC_ARCH_INDEX;NPS_PRAIRIE,high,true,"University of Minnesota chronology gives 1876 completion; the Art Institute finding aid indexes competing 1876 design attributions and later 1880s Beman additions. Reported value ranges from $350,000 to $500,000."
CHI-POSTFIRE-CHI1876-018-A06,CHI-POSTFIRE-CHI1876-018,construction_or_event_type,new_construction_initial_phase,UMN_PULLMAN;AIC_ARCH_INDEX;NPS_PRAIRIE,high,true,"University of Minnesota chronology gives 1876 completion; the Art Institute finding aid indexes competing 1876 design attributions and later 1880s Beman additions. Reported value ranges from $350,000 to $500,000."
CHI-POSTFIRE-CHI1876-018-A07,CHI-POSTFIRE-CHI1876-018,postfire_code_context,Substantial stone construction reflected elite post-fire rebuilding and noncombustible urban construction.,UMN_PULLMAN;AIC_ARCH_INDEX;NPS_PRAIRIE,high,true,"University of Minnesota chronology gives 1876 completion; the Art Institute finding aid indexes competing 1876 design attributions and later 1880s Beman additions. Reported value ranges from $350,000 to $500,000."
CHI-POSTFIRE-CHI1876-018-A08,CHI-POSTFIRE-CHI1876-018,year_demolished,1922,UMN_PULLMAN;AIC_ARCH_INDEX;NPS_PRAIRIE,high,true,"University of Minnesota chronology gives 1876 completion; the Art Institute finding aid indexes competing 1876 design attributions and later 1880s Beman additions. Reported value ranges from $350,000 to $500,000."
CHI-POSTFIRE-CHI1876-019-A01,CHI-POSTFIRE-CHI1876-019,canonical_name,William Waller House,NPS_WALLER,medium,true,"National Register documentation gives 1875-76. Evidence of an August 1875 social event at the house indicates occupancy may predate 1876, so the endpoint is retained as a possible completion phase rather than a certain opening."
CHI-POSTFIRE-CHI1876-019-A02,CHI-POSTFIRE-CHI1876-019,year_completed,1876,NPS_WALLER,medium,true,"National Register documentation gives 1875-76. Evidence of an August 1875 social event at the house indicates occupancy may predate 1876, so the endpoint is retained as a possible completion phase rather than a certain opening."
CHI-POSTFIRE-CHI1876-019-A03,CHI-POSTFIRE-CHI1876-019,address_historical,Dearborn Street,NPS_WALLER,medium,true,"National Register documentation gives 1875-76. Evidence of an August 1875 social event at the house indicates occupancy may predate 1876, so the endpoint is retained as a possible completion phase rather than a certain opening."
CHI-POSTFIRE-CHI1876-019-A04,CHI-POSTFIRE-CHI1876-019,structural_system,stone masonry; Italianate/Tuscan Villa,NPS_WALLER,medium,true,"National Register documentation gives 1875-76. Evidence of an August 1875 social event at the house indicates occupancy may predate 1876, so the endpoint is retained as a possible completion phase rather than a certain opening."
CHI-POSTFIRE-CHI1876-019-A05,CHI-POSTFIRE-CHI1876-019,construction_or_event_type,completion_phase,NPS_WALLER,medium,true,"National Register documentation gives 1875-76. Evidence of an August 1875 social event at the house indicates occupancy may predate 1876, so the endpoint is retained as a possible completion phase rather than a certain opening."
CHI-POSTFIRE-CHI1876-019-A06,CHI-POSTFIRE-CHI1876-019,postfire_code_context,Stone residential construction followed Near North Side rebuilding and fire-limit requirements.,NPS_WALLER,medium,true,"National Register documentation gives 1875-76. Evidence of an August 1875 social event at the house indicates occupancy may predate 1876, so the endpoint is retained as a possible completion phase rather than a certain opening."
CHI-POSTFIRE-CHI1876-020-A01,CHI-POSTFIRE-CHI1876-020,canonical_name,First Chicago Club Building,CHICAGOLOGY_CLUB,medium,true,"Plans were published October 2, 1875 and the building was erected in 1876 on a 50-by-100-foot lot opposite the Palmer House. The secondary chronology gives a 1939 demolition."
CHI-POSTFIRE-CHI1876-020-A02,CHI-POSTFIRE-CHI1876-020,year_completed,1876,CHICAGOLOGY_CLUB,medium,true,"Plans were published October 2, 1875 and the building was erected in 1876 on a 50-by-100-foot lot opposite the Palmer House. The secondary chronology gives a 1939 demolition."
CHI-POSTFIRE-CHI1876-020-A03,CHI-POSTFIRE-CHI1876-020,address_historical,43-45 Monroe Street; north side of Monroe between State and Wabash,CHICAGOLOGY_CLUB,medium,true,"Plans were published October 2, 1875 and the building was erected in 1876 on a 50-by-100-foot lot opposite the Palmer House. The secondary chronology gives a 1939 demolition."
CHI-POSTFIRE-CHI1876-020-A04,CHI-POSTFIRE-CHI1876-020,architect_or_builder,Treat & Foltz,CHICAGOLOGY_CLUB,medium,true,"Plans were published October 2, 1875 and the building was erected in 1876 on a 50-by-100-foot lot opposite the Palmer House. The secondary chronology gives a 1939 demolition."
CHI-POSTFIRE-CHI1876-020-A05,CHI-POSTFIRE-CHI1876-020,structural_system,Baltimore pressed brick with limestone and Berea sandstone; modern Gothic,CHICAGOLOGY_CLUB,medium,true,"Plans were published October 2, 1875 and the building was erected in 1876 on a 50-by-100-foot lot opposite the Palmer House. The secondary chronology gives a 1939 demolition."
CHI-POSTFIRE-CHI1876-020-A06,CHI-POSTFIRE-CHI1876-020,construction_or_event_type,completion_phase,CHICAGOLOGY_CLUB,medium,true,"Plans were published October 2, 1875 and the building was erected in 1876 on a 50-by-100-foot lot opposite the Palmer House. The secondary chronology gives a 1939 demolition."
CHI-POSTFIRE-CHI1876-020-A07,CHI-POSTFIRE-CHI1876-020,postfire_code_context,The masonry clubhouse was built inside the post-fire central business district under strengthened fire-limit rules.,CHICAGOLOGY_CLUB,medium,true,"Plans were published October 2, 1875 and the building was erected in 1876 on a 50-by-100-foot lot opposite the Palmer House. The secondary chronology gives a 1939 demolition."
CHI-POSTFIRE-CHI1876-020-A08,CHI-POSTFIRE-CHI1876-020,year_demolished,1939,CHICAGOLOGY_CLUB,medium,true,"Plans were published October 2, 1875 and the building was erected in 1876 on a 50-by-100-foot lot opposite the Palmer House. The secondary chronology gives a 1939 demolition."
CHI-POSTFIRE-CHI1876-021-A01,CHI-POSTFIRE-CHI1876-021,canonical_name,Moody and Sankey Tabernacle,OLD_MONROE;HAYES_MOODY,high,false,"Erected in 1876 with seating for about 8,000. In 1877 the temporary roof was removed and three stories were added to create six stores, making the tabernacle a documented short-lived phase."
CHI-POSTFIRE-CHI1876-021-A02,CHI-POSTFIRE-CHI1876-021,year_completed,1876,OLD_MONROE;HAYES_MOODY,high,false,"Erected in 1876 with seating for about 8,000. In 1877 the temporary roof was removed and three stories were added to create six stores, making the tabernacle a documented short-lived phase."
CHI-POSTFIRE-CHI1876-021-A03,CHI-POSTFIRE-CHI1876-021,address_historical,"South side of Monroe Street, center block between Franklin and Market Streets",OLD_MONROE;HAYES_MOODY,high,false,"Erected in 1876 with seating for about 8,000. In 1877 the temporary roof was removed and three stories were added to create six stores, making the tabernacle a documented short-lived phase."
CHI-POSTFIRE-CHI1876-021-A04,CHI-POSTFIRE-CHI1876-021,structural_system,brick shell with temporary roof,OLD_MONROE;HAYES_MOODY,high,false,"Erected in 1876 with seating for about 8,000. In 1877 the temporary roof was removed and three stories were added to create six stores, making the tabernacle a documented short-lived phase."
CHI-POSTFIRE-CHI1876-021-A05,CHI-POSTFIRE-CHI1876-021,construction_or_event_type,temporary_new_construction,OLD_MONROE;HAYES_MOODY,high,false,"Erected in 1876 with seating for about 8,000. In 1877 the temporary roof was removed and three stories were added to create six stores, making the tabernacle a documented short-lived phase."
CHI-POSTFIRE-CHI1876-021-A06,CHI-POSTFIRE-CHI1876-021,postfire_code_context,A brick shell inside the central fire limits provided noncombustible enclosure despite the intentionally temporary roof and use.,OLD_MONROE;HAYES_MOODY,high,false,"Erected in 1876 with seating for about 8,000. In 1877 the temporary roof was removed and three stories were added to create six stores, making the tabernacle a documented short-lived phase."
CHI-POSTFIRE-CHI1876-022-A01,CHI-POSTFIRE-CHI1876-022,canonical_name,Bemis and McAvoy brewery 1876 ice house,ANDREAS_V3,high,true,"One of four spacious ice houses explicitly dated 1872, 1874, 1875 and 1876. The sequence supports a discrete 1876 addition but not a street number or individual-house dimensions."
CHI-POSTFIRE-CHI1876-022-A02,CHI-POSTFIRE-CHI1876-022,year_completed,1876,ANDREAS_V3,high,true,"One of four spacious ice houses explicitly dated 1872, 1874, 1875 and 1876. The sequence supports a discrete 1876 addition but not a street number or individual-house dimensions."
CHI-POSTFIRE-CHI1876-022-A03,CHI-POSTFIRE-CHI1876-022,address_historical,West side of South Park Avenue near Twenty-third Street,ANDREAS_V3,high,true,"One of four spacious ice houses explicitly dated 1872, 1874, 1875 and 1876. The sequence supports a discrete 1876 addition but not a street number or individual-house dimensions."
CHI-POSTFIRE-CHI1876-022-A04,CHI-POSTFIRE-CHI1876-022,structural_system,industrial cold-storage structure; exact material not stated,ANDREAS_V3,high,true,"One of four spacious ice houses explicitly dated 1872, 1874, 1875 and 1876. The sequence supports a discrete 1876 addition but not a street number or individual-house dimensions."
CHI-POSTFIRE-CHI1876-022-A05,CHI-POSTFIRE-CHI1876-022,construction_or_event_type,complex_addition,ANDREAS_V3,high,true,"One of four spacious ice houses explicitly dated 1872, 1874, 1875 and 1876. The sequence supports a discrete 1876 addition but not a street number or individual-house dimensions."
CHI-POSTFIRE-CHI1876-022-A06,CHI-POSTFIRE-CHI1876-022,predecessor_or_rebuild_of,Bemis and McAvoy brewery complex,ANDREAS_V3,high,true,"One of four spacious ice houses explicitly dated 1872, 1874, 1875 and 1876. The sequence supports a discrete 1876 addition but not a street number or individual-house dimensions."
CHI-POSTFIRE-CHI1876-022-A07,CHI-POSTFIRE-CHI1876-022,postfire_code_context,"Industrial construction followed the citywide 1874 fire-limit extension, but material and permit compliance remain unverified.",ANDREAS_V3,high,true,"One of four spacious ice houses explicitly dated 1872, 1874, 1875 and 1876. The sequence supports a discrete 1876 addition but not a street number or individual-house dimensions."
CHI-POSTFIRE-CHI1876-023-A01,CHI-POSTFIRE-CHI1876-023,canonical_name,Michael Brand Brewery construction,ANDREAS_V3,high,false,"The substantial brick brewery and machinery complex was built during 1876-77 for about $300,000; Brand moved the business there in 1877. It burned May 13, 1885."
CHI-POSTFIRE-CHI1876-023-A02,CHI-POSTFIRE-CHI1876-023,year_completed,1877,ANDREAS_V3,high,false,"The substantial brick brewery and machinery complex was built during 1876-77 for about $300,000; Brand moved the business there in 1877. It burned May 13, 1885."
CHI-POSTFIRE-CHI1876-023-A03,CHI-POSTFIRE-CHI1876-023,address_historical,Elston Road near Fullerton Avenue,ANDREAS_V3,high,false,"The substantial brick brewery and machinery complex was built during 1876-77 for about $300,000; Brand moved the business there in 1877. It burned May 13, 1885."
CHI-POSTFIRE-CHI1876-023-A04,CHI-POSTFIRE-CHI1876-023,structural_system,substantial brick industrial buildings with machinery,ANDREAS_V3,high,false,"The substantial brick brewery and machinery complex was built during 1876-77 for about $300,000; Brand moved the business there in 1877. It burned May 13, 1885."
CHI-POSTFIRE-CHI1876-023-A05,CHI-POSTFIRE-CHI1876-023,construction_or_event_type,construction_start_or_major_phase,ANDREAS_V3,high,false,"The substantial brick brewery and machinery complex was built during 1876-77 for about $300,000; Brand moved the business there in 1877. It burned May 13, 1885."
CHI-POSTFIRE-CHI1876-023-A06,CHI-POSTFIRE-CHI1876-023,predecessor_or_rebuild_of,Earlier Michael Brand brewery location,ANDREAS_V3,high,false,"The substantial brick brewery and machinery complex was built during 1876-77 for about $300,000; Brand moved the business there in 1877. It burned May 13, 1885."
CHI-POSTFIRE-CHI1876-023-A07,CHI-POSTFIRE-CHI1876-023,postfire_code_context,"Brick industrial construction reflected the post-1874 citywide fire limits, although the complex was itself destroyed by fire in 1885.",ANDREAS_V3,high,false,"The substantial brick brewery and machinery complex was built during 1876-77 for about $300,000; Brand moved the business there in 1877. It burned May 13, 1885."
CHI-POSTFIRE-CHI1876-023-A08,CHI-POSTFIRE-CHI1876-023,year_demolished,1885,ANDREAS_V3,high,false,"The substantial brick brewery and machinery complex was built during 1876-77 for about $300,000; Brand moved the business there in 1877. It burned May 13, 1885."
CHI-POSTFIRE-CHI1876-024-A01,CHI-POSTFIRE-CHI1876-024,canonical_name,Sands House hotel conversion,ANDREAS_V3,high,true,"After the Chicago Public Library left in 1876, the upper three stories were converted to the Sands House. Andreas gives a 100-by-132-foot footprint, 120 guest rooms and capacity of about 300."
CHI-POSTFIRE-CHI1876-024-A02,CHI-POSTFIRE-CHI1876-024,year_completed,1876,ANDREAS_V3,high,true,"After the Chicago Public Library left in 1876, the upper three stories were converted to the Sands House. Andreas gives a 100-by-132-foot footprint, 120 guest rooms and capacity of about 300."
CHI-POSTFIRE-CHI1876-024-A03,CHI-POSTFIRE-CHI1876-024,address_historical,Southeast corner of Wabash Avenue and Madison Street,ANDREAS_V3,high,true,"After the Chicago Public Library left in 1876, the upper three stories were converted to the Sands House. Andreas gives a 100-by-132-foot footprint, 120 guest rooms and capacity of about 300."
CHI-POSTFIRE-CHI1876-024-A04,CHI-POSTFIRE-CHI1876-024,structural_system,existing commercial masonry building; upper three stories converted,ANDREAS_V3,high,true,"After the Chicago Public Library left in 1876, the upper three stories were converted to the Sands House. Andreas gives a 100-by-132-foot footprint, 120 guest rooms and capacity of about 300."
CHI-POSTFIRE-CHI1876-024-A05,CHI-POSTFIRE-CHI1876-024,construction_or_event_type,adaptive_reuse_conversion,ANDREAS_V3,high,true,"After the Chicago Public Library left in 1876, the upper three stories were converted to the Sands House. Andreas gives a 100-by-132-foot footprint, 120 guest rooms and capacity of about 300."
CHI-POSTFIRE-CHI1876-024-A06,CHI-POSTFIRE-CHI1876-024,predecessor_or_rebuild_of,Commercial and library building erected on the old Clifton House site,ANDREAS_V3,high,true,"After the Chicago Public Library left in 1876, the upper three stories were converted to the Sands House. Andreas gives a 100-by-132-foot footprint, 120 guest rooms and capacity of about 300."
CHI-POSTFIRE-CHI1876-024-A07,CHI-POSTFIRE-CHI1876-024,postfire_code_context,Conversion of an existing central-business-district masonry building occurred under post-fire occupancy and egress rules; exact permit record is unlocated.,ANDREAS_V3,high,true,"After the Chicago Public Library left in 1876, the upper three stories were converted to the Sands House. Andreas gives a 100-by-132-foot footprint, 120 guest rooms and capacity of about 300."
CHI-POSTFIRE-CHI1876-025-A01,CHI-POSTFIRE-CHI1876-025,canonical_name,Anna House opening as New Delavan House,ANDREAS_V3,medium,true,"Opened to the public in 1876 as the New Delavan House. Andreas describes a 100-by-150-foot building, four hotel stories, about 50 rooms and capacity of 100; construction date remains unknown."
CHI-POSTFIRE-CHI1876-025-A02,CHI-POSTFIRE-CHI1876-025,address_historical,102 North Clark Street,ANDREAS_V3,medium,true,"Opened to the public in 1876 as the New Delavan House. Andreas describes a 100-by-150-foot building, four hotel stories, about 50 rooms and capacity of 100; construction date remains unknown."
CHI-POSTFIRE-CHI1876-025-A03,CHI-POSTFIRE-CHI1876-025,structural_system,existing five-story commercial building,ANDREAS_V3,medium,true,"Opened to the public in 1876 as the New Delavan House. Andreas describes a 100-by-150-foot building, four hotel stories, about 50 rooms and capacity of 100; construction date remains unknown."
CHI-POSTFIRE-CHI1876-025-A04,CHI-POSTFIRE-CHI1876-025,construction_or_event_type,occupancy_only_opening,ANDREAS_V3,medium,true,"Opened to the public in 1876 as the New Delavan House. Andreas describes a 100-by-150-foot building, four hotel stories, about 50 rooms and capacity of 100; construction date remains unknown."
CHI-POSTFIRE-CHI1876-025-A05,CHI-POSTFIRE-CHI1876-025,postfire_code_context,No 1876 physical construction is documented; the row is retained only as a building-use event.,ANDREAS_V3,medium,true,"Opened to the public in 1876 as the New Delavan House. Andreas describes a 100-by-150-foot building, four hotel stories, about 50 rooms and capacity of 100; construction date remains unknown."
CHI-POSTFIRE-CHI1876-026-A01,CHI-POSTFIRE-CHI1876-026,canonical_name,Lincoln Park Floating Hospital pier and shelter use,ANDREAS_V3,medium,true,"The Association received use of the roughly 400-foot pier in 1876 for a floating-hospital program. Andreas describes a shelter house and care equipment, but does not unambiguously date the shelter's erection; no construction completion is claimed."
CHI-POSTFIRE-CHI1876-026-A02,CHI-POSTFIRE-CHI1876-026,address_historical,Lincoln Park lakefront north of North Avenue,ANDREAS_V3,medium,true,"The Association received use of the roughly 400-foot pier in 1876 for a floating-hospital program. Andreas describes a shelter house and care equipment, but does not unambiguously date the shelter's erection; no construction completion is claimed."
CHI-POSTFIRE-CHI1876-026-A03,CHI-POSTFIRE-CHI1876-026,structural_system,"wooden pier with shelter house, railings, hammocks and cots",ANDREAS_V3,medium,true,"The Association received use of the roughly 400-foot pier in 1876 for a floating-hospital program. Andreas describes a shelter house and care equipment, but does not unambiguously date the shelter's erection; no construction completion is claimed."
CHI-POSTFIRE-CHI1876-026-A04,CHI-POSTFIRE-CHI1876-026,construction_or_event_type,adaptive_use_opening,ANDREAS_V3,medium,true,"The Association received use of the roughly 400-foot pier in 1876 for a floating-hospital program. Andreas describes a shelter house and care equipment, but does not unambiguously date the shelter's erection; no construction completion is claimed."
CHI-POSTFIRE-CHI1876-026-A05,CHI-POSTFIRE-CHI1876-026,predecessor_or_rebuild_of,Existing Lincoln Park pier,ANDREAS_V3,medium,true,"The Association received use of the roughly 400-foot pier in 1876 for a floating-hospital program. Andreas describes a shelter house and care equipment, but does not unambiguously date the shelter's erection; no construction completion is claimed."
CHI-POSTFIRE-CHI1876-026-A06,CHI-POSTFIRE-CHI1876-026,postfire_code_context,The wooden waterfront installation had a specialized park and pier use; ordinary city building-code applicability is uncertain.,ANDREAS_V3,medium,true,"The Association received use of the roughly 400-foot pier in 1876 for a floating-hospital program. Andreas describes a shelter house and care equipment, but does not unambiguously date the shelter's erection; no construction completion is claimed."
CHI-POSTFIRE-CHI1876-027-A01,CHI-POSTFIRE-CHI1876-027,canonical_name,"Carson, Pirie & Company North Division store opening",ANDREAS_V3,medium,true,"Andreas states that Carson, Pirie & Company opened a large dry-goods house at 166-170 North Clark in 1876. Building construction date and modification scope were not found."
CHI-POSTFIRE-CHI1876-027-A02,CHI-POSTFIRE-CHI1876-027,address_historical,166-170 North Clark Street,ANDREAS_V3,medium,true,"Andreas states that Carson, Pirie & Company opened a large dry-goods house at 166-170 North Clark in 1876. Building construction date and modification scope were not found."
CHI-POSTFIRE-CHI1876-027-A03,CHI-POSTFIRE-CHI1876-027,structural_system,existing commercial building; material not stated,ANDREAS_V3,medium,true,"Andreas states that Carson, Pirie & Company opened a large dry-goods house at 166-170 North Clark in 1876. Building construction date and modification scope were not found."
CHI-POSTFIRE-CHI1876-027-A04,CHI-POSTFIRE-CHI1876-027,construction_or_event_type,occupancy_only_opening,ANDREAS_V3,medium,true,"Andreas states that Carson, Pirie & Company opened a large dry-goods house at 166-170 North Clark in 1876. Building construction date and modification scope were not found."
CHI-POSTFIRE-CHI1876-027-A05,CHI-POSTFIRE-CHI1876-027,postfire_code_context,No physical construction is documented; this is a commercial occupancy event within the post-fire North Division.,ANDREAS_V3,medium,true,"Andreas states that Carson, Pirie & Company opened a large dry-goods house at 166-170 North Clark in 1876. Building construction date and modification scope were not found."
CHI-POSTFIRE-CHI1876-028-A01,CHI-POSTFIRE-CHI1876-028,canonical_name,First Baptist Church Sunday-school addition,ANDREAS_V3,medium,true,The main church was completed in 1875; the attached Sunday-school portion is reported as completed in 1876. Later alteration and survival of this specific fabric require architectural confirmation.
CHI-POSTFIRE-CHI1876-028-A02,CHI-POSTFIRE-CHI1876-028,year_completed,1876,ANDREAS_V3,medium,true,The main church was completed in 1875; the attached Sunday-school portion is reported as completed in 1876. Later alteration and survival of this specific fabric require architectural confirmation.
CHI-POSTFIRE-CHI1876-028-A03,CHI-POSTFIRE-CHI1876-028,address_historical,South Park Avenue and Thirty-first Street,ANDREAS_V3,medium,true,The main church was completed in 1875; the attached Sunday-school portion is reported as completed in 1876. Later alteration and survival of this specific fabric require architectural confirmation.
CHI-POSTFIRE-CHI1876-028-A04,CHI-POSTFIRE-CHI1876-028,architect_or_builder,Willcox and Miller,ANDREAS_V3,medium,true,The main church was completed in 1875; the attached Sunday-school portion is reported as completed in 1876. Later alteration and survival of this specific fabric require architectural confirmation.
CHI-POSTFIRE-CHI1876-028-A05,CHI-POSTFIRE-CHI1876-028,structural_system,brick and stone masonry,ANDREAS_V3,medium,true,The main church was completed in 1875; the attached Sunday-school portion is reported as completed in 1876. Later alteration and survival of this specific fabric require architectural confirmation.
CHI-POSTFIRE-CHI1876-028-A06,CHI-POSTFIRE-CHI1876-028,construction_or_event_type,complex_addition,ANDREAS_V3,medium,true,The main church was completed in 1875; the attached Sunday-school portion is reported as completed in 1876. Later alteration and survival of this specific fabric require architectural confirmation.
CHI-POSTFIRE-CHI1876-028-A07,CHI-POSTFIRE-CHI1876-028,predecessor_or_rebuild_of,First Baptist Church main building completed in 1875,ANDREAS_V3,medium,true,The main church was completed in 1875; the attached Sunday-school portion is reported as completed in 1876. Later alteration and survival of this specific fabric require architectural confirmation.
CHI-POSTFIRE-CHI1876-028-A08,CHI-POSTFIRE-CHI1876-028,postfire_code_context,The masonry addition followed the July 1874 fire and complied with the citywide fire-limit environment.,ANDREAS_V3,medium,true,The main church was completed in 1875; the attached Sunday-school portion is reported as completed in 1876. Later alteration and survival of this specific fabric require architectural confirmation.
CHI-POSTFIRE-CHI1877-001-A01,CHI-POSTFIRE-CHI1877-001,canonical_name,Chicago City Hall foundation phase,ANDREAS_V3,high,false,"The City Council ordinance of September 3, 1877 authorized immediate foundation work. Excavation was contracted for $1,483 and the sub-basement for $57,909; later superstructure contracts were awarded in 1878."
CHI-POSTFIRE-CHI1877-001-A02,CHI-POSTFIRE-CHI1877-001,year_completed,1885,ANDREAS_V3,high,false,"The City Council ordinance of September 3, 1877 authorized immediate foundation work. Excavation was contracted for $1,483 and the sub-basement for $57,909; later superstructure contracts were awarded in 1878."
CHI-POSTFIRE-CHI1877-001-A03,CHI-POSTFIRE-CHI1877-001,address_historical,"Original Court House Square; west half of block bounded by Clark, Randolph, LaSalle, and Washington Streets",ANDREAS_V3,high,false,"The City Council ordinance of September 3, 1877 authorized immediate foundation work. Excavation was contracted for $1,483 and the sub-basement for $57,909; later superstructure contracts were awarded in 1878."
CHI-POSTFIRE-CHI1877-001-A04,CHI-POSTFIRE-CHI1877-001,architect_or_builder,J. J. Egan (uniform exterior); L. D. Cleveland (city interior and construction supervision); John Shackley (excavation); Mortimer & Tapper (sub-basement),ANDREAS_V3,high,false,"The City Council ordinance of September 3, 1877 authorized immediate foundation work. Excavation was contracted for $1,483 and the sub-basement for $57,909; later superstructure contracts were awarded in 1878."
CHI-POSTFIRE-CHI1877-001-A05,CHI-POSTFIRE-CHI1877-001,structural_system,stone and masonry civic complex,ANDREAS_V3,high,false,"The City Council ordinance of September 3, 1877 authorized immediate foundation work. Excavation was contracted for $1,483 and the sub-basement for $57,909; later superstructure contracts were awarded in 1878."
CHI-POSTFIRE-CHI1877-001-A06,CHI-POSTFIRE-CHI1877-001,construction_or_event_type,foundation_and_subbasement_phase,ANDREAS_V3,high,false,"The City Council ordinance of September 3, 1877 authorized immediate foundation work. Excavation was contracted for $1,483 and the sub-basement for $57,909; later superstructure contracts were awarded in 1878."
CHI-POSTFIRE-CHI1877-001-A07,CHI-POSTFIRE-CHI1877-001,predecessor_or_rebuild_of,Court House and City Hall destroyed in 1871; temporary Rookery City Hall occupied 1872-1885,ANDREAS_V3,high,false,"The City Council ordinance of September 3, 1877 authorized immediate foundation work. Excavation was contracted for $1,483 and the sub-basement for $57,909; later superstructure contracts were awarded in 1878."
CHI-POSTFIRE-CHI1877-001-A08,CHI-POSTFIRE-CHI1877-001,postfire_code_context,Permanent fire-conscious civic rebuilding on the original courthouse square; exterior coordination with the county emphasized a unified monumental masonry complex.,ANDREAS_V3,high,false,"The City Council ordinance of September 3, 1877 authorized immediate foundation work. Excavation was contracted for $1,483 and the sub-basement for $57,909; later superstructure contracts were awarded in 1878."
CHI-POSTFIRE-CHI1877-002-A01,CHI-POSTFIRE-CHI1877-002,canonical_name,Fuller Street Bridge replacement,ANDREAS_V3,high,true,"Completed August 4, 1877; 127 feet long, 16.5-foot roadway, 19.5 feet overall, and $4,210 cost."
CHI-POSTFIRE-CHI1877-002-A02,CHI-POSTFIRE-CHI1877-002,year_completed,1877,ANDREAS_V3,high,true,"Completed August 4, 1877; 127 feet long, 16.5-foot roadway, 19.5 feet overall, and $4,210 cost."
CHI-POSTFIRE-CHI1877-002-A03,CHI-POSTFIRE-CHI1877-002,address_historical,Fuller Street crossing of the Chicago River,ANDREAS_V3,high,true,"Completed August 4, 1877; 127 feet long, 16.5-foot roadway, 19.5 feet overall, and $4,210 cost."
CHI-POSTFIRE-CHI1877-002-A04,CHI-POSTFIRE-CHI1877-002,architect_or_builder,G. W. James,ANDREAS_V3,high,true,"Completed August 4, 1877; 127 feet long, 16.5-foot roadway, 19.5 feet overall, and $4,210 cost."
CHI-POSTFIRE-CHI1877-002-A05,CHI-POSTFIRE-CHI1877-002,structural_system,combination draw or pivot bridge with swing and turntable,ANDREAS_V3,high,true,"Completed August 4, 1877; 127 feet long, 16.5-foot roadway, 19.5 feet overall, and $4,210 cost."
CHI-POSTFIRE-CHI1877-002-A06,CHI-POSTFIRE-CHI1877-002,construction_or_event_type,replacement_after_storm,ANDREAS_V3,high,true,"Completed August 4, 1877; 127 feet long, 16.5-foot roadway, 19.5 feet overall, and $4,210 cost."
CHI-POSTFIRE-CHI1877-002-A07,CHI-POSTFIRE-CHI1877-002,predecessor_or_rebuild_of,Fuller Street bridge destroyed by storm,ANDREAS_V3,high,true,"Completed August 4, 1877; 127 feet long, 16.5-foot roadway, 19.5 feet overall, and $4,210 cost."
CHI-POSTFIRE-CHI1877-002-A08,CHI-POSTFIRE-CHI1877-002,postfire_code_context,Municipal bridge replacement used a movable combination structure suited to the post-fire industrial river.,ANDREAS_V3,high,true,"Completed August 4, 1877; 127 feet long, 16.5-foot roadway, 19.5 feet overall, and $4,210 cost."
CHI-POSTFIRE-CHI1877-003-A01,CHI-POSTFIRE-CHI1877-003,canonical_name,North Avenue Bridge construction,ANDREAS_V3,high,true,"Begun August 28, 1877 and completed in January 1878; 150 feet long, 17-foot roadway, 4-foot sidewalk, 29 feet overall, and $7,149 cost."
CHI-POSTFIRE-CHI1877-003-A02,CHI-POSTFIRE-CHI1877-003,year_completed,1878,ANDREAS_V3,high,true,"Begun August 28, 1877 and completed in January 1878; 150 feet long, 17-foot roadway, 4-foot sidewalk, 29 feet overall, and $7,149 cost."
CHI-POSTFIRE-CHI1877-003-A03,CHI-POSTFIRE-CHI1877-003,address_historical,North Avenue crossing of the Chicago River,ANDREAS_V3,high,true,"Begun August 28, 1877 and completed in January 1878; 150 feet long, 17-foot roadway, 4-foot sidewalk, 29 feet overall, and $7,149 cost."
CHI-POSTFIRE-CHI1877-003-A04,CHI-POSTFIRE-CHI1877-003,architect_or_builder,"Conro, Starke & Co.",ANDREAS_V3,high,true,"Begun August 28, 1877 and completed in January 1878; 150 feet long, 17-foot roadway, 4-foot sidewalk, 29 feet overall, and $7,149 cost."
CHI-POSTFIRE-CHI1877-003-A05,CHI-POSTFIRE-CHI1877-003,structural_system,combination swing bridge and turntable,ANDREAS_V3,high,true,"Begun August 28, 1877 and completed in January 1878; 150 feet long, 17-foot roadway, 4-foot sidewalk, 29 feet overall, and $7,149 cost."
CHI-POSTFIRE-CHI1877-003-A06,CHI-POSTFIRE-CHI1877-003,construction_or_event_type,construction_start_and_phase,ANDREAS_V3,high,true,"Begun August 28, 1877 and completed in January 1878; 150 feet long, 17-foot roadway, 4-foot sidewalk, 29 feet overall, and $7,149 cost."
CHI-POSTFIRE-CHI1877-003-A07,CHI-POSTFIRE-CHI1877-003,postfire_code_context,Municipal movable-bridge construction supported the rebuilt city's river traffic and street network.,ANDREAS_V3,high,true,"Begun August 28, 1877 and completed in January 1878; 150 feet long, 17-foot roadway, 4-foot sidewalk, 29 feet overall, and $7,149 cost."
CHI-POSTFIRE-CHI1877-004-A01,CHI-POSTFIRE-CHI1877-004,canonical_name,North Halsted Street Bridge,ANDREAS_V3,high,true,"Begun June 22 and completed October 8, 1877; 140 feet long, 17-foot roadway, 20 feet overall, and $4,190 cost."
CHI-POSTFIRE-CHI1877-004-A02,CHI-POSTFIRE-CHI1877-004,year_completed,1877,ANDREAS_V3,high,true,"Begun June 22 and completed October 8, 1877; 140 feet long, 17-foot roadway, 20 feet overall, and $4,190 cost."
CHI-POSTFIRE-CHI1877-004-A03,CHI-POSTFIRE-CHI1877-004,address_historical,North Halsted Street crossing of the Chicago River,ANDREAS_V3,high,true,"Begun June 22 and completed October 8, 1877; 140 feet long, 17-foot roadway, 20 feet overall, and $4,190 cost."
CHI-POSTFIRE-CHI1877-004-A04,CHI-POSTFIRE-CHI1877-004,architect_or_builder,W. B. Howard,ANDREAS_V3,high,true,"Begun June 22 and completed October 8, 1877; 140 feet long, 17-foot roadway, 20 feet overall, and $4,190 cost."
CHI-POSTFIRE-CHI1877-004-A05,CHI-POSTFIRE-CHI1877-004,structural_system,combination turntable swing bridge,ANDREAS_V3,high,true,"Begun June 22 and completed October 8, 1877; 140 feet long, 17-foot roadway, 20 feet overall, and $4,190 cost."
CHI-POSTFIRE-CHI1877-004-A06,CHI-POSTFIRE-CHI1877-004,construction_or_event_type,new_infrastructure,ANDREAS_V3,high,true,"Begun June 22 and completed October 8, 1877; 140 feet long, 17-foot roadway, 20 feet overall, and $4,190 cost."
CHI-POSTFIRE-CHI1877-004-A07,CHI-POSTFIRE-CHI1877-004,postfire_code_context,Municipal movable-bridge construction supported the rebuilt city's river traffic and street network.,ANDREAS_V3,high,true,"Begun June 22 and completed October 8, 1877; 140 feet long, 17-foot roadway, 20 feet overall, and $4,190 cost."
CHI-POSTFIRE-CHI1877-005-A01,CHI-POSTFIRE-CHI1877-005,canonical_name,Harrison Street Bridge completion,ANDREAS_V3,high,true,"Work began June 22, 1875 but land-condemnation litigation delayed completion until October 23, 1877; 175 feet long, 19-foot roadway, two 4.1-foot sidewalks, 31 feet overall, and $41,848.51 cost."
CHI-POSTFIRE-CHI1877-005-A02,CHI-POSTFIRE-CHI1877-005,year_completed,1877,ANDREAS_V3,high,true,"Work began June 22, 1875 but land-condemnation litigation delayed completion until October 23, 1877; 175 feet long, 19-foot roadway, two 4.1-foot sidewalks, 31 feet overall, and $41,848.51 cost."
CHI-POSTFIRE-CHI1877-005-A03,CHI-POSTFIRE-CHI1877-005,address_historical,Harrison Street crossing of the Chicago River,ANDREAS_V3,high,true,"Work began June 22, 1875 but land-condemnation litigation delayed completion until October 23, 1877; 175 feet long, 19-foot roadway, two 4.1-foot sidewalks, 31 feet overall, and $41,848.51 cost."
CHI-POSTFIRE-CHI1877-005-A04,CHI-POSTFIRE-CHI1877-005,architect_or_builder,American Bridge Company,ANDREAS_V3,high,true,"Work began June 22, 1875 but land-condemnation litigation delayed completion until October 23, 1877; 175 feet long, 19-foot roadway, two 4.1-foot sidewalks, 31 feet overall, and $41,848.51 cost."
CHI-POSTFIRE-CHI1877-005-A05,CHI-POSTFIRE-CHI1877-005,structural_system,wrought-iron turntable swing bridge,ANDREAS_V3,high,true,"Work began June 22, 1875 but land-condemnation litigation delayed completion until October 23, 1877; 175 feet long, 19-foot roadway, two 4.1-foot sidewalks, 31 feet overall, and $41,848.51 cost."
CHI-POSTFIRE-CHI1877-005-A06,CHI-POSTFIRE-CHI1877-005,construction_or_event_type,completion_after_delay,ANDREAS_V3,high,true,"Work began June 22, 1875 but land-condemnation litigation delayed completion until October 23, 1877; 175 feet long, 19-foot roadway, two 4.1-foot sidewalks, 31 feet overall, and $41,848.51 cost."
CHI-POSTFIRE-CHI1877-005-A07,CHI-POSTFIRE-CHI1877-005,postfire_code_context,Substantial iron infrastructure replaced or extended the pre-fire river-crossing system.,ANDREAS_V3,high,true,"Work began June 22, 1875 but land-condemnation litigation delayed completion until October 23, 1877; 175 feet long, 19-foot roadway, two 4.1-foot sidewalks, 31 feet overall, and $41,848.51 cost."
CHI-POSTFIRE-CHI1877-006-A01,CHI-POSTFIRE-CHI1877-006,canonical_name,Fullerton Avenue Bridge contract and construction,ANDREAS_V3,medium,true,"Contract awarded October 1, 1877 and bridge completed January 19, 1878; 125 feet long, 17.4-foot roadway, 20 feet overall. Chicago paid two-thirds of the reported $2,970.50 cost share wording, which should be checked in the printed scan."
CHI-POSTFIRE-CHI1877-006-A02,CHI-POSTFIRE-CHI1877-006,year_completed,1878,ANDREAS_V3,medium,true,"Contract awarded October 1, 1877 and bridge completed January 19, 1878; 125 feet long, 17.4-foot roadway, 20 feet overall. Chicago paid two-thirds of the reported $2,970.50 cost share wording, which should be checked in the printed scan."
CHI-POSTFIRE-CHI1877-006-A03,CHI-POSTFIRE-CHI1877-006,address_historical,Fullerton Avenue at the north city limits; joint City of Chicago-Town of Lake View crossing,ANDREAS_V3,medium,true,"Contract awarded October 1, 1877 and bridge completed January 19, 1878; 125 feet long, 17.4-foot roadway, 20 feet overall. Chicago paid two-thirds of the reported $2,970.50 cost share wording, which should be checked in the printed scan."
CHI-POSTFIRE-CHI1877-006-A04,CHI-POSTFIRE-CHI1877-006,architect_or_builder,J. W. Sawin & Co.,ANDREAS_V3,medium,true,"Contract awarded October 1, 1877 and bridge completed January 19, 1878; 125 feet long, 17.4-foot roadway, 20 feet overall. Chicago paid two-thirds of the reported $2,970.50 cost share wording, which should be checked in the printed scan."
CHI-POSTFIRE-CHI1877-006-A05,CHI-POSTFIRE-CHI1877-006,structural_system,pivot bridge,ANDREAS_V3,medium,true,"Contract awarded October 1, 1877 and bridge completed January 19, 1878; 125 feet long, 17.4-foot roadway, 20 feet overall. Chicago paid two-thirds of the reported $2,970.50 cost share wording, which should be checked in the printed scan."
CHI-POSTFIRE-CHI1877-006-A06,CHI-POSTFIRE-CHI1877-006,construction_or_event_type,contract_award_and_construction_start,ANDREAS_V3,medium,true,"Contract awarded October 1, 1877 and bridge completed January 19, 1878; 125 feet long, 17.4-foot roadway, 20 feet overall. Chicago paid two-thirds of the reported $2,970.50 cost share wording, which should be checked in the printed scan."
CHI-POSTFIRE-CHI1877-006-A07,CHI-POSTFIRE-CHI1877-006,postfire_code_context,Joint-jurisdiction infrastructure extended the street network at Chicago's 1877 northern boundary.,ANDREAS_V3,medium,true,"Contract awarded October 1, 1877 and bridge completed January 19, 1878; 125 feet long, 17.4-foot roadway, 20 feet overall. Chicago paid two-thirds of the reported $2,970.50 cost share wording, which should be checked in the printed scan."
CHI-POSTFIRE-CHI1877-007-A01,CHI-POSTFIRE-CHI1877-007,canonical_name,St. Pius Church enlargement,ANDREAS_V3,high,true,Existing frame church enlarged in 1877 from roughly 300 to 650 seats.
CHI-POSTFIRE-CHI1877-007-A02,CHI-POSTFIRE-CHI1877-007,year_completed,1877,ANDREAS_V3,high,true,Existing frame church enlarged in 1877 from roughly 300 to 650 seats.
CHI-POSTFIRE-CHI1877-007-A03,CHI-POSTFIRE-CHI1877-007,address_historical,Van Horn and Paulina Streets,ANDREAS_V3,high,true,Existing frame church enlarged in 1877 from roughly 300 to 650 seats.
CHI-POSTFIRE-CHI1877-007-A04,CHI-POSTFIRE-CHI1877-007,structural_system,frame,ANDREAS_V3,high,true,Existing frame church enlarged in 1877 from roughly 300 to 650 seats.
CHI-POSTFIRE-CHI1877-007-A05,CHI-POSTFIRE-CHI1877-007,construction_or_event_type,addition_and_enlargement,ANDREAS_V3,high,true,Existing frame church enlarged in 1877 from roughly 300 to 650 seats.
CHI-POSTFIRE-CHI1877-007-A06,CHI-POSTFIRE-CHI1877-007,postfire_code_context,The frame church lay in the post-1874 citywide fire-limit era; its apparent continued frame use reflects enlargement of existing fabric rather than a new wooden building.,ANDREAS_V3,high,true,Existing frame church enlarged in 1877 from roughly 300 to 650 seats.
CHI-POSTFIRE-CHI1877-008-A01,CHI-POSTFIRE-CHI1877-008,canonical_name,Jefferson Park Presbyterian Church,ANDREAS_V3,high,true,"Construction began in summer 1876 and the church was dedicated January 6, 1877. Reported cost exceeded $45,000 and seating capacity was 800."
CHI-POSTFIRE-CHI1877-008-A02,CHI-POSTFIRE-CHI1877-008,year_completed,1877,ANDREAS_V3,high,true,"Construction began in summer 1876 and the church was dedicated January 6, 1877. Reported cost exceeded $45,000 and seating capacity was 800."
CHI-POSTFIRE-CHI1877-008-A03,CHI-POSTFIRE-CHI1877-008,address_historical,Northeast corner of West Adams and Throop Streets,ANDREAS_V3,high,true,"Construction began in summer 1876 and the church was dedicated January 6, 1877. Reported cost exceeded $45,000 and seating capacity was 800."
CHI-POSTFIRE-CHI1877-008-A04,CHI-POSTFIRE-CHI1877-008,structural_system,brick masonry; amphitheater plan,ANDREAS_V3,high,true,"Construction began in summer 1876 and the church was dedicated January 6, 1877. Reported cost exceeded $45,000 and seating capacity was 800."
CHI-POSTFIRE-CHI1877-008-A05,CHI-POSTFIRE-CHI1877-008,construction_or_event_type,completed_new_construction,ANDREAS_V3,high,true,"Construction began in summer 1876 and the church was dedicated January 6, 1877. Reported cost exceeded $45,000 and seating capacity was 800."
CHI-POSTFIRE-CHI1877-008-A06,CHI-POSTFIRE-CHI1877-008,predecessor_or_rebuild_of,Temporary frame church on the same lot,ANDREAS_V3,high,true,"Construction began in summer 1876 and the church was dedicated January 6, 1877. Reported cost exceeded $45,000 and seating capacity was 800."
CHI-POSTFIRE-CHI1877-008-A07,CHI-POSTFIRE-CHI1877-008,postfire_code_context,The large brick church replaced a temporary frame edifice and conformed to the post-1874 citywide fire-limit regime.,ANDREAS_V3,high,true,"Construction began in summer 1876 and the church was dedicated January 6, 1877. Reported cost exceeded $45,000 and seating capacity was 800."
CHI-POSTFIRE-CHI1877-009-A01,CHI-POSTFIRE-CHI1877-009,canonical_name,J. K. Russell & Co. multi-tenant factory,ANDREAS_V3,medium,true,"Completed early in 1877 and occupied by five firms. Andreas reports about 300 workers in the whole building, including roughly 95 in Russell's factory and planing mill; the address of this specific building was not stated in the passage."
CHI-POSTFIRE-CHI1877-009-A02,CHI-POSTFIRE-CHI1877-009,year_completed,1877,ANDREAS_V3,medium,true,"Completed early in 1877 and occupied by five firms. Andreas reports about 300 workers in the whole building, including roughly 95 in Russell's factory and planing mill; the address of this specific building was not stated in the passage."
CHI-POSTFIRE-CHI1877-009-A03,CHI-POSTFIRE-CHI1877-009,structural_system,industrial factory construction,ANDREAS_V3,medium,true,"Completed early in 1877 and occupied by five firms. Andreas reports about 300 workers in the whole building, including roughly 95 in Russell's factory and planing mill; the address of this specific building was not stated in the passage."
CHI-POSTFIRE-CHI1877-009-A04,CHI-POSTFIRE-CHI1877-009,construction_or_event_type,new_industrial_construction,ANDREAS_V3,medium,true,"Completed early in 1877 and occupied by five firms. Andreas reports about 300 workers in the whole building, including roughly 95 in Russell's factory and planing mill; the address of this specific building was not stated in the passage."
CHI-POSTFIRE-CHI1877-009-A05,CHI-POSTFIRE-CHI1877-009,predecessor_or_rebuild_of,"Successive J. K. Russell mills destroyed by fires in 1852, 1856, 1860, 1868, and 1869; interim warehouse factory",ANDREAS_V3,medium,true,"Completed early in 1877 and occupied by five firms. Andreas reports about 300 workers in the whole building, including roughly 95 in Russell's factory and planing mill; the address of this specific building was not stated in the passage."
CHI-POSTFIRE-CHI1877-009-A06,CHI-POSTFIRE-CHI1877-009,postfire_code_context,Repeated mill fires made this a long-cycle industrial replacement rather than a direct 1871-fire reconstruction.,ANDREAS_V3,medium,true,"Completed early in 1877 and occupied by five firms. Andreas reports about 300 workers in the whole building, including roughly 95 in Russell's factory and planing mill; the address of this specific building was not stated in the passage."
CHI-POSTFIRE-CHI1877-010-A01,CHI-POSTFIRE-CHI1877-010,canonical_name,J. W. Reedy Elevator Manufacturing factory rebuild,ANDREAS_V3,high,true,"Factory burned October 14 and was rebuilt by December 1, 1877. Andreas's compressed business chronology does not supply dimensions or the architect."
CHI-POSTFIRE-CHI1877-010-A02,CHI-POSTFIRE-CHI1877-010,year_completed,1877,ANDREAS_V3,high,true,"Factory burned October 14 and was rebuilt by December 1, 1877. Andreas's compressed business chronology does not supply dimensions or the architect."
CHI-POSTFIRE-CHI1877-010-A03,CHI-POSTFIRE-CHI1877-010,address_historical,83-91 Illinois Street,ANDREAS_V3,high,true,"Factory burned October 14 and was rebuilt by December 1, 1877. Andreas's compressed business chronology does not supply dimensions or the architect."
CHI-POSTFIRE-CHI1877-010-A04,CHI-POSTFIRE-CHI1877-010,architect_or_builder,J. W. Reedy,ANDREAS_V3,high,true,"Factory burned October 14 and was rebuilt by December 1, 1877. Andreas's compressed business chronology does not supply dimensions or the architect."
CHI-POSTFIRE-CHI1877-010-A05,CHI-POSTFIRE-CHI1877-010,structural_system,brick masonry,ANDREAS_V3,high,true,"Factory burned October 14 and was rebuilt by December 1, 1877. Andreas's compressed business chronology does not supply dimensions or the architect."
CHI-POSTFIRE-CHI1877-010-A06,CHI-POSTFIRE-CHI1877-010,construction_or_event_type,rapid_reconstruction_after_fire,ANDREAS_V3,high,true,"Factory burned October 14 and was rebuilt by December 1, 1877. Andreas's compressed business chronology does not supply dimensions or the architect."
CHI-POSTFIRE-CHI1877-010-A07,CHI-POSTFIRE-CHI1877-010,predecessor_or_rebuild_of,"Reedy factory rebuilt after the 1871 fire and burned again October 14, 1877",ANDREAS_V3,high,true,"Factory burned October 14 and was rebuilt by December 1, 1877. Andreas's compressed business chronology does not supply dimensions or the architect."
CHI-POSTFIRE-CHI1877-010-A08,CHI-POSTFIRE-CHI1877-010,postfire_code_context,Rapid industrial reconstruction within the post-fire city; the predecessor was a large brick factory.,ANDREAS_V3,high,true,"Factory burned October 14 and was rebuilt by December 1, 1877. Andreas's compressed business chronology does not supply dimensions or the architect."
CHI-POSTFIRE-CHI1877-011-A01,CHI-POSTFIRE-CHI1877-011,canonical_name,St. Stanislaus Kostka Church construction,STSTANS_HISTORY,high,false,"Cornerstone laid July 1, 1877; completed in 1881. Parish account gives interior dimensions of 200 by 80 feet and seating for 1,500. Twin towers were completed in 1892; the south tower was destroyed by fire in 1964."
CHI-POSTFIRE-CHI1877-011-A02,CHI-POSTFIRE-CHI1877-011,year_completed,1881,STSTANS_HISTORY,high,false,"Cornerstone laid July 1, 1877; completed in 1881. Parish account gives interior dimensions of 200 by 80 feet and seating for 1,500. Twin towers were completed in 1892; the south tower was destroyed by fire in 1964."
CHI-POSTFIRE-CHI1877-011-A03,CHI-POSTFIRE-CHI1877-011,address_historical,Noble and Potomac Streets,STSTANS_HISTORY,high,false,"Cornerstone laid July 1, 1877; completed in 1881. Parish account gives interior dimensions of 200 by 80 feet and seating for 1,500. Twin towers were completed in 1892; the south tower was destroyed by fire in 1964."
CHI-POSTFIRE-CHI1877-011-A04,CHI-POSTFIRE-CHI1877-011,architect_or_builder,Patrick Charles Keely,STSTANS_HISTORY,high,false,"Cornerstone laid July 1, 1877; completed in 1881. Parish account gives interior dimensions of 200 by 80 feet and seating for 1,500. Twin towers were completed in 1892; the south tower was destroyed by fire in 1964."
CHI-POSTFIRE-CHI1877-011-A05,CHI-POSTFIRE-CHI1877-011,structural_system,yellow brick with limestone accents; Renaissance Revival,STSTANS_HISTORY,high,false,"Cornerstone laid July 1, 1877; completed in 1881. Parish account gives interior dimensions of 200 by 80 feet and seating for 1,500. Twin towers were completed in 1892; the south tower was destroyed by fire in 1964."
CHI-POSTFIRE-CHI1877-011-A06,CHI-POSTFIRE-CHI1877-011,construction_or_event_type,cornerstone_and_construction_start,STSTANS_HISTORY,high,false,"Cornerstone laid July 1, 1877; completed in 1881. Parish account gives interior dimensions of 200 by 80 feet and seating for 1,500. Twin towers were completed in 1892; the south tower was destroyed by fire in 1964."
CHI-POSTFIRE-CHI1877-011-A07,CHI-POSTFIRE-CHI1877-011,predecessor_or_rebuild_of,Wooden 1869 St. Stanislaus Kostka church,STSTANS_HISTORY,high,false,"Cornerstone laid July 1, 1877; completed in 1881. Parish account gives interior dimensions of 200 by 80 feet and seating for 1,500. Twin towers were completed in 1892; the south tower was destroyed by fire in 1964."
CHI-POSTFIRE-CHI1877-011-A08,CHI-POSTFIRE-CHI1877-011,postfire_code_context,Substantial masonry expansion followed explosive parish growth during Chicago's post-fire rebuilding era.,STSTANS_HISTORY,high,false,"Cornerstone laid July 1, 1877; completed in 1881. Parish account gives interior dimensions of 200 by 80 feet and seating for 1,500. Twin towers were completed in 1892; the south tower was destroyed by fire in 1964."
CHI-POSTFIRE-CHI1877-012-A01,CHI-POSTFIRE-CHI1877-012,canonical_name,St. Columbkille Church completion,POSTCARD_COLUMBKILLE,medium,true,"Secondary research says work begun about 1870/71 finally opened in 1877 without the planned towers and with interior decoration incomplete. A 1916 diocesan souvenir instead calls it erected in 1871, so the completion chronology requires direct newspaper verification."
CHI-POSTFIRE-CHI1877-012-A02,CHI-POSTFIRE-CHI1877-012,year_completed,1877,POSTCARD_COLUMBKILLE,medium,true,"Secondary research says work begun about 1870/71 finally opened in 1877 without the planned towers and with interior decoration incomplete. A 1916 diocesan souvenir instead calls it erected in 1871, so the completion chronology requires direct newspaper verification."
CHI-POSTFIRE-CHI1877-012-A03,CHI-POSTFIRE-CHI1877-012,address_historical,Grand Avenue and North Paulina Street,POSTCARD_COLUMBKILLE,medium,true,"Secondary research says work begun about 1870/71 finally opened in 1877 without the planned towers and with interior decoration incomplete. A 1916 diocesan souvenir instead calls it erected in 1871, so the completion chronology requires direct newspaper verification."
CHI-POSTFIRE-CHI1877-012-A04,CHI-POSTFIRE-CHI1877-012,architect_or_builder,Augustus Bauer and Robert Loebnitz,POSTCARD_COLUMBKILLE,medium,true,"Secondary research says work begun about 1870/71 finally opened in 1877 without the planned towers and with interior decoration incomplete. A 1916 diocesan souvenir instead calls it erected in 1871, so the completion chronology requires direct newspaper verification."
CHI-POSTFIRE-CHI1877-012-A05,CHI-POSTFIRE-CHI1877-012,structural_system,masonry church,POSTCARD_COLUMBKILLE,medium,true,"Secondary research says work begun about 1870/71 finally opened in 1877 without the planned towers and with interior decoration incomplete. A 1916 diocesan souvenir instead calls it erected in 1871, so the completion chronology requires direct newspaper verification."
CHI-POSTFIRE-CHI1877-012-A06,CHI-POSTFIRE-CHI1877-012,construction_or_event_type,completion_and_opening,POSTCARD_COLUMBKILLE,medium,true,"Secondary research says work begun about 1870/71 finally opened in 1877 without the planned towers and with interior decoration incomplete. A 1916 diocesan souvenir instead calls it erected in 1871, so the completion chronology requires direct newspaper verification."
CHI-POSTFIRE-CHI1877-012-A07,CHI-POSTFIRE-CHI1877-012,postfire_code_context,The long-delayed project spanned the 1871 rebuilding labor/material shock and the Panic of 1873; its masonry form fit the post-fire regime.,POSTCARD_COLUMBKILLE,medium,true,"Secondary research says work begun about 1870/71 finally opened in 1877 without the planned towers and with interior decoration incomplete. A 1916 diocesan souvenir instead calls it erected in 1871, so the completion chronology requires direct newspaper verification."
CHI-POSTFIRE-CHI1877-012-A08,CHI-POSTFIRE-CHI1877-012,year_demolished,1975,POSTCARD_COLUMBKILLE,medium,true,"Secondary research says work begun about 1870/71 finally opened in 1877 without the planned towers and with interior decoration incomplete. A 1916 diocesan souvenir instead calls it erected in 1871, so the completion chronology requires direct newspaper verification."
CHI-POSTFIRE-CHI1877-013-A01,CHI-POSTFIRE-CHI1877-013,canonical_name,Woman's Hospital Medical College first building,CHICAGOLOGY_CCH;DREXEL_WMHC;ENCYC_CHI_WMHC,medium,true,"An 1893 account says the first building was erected in 1877; Encyclopedia of Chicago says faculty financed purchase of a school building that year. Later building dimensions were 100 by 65 feet, but may include the 1889 addition. Kept as one review-flagged event pending deed and permit research."
CHI-POSTFIRE-CHI1877-013-A02,CHI-POSTFIRE-CHI1877-013,year_completed,1877,CHICAGOLOGY_CCH;DREXEL_WMHC;ENCYC_CHI_WMHC,medium,true,"An 1893 account says the first building was erected in 1877; Encyclopedia of Chicago says faculty financed purchase of a school building that year. Later building dimensions were 100 by 65 feet, but may include the 1889 addition. Kept as one review-flagged event pending deed and permit research."
CHI-POSTFIRE-CHI1877-013-A03,CHI-POSTFIRE-CHI1877-013,address_historical,Lincoln Street opposite Cook County Hospital,CHICAGOLOGY_CCH;DREXEL_WMHC;ENCYC_CHI_WMHC,medium,true,"An 1893 account says the first building was erected in 1877; Encyclopedia of Chicago says faculty financed purchase of a school building that year. Later building dimensions were 100 by 65 feet, but may include the 1889 addition. Kept as one review-flagged event pending deed and permit research."
CHI-POSTFIRE-CHI1877-013-A04,CHI-POSTFIRE-CHI1877-013,structural_system,masonry institutional building,CHICAGOLOGY_CCH;DREXEL_WMHC;ENCYC_CHI_WMHC,medium,true,"An 1893 account says the first building was erected in 1877; Encyclopedia of Chicago says faculty financed purchase of a school building that year. Later building dimensions were 100 by 65 feet, but may include the 1889 addition. Kept as one review-flagged event pending deed and permit research."
CHI-POSTFIRE-CHI1877-013-A05,CHI-POSTFIRE-CHI1877-013,construction_or_event_type,acquisition_or_new_construction,CHICAGOLOGY_CCH;DREXEL_WMHC;ENCYC_CHI_WMHC,medium,true,"An 1893 account says the first building was erected in 1877; Encyclopedia of Chicago says faculty financed purchase of a school building that year. Later building dimensions were 100 by 65 feet, but may include the 1889 addition. Kept as one review-flagged event pending deed and permit research."
CHI-POSTFIRE-CHI1877-013-A06,CHI-POSTFIRE-CHI1877-013,postfire_code_context,The purpose-built or acquired medical-school facility formed part of the post-fire institutional district around Cook County Hospital.,CHICAGOLOGY_CCH;DREXEL_WMHC;ENCYC_CHI_WMHC,medium,true,"An 1893 account says the first building was erected in 1877; Encyclopedia of Chicago says faculty financed purchase of a school building that year. Later building dimensions were 100 by 65 feet, but may include the 1889 addition. Kept as one review-flagged event pending deed and permit research."
CHI-POSTFIRE-CHI1877-014-A01,CHI-POSTFIRE-CHI1877-014,canonical_name,Chicago Historical Society temporary building,CHICAGOLOGY_CHS;CHS_1906,high,false,"Designed as a 40-by-70-foot 'temporary' building but intended as the rear of a future north wing. Contemporary estimate was about $7,000; the Society occupied it October 16, 1877 and removed it in 1892."
CHI-POSTFIRE-CHI1877-014-A02,CHI-POSTFIRE-CHI1877-014,year_completed,1877,CHICAGOLOGY_CHS;CHS_1906,high,false,"Designed as a 40-by-70-foot 'temporary' building but intended as the rear of a future north wing. Contemporary estimate was about $7,000; the Society occupied it October 16, 1877 and removed it in 1892."
CHI-POSTFIRE-CHI1877-014-A03,CHI-POSTFIRE-CHI1877-014,address_historical,Northwest corner of Ontario and Dearborn Streets,CHICAGOLOGY_CHS;CHS_1906,high,false,"Designed as a 40-by-70-foot 'temporary' building but intended as the rear of a future north wing. Contemporary estimate was about $7,000; the Society occupied it October 16, 1877 and removed it in 1892."
CHI-POSTFIRE-CHI1877-014-A04,CHI-POSTFIRE-CHI1877-014,architect_or_builder,F. M. Whitehouse with Burling & Adler; John McEwen (contractor),CHICAGOLOGY_CHS;CHS_1906,high,false,"Designed as a 40-by-70-foot 'temporary' building but intended as the rear of a future north wing. Contemporary estimate was about $7,000; the Society occupied it October 16, 1877 and removed it in 1892."
CHI-POSTFIRE-CHI1877-014-A05,CHI-POSTFIRE-CHI1877-014,structural_system,masonry institutional wing,CHICAGOLOGY_CHS;CHS_1906,high,false,"Designed as a 40-by-70-foot 'temporary' building but intended as the rear of a future north wing. Contemporary estimate was about $7,000; the Society occupied it October 16, 1877 and removed it in 1892."
CHI-POSTFIRE-CHI1877-014-A06,CHI-POSTFIRE-CHI1877-014,construction_or_event_type,temporary_building_and_future_wing_nucleus,CHICAGOLOGY_CHS;CHS_1906,high,false,"Designed as a 40-by-70-foot 'temporary' building but intended as the rear of a future north wing. Contemporary estimate was about $7,000; the Society occupied it October 16, 1877 and removed it in 1892."
CHI-POSTFIRE-CHI1877-014-A07,CHI-POSTFIRE-CHI1877-014,predecessor_or_rebuild_of,Chicago Historical Society building destroyed in the 1871 fire,CHICAGOLOGY_CHS;CHS_1906,high,false,"Designed as a 40-by-70-foot 'temporary' building but intended as the rear of a future north wing. Contemporary estimate was about $7,000; the Society occupied it October 16, 1877 and removed it in 1892."
CHI-POSTFIRE-CHI1877-014-A08,CHI-POSTFIRE-CHI1877-014,postfire_code_context,A deliberately fire-conscious institutional restart restored archival capacity after the Society's catastrophic 1871 collection and building loss.,CHICAGOLOGY_CHS;CHS_1906,high,false,"Designed as a 40-by-70-foot 'temporary' building but intended as the rear of a future north wing. Contemporary estimate was about $7,000; the Society occupied it October 16, 1877 and removed it in 1892."
CHI-POSTFIRE-CHI1877-014-A09,CHI-POSTFIRE-CHI1877-014,year_demolished,1892,CHICAGOLOGY_CHS;CHS_1906,high,false,"Designed as a 40-by-70-foot 'temporary' building but intended as the rear of a future north wing. Contemporary estimate was about $7,000; the Society occupied it October 16, 1877 and removed it in 1892."
CHI-POSTFIRE-CHI1877-015-A01,CHI-POSTFIRE-CHI1877-015,canonical_name,Atwater Building,CITY_LANDMARKS_DATA;CITY_HBA;CHICAGOLOGY_HBA,high,false,"Contemporary notices describe a five-story-and-basement, 40-by-155-foot, $30,000 store under construction in August-September 1877. Later facade, pediment, storefront, and finish alterations occurred; the building survives as the southern component of the landmark Haskell-Barker-Atwater group."
CHI-POSTFIRE-CHI1877-015-A02,CHI-POSTFIRE-CHI1877-015,year_completed,1877,CITY_LANDMARKS_DATA;CITY_HBA;CHICAGOLOGY_HBA,high,false,"Contemporary notices describe a five-story-and-basement, 40-by-155-foot, $30,000 store under construction in August-September 1877. Later facade, pediment, storefront, and finish alterations occurred; the building survives as the southern component of the landmark Haskell-Barker-Atwater group."
CHI-POSTFIRE-CHI1877-015-A03,CHI-POSTFIRE-CHI1877-015,address_historical,Wabash Avenue near Monroe Street,CITY_LANDMARKS_DATA;CITY_HBA;CHICAGOLOGY_HBA,high,false,"Contemporary notices describe a five-story-and-basement, 40-by-155-foot, $30,000 store under construction in August-September 1877. Later facade, pediment, storefront, and finish alterations occurred; the building survives as the southern component of the landmark Haskell-Barker-Atwater group."
CHI-POSTFIRE-CHI1877-015-A04,CHI-POSTFIRE-CHI1877-015,architect_or_builder,John M. Van Osdel,CITY_LANDMARKS_DATA;CITY_HBA;CHICAGOLOGY_HBA,high,false,"Contemporary notices describe a five-story-and-basement, 40-by-155-foot, $30,000 store under construction in August-September 1877. Later facade, pediment, storefront, and finish alterations occurred; the building survives as the southern component of the landmark Haskell-Barker-Atwater group."
CHI-POSTFIRE-CHI1877-015-A05,CHI-POSTFIRE-CHI1877-015,structural_system,Illinois stone with brick trim; Victorian Gothic and Italianate masonry,CITY_LANDMARKS_DATA;CITY_HBA;CHICAGOLOGY_HBA,high,false,"Contemporary notices describe a five-story-and-basement, 40-by-155-foot, $30,000 store under construction in August-September 1877. Later facade, pediment, storefront, and finish alterations occurred; the building survives as the southern component of the landmark Haskell-Barker-Atwater group."
CHI-POSTFIRE-CHI1877-015-A06,CHI-POSTFIRE-CHI1877-015,construction_or_event_type,new_commercial_construction,CITY_LANDMARKS_DATA;CITY_HBA;CHICAGOLOGY_HBA,high,false,"Contemporary notices describe a five-story-and-basement, 40-by-155-foot, $30,000 store under construction in August-September 1877. Later facade, pediment, storefront, and finish alterations occurred; the building survives as the southern component of the landmark Haskell-Barker-Atwater group."
CHI-POSTFIRE-CHI1877-015-A07,CHI-POSTFIRE-CHI1877-015,postfire_code_context,Substantial masonry commercial construction within the expanded post-fire limits.,CITY_LANDMARKS_DATA;CITY_HBA;CHICAGOLOGY_HBA,high,false,"Contemporary notices describe a five-story-and-basement, 40-by-155-foot, $30,000 store under construction in August-September 1877. Later facade, pediment, storefront, and finish alterations occurred; the building survives as the southern component of the landmark Haskell-Barker-Atwater group."
CHI-POSTFIRE-CHI1877-016-A01,CHI-POSTFIRE-CHI1877-016,canonical_name,Erie Street Row,CITY_LANDMARKS_DATA;PRES_CHI_ERIE,high,false,"Five attached rowhouses were built about 1877; the three eastern houses survive, the two western houses were demolished in 1960, and surviving units were converted to commercial use around 1920. Recorded as one grouped complex, not five invented individual identities."
CHI-POSTFIRE-CHI1877-016-A02,CHI-POSTFIRE-CHI1877-016,year_completed,1877,CITY_LANDMARKS_DATA;PRES_CHI_ERIE,high,false,"Five attached rowhouses were built about 1877; the three eastern houses survive, the two western houses were demolished in 1960, and surviving units were converted to commercial use around 1920. Recorded as one grouped complex, not five invented individual identities."
CHI-POSTFIRE-CHI1877-016-A03,CHI-POSTFIRE-CHI1877-016,address_historical,Erie Street row east of St. Clair Street,CITY_LANDMARKS_DATA;PRES_CHI_ERIE,high,false,"Five attached rowhouses were built about 1877; the three eastern houses survive, the two western houses were demolished in 1960, and surviving units were converted to commercial use around 1920. Recorded as one grouped complex, not five invented individual identities."
CHI-POSTFIRE-CHI1877-016-A04,CHI-POSTFIRE-CHI1877-016,structural_system,Joliet limestone masonry; Italianate,CITY_LANDMARKS_DATA;PRES_CHI_ERIE,high,false,"Five attached rowhouses were built about 1877; the three eastern houses survive, the two western houses were demolished in 1960, and surviving units were converted to commercial use around 1920. Recorded as one grouped complex, not five invented individual identities."
CHI-POSTFIRE-CHI1877-016-A05,CHI-POSTFIRE-CHI1877-016,construction_or_event_type,new_residential_group,CITY_LANDMARKS_DATA;PRES_CHI_ERIE,high,false,"Five attached rowhouses were built about 1877; the three eastern houses survive, the two western houses were demolished in 1960, and surviving units were converted to commercial use around 1920. Recorded as one grouped complex, not five invented individual identities."
CHI-POSTFIRE-CHI1877-016-A06,CHI-POSTFIRE-CHI1877-016,postfire_code_context,Masonry rowhouses reflect durable construction in the post-fire North Side.,CITY_LANDMARKS_DATA;PRES_CHI_ERIE,high,false,"Five attached rowhouses were built about 1877; the three eastern houses survive, the two western houses were demolished in 1960, and surviving units were converted to commercial use around 1920. Recorded as one grouped complex, not five invented individual identities."
CHI-POSTFIRE-CHI1877-017-A01,CHI-POSTFIRE-CHI1877-017,canonical_name,Perry H. Smith Mansion,CHICAGOLOGY_SMITH,medium,true,"A dinner was held in the new mansion November 8, 1877 and a major reception followed January 1, 1878. Later reporting gives $241,000 cost and 1877 completion; the building was demolished in 1918 for boulevard widening."
CHI-POSTFIRE-CHI1877-017-A02,CHI-POSTFIRE-CHI1877-017,year_completed,1877,CHICAGOLOGY_SMITH,medium,true,"A dinner was held in the new mansion November 8, 1877 and a major reception followed January 1, 1878. Later reporting gives $241,000 cost and 1877 completion; the building was demolished in 1918 for boulevard widening."
CHI-POSTFIRE-CHI1877-017-A03,CHI-POSTFIRE-CHI1877-017,address_historical,Northwest corner of Huron and Pine Streets,CHICAGOLOGY_SMITH,medium,true,"A dinner was held in the new mansion November 8, 1877 and a major reception followed January 1, 1878. Later reporting gives $241,000 cost and 1877 completion; the building was demolished in 1918 for boulevard widening."
CHI-POSTFIRE-CHI1877-017-A04,CHI-POSTFIRE-CHI1877-017,architect_or_builder,Cudell & Blumenthal,CHICAGOLOGY_SMITH,medium,true,"A dinner was held in the new mansion November 8, 1877 and a major reception followed January 1, 1878. Later reporting gives $241,000 cost and 1877 completion; the building was demolished in 1918 for boulevard widening."
CHI-POSTFIRE-CHI1877-017-A05,CHI-POSTFIRE-CHI1877-017,structural_system,ornate masonry mansion with conservatory and interior theater,CHICAGOLOGY_SMITH,medium,true,"A dinner was held in the new mansion November 8, 1877 and a major reception followed January 1, 1878. Later reporting gives $241,000 cost and 1877 completion; the building was demolished in 1918 for boulevard widening."
CHI-POSTFIRE-CHI1877-017-A06,CHI-POSTFIRE-CHI1877-017,construction_or_event_type,new_residential_construction,CHICAGOLOGY_SMITH,medium,true,"A dinner was held in the new mansion November 8, 1877 and a major reception followed January 1, 1878. Later reporting gives $241,000 cost and 1877 completion; the building was demolished in 1918 for boulevard widening."
CHI-POSTFIRE-CHI1877-017-A07,CHI-POSTFIRE-CHI1877-017,predecessor_or_rebuild_of,Perry H. Smith pre-fire Pine Street residence destroyed in 1871,CHICAGOLOGY_SMITH,medium,true,"A dinner was held in the new mansion November 8, 1877 and a major reception followed January 1, 1878. Later reporting gives $241,000 cost and 1877 completion; the building was demolished in 1918 for boulevard widening."
CHI-POSTFIRE-CHI1877-017-A08,CHI-POSTFIRE-CHI1877-017,postfire_code_context,A high-cost masonry mansion epitomized elite North Side reconstruction after the fire.,CHICAGOLOGY_SMITH,medium,true,"A dinner was held in the new mansion November 8, 1877 and a major reception followed January 1, 1878. Later reporting gives $241,000 cost and 1877 completion; the building was demolished in 1918 for boulevard widening."
CHI-POSTFIRE-CHI1877-017-A09,CHI-POSTFIRE-CHI1877-017,year_demolished,1918,CHICAGOLOGY_SMITH,medium,true,"A dinner was held in the new mansion November 8, 1877 and a major reception followed January 1, 1878. Later reporting gives $241,000 cost and 1877 completion; the building was demolished in 1918 for boulevard widening."
CHI-POSTFIRE-CHI1877-018-A01,CHI-POSTFIRE-CHI1877-018,canonical_name,Hotel Brunswick,CHICAGOLOGY_BRUNSWICK,medium,true,"Chicago Tribune described the hotel as just completed on November 11, 1877. The secondary compilation gives a 1877-1887 lifespan; architect and owner remain unresolved."
CHI-POSTFIRE-CHI1877-018-A02,CHI-POSTFIRE-CHI1877-018,year_completed,1877,CHICAGOLOGY_BRUNSWICK,medium,true,"Chicago Tribune described the hotel as just completed on November 11, 1877. The secondary compilation gives a 1877-1887 lifespan; architect and owner remain unresolved."
CHI-POSTFIRE-CHI1877-018-A03,CHI-POSTFIRE-CHI1877-018,address_historical,318-320 Wabash Avenue; northeast corner of Wabash Avenue and Congress Street,CHICAGOLOGY_BRUNSWICK,medium,true,"Chicago Tribune described the hotel as just completed on November 11, 1877. The secondary compilation gives a 1877-1887 lifespan; architect and owner remain unresolved."
CHI-POSTFIRE-CHI1877-018-A04,CHI-POSTFIRE-CHI1877-018,structural_system,pressed brick and stone masonry,CHICAGOLOGY_BRUNSWICK,medium,true,"Chicago Tribune described the hotel as just completed on November 11, 1877. The secondary compilation gives a 1877-1887 lifespan; architect and owner remain unresolved."
CHI-POSTFIRE-CHI1877-018-A05,CHI-POSTFIRE-CHI1877-018,construction_or_event_type,new_commercial_construction,CHICAGOLOGY_BRUNSWICK,medium,true,"Chicago Tribune described the hotel as just completed on November 11, 1877. The secondary compilation gives a 1877-1887 lifespan; architect and owner remain unresolved."
CHI-POSTFIRE-CHI1877-018-A06,CHI-POSTFIRE-CHI1877-018,postfire_code_context,Substantial masonry hotel construction within the post-fire commercial district.,CHICAGOLOGY_BRUNSWICK,medium,true,"Chicago Tribune described the hotel as just completed on November 11, 1877. The secondary compilation gives a 1877-1887 lifespan; architect and owner remain unresolved."
CHI-POSTFIRE-CHI1877-018-A07,CHI-POSTFIRE-CHI1877-018,year_demolished,1887,CHICAGOLOGY_BRUNSWICK,medium,true,"Chicago Tribune described the hotel as just completed on November 11, 1877. The secondary compilation gives a 1877-1887 lifespan; architect and owner remain unresolved."
CHI-POSTFIRE-CHI1877-019-A01,CHI-POSTFIRE-CHI1877-019,canonical_name,E. B. Williams Building construction,CHICAGOLOGY_HBA,medium,true,"Chicago Tribune reported work progressing rapidly on September 16, 1877. Completion, dimensions, architect, and exact corner remain unresolved; retained as a phase record rather than an assumed completion."
CHI-POSTFIRE-CHI1877-019-A02,CHI-POSTFIRE-CHI1877-019,address_historical,Corner of Wabash Avenue and Monroe Street,CHICAGOLOGY_HBA,medium,true,"Chicago Tribune reported work progressing rapidly on September 16, 1877. Completion, dimensions, architect, and exact corner remain unresolved; retained as a phase record rather than an assumed completion."
CHI-POSTFIRE-CHI1877-019-A03,CHI-POSTFIRE-CHI1877-019,structural_system,masonry commercial construction,CHICAGOLOGY_HBA,medium,true,"Chicago Tribune reported work progressing rapidly on September 16, 1877. Completion, dimensions, architect, and exact corner remain unresolved; retained as a phase record rather than an assumed completion."
CHI-POSTFIRE-CHI1877-019-A04,CHI-POSTFIRE-CHI1877-019,construction_or_event_type,documented_construction_phase,CHICAGOLOGY_HBA,medium,true,"Chicago Tribune reported work progressing rapidly on September 16, 1877. Completion, dimensions, architect, and exact corner remain unresolved; retained as a phase record rather than an assumed completion."
CHI-POSTFIRE-CHI1877-019-A05,CHI-POSTFIRE-CHI1877-019,postfire_code_context,Commercial masonry infill continued within the fire-limits district.,CHICAGOLOGY_HBA,medium,true,"Chicago Tribune reported work progressing rapidly on September 16, 1877. Completion, dimensions, architect, and exact corner remain unresolved; retained as a phase record rather than an assumed completion."
CHI-POSTFIRE-CHI1877-020-A01,CHI-POSTFIRE-CHI1877-020,canonical_name,Michael Burke Stores construction,CHICAGOLOGY_HBA,medium,true,"Two stores were reported nearly completed September 16, 1877. They remain grouped because the contemporary notice gives no separate names or addresses; no anonymous unit-level rows were fabricated."
CHI-POSTFIRE-CHI1877-020-A02,CHI-POSTFIRE-CHI1877-020,address_historical,Wabash Avenue between Monroe and Madison Streets,CHICAGOLOGY_HBA,medium,true,"Two stores were reported nearly completed September 16, 1877. They remain grouped because the contemporary notice gives no separate names or addresses; no anonymous unit-level rows were fabricated."
CHI-POSTFIRE-CHI1877-020-A03,CHI-POSTFIRE-CHI1877-020,structural_system,commercial masonry construction,CHICAGOLOGY_HBA,medium,true,"Two stores were reported nearly completed September 16, 1877. They remain grouped because the contemporary notice gives no separate names or addresses; no anonymous unit-level rows were fabricated."
CHI-POSTFIRE-CHI1877-020-A04,CHI-POSTFIRE-CHI1877-020,construction_or_event_type,near_completion_construction_phase,CHICAGOLOGY_HBA,medium,true,"Two stores were reported nearly completed September 16, 1877. They remain grouped because the contemporary notice gives no separate names or addresses; no anonymous unit-level rows were fabricated."
CHI-POSTFIRE-CHI1877-020-A05,CHI-POSTFIRE-CHI1877-020,postfire_code_context,Commercial masonry infill continued within the fire-limits district.,CHICAGOLOGY_HBA,medium,true,"Two stores were reported nearly completed September 16, 1877. They remain grouped because the contemporary notice gives no separate names or addresses; no anonymous unit-level rows were fabricated."
CHI-POSTFIRE-CHI1877-021-A01,CHI-POSTFIRE-CHI1877-021,canonical_name,Woman's Christian Association boarding house opening,ANDREAS_V3,low,true,"Boarding house opened May 22, 1877 for seamstresses, teachers, students, clerks, and compositors. Source does not state that a new building was erected or what alterations occurred, so this is explicitly an occupancy-only review record."
CHI-POSTFIRE-CHI1877-021-A02,CHI-POSTFIRE-CHI1877-021,address_historical,1514-1516 Wabash Avenue,ANDREAS_V3,low,true,"Boarding house opened May 22, 1877 for seamstresses, teachers, students, clerks, and compositors. Source does not state that a new building was erected or what alterations occurred, so this is explicitly an occupancy-only review record."
CHI-POSTFIRE-CHI1877-021-A03,CHI-POSTFIRE-CHI1877-021,construction_or_event_type,occupancy_only_or_conversion,ANDREAS_V3,low,true,"Boarding house opened May 22, 1877 for seamstresses, teachers, students, clerks, and compositors. Source does not state that a new building was erected or what alterations occurred, so this is explicitly an occupancy-only review record."
CHI-POSTFIRE-CHI1877-021-A04,CHI-POSTFIRE-CHI1877-021,postfire_code_context,No construction claim is made; the record captures institutional reuse/occupancy of urban building stock.,ANDREAS_V3,low,true,"Boarding house opened May 22, 1877 for seamstresses, teachers, students, clerks, and compositors. Source does not state that a new building was erected or what alterations occurred, so this is explicitly an occupancy-only review record."
CHI-POSTFIRE-CHI1877-022-A01,CHI-POSTFIRE-CHI1877-022,canonical_name,Interstate Exposition Building temporary Field & Leiter conversion,CHICAGOLOGY_EXPO,medium,true,"In little over a week, roughly two-thirds of the Exposition Building was partitioned and fitted with shelves and counters; Field & Leiter opened the temporary store November 27, 1877. This row records the conversion, not construction of the 1873 hall."
CHI-POSTFIRE-CHI1877-022-A02,CHI-POSTFIRE-CHI1877-022,year_completed,1877,CHICAGOLOGY_EXPO,medium,true,"In little over a week, roughly two-thirds of the Exposition Building was partitioned and fitted with shelves and counters; Field & Leiter opened the temporary store November 27, 1877. This row records the conversion, not construction of the 1873 hall."
CHI-POSTFIRE-CHI1877-022-A03,CHI-POSTFIRE-CHI1877-022,address_historical,Lakefront at the foot of Adams Street,CHICAGOLOGY_EXPO,medium,true,"In little over a week, roughly two-thirds of the Exposition Building was partitioned and fitted with shelves and counters; Field & Leiter opened the temporary store November 27, 1877. This row records the conversion, not construction of the 1873 hall."
CHI-POSTFIRE-CHI1877-022-A04,CHI-POSTFIRE-CHI1877-022,architect_or_builder,W. W. Boyington (original 1873 building); temporary fit-out contractor unknown,CHICAGOLOGY_EXPO,medium,true,"In little over a week, roughly two-thirds of the Exposition Building was partitioned and fitted with shelves and counters; Field & Leiter opened the temporary store November 27, 1877. This row records the conversion, not construction of the 1873 hall."
CHI-POSTFIRE-CHI1877-022-A05,CHI-POSTFIRE-CHI1877-022,structural_system,iron and glass exposition structure with temporary partitions counters and shelving,CHICAGOLOGY_EXPO,medium,true,"In little over a week, roughly two-thirds of the Exposition Building was partitioned and fitted with shelves and counters; Field & Leiter opened the temporary store November 27, 1877. This row records the conversion, not construction of the 1873 hall."
CHI-POSTFIRE-CHI1877-022-A06,CHI-POSTFIRE-CHI1877-022,construction_or_event_type,temporary_retail_conversion,CHICAGOLOGY_EXPO,medium,true,"In little over a week, roughly two-thirds of the Exposition Building was partitioned and fitted with shelves and counters; Field & Leiter opened the temporary store November 27, 1877. This row records the conversion, not construction of the 1873 hall."
CHI-POSTFIRE-CHI1877-022-A07,CHI-POSTFIRE-CHI1877-022,predecessor_or_rebuild_of,"Interstate Exposition Building of 1873; temporary relocation after Singer Building fire of Nov. 14, 1877",CHICAGOLOGY_EXPO,medium,true,"In little over a week, roughly two-thirds of the Exposition Building was partitioned and fitted with shelves and counters; Field & Leiter opened the temporary store November 27, 1877. This row records the conversion, not construction of the 1873 hall."
CHI-POSTFIRE-CHI1877-022-A08,CHI-POSTFIRE-CHI1877-022,postfire_code_context,Adaptive reuse provided rapid business continuity after a major post-fire-era commercial building fire.,CHICAGOLOGY_EXPO,medium,true,"In little over a week, roughly two-thirds of the Exposition Building was partitioned and fitted with shelves and counters; Field & Leiter opened the temporary store November 27, 1877. This row records the conversion, not construction of the 1873 hall."
CHI-POSTFIRE-CHI1877-022-A09,CHI-POSTFIRE-CHI1877-022,year_demolished,1892,CHICAGOLOGY_EXPO,medium,true,"In little over a week, roughly two-thirds of the Exposition Building was partitioned and fitted with shelves and counters; Field & Leiter opened the temporary store November 27, 1877. This row records the conversion, not construction of the 1873 hall."
CHI-POSTFIRE-CHI1877-023-A01,CHI-POSTFIRE-CHI1877-023,canonical_name,West Side Water Works engine commissioning,CHICAGOLOGY_WATER,high,false,"Engines entered operation November 6, 1876; formal specification tests in January 1877 measured 16,160,470 and 15,571,970 gallons per 24 hours and duties above 96 million foot-pounds. Included for the distinct 1877 commissioning/acceptance event, not as a 1877 building completion."
CHI-POSTFIRE-CHI1877-023-A02,CHI-POSTFIRE-CHI1877-023,year_completed,1876,CHICAGOLOGY_WATER,high,false,"Engines entered operation November 6, 1876; formal specification tests in January 1877 measured 16,160,470 and 15,571,970 gallons per 24 hours and duties above 96 million foot-pounds. Included for the distinct 1877 commissioning/acceptance event, not as a 1877 building completion."
CHI-POSTFIRE-CHI1877-023-A03,CHI-POSTFIRE-CHI1877-023,address_historical,Twenty-second Street and Ashland Avenue,CHICAGOLOGY_WATER,high,false,"Engines entered operation November 6, 1876; formal specification tests in January 1877 measured 16,160,470 and 15,571,970 gallons per 24 hours and duties above 96 million foot-pounds. Included for the distinct 1877 commissioning/acceptance event, not as a 1877 building completion."
CHI-POSTFIRE-CHI1877-023-A04,CHI-POSTFIRE-CHI1877-023,architect_or_builder,Quintard Iron Works (engines); City public works designers,CHICAGOLOGY_WATER,high,false,"Engines entered operation November 6, 1876; formal specification tests in January 1877 measured 16,160,470 and 15,571,970 gallons per 24 hours and duties above 96 million foot-pounds. Included for the distinct 1877 commissioning/acceptance event, not as a 1877 building completion."
CHI-POSTFIRE-CHI1877-023-A05,CHI-POSTFIRE-CHI1877-023,structural_system,brick pumping station with stone trim; two compound condensing beam engines,CHICAGOLOGY_WATER,high,false,"Engines entered operation November 6, 1876; formal specification tests in January 1877 measured 16,160,470 and 15,571,970 gallons per 24 hours and duties above 96 million foot-pounds. Included for the distinct 1877 commissioning/acceptance event, not as a 1877 building completion."
CHI-POSTFIRE-CHI1877-023-A06,CHI-POSTFIRE-CHI1877-023,construction_or_event_type,infrastructure_commissioning_test,CHICAGOLOGY_WATER,high,false,"Engines entered operation November 6, 1876; formal specification tests in January 1877 measured 16,160,470 and 15,571,970 gallons per 24 hours and duties above 96 million foot-pounds. Included for the distinct 1877 commissioning/acceptance event, not as a 1877 building completion."
CHI-POSTFIRE-CHI1877-023-A07,CHI-POSTFIRE-CHI1877-023,postfire_code_context,Expanded pumping capacity was a central post-fire public-health and fire-protection investment.,CHICAGOLOGY_WATER,high,false,"Engines entered operation November 6, 1876; formal specification tests in January 1877 measured 16,160,470 and 15,571,970 gallons per 24 hours and duties above 96 million foot-pounds. Included for the distinct 1877 commissioning/acceptance event, not as a 1877 building completion."
CHI-POSTFIRE-CHI1877-024-A01,CHI-POSTFIRE-CHI1877-024,canonical_name,Chicago fire-alarm telegraph expansion,ANDREAS_V3,high,false,"In 1877 the city installed 174 street boxes, connected talking lines to almost all engine houses, added 28 automatic registers, installed door/gas control equipment, built 125 miles of aerial wire including 50 new miles, and moved wires off rooftops onto 2,358 poles."
CHI-POSTFIRE-CHI1877-024-A02,CHI-POSTFIRE-CHI1877-024,year_completed,1877,ANDREAS_V3,high,false,"In 1877 the city installed 174 street boxes, connected talking lines to almost all engine houses, added 28 automatic registers, installed door/gas control equipment, built 125 miles of aerial wire including 50 new miles, and moved wires off rooftops onto 2,358 poles."
CHI-POSTFIRE-CHI1877-024-A03,CHI-POSTFIRE-CHI1877-024,address_historical,citywide Chicago fire-alarm network,ANDREAS_V3,high,false,"In 1877 the city installed 174 street boxes, connected talking lines to almost all engine houses, added 28 automatic registers, installed door/gas control equipment, built 125 miles of aerial wire including 50 new miles, and moved wires off rooftops onto 2,358 poles."
CHI-POSTFIRE-CHI1877-024-A04,CHI-POSTFIRE-CHI1877-024,architect_or_builder,J. P. Barrett (superintendent); municipal fire-alarm staff,ANDREAS_V3,high,false,"In 1877 the city installed 174 street boxes, connected talking lines to almost all engine houses, added 28 automatic registers, installed door/gas control equipment, built 125 miles of aerial wire including 50 new miles, and moved wires off rooftops onto 2,358 poles."
CHI-POSTFIRE-CHI1877-024-A05,CHI-POSTFIRE-CHI1877-024,structural_system,174 street boxes; 125 miles aerial wire; 2358 telegraph poles; engine-house control apparatus,ANDREAS_V3,high,false,"In 1877 the city installed 174 street boxes, connected talking lines to almost all engine houses, added 28 automatic registers, installed door/gas control equipment, built 125 miles of aerial wire including 50 new miles, and moved wires off rooftops onto 2,358 poles."
CHI-POSTFIRE-CHI1877-024-A06,CHI-POSTFIRE-CHI1877-024,construction_or_event_type,citywide_infrastructure_expansion,ANDREAS_V3,high,false,"In 1877 the city installed 174 street boxes, connected talking lines to almost all engine houses, added 28 automatic registers, installed door/gas control equipment, built 125 miles of aerial wire including 50 new miles, and moved wires off rooftops onto 2,358 poles."
CHI-POSTFIRE-CHI1877-024-A07,CHI-POSTFIRE-CHI1877-024,postfire_code_context,"Directly responsive to the city's post-fire emphasis on detection, communication, and coordinated suppression.",ANDREAS_V3,high,false,"In 1877 the city installed 174 street boxes, connected talking lines to almost all engine houses, added 28 automatic registers, installed door/gas control equipment, built 125 miles of aerial wire including 50 new miles, and moved wires off rooftops onto 2,358 poles."
CHI-POSTFIRE-CHI1877-025-A01,CHI-POSTFIRE-CHI1877-025,canonical_name,First regular underground fire-alarm cable,ANDREAS_V3,high,false,"Laid in October 1877 and described by Andreas as Chicago's first regular underground cable, distinct from cables in water tunnels or mains."
CHI-POSTFIRE-CHI1877-025-A02,CHI-POSTFIRE-CHI1877-025,year_completed,1877,ANDREAS_V3,high,false,"Laid in October 1877 and described by Andreas as Chicago's first regular underground cable, distinct from cables in water tunnels or mains."
CHI-POSTFIRE-CHI1877-025-A03,CHI-POSTFIRE-CHI1877-025,address_historical,Cass Street between Superior and Erie Streets,ANDREAS_V3,high,false,"Laid in October 1877 and described by Andreas as Chicago's first regular underground cable, distinct from cables in water tunnels or mains."
CHI-POSTFIRE-CHI1877-025-A04,CHI-POSTFIRE-CHI1877-025,architect_or_builder,Day & Co. of New York (Kerite cable),ANDREAS_V3,high,false,"Laid in October 1877 and described by Andreas as Chicago's first regular underground cable, distinct from cables in water tunnels or mains."
CHI-POSTFIRE-CHI1877-025-A05,CHI-POSTFIRE-CHI1877-025,structural_system,two 1955-foot No. 16 copper conductors in one-inch iron pipe with tar insulation,ANDREAS_V3,high,false,"Laid in October 1877 and described by Andreas as Chicago's first regular underground cable, distinct from cables in water tunnels or mains."
CHI-POSTFIRE-CHI1877-025-A06,CHI-POSTFIRE-CHI1877-025,construction_or_event_type,new_underground_infrastructure,ANDREAS_V3,high,false,"Laid in October 1877 and described by Andreas as Chicago's first regular underground cable, distinct from cables in water tunnels or mains."
CHI-POSTFIRE-CHI1877-025-A07,CHI-POSTFIRE-CHI1877-025,postfire_code_context,The underground cable was a fire-resilience and communications experiment within the rebuilt North Side.,ANDREAS_V3,high,false,"Laid in October 1877 and described by Andreas as Chicago's first regular underground cable, distinct from cables in water tunnels or mains."
CHI-POSTFIRE-CHI1877-026-A01,CHI-POSTFIRE-CHI1877-026,canonical_name,United States Government Building cut-stone phase,ANDREAS_V3;CHICAGOLOGY_GOVT,medium,true,Andreas states John Angus had charge of setting cut-stone work beginning in 1877; the OCR-obscured ending year is unresolved. The building was occupied by 1879 and completed in 1880; recorded here only as a distinct 1877 phase.
CHI-POSTFIRE-CHI1877-026-A02,CHI-POSTFIRE-CHI1877-026,year_completed,1880,ANDREAS_V3;CHICAGOLOGY_GOVT,medium,true,Andreas states John Angus had charge of setting cut-stone work beginning in 1877; the OCR-obscured ending year is unresolved. The building was occupied by 1879 and completed in 1880; recorded here only as a distinct 1877 phase.
CHI-POSTFIRE-CHI1877-026-A03,CHI-POSTFIRE-CHI1877-026,address_historical,"Block bounded by Adams, Clark, Jackson, and Dearborn Streets",ANDREAS_V3;CHICAGOLOGY_GOVT,medium,true,Andreas states John Angus had charge of setting cut-stone work beginning in 1877; the OCR-obscured ending year is unresolved. The building was occupied by 1879 and completed in 1880; recorded here only as a distinct 1877 phase.
CHI-POSTFIRE-CHI1877-026-A04,CHI-POSTFIRE-CHI1877-026,architect_or_builder,Alfred B. Mullett; James G. Gill; Edward J. Burling (construction supervision); John Angus (stone setting),ANDREAS_V3;CHICAGOLOGY_GOVT,medium,true,Andreas states John Angus had charge of setting cut-stone work beginning in 1877; the OCR-obscured ending year is unresolved. The building was occupied by 1879 and completed in 1880; recorded here only as a distinct 1877 phase.
CHI-POSTFIRE-CHI1877-026-A05,CHI-POSTFIRE-CHI1877-026,structural_system,fireproof iron and stone masonry,ANDREAS_V3;CHICAGOLOGY_GOVT,medium,true,Andreas states John Angus had charge of setting cut-stone work beginning in 1877; the OCR-obscured ending year is unresolved. The building was occupied by 1879 and completed in 1880; recorded here only as a distinct 1877 phase.
CHI-POSTFIRE-CHI1877-026-A06,CHI-POSTFIRE-CHI1877-026,construction_or_event_type,cut_stone_construction_phase,ANDREAS_V3;CHICAGOLOGY_GOVT,medium,true,Andreas states John Angus had charge of setting cut-stone work beginning in 1877; the OCR-obscured ending year is unresolved. The building was occupied by 1879 and completed in 1880; recorded here only as a distinct 1877 phase.
CHI-POSTFIRE-CHI1877-026-A07,CHI-POSTFIRE-CHI1877-026,predecessor_or_rebuild_of,Federal custom house and post office destroyed in the 1871 fire,ANDREAS_V3;CHICAGOLOGY_GOVT,medium,true,Andreas states John Angus had charge of setting cut-stone work beginning in 1877; the OCR-obscured ending year is unresolved. The building was occupied by 1879 and completed in 1880; recorded here only as a distinct 1877 phase.
CHI-POSTFIRE-CHI1877-026-A08,CHI-POSTFIRE-CHI1877-026,postfire_code_context,The monumental fireproof federal replacement was a direct institutional response to the 1871 destruction.,ANDREAS_V3;CHICAGOLOGY_GOVT,medium,true,Andreas states John Angus had charge of setting cut-stone work beginning in 1877; the OCR-obscured ending year is unresolved. The building was occupied by 1879 and completed in 1880; recorded here only as a distinct 1877 phase.
CHI-POSTFIRE-CHI1877-026-A09,CHI-POSTFIRE-CHI1877-026,year_demolished,1896,ANDREAS_V3;CHICAGOLOGY_GOVT,medium,true,Andreas states John Angus had charge of setting cut-stone work beginning in 1877; the OCR-obscured ending year is unresolved. The building was occupied by 1879 and completed in 1880; recorded here only as a distinct 1877 phase.
CHI-POSTFIRE-CHI1878-001-A01,CHI-POSTFIRE-CHI1878-001,canonical_name,St. Joseph's Catholic Church,ANDREAS_V3;ICSJ_PARISH_HISTORY,high,false,"Cornerstone laid in October 1876; dedicated October 6, 1878; reported cost about $40,000."
CHI-POSTFIRE-CHI1878-001-A02,CHI-POSTFIRE-CHI1878-001,year_completed,1878,ANDREAS_V3;ICSJ_PARISH_HISTORY,high,false,"Cornerstone laid in October 1876; dedicated October 6, 1878; reported cost about $40,000."
CHI-POSTFIRE-CHI1878-001-A03,CHI-POSTFIRE-CHI1878-001,address_historical,Northeast corner of Market and Hill Streets,ANDREAS_V3;ICSJ_PARISH_HISTORY,high,false,"Cornerstone laid in October 1876; dedicated October 6, 1878; reported cost about $40,000."
CHI-POSTFIRE-CHI1878-001-A04,CHI-POSTFIRE-CHI1878-001,structural_system,brick masonry,ANDREAS_V3;ICSJ_PARISH_HISTORY,high,false,"Cornerstone laid in October 1876; dedicated October 6, 1878; reported cost about $40,000."
CHI-POSTFIRE-CHI1878-001-A05,CHI-POSTFIRE-CHI1878-001,construction_or_event_type,completion_and_dedication,ANDREAS_V3;ICSJ_PARISH_HISTORY,high,false,"Cornerstone laid in October 1876; dedicated October 6, 1878; reported cost about $40,000."
CHI-POSTFIRE-CHI1878-001-A06,CHI-POSTFIRE-CHI1878-001,predecessor_or_rebuild_of,Temporary post-fire frame St. Joseph's church; pre-fire church destroyed in 1871,ANDREAS_V3;ICSJ_PARISH_HISTORY,high,false,"Cornerstone laid in October 1876; dedicated October 6, 1878; reported cost about $40,000."
CHI-POSTFIRE-CHI1878-001-A07,CHI-POSTFIRE-CHI1878-001,postfire_code_context,Permanent brick rebuilding followed the parish's temporary post-fire frame structure.,ANDREAS_V3;ICSJ_PARISH_HISTORY,high,false,"Cornerstone laid in October 1876; dedicated October 6, 1878; reported cost about $40,000."
CHI-POSTFIRE-CHI1878-002-A01,CHI-POSTFIRE-CHI1878-002,canonical_name,North Avenue Bridge,ANDREAS_V3,high,false,"Begun August 28, 1877 and completed in January 1878; 150 feet long, with 17-foot roadway, 4-foot sidewalk, 29-foot overall width, and $7,149 cost."
CHI-POSTFIRE-CHI1878-002-A02,CHI-POSTFIRE-CHI1878-002,year_completed,1878,ANDREAS_V3,high,false,"Begun August 28, 1877 and completed in January 1878; 150 feet long, with 17-foot roadway, 4-foot sidewalk, 29-foot overall width, and $7,149 cost."
CHI-POSTFIRE-CHI1878-002-A03,CHI-POSTFIRE-CHI1878-002,address_historical,North Avenue crossing of the Chicago River,ANDREAS_V3,high,false,"Begun August 28, 1877 and completed in January 1878; 150 feet long, with 17-foot roadway, 4-foot sidewalk, 29-foot overall width, and $7,149 cost."
CHI-POSTFIRE-CHI1878-002-A04,CHI-POSTFIRE-CHI1878-002,architect_or_builder,"Conro, Starke & Co.",ANDREAS_V3,high,false,"Begun August 28, 1877 and completed in January 1878; 150 feet long, with 17-foot roadway, 4-foot sidewalk, 29-foot overall width, and $7,149 cost."
CHI-POSTFIRE-CHI1878-002-A05,CHI-POSTFIRE-CHI1878-002,structural_system,combination swing bridge and turntable,ANDREAS_V3,high,false,"Begun August 28, 1877 and completed in January 1878; 150 feet long, with 17-foot roadway, 4-foot sidewalk, 29-foot overall width, and $7,149 cost."
CHI-POSTFIRE-CHI1878-002-A06,CHI-POSTFIRE-CHI1878-002,construction_or_event_type,completion,ANDREAS_V3,high,false,"Begun August 28, 1877 and completed in January 1878; 150 feet long, with 17-foot roadway, 4-foot sidewalk, 29-foot overall width, and $7,149 cost."
CHI-POSTFIRE-CHI1878-002-A07,CHI-POSTFIRE-CHI1878-002,predecessor_or_rebuild_of,Earlier crossing at North Avenue,ANDREAS_V3,high,false,"Begun August 28, 1877 and completed in January 1878; 150 feet long, with 17-foot roadway, 4-foot sidewalk, 29-foot overall width, and $7,149 cost."
CHI-POSTFIRE-CHI1878-002-A08,CHI-POSTFIRE-CHI1878-002,postfire_code_context,Municipal movable-bridge construction supported the rebuilt city's river traffic and street network.,ANDREAS_V3,high,false,"Begun August 28, 1877 and completed in January 1878; 150 feet long, with 17-foot roadway, 4-foot sidewalk, 29-foot overall width, and $7,149 cost."
CHI-POSTFIRE-CHI1878-003-A01,CHI-POSTFIRE-CHI1878-003,canonical_name,Fullerton Avenue Pivot Bridge,ANDREAS_V3,high,true,"Contract awarded October 1, 1877; completed January 19, 1878; 125 feet long, 17.4-foot roadway, 20 feet overall. Andreas says Chicago's two-thirds cost was $2,970.50, wording that merits scan verification."
CHI-POSTFIRE-CHI1878-003-A02,CHI-POSTFIRE-CHI1878-003,year_completed,1878,ANDREAS_V3,high,true,"Contract awarded October 1, 1877; completed January 19, 1878; 125 feet long, 17.4-foot roadway, 20 feet overall. Andreas says Chicago's two-thirds cost was $2,970.50, wording that merits scan verification."
CHI-POSTFIRE-CHI1878-003-A03,CHI-POSTFIRE-CHI1878-003,address_historical,Fullerton Avenue at the north city limits; joint City of Chicago-Town of Lake View crossing,ANDREAS_V3,high,true,"Contract awarded October 1, 1877; completed January 19, 1878; 125 feet long, 17.4-foot roadway, 20 feet overall. Andreas says Chicago's two-thirds cost was $2,970.50, wording that merits scan verification."
CHI-POSTFIRE-CHI1878-003-A04,CHI-POSTFIRE-CHI1878-003,architect_or_builder,J. W. Sawin & Co.,ANDREAS_V3,high,true,"Contract awarded October 1, 1877; completed January 19, 1878; 125 feet long, 17.4-foot roadway, 20 feet overall. Andreas says Chicago's two-thirds cost was $2,970.50, wording that merits scan verification."
CHI-POSTFIRE-CHI1878-003-A05,CHI-POSTFIRE-CHI1878-003,structural_system,pivot bridge,ANDREAS_V3,high,true,"Contract awarded October 1, 1877; completed January 19, 1878; 125 feet long, 17.4-foot roadway, 20 feet overall. Andreas says Chicago's two-thirds cost was $2,970.50, wording that merits scan verification."
CHI-POSTFIRE-CHI1878-003-A06,CHI-POSTFIRE-CHI1878-003,construction_or_event_type,completion,ANDREAS_V3,high,true,"Contract awarded October 1, 1877; completed January 19, 1878; 125 feet long, 17.4-foot roadway, 20 feet overall. Andreas says Chicago's two-thirds cost was $2,970.50, wording that merits scan verification."
CHI-POSTFIRE-CHI1878-003-A07,CHI-POSTFIRE-CHI1878-003,postfire_code_context,Joint-jurisdiction infrastructure extended the street network at Chicago's northern boundary.,ANDREAS_V3,high,true,"Contract awarded October 1, 1877; completed January 19, 1878; 125 feet long, 17.4-foot roadway, 20 feet overall. Andreas says Chicago's two-thirds cost was $2,970.50, wording that merits scan verification."
CHI-POSTFIRE-CHI1878-004-A01,CHI-POSTFIRE-CHI1878-004,canonical_name,Eighteenth Street Viaduct,ANDREAS_V3,medium,true,"Work began August 1 or 3, 1878; completed December 18, 1878; put in operation February 7, 1879. Andreas contains conflicting total and substructure costs ($20,409.16/$15,215.16 versus $17,196.56/$10,403.43); the wrought-iron superstructure is separately stated as $11,194."
CHI-POSTFIRE-CHI1878-004-A02,CHI-POSTFIRE-CHI1878-004,year_completed,1878,ANDREAS_V3,medium,true,"Work began August 1 or 3, 1878; completed December 18, 1878; put in operation February 7, 1879. Andreas contains conflicting total and substructure costs ($20,409.16/$15,215.16 versus $17,196.56/$10,403.43); the wrought-iron superstructure is separately stated as $11,194."
CHI-POSTFIRE-CHI1878-004-A03,CHI-POSTFIRE-CHI1878-004,address_historical,"Eighteenth Street at Lumber Street over the Pittsburgh, Fort Wayne & Chicago and Chicago, Alton & St. Louis railway tracks",ANDREAS_V3,medium,true,"Work began August 1 or 3, 1878; completed December 18, 1878; put in operation February 7, 1879. Andreas contains conflicting total and substructure costs ($20,409.16/$15,215.16 versus $17,196.56/$10,403.43); the wrought-iron superstructure is separately stated as $11,194."
CHI-POSTFIRE-CHI1878-004-A04,CHI-POSTFIRE-CHI1878-004,architect_or_builder,Keystone Bridge Company (superstructure); James Clowry (substructure),ANDREAS_V3,medium,true,"Work began August 1 or 3, 1878; completed December 18, 1878; put in operation February 7, 1879. Andreas contains conflicting total and substructure costs ($20,409.16/$15,215.16 versus $17,196.56/$10,403.43); the wrought-iron superstructure is separately stated as $11,194."
CHI-POSTFIRE-CHI1878-004-A05,CHI-POSTFIRE-CHI1878-004,structural_system,wrought-iron superstructure with two truss-girder spans,ANDREAS_V3,medium,true,"Work began August 1 or 3, 1878; completed December 18, 1878; put in operation February 7, 1879. Andreas contains conflicting total and substructure costs ($20,409.16/$15,215.16 versus $17,196.56/$10,403.43); the wrought-iron superstructure is separately stated as $11,194."
CHI-POSTFIRE-CHI1878-004-A06,CHI-POSTFIRE-CHI1878-004,construction_or_event_type,new_infrastructure_construction,ANDREAS_V3,medium,true,"Work began August 1 or 3, 1878; completed December 18, 1878; put in operation February 7, 1879. Andreas contains conflicting total and substructure costs ($20,409.16/$15,215.16 versus $17,196.56/$10,403.43); the wrought-iron superstructure is separately stated as $11,194."
CHI-POSTFIRE-CHI1878-004-A07,CHI-POSTFIRE-CHI1878-004,postfire_code_context,A permanent iron viaduct reduced street-rail conflicts in the rapidly rebuilding industrial city.,ANDREAS_V3,medium,true,"Work began August 1 or 3, 1878; completed December 18, 1878; put in operation February 7, 1879. Andreas contains conflicting total and substructure costs ($20,409.16/$15,215.16 versus $17,196.56/$10,403.43); the wrought-iron superstructure is separately stated as $11,194."
CHI-POSTFIRE-CHI1878-005-A01,CHI-POSTFIRE-CHI1878-005,canonical_name,Lincoln Park Permanent Breakwater,ANDREAS_V3;MAP_1878_EDSALL,high,true,Andreas states construction commenced in 1878 using the Netherlands plan. Completion date and surviving fabric require park-commission annual reports and georeferencing.
CHI-POSTFIRE-CHI1878-005-A02,CHI-POSTFIRE-CHI1878-005,address_historical,Lake Michigan shore at Lincoln Park,ANDREAS_V3;MAP_1878_EDSALL,high,true,Andreas states construction commenced in 1878 using the Netherlands plan. Completion date and surviving fabric require park-commission annual reports and georeferencing.
CHI-POSTFIRE-CHI1878-005-A03,CHI-POSTFIRE-CHI1878-005,structural_system,Netherlands-plan brush mattresses laid in three to five feet of water,ANDREAS_V3;MAP_1878_EDSALL,high,true,Andreas states construction commenced in 1878 using the Netherlands plan. Completion date and surviving fabric require park-commission annual reports and georeferencing.
CHI-POSTFIRE-CHI1878-005-A04,CHI-POSTFIRE-CHI1878-005,construction_or_event_type,construction_start_and_phase,ANDREAS_V3;MAP_1878_EDSALL,high,true,Andreas states construction commenced in 1878 using the Netherlands plan. Completion date and surviving fabric require park-commission annual reports and georeferencing.
CHI-POSTFIRE-CHI1878-005-A05,CHI-POSTFIRE-CHI1878-005,postfire_code_context,Permanent engineered shore protection replaced temporary expedients and shaped the lakefront land edge.,ANDREAS_V3;MAP_1878_EDSALL,high,true,Andreas states construction commenced in 1878 using the Netherlands plan. Completion date and surviving fabric require park-commission annual reports and georeferencing.
CHI-POSTFIRE-CHI1878-006-A01,CHI-POSTFIRE-CHI1878-006,canonical_name,Chicago City Hall and Cook County Court House construction phase,ANDREAS_V3,high,false,"On April 17, 1878 the city awarded contracts of $477,693 for cut stone, $90,519 for masonry, and $105,302 for iron work. The joint complex was not ready for occupancy until January-February 1885."
CHI-POSTFIRE-CHI1878-006-A02,CHI-POSTFIRE-CHI1878-006,year_completed,1885,ANDREAS_V3,high,false,"On April 17, 1878 the city awarded contracts of $477,693 for cut stone, $90,519 for masonry, and $105,302 for iron work. The joint complex was not ready for occupancy until January-February 1885."
CHI-POSTFIRE-CHI1878-006-A03,CHI-POSTFIRE-CHI1878-006,address_historical,"Original Court House Square; block bounded by Clark, Randolph, LaSalle, and Washington Streets",ANDREAS_V3,high,false,"On April 17, 1878 the city awarded contracts of $477,693 for cut stone, $90,519 for masonry, and $105,302 for iron work. The joint complex was not ready for occupancy until January-February 1885."
CHI-POSTFIRE-CHI1878-006-A04,CHI-POSTFIRE-CHI1878-006,architect_or_builder,J. J. Egan (uniform exterior); L. D. Cleveland (city interior and construction supervision); Thomlinson & Reed (cut stone); John Angus (masonry); J. P. Sexton (iron),ANDREAS_V3,high,false,"On April 17, 1878 the city awarded contracts of $477,693 for cut stone, $90,519 for masonry, and $105,302 for iron work. The joint complex was not ready for occupancy until January-February 1885."
CHI-POSTFIRE-CHI1878-006-A05,CHI-POSTFIRE-CHI1878-006,structural_system,"stone, brick, granite, and iron civic complex",ANDREAS_V3,high,false,"On April 17, 1878 the city awarded contracts of $477,693 for cut stone, $90,519 for masonry, and $105,302 for iron work. The joint complex was not ready for occupancy until January-February 1885."
CHI-POSTFIRE-CHI1878-006-A06,CHI-POSTFIRE-CHI1878-006,construction_or_event_type,superstructure_contract_and_construction_phase,ANDREAS_V3,high,false,"On April 17, 1878 the city awarded contracts of $477,693 for cut stone, $90,519 for masonry, and $105,302 for iron work. The joint complex was not ready for occupancy until January-February 1885."
CHI-POSTFIRE-CHI1878-006-A07,CHI-POSTFIRE-CHI1878-006,predecessor_or_rebuild_of,Court House and City Hall destroyed in 1871; temporary Rookery City Hall occupied 1872-1885,ANDREAS_V3,high,false,"On April 17, 1878 the city awarded contracts of $477,693 for cut stone, $90,519 for masonry, and $105,302 for iron work. The joint complex was not ready for occupancy until January-February 1885."
CHI-POSTFIRE-CHI1878-006-A08,CHI-POSTFIRE-CHI1878-006,postfire_code_context,Permanent monumental masonry and iron construction on the original civic square embodied long-term post-fire institutional rebuilding.,ANDREAS_V3,high,false,"On April 17, 1878 the city awarded contracts of $477,693 for cut stone, $90,519 for masonry, and $105,302 for iron work. The joint complex was not ready for occupancy until January-February 1885."
CHI-POSTFIRE-CHI1878-007-A01,CHI-POSTFIRE-CHI1878-007,canonical_name,U.S. Government Building and Post Office construction phase,CONGRESSIONAL_RECORD_1878;CHICAGOLOGY_GOVT,high,false,"The June 10, 1878 Congressional Record documents active work, a $300,000 bill appropriation plus $100,000 deficiency funding, and a proposed acceleration toward 1879 occupancy. The post office occupied part of the basement in April 1879; the entire building was completed about 1880."
CHI-POSTFIRE-CHI1878-007-A02,CHI-POSTFIRE-CHI1878-007,year_completed,1880,CONGRESSIONAL_RECORD_1878;CHICAGOLOGY_GOVT,high,false,"The June 10, 1878 Congressional Record documents active work, a $300,000 bill appropriation plus $100,000 deficiency funding, and a proposed acceleration toward 1879 occupancy. The post office occupied part of the basement in April 1879; the entire building was completed about 1880."
CHI-POSTFIRE-CHI1878-007-A03,CHI-POSTFIRE-CHI1878-007,address_historical,"Block bounded by Adams, Clark, Jackson, and Dearborn Streets",CONGRESSIONAL_RECORD_1878;CHICAGOLOGY_GOVT,high,false,"The June 10, 1878 Congressional Record documents active work, a $300,000 bill appropriation plus $100,000 deficiency funding, and a proposed acceleration toward 1879 occupancy. The post office occupied part of the basement in April 1879; the entire building was completed about 1880."
CHI-POSTFIRE-CHI1878-007-A04,CHI-POSTFIRE-CHI1878-007,architect_or_builder,Alfred B. Mullett (original design); U.S. Treasury Supervising Architect's Office,CONGRESSIONAL_RECORD_1878;CHICAGOLOGY_GOVT,high,false,"The June 10, 1878 Congressional Record documents active work, a $300,000 bill appropriation plus $100,000 deficiency funding, and a proposed acceleration toward 1879 occupancy. The post office occupied part of the basement in April 1879; the entire building was completed about 1880."
CHI-POSTFIRE-CHI1878-007-A05,CHI-POSTFIRE-CHI1878-007,structural_system,"fireproof stone, iron, and brick",CONGRESSIONAL_RECORD_1878;CHICAGOLOGY_GOVT,high,false,"The June 10, 1878 Congressional Record documents active work, a $300,000 bill appropriation plus $100,000 deficiency funding, and a proposed acceleration toward 1879 occupancy. The post office occupied part of the basement in April 1879; the entire building was completed about 1880."
CHI-POSTFIRE-CHI1878-007-A06,CHI-POSTFIRE-CHI1878-007,construction_or_event_type,appropriation_and_active_construction_phase,CONGRESSIONAL_RECORD_1878;CHICAGOLOGY_GOVT,high,false,"The June 10, 1878 Congressional Record documents active work, a $300,000 bill appropriation plus $100,000 deficiency funding, and a proposed acceleration toward 1879 occupancy. The post office occupied part of the basement in April 1879; the entire building was completed about 1880."
CHI-POSTFIRE-CHI1878-007-A07,CHI-POSTFIRE-CHI1878-007,predecessor_or_rebuild_of,Federal post office and custom house destroyed in the Great Chicago Fire,CONGRESSIONAL_RECORD_1878;CHICAGOLOGY_GOVT,high,false,"The June 10, 1878 Congressional Record documents active work, a $300,000 bill appropriation plus $100,000 deficiency funding, and a proposed acceleration toward 1879 occupancy. The post office occupied part of the basement in April 1879; the entire building was completed about 1880."
CHI-POSTFIRE-CHI1878-007-A08,CHI-POSTFIRE-CHI1878-007,postfire_code_context,Explicitly fireproof federal construction replaced dispersed rented quarters described in 1878 as vulnerable to fire.,CONGRESSIONAL_RECORD_1878;CHICAGOLOGY_GOVT,high,false,"The June 10, 1878 Congressional Record documents active work, a $300,000 bill appropriation plus $100,000 deficiency funding, and a proposed acceleration toward 1879 occupancy. The post office occupied part of the basement in April 1879; the entire building was completed about 1880."
CHI-POSTFIRE-CHI1878-007-A09,CHI-POSTFIRE-CHI1878-007,year_demolished,1896,CONGRESSIONAL_RECORD_1878;CHICAGOLOGY_GOVT,high,false,"The June 10, 1878 Congressional Record documents active work, a $300,000 bill appropriation plus $100,000 deficiency funding, and a proposed acceleration toward 1879 occupancy. The post office occupied part of the basement in April 1879; the entire building was completed about 1880."
CHI-POSTFIRE-CHI1878-008-A01,CHI-POSTFIRE-CHI1878-008,canonical_name,First Regiment Illinois National Guard Armory I,CHICAGOLOGY_ARMORY;ANDREAS_V3,high,true,"Contemporary report said completion was expected September 1, perhaps ten days later. Reported construction cost was $22,000 against an $18,000 limit, plus about $1,400 for the rear boiler and engine room."
CHI-POSTFIRE-CHI1878-008-A02,CHI-POSTFIRE-CHI1878-008,year_completed,1878,CHICAGOLOGY_ARMORY;ANDREAS_V3,high,true,"Contemporary report said completion was expected September 1, perhaps ten days later. Reported construction cost was $22,000 against an $18,000 limit, plus about $1,400 for the rear boiler and engine room."
CHI-POSTFIRE-CHI1878-008-A03,CHI-POSTFIRE-CHI1878-008,address_historical,Jackson Street between Michigan and Wabash Avenues; later 22-26 Jackson Street,CHICAGOLOGY_ARMORY;ANDREAS_V3,high,true,"Contemporary report said completion was expected September 1, perhaps ten days later. Reported construction cost was $22,000 against an $18,000 limit, plus about $1,400 for the rear boiler and engine room."
CHI-POSTFIRE-CHI1878-008-A04,CHI-POSTFIRE-CHI1878-008,architect_or_builder,Wheelock & Clay,CHICAGOLOGY_ARMORY;ANDREAS_V3,high,true,"Contemporary report said completion was expected September 1, perhaps ten days later. Reported construction cost was $22,000 against an $18,000 limit, plus about $1,400 for the rear boiler and engine room."
CHI-POSTFIRE-CHI1878-008-A05,CHI-POSTFIRE-CHI1878-008,structural_system,rough-stone Gothic front; iron posts; timber roof; double floors with mortar sound-deadening,CHICAGOLOGY_ARMORY;ANDREAS_V3,high,true,"Contemporary report said completion was expected September 1, perhaps ten days later. Reported construction cost was $22,000 against an $18,000 limit, plus about $1,400 for the rear boiler and engine room."
CHI-POSTFIRE-CHI1878-008-A06,CHI-POSTFIRE-CHI1878-008,construction_or_event_type,new_construction,CHICAGOLOGY_ARMORY;ANDREAS_V3,high,true,"Contemporary report said completion was expected September 1, perhaps ten days later. Reported construction cost was $22,000 against an $18,000 limit, plus about $1,400 for the rear boiler and engine room."
CHI-POSTFIRE-CHI1878-008-A07,CHI-POSTFIRE-CHI1878-008,postfire_code_context,Purpose-built masonry and iron institutional construction reflected permanent civic investment after the 1877 labor riots.,CHICAGOLOGY_ARMORY;ANDREAS_V3,high,true,"Contemporary report said completion was expected September 1, perhaps ten days later. Reported construction cost was $22,000 against an $18,000 limit, plus about $1,400 for the rear boiler and engine room."
CHI-POSTFIRE-CHI1878-008-A08,CHI-POSTFIRE-CHI1878-008,year_demolished,1890,CHICAGOLOGY_ARMORY;ANDREAS_V3,high,true,"Contemporary report said completion was expected September 1, perhaps ten days later. Reported construction cost was $22,000 against an $18,000 limit, plus about $1,400 for the rear boiler and engine room."
CHI-POSTFIRE-CHI1878-009-A01,CHI-POSTFIRE-CHI1878-009,canonical_name,Academy of Music II,CHICAGOLOGY_ACADEMY,medium,true,"Work was planned to begin in early May; the 75-by-120-foot, approximately $50,000 theater opened September 16, 1878. It burned October 12, 1880."
CHI-POSTFIRE-CHI1878-009-A02,CHI-POSTFIRE-CHI1878-009,year_completed,1878,CHICAGOLOGY_ACADEMY,medium,true,"Work was planned to begin in early May; the 75-by-120-foot, approximately $50,000 theater opened September 16, 1878. It burned October 12, 1880."
CHI-POSTFIRE-CHI1878-009-A03,CHI-POSTFIRE-CHI1878-009,address_historical,"83 S. Halsted Street, near Madison Street",CHICAGOLOGY_ACADEMY,medium,true,"Work was planned to begin in early May; the 75-by-120-foot, approximately $50,000 theater opened September 16, 1878. It burned October 12, 1880."
CHI-POSTFIRE-CHI1878-009-A04,CHI-POSTFIRE-CHI1878-009,architect_or_builder,Oscar Cobb,CHICAGOLOGY_ACADEMY,medium,true,"Work was planned to begin in early May; the 75-by-120-foot, approximately $50,000 theater opened September 16, 1878. It burned October 12, 1880."
CHI-POSTFIRE-CHI1878-009-A05,CHI-POSTFIRE-CHI1878-009,structural_system,brick side and rear walls; cut-stone three-story front,CHICAGOLOGY_ACADEMY,medium,true,"Work was planned to begin in early May; the 75-by-120-foot, approximately $50,000 theater opened September 16, 1878. It burned October 12, 1880."
CHI-POSTFIRE-CHI1878-009-A06,CHI-POSTFIRE-CHI1878-009,construction_or_event_type,reconstruction,CHICAGOLOGY_ACADEMY,medium,true,"Work was planned to begin in early May; the 75-by-120-foot, approximately $50,000 theater opened September 16, 1878. It burned October 12, 1880."
CHI-POSTFIRE-CHI1878-009-A07,CHI-POSTFIRE-CHI1878-009,predecessor_or_rebuild_of,"Academy of Music I, destroyed by fire February 4-5, 1878",CHICAGOLOGY_ACADEMY,medium,true,"Work was planned to begin in early May; the 75-by-120-foot, approximately $50,000 theater opened September 16, 1878. It burned October 12, 1880."
CHI-POSTFIRE-CHI1878-009-A08,CHI-POSTFIRE-CHI1878-009,postfire_code_context,A rapid but substantially enlarged masonry reconstruction followed a theater fire within the post-fire city.,CHICAGOLOGY_ACADEMY,medium,true,"Work was planned to begin in early May; the 75-by-120-foot, approximately $50,000 theater opened September 16, 1878. It burned October 12, 1880."
CHI-POSTFIRE-CHI1878-009-A09,CHI-POSTFIRE-CHI1878-009,year_demolished,1880,CHICAGOLOGY_ACADEMY,medium,true,"Work was planned to begin in early May; the 75-by-120-foot, approximately $50,000 theater opened September 16, 1878. It burned October 12, 1880."
CHI-POSTFIRE-CHI1878-010-A01,CHI-POSTFIRE-CHI1878-010,canonical_name,Chicago Athenaeum and Retail Block,ANDREAS_V3;ARCHDICT_THOMAS,high,false,Erected for the Athenaeum's special accommodation; the institution moved in during spring 1878. Andreas gives a 90-by-80-foot plan and a two-story-height gymnasium occupying the upper floors; contemporary project citations place design/construction in 1877.
CHI-POSTFIRE-CHI1878-010-A02,CHI-POSTFIRE-CHI1878-010,year_completed,1878,ANDREAS_V3;ARCHDICT_THOMAS,high,false,Erected for the Athenaeum's special accommodation; the institution moved in during spring 1878. Andreas gives a 90-by-80-foot plan and a two-story-height gymnasium occupying the upper floors; contemporary project citations place design/construction in 1877.
CHI-POSTFIRE-CHI1878-010-A03,CHI-POSTFIRE-CHI1878-010,address_historical,48-54 Dearborn Street,ANDREAS_V3;ARCHDICT_THOMAS,high,false,Erected for the Athenaeum's special accommodation; the institution moved in during spring 1878. Andreas gives a 90-by-80-foot plan and a two-story-height gymnasium occupying the upper floors; contemporary project citations place design/construction in 1877.
CHI-POSTFIRE-CHI1878-010-A04,CHI-POSTFIRE-CHI1878-010,architect_or_builder,Cyrus P. Thomas,ANDREAS_V3;ARCHDICT_THOMAS,high,false,Erected for the Athenaeum's special accommodation; the institution moved in during spring 1878. Andreas gives a 90-by-80-foot plan and a two-story-height gymnasium occupying the upper floors; contemporary project citations place design/construction in 1877.
CHI-POSTFIRE-CHI1878-010-A05,CHI-POSTFIRE-CHI1878-010,structural_system,pressed brick with brownstone facings and trim,ANDREAS_V3;ARCHDICT_THOMAS,high,false,Erected for the Athenaeum's special accommodation; the institution moved in during spring 1878. Andreas gives a 90-by-80-foot plan and a two-story-height gymnasium occupying the upper floors; contemporary project citations place design/construction in 1877.
CHI-POSTFIRE-CHI1878-010-A06,CHI-POSTFIRE-CHI1878-010,construction_or_event_type,completion_and_occupancy,ANDREAS_V3;ARCHDICT_THOMAS,high,false,Erected for the Athenaeum's special accommodation; the institution moved in during spring 1878. Andreas gives a 90-by-80-foot plan and a two-story-height gymnasium occupying the upper floors; contemporary project citations place design/construction in 1877.
CHI-POSTFIRE-CHI1878-010-A07,CHI-POSTFIRE-CHI1878-010,postfire_code_context,A purpose-built masonry educational and commercial block marked permanent cultural reconstruction.,ANDREAS_V3;ARCHDICT_THOMAS,high,false,Erected for the Athenaeum's special accommodation; the institution moved in during spring 1878. Andreas gives a 90-by-80-foot plan and a two-story-height gymnasium occupying the upper floors; contemporary project citations place design/construction in 1877.
CHI-POSTFIRE-CHI1878-011-A01,CHI-POSTFIRE-CHI1878-011,canonical_name,Chicago Fire Patrol Headquarters at 176 Monroe Street,ANDREAS_V3,high,false,"Captain Bullwinkle's company formally opened and occupied the headquarters February 16, 1878. Andreas distinguishes Leiter's building work from the patrol members' interior finishing."
CHI-POSTFIRE-CHI1878-011-A02,CHI-POSTFIRE-CHI1878-011,year_completed,1878,ANDREAS_V3,high,false,"Captain Bullwinkle's company formally opened and occupied the headquarters February 16, 1878. Andreas distinguishes Leiter's building work from the patrol members' interior finishing."
CHI-POSTFIRE-CHI1878-011-A03,CHI-POSTFIRE-CHI1878-011,address_historical,176 Monroe Street,ANDREAS_V3,high,false,"Captain Bullwinkle's company formally opened and occupied the headquarters February 16, 1878. Andreas distinguishes Leiter's building work from the patrol members' interior finishing."
CHI-POSTFIRE-CHI1878-011-A04,CHI-POSTFIRE-CHI1878-011,architect_or_builder,L. Z. Leiter (building erection); Chicago Fire Patrol members (interior finishing and arrangements),ANDREAS_V3,high,false,"Captain Bullwinkle's company formally opened and occupied the headquarters February 16, 1878. Andreas distinguishes Leiter's building work from the patrol members' interior finishing."
CHI-POSTFIRE-CHI1878-011-A05,CHI-POSTFIRE-CHI1878-011,structural_system,masonry building; detailed material not stated,ANDREAS_V3,high,false,"Captain Bullwinkle's company formally opened and occupied the headquarters February 16, 1878. Andreas distinguishes Leiter's building work from the patrol members' interior finishing."
CHI-POSTFIRE-CHI1878-011-A06,CHI-POSTFIRE-CHI1878-011,construction_or_event_type,completion_and_specialized_fitout,ANDREAS_V3,high,false,"Captain Bullwinkle's company formally opened and occupied the headquarters February 16, 1878. Andreas distinguishes Leiter's building work from the patrol members' interior finishing."
CHI-POSTFIRE-CHI1878-011-A07,CHI-POSTFIRE-CHI1878-011,postfire_code_context,A permanent fire-salvage headquarters was a direct institutional response to Chicago's repeated conflagrations.,ANDREAS_V3,high,false,"Captain Bullwinkle's company formally opened and occupied the headquarters February 16, 1878. Andreas distinguishes Leiter's building work from the patrol members' interior finishing."
CHI-POSTFIRE-CHI1878-012-A01,CHI-POSTFIRE-CHI1878-012,canonical_name,Servite Sisters' Industrial Home Convent,ANDREAS_V3,high,true,The sisters established their home in May 1878; construction on a 300-foot-square site began in 1878 and Vicar-General McMullen laid the cornerstone. Andreas still described the convent as unfinished in 1886; adjoining buildings were two and three stories.
CHI-POSTFIRE-CHI1878-012-A02,CHI-POSTFIRE-CHI1878-012,address_historical,Corner of West Van Buren Street and Albany Avenue,ANDREAS_V3,high,true,The sisters established their home in May 1878; construction on a 300-foot-square site began in 1878 and Vicar-General McMullen laid the cornerstone. Andreas still described the convent as unfinished in 1886; adjoining buildings were two and three stories.
CHI-POSTFIRE-CHI1878-012-A03,CHI-POSTFIRE-CHI1878-012,structural_system,brick and stone; iron entrance stairways,ANDREAS_V3,high,true,The sisters established their home in May 1878; construction on a 300-foot-square site began in 1878 and Vicar-General McMullen laid the cornerstone. Andreas still described the convent as unfinished in 1886; adjoining buildings were two and three stories.
CHI-POSTFIRE-CHI1878-012-A04,CHI-POSTFIRE-CHI1878-012,construction_or_event_type,construction_start_cornerstone,ANDREAS_V3,high,true,The sisters established their home in May 1878; construction on a 300-foot-square site began in 1878 and Vicar-General McMullen laid the cornerstone. Andreas still described the convent as unfinished in 1886; adjoining buildings were two and three stories.
CHI-POSTFIRE-CHI1878-012-A05,CHI-POSTFIRE-CHI1878-012,postfire_code_context,Substantial masonry institutional construction replaced the order's initial rented quarters at 1266 W. Van Buren.,ANDREAS_V3,high,true,The sisters established their home in May 1878; construction on a 300-foot-square site began in 1878 and Vicar-General McMullen laid the cornerstone. Andreas still described the convent as unfinished in 1886; adjoining buildings were two and three stories.
CHI-POSTFIRE-CHI1878-013-A01,CHI-POSTFIRE-CHI1878-013,canonical_name,House of the Good Shepherd North Wing,ANDREAS_V3;ENCYC_CHI_GOOD_SHEPHERD,medium,true,"A summer 1878 bazaar and benefits produced net receipts of $8,695, applied to erecting the north wing. The source does not state an exact completion date, so the annual placement records a materially documented construction expenditure/phase."
CHI-POSTFIRE-CHI1878-013-A02,CHI-POSTFIRE-CHI1878-013,address_historical,Corner of North Market and Hill Streets,ANDREAS_V3;ENCYC_CHI_GOOD_SHEPHERD,medium,true,"A summer 1878 bazaar and benefits produced net receipts of $8,695, applied to erecting the north wing. The source does not state an exact completion date, so the annual placement records a materially documented construction expenditure/phase."
CHI-POSTFIRE-CHI1878-013-A03,CHI-POSTFIRE-CHI1878-013,structural_system,masonry wing; exact material not stated,ANDREAS_V3;ENCYC_CHI_GOOD_SHEPHERD,medium,true,"A summer 1878 bazaar and benefits produced net receipts of $8,695, applied to erecting the north wing. The source does not state an exact completion date, so the annual placement records a materially documented construction expenditure/phase."
CHI-POSTFIRE-CHI1878-013-A04,CHI-POSTFIRE-CHI1878-013,construction_or_event_type,addition,ANDREAS_V3;ENCYC_CHI_GOOD_SHEPHERD,medium,true,"A summer 1878 bazaar and benefits produced net receipts of $8,695, applied to erecting the north wing. The source does not state an exact completion date, so the annual placement records a materially documented construction expenditure/phase."
CHI-POSTFIRE-CHI1878-013-A05,CHI-POSTFIRE-CHI1878-013,predecessor_or_rebuild_of,House of the Good Shepherd post-fire building erected 1872,ANDREAS_V3;ENCYC_CHI_GOOD_SHEPHERD,medium,true,"A summer 1878 bazaar and benefits produced net receipts of $8,695, applied to erecting the north wing. The source does not state an exact completion date, so the annual placement records a materially documented construction expenditure/phase."
CHI-POSTFIRE-CHI1878-013-A06,CHI-POSTFIRE-CHI1878-013,postfire_code_context,A permanent institutional addition enlarged the rebuilt post-fire complex.,ANDREAS_V3;ENCYC_CHI_GOOD_SHEPHERD,medium,true,"A summer 1878 bazaar and benefits produced net receipts of $8,695, applied to erecting the north wing. The source does not state an exact completion date, so the annual placement records a materially documented construction expenditure/phase."
CHI-POSTFIRE-CHI1878-014-A01,CHI-POSTFIRE-CHI1878-014,canonical_name,Church of the Immaculate Conception Priest's Residence,ANDREAS_V3,high,true,"Andreas gives two conflicting costs—about $7,000 in the parish narrative and about $5,000 in Rev. P. T. Butler's biography. Precise historic street address remains unresolved."
CHI-POSTFIRE-CHI1878-014-A02,CHI-POSTFIRE-CHI1878-014,year_completed,1878,ANDREAS_V3,high,true,"Andreas gives two conflicting costs—about $7,000 in the parish narrative and about $5,000 in Rev. P. T. Butler's biography. Precise historic street address remains unresolved."
CHI-POSTFIRE-CHI1878-014-A03,CHI-POSTFIRE-CHI1878-014,address_historical,Immediately south of the Church of the Immaculate Conception on the Near North Side,ANDREAS_V3,high,true,"Andreas gives two conflicting costs—about $7,000 in the parish narrative and about $5,000 in Rev. P. T. Butler's biography. Precise historic street address remains unresolved."
CHI-POSTFIRE-CHI1878-014-A04,CHI-POSTFIRE-CHI1878-014,structural_system,likely brick masonry; exact material not stated,ANDREAS_V3,high,true,"Andreas gives two conflicting costs—about $7,000 in the parish narrative and about $5,000 in Rev. P. T. Butler's biography. Precise historic street address remains unresolved."
CHI-POSTFIRE-CHI1878-014-A05,CHI-POSTFIRE-CHI1878-014,construction_or_event_type,new_construction,ANDREAS_V3,high,true,"Andreas gives two conflicting costs—about $7,000 in the parish narrative and about $5,000 in Rev. P. T. Butler's biography. Precise historic street address remains unresolved."
CHI-POSTFIRE-CHI1878-014-A06,CHI-POSTFIRE-CHI1878-014,postfire_code_context,Parish residential construction supplemented the brick church rebuilt in 1874 around the surviving pre-fire basement.,ANDREAS_V3,high,true,"Andreas gives two conflicting costs—about $7,000 in the parish narrative and about $5,000 in Rev. P. T. Butler's biography. Precise historic street address remains unresolved."
CHI-POSTFIRE-CHI1878-015-A01,CHI-POSTFIRE-CHI1878-015,canonical_name,Third Presbyterian Church on Ashland Avenue,ANDREAS_V3,high,true,"The new Ashland Avenue edifice was occupied in May 1878 and seated 1,900. It burned October 10, 1884 and was rebuilt materially on the old plan for reopening May 24, 1885."
CHI-POSTFIRE-CHI1878-015-A02,CHI-POSTFIRE-CHI1878-015,year_completed,1878,ANDREAS_V3,high,true,"The new Ashland Avenue edifice was occupied in May 1878 and seated 1,900. It burned October 10, 1884 and was rebuilt materially on the old plan for reopening May 24, 1885."
CHI-POSTFIRE-CHI1878-015-A03,CHI-POSTFIRE-CHI1878-015,address_historical,Ashland Avenue at or near Ogden Avenue,ANDREAS_V3,high,true,"The new Ashland Avenue edifice was occupied in May 1878 and seated 1,900. It burned October 10, 1884 and was rebuilt materially on the old plan for reopening May 24, 1885."
CHI-POSTFIRE-CHI1878-015-A04,CHI-POSTFIRE-CHI1878-015,structural_system,masonry; exact material not stated,ANDREAS_V3,high,true,"The new Ashland Avenue edifice was occupied in May 1878 and seated 1,900. It burned October 10, 1884 and was rebuilt materially on the old plan for reopening May 24, 1885."
CHI-POSTFIRE-CHI1878-015-A05,CHI-POSTFIRE-CHI1878-015,construction_or_event_type,completion_and_occupancy,ANDREAS_V3,high,true,"The new Ashland Avenue edifice was occupied in May 1878 and seated 1,900. It burned October 10, 1884 and was rebuilt materially on the old plan for reopening May 24, 1885."
CHI-POSTFIRE-CHI1878-015-A06,CHI-POSTFIRE-CHI1878-015,predecessor_or_rebuild_of,"Third Presbyterian Church at Washington and Carpenter Streets, sold in 1877",ANDREAS_V3,high,true,"The new Ashland Avenue edifice was occupied in May 1878 and seated 1,900. It burned October 10, 1884 and was rebuilt materially on the old plan for reopening May 24, 1885."
CHI-POSTFIRE-CHI1878-015-A07,CHI-POSTFIRE-CHI1878-015,postfire_code_context,A large permanent West Side church replaced the congregation's earlier property after post-fire neighborhood movement.,ANDREAS_V3,high,true,"The new Ashland Avenue edifice was occupied in May 1878 and seated 1,900. It burned October 10, 1884 and was rebuilt materially on the old plan for reopening May 24, 1885."
CHI-POSTFIRE-CHI1878-015-A08,CHI-POSTFIRE-CHI1878-015,year_demolished,1884,ANDREAS_V3,high,true,"The new Ashland Avenue edifice was occupied in May 1878 and seated 1,900. It burned October 10, 1884 and was rebuilt materially on the old plan for reopening May 24, 1885."
CHI-POSTFIRE-CHI1878-016-A01,CHI-POSTFIRE-CHI1878-016,canonical_name,Misses Grant's Seminary for Young Ladies,NPS_WASHINGTON_SQUARE;ANDREAS_V3,high,false,"The National Register nomination identifies the 1878 contributing building and describes its massive corner form, turret, gable, dormers, and contrasting masonry. Andreas notes that the school moved into its new building in November 1878."
CHI-POSTFIRE-CHI1878-016-A02,CHI-POSTFIRE-CHI1878-016,year_completed,1878,NPS_WASHINGTON_SQUARE;ANDREAS_V3,high,false,"The National Register nomination identifies the 1878 contributing building and describes its massive corner form, turret, gable, dormers, and contrasting masonry. Andreas notes that the school moved into its new building in November 1878."
CHI-POSTFIRE-CHI1878-016-A03,CHI-POSTFIRE-CHI1878-016,address_historical,839 N. Dearborn Street / 27-31 W. Chestnut Street,NPS_WASHINGTON_SQUARE;ANDREAS_V3,high,false,"The National Register nomination identifies the 1878 contributing building and describes its massive corner form, turret, gable, dormers, and contrasting masonry. Andreas notes that the school moved into its new building in November 1878."
CHI-POSTFIRE-CHI1878-016-A04,CHI-POSTFIRE-CHI1878-016,architect_or_builder,Frederick H. Waescher,NPS_WASHINGTON_SQUARE;ANDREAS_V3,high,false,"The National Register nomination identifies the 1878 contributing building and describes its massive corner form, turret, gable, dormers, and contrasting masonry. Andreas notes that the school moved into its new building in November 1878."
CHI-POSTFIRE-CHI1878-016-A05,CHI-POSTFIRE-CHI1878-016,structural_system,red brick with gray limestone trim and brown ashlar ground level,NPS_WASHINGTON_SQUARE;ANDREAS_V3,high,false,"The National Register nomination identifies the 1878 contributing building and describes its massive corner form, turret, gable, dormers, and contrasting masonry. Andreas notes that the school moved into its new building in November 1878."
CHI-POSTFIRE-CHI1878-016-A06,CHI-POSTFIRE-CHI1878-016,construction_or_event_type,new_construction,NPS_WASHINGTON_SQUARE;ANDREAS_V3,high,false,"The National Register nomination identifies the 1878 contributing building and describes its massive corner form, turret, gable, dormers, and contrasting masonry. Andreas notes that the school moved into its new building in November 1878."
CHI-POSTFIRE-CHI1878-016-A07,CHI-POSTFIRE-CHI1878-016,postfire_code_context,A substantial masonry educational building represented permanent Near North Side rebuilding.,NPS_WASHINGTON_SQUARE;ANDREAS_V3,high,false,"The National Register nomination identifies the 1878 contributing building and describes its massive corner form, turret, gable, dormers, and contrasting masonry. Andreas notes that the school moved into its new building in November 1878."
CHI-POSTFIRE-CHI1878-017-A01,CHI-POSTFIRE-CHI1878-017,canonical_name,Newberry Rowhouses,NPS_WASHINGTON_SQUARE,high,true,"The National Register nomination records four 1878 contributing rowhouses. Unit-level owners, exact completion dates, and later alterations need deed and permit research."
CHI-POSTFIRE-CHI1878-017-A02,CHI-POSTFIRE-CHI1878-017,year_completed,1878,NPS_WASHINGTON_SQUARE,high,true,"The National Register nomination records four 1878 contributing rowhouses. Unit-level owners, exact completion dates, and later alterations need deed and permit research."
CHI-POSTFIRE-CHI1878-017-A03,CHI-POSTFIRE-CHI1878-017,address_historical,827-833 N. Dearborn Street,NPS_WASHINGTON_SQUARE,high,true,"The National Register nomination records four 1878 contributing rowhouses. Unit-level owners, exact completion dates, and later alterations need deed and permit research."
CHI-POSTFIRE-CHI1878-017-A04,CHI-POSTFIRE-CHI1878-017,architect_or_builder,Frederick H. Waescher,NPS_WASHINGTON_SQUARE,high,true,"The National Register nomination records four 1878 contributing rowhouses. Unit-level owners, exact completion dates, and later alterations need deed and permit research."
CHI-POSTFIRE-CHI1878-017-A05,CHI-POSTFIRE-CHI1878-017,structural_system,masonry; exact material not stated,NPS_WASHINGTON_SQUARE,high,true,"The National Register nomination records four 1878 contributing rowhouses. Unit-level owners, exact completion dates, and later alterations need deed and permit research."
CHI-POSTFIRE-CHI1878-017-A06,CHI-POSTFIRE-CHI1878-017,construction_or_event_type,new_residential_construction,NPS_WASHINGTON_SQUARE,high,true,"The National Register nomination records four 1878 contributing rowhouses. Unit-level owners, exact completion dates, and later alterations need deed and permit research."
CHI-POSTFIRE-CHI1878-017-A07,CHI-POSTFIRE-CHI1878-017,postfire_code_context,A coordinated masonry rowhouse group contributed to permanent Near North Side residential reconstruction.,NPS_WASHINGTON_SQUARE,high,true,"The National Register nomination records four 1878 contributing rowhouses. Unit-level owners, exact completion dates, and later alterations need deed and permit research."
CHI-POSTFIRE-CHI1878-018-A01,CHI-POSTFIRE-CHI1878-018,canonical_name,Newberry Rowhouse Barns,NPS_WASHINGTON_SQUARE,medium,true,The National Register nomination separately counts the 1878 barns as contributing buildings but does not attribute an architect in its resource table. Count and materials require inventory-sheet review.
CHI-POSTFIRE-CHI1878-018-A02,CHI-POSTFIRE-CHI1878-018,year_completed,1878,NPS_WASHINGTON_SQUARE,medium,true,The National Register nomination separately counts the 1878 barns as contributing buildings but does not attribute an architect in its resource table. Count and materials require inventory-sheet review.
CHI-POSTFIRE-CHI1878-018-A03,CHI-POSTFIRE-CHI1878-018,address_historical,Rear of 827-833 N. Dearborn Street,NPS_WASHINGTON_SQUARE,medium,true,The National Register nomination separately counts the 1878 barns as contributing buildings but does not attribute an architect in its resource table. Count and materials require inventory-sheet review.
CHI-POSTFIRE-CHI1878-018-A04,CHI-POSTFIRE-CHI1878-018,structural_system,masonry or frame not stated,NPS_WASHINGTON_SQUARE,medium,true,The National Register nomination separately counts the 1878 barns as contributing buildings but does not attribute an architect in its resource table. Count and materials require inventory-sheet review.
CHI-POSTFIRE-CHI1878-018-A05,CHI-POSTFIRE-CHI1878-018,construction_or_event_type,new_outbuilding_construction,NPS_WASHINGTON_SQUARE,medium,true,The National Register nomination separately counts the 1878 barns as contributing buildings but does not attribute an architect in its resource table. Count and materials require inventory-sheet review.
CHI-POSTFIRE-CHI1878-018-A06,CHI-POSTFIRE-CHI1878-018,postfire_code_context,Documented service buildings preserve the complete residential property system rather than only street-facing houses.,NPS_WASHINGTON_SQUARE,medium,true,The National Register nomination separately counts the 1878 barns as contributing buildings but does not attribute an architect in its resource table. Count and materials require inventory-sheet review.
CHI-POSTFIRE-CHI1878-019-A01,CHI-POSTFIRE-CHI1878-019,canonical_name,Crilly Building,OLD_MONROE_1914;AIC_CRILLY_FINDING_AID,high,false,Crilly leased the corner in 1878 and put up a five-story building for J. M. W. Jones Printing Company; Indianapolis Paper Company occupied the north part. Two stories were added in 1888. Later summaries that call it seven stories in 1878 conflate the phases.
CHI-POSTFIRE-CHI1878-019-A02,CHI-POSTFIRE-CHI1878-019,year_completed,1878,OLD_MONROE_1914;AIC_CRILLY_FINDING_AID,high,false,Crilly leased the corner in 1878 and put up a five-story building for J. M. W. Jones Printing Company; Indianapolis Paper Company occupied the north part. Two stories were added in 1888. Later summaries that call it seven stories in 1878 conflate the phases.
CHI-POSTFIRE-CHI1878-019-A03,CHI-POSTFIRE-CHI1878-019,address_historical,Northeast corner of Dearborn and Monroe Streets,OLD_MONROE_1914;AIC_CRILLY_FINDING_AID,high,false,Crilly leased the corner in 1878 and put up a five-story building for J. M. W. Jones Printing Company; Indianapolis Paper Company occupied the north part. Two stories were added in 1888. Later summaries that call it seven stories in 1878 conflate the phases.
CHI-POSTFIRE-CHI1878-019-A04,CHI-POSTFIRE-CHI1878-019,structural_system,substantial heavy-load construction,OLD_MONROE_1914;AIC_CRILLY_FINDING_AID,high,false,Crilly leased the corner in 1878 and put up a five-story building for J. M. W. Jones Printing Company; Indianapolis Paper Company occupied the north part. Two stories were added in 1888. Later summaries that call it seven stories in 1878 conflate the phases.
CHI-POSTFIRE-CHI1878-019-A05,CHI-POSTFIRE-CHI1878-019,construction_or_event_type,new_construction,OLD_MONROE_1914;AIC_CRILLY_FINDING_AID,high,false,Crilly leased the corner in 1878 and put up a five-story building for J. M. W. Jones Printing Company; Indianapolis Paper Company occupied the north part. Two stories were added in 1888. Later summaries that call it seven stories in 1878 conflate the phases.
CHI-POSTFIRE-CHI1878-019-A06,CHI-POSTFIRE-CHI1878-019,postfire_code_context,Heavy-load commercial construction on a fire-cleared corner advanced the rebuilt printing district.,OLD_MONROE_1914;AIC_CRILLY_FINDING_AID,high,false,Crilly leased the corner in 1878 and put up a five-story building for J. M. W. Jones Printing Company; Indianapolis Paper Company occupied the north part. Two stories were added in 1888. Later summaries that call it seven stories in 1878 conflate the phases.
CHI-POSTFIRE-CHI1878-020-A01,CHI-POSTFIRE-CHI1878-020,canonical_name,B. R. Chambers Commercial Block,ARCHDICT_THOMAS;ANDREAS_V3,high,true,The architect's project list identifies the 1878 Chambers block and its intended Blakely & Brown tenancy. Andreas independently says Blakely & Brown moved in 1878 to a five-story building they 'had erected' at 155-157 Dearborn; ownership/development wording needs lease research.
CHI-POSTFIRE-CHI1878-020-A02,CHI-POSTFIRE-CHI1878-020,year_completed,1878,ARCHDICT_THOMAS;ANDREAS_V3,high,true,The architect's project list identifies the 1878 Chambers block and its intended Blakely & Brown tenancy. Andreas independently says Blakely & Brown moved in 1878 to a five-story building they 'had erected' at 155-157 Dearborn; ownership/development wording needs lease research.
CHI-POSTFIRE-CHI1878-020-A03,CHI-POSTFIRE-CHI1878-020,address_historical,155-157 Dearborn Street; just north of the Chicago Journal office,ARCHDICT_THOMAS;ANDREAS_V3,high,true,The architect's project list identifies the 1878 Chambers block and its intended Blakely & Brown tenancy. Andreas independently says Blakely & Brown moved in 1878 to a five-story building they 'had erected' at 155-157 Dearborn; ownership/development wording needs lease research.
CHI-POSTFIRE-CHI1878-020-A04,CHI-POSTFIRE-CHI1878-020,architect_or_builder,Cyrus P. Thomas,ARCHDICT_THOMAS;ANDREAS_V3,high,true,The architect's project list identifies the 1878 Chambers block and its intended Blakely & Brown tenancy. Andreas independently says Blakely & Brown moved in 1878 to a five-story building they 'had erected' at 155-157 Dearborn; ownership/development wording needs lease research.
CHI-POSTFIRE-CHI1878-020-A05,CHI-POSTFIRE-CHI1878-020,structural_system,masonry; exact material not stated,ARCHDICT_THOMAS;ANDREAS_V3,high,true,The architect's project list identifies the 1878 Chambers block and its intended Blakely & Brown tenancy. Andreas independently says Blakely & Brown moved in 1878 to a five-story building they 'had erected' at 155-157 Dearborn; ownership/development wording needs lease research.
CHI-POSTFIRE-CHI1878-020-A06,CHI-POSTFIRE-CHI1878-020,construction_or_event_type,new_construction,ARCHDICT_THOMAS;ANDREAS_V3,high,true,The architect's project list identifies the 1878 Chambers block and its intended Blakely & Brown tenancy. Andreas independently says Blakely & Brown moved in 1878 to a five-story building they 'had erected' at 155-157 Dearborn; ownership/development wording needs lease research.
CHI-POSTFIRE-CHI1878-020-A07,CHI-POSTFIRE-CHI1878-020,postfire_code_context,A five-story purpose-adapted commercial building supported the post-fire printing industry.,ARCHDICT_THOMAS;ANDREAS_V3,high,true,The architect's project list identifies the 1878 Chambers block and its intended Blakely & Brown tenancy. Andreas independently says Blakely & Brown moved in 1878 to a five-story building they 'had erected' at 155-157 Dearborn; ownership/development wording needs lease research.
CHI-POSTFIRE-CHI1878-021-A01,CHI-POSTFIRE-CHI1878-021,canonical_name,T. B. Campbell Residence,ARCHDICT_THOMAS,medium,true,"Listed among Cyrus P. Thomas's 1878 works with a contemporary Chicago Tribune citation; dimensions, material, exact address, and fate require the newspaper and permit record."
CHI-POSTFIRE-CHI1878-021-A02,CHI-POSTFIRE-CHI1878-021,year_completed,1878,ARCHDICT_THOMAS,medium,true,"Listed among Cyrus P. Thomas's 1878 works with a contemporary Chicago Tribune citation; dimensions, material, exact address, and fate require the newspaper and permit record."
CHI-POSTFIRE-CHI1878-021-A03,CHI-POSTFIRE-CHI1878-021,address_historical,Dearborn Avenue north of Schiller Street,ARCHDICT_THOMAS,medium,true,"Listed among Cyrus P. Thomas's 1878 works with a contemporary Chicago Tribune citation; dimensions, material, exact address, and fate require the newspaper and permit record."
CHI-POSTFIRE-CHI1878-021-A04,CHI-POSTFIRE-CHI1878-021,architect_or_builder,Cyrus P. Thomas,ARCHDICT_THOMAS,medium,true,"Listed among Cyrus P. Thomas's 1878 works with a contemporary Chicago Tribune citation; dimensions, material, exact address, and fate require the newspaper and permit record."
CHI-POSTFIRE-CHI1878-021-A05,CHI-POSTFIRE-CHI1878-021,structural_system,masonry or frame not stated,ARCHDICT_THOMAS,medium,true,"Listed among Cyrus P. Thomas's 1878 works with a contemporary Chicago Tribune citation; dimensions, material, exact address, and fate require the newspaper and permit record."
CHI-POSTFIRE-CHI1878-021-A06,CHI-POSTFIRE-CHI1878-021,construction_or_event_type,new_residential_construction,ARCHDICT_THOMAS,medium,true,"Listed among Cyrus P. Thomas's 1878 works with a contemporary Chicago Tribune citation; dimensions, material, exact address, and fate require the newspaper and permit record."
CHI-POSTFIRE-CHI1878-021-A07,CHI-POSTFIRE-CHI1878-021,postfire_code_context,The project illustrates documented elite residential growth outside the central fire district.,ARCHDICT_THOMAS,medium,true,"Listed among Cyrus P. Thomas's 1878 works with a contemporary Chicago Tribune citation; dimensions, material, exact address, and fate require the newspaper and permit record."
CHI-POSTFIRE-CHI1878-022-A01,CHI-POSTFIRE-CHI1878-022,canonical_name,L. B. Brasher Flats,ARCHDICT_THOMAS,medium,true,"Listed among Cyrus P. Thomas's 1878 works with a May 19, 1878 Chicago Tribune citation. Exact unit count, dimensions, material, cost, and fate need the original notice and permit ledger."
CHI-POSTFIRE-CHI1878-022-A02,CHI-POSTFIRE-CHI1878-022,year_completed,1878,ARCHDICT_THOMAS,medium,true,"Listed among Cyrus P. Thomas's 1878 works with a May 19, 1878 Chicago Tribune citation. Exact unit count, dimensions, material, cost, and fate need the original notice and permit ledger."
CHI-POSTFIRE-CHI1878-022-A03,CHI-POSTFIRE-CHI1878-022,address_historical,Third Avenue at Taylor Street,ARCHDICT_THOMAS,medium,true,"Listed among Cyrus P. Thomas's 1878 works with a May 19, 1878 Chicago Tribune citation. Exact unit count, dimensions, material, cost, and fate need the original notice and permit ledger."
CHI-POSTFIRE-CHI1878-022-A04,CHI-POSTFIRE-CHI1878-022,architect_or_builder,Cyrus P. Thomas,ARCHDICT_THOMAS,medium,true,"Listed among Cyrus P. Thomas's 1878 works with a May 19, 1878 Chicago Tribune citation. Exact unit count, dimensions, material, cost, and fate need the original notice and permit ledger."
CHI-POSTFIRE-CHI1878-022-A05,CHI-POSTFIRE-CHI1878-022,structural_system,masonry or frame not stated,ARCHDICT_THOMAS,medium,true,"Listed among Cyrus P. Thomas's 1878 works with a May 19, 1878 Chicago Tribune citation. Exact unit count, dimensions, material, cost, and fate need the original notice and permit ledger."
CHI-POSTFIRE-CHI1878-022-A06,CHI-POSTFIRE-CHI1878-022,construction_or_event_type,new_residential_construction,ARCHDICT_THOMAS,medium,true,"Listed among Cyrus P. Thomas's 1878 works with a May 19, 1878 Chicago Tribune citation. Exact unit count, dimensions, material, cost, and fate need the original notice and permit ledger."
CHI-POSTFIRE-CHI1878-022-A07,CHI-POSTFIRE-CHI1878-022,postfire_code_context,Purpose-built flats document the diversification and densification of post-fire housing.,ARCHDICT_THOMAS,medium,true,"Listed among Cyrus P. Thomas's 1878 works with a May 19, 1878 Chicago Tribune citation. Exact unit count, dimensions, material, cost, and fate need the original notice and permit ledger."
CHI-POSTFIRE-CHI1878-023-A01,CHI-POSTFIRE-CHI1878-023,canonical_name,Daniel Wells Commercial and Hotel Block,ARCHDICT_THOMAS,high,true,"The architect's project list dates the four-story block 1878-79 and cites Tribune notices of May 19, 1878 and April 6, 1879. The precise start and completion dates remain to be recovered from those notices."
CHI-POSTFIRE-CHI1878-023-A02,CHI-POSTFIRE-CHI1878-023,year_completed,1879,ARCHDICT_THOMAS,high,true,"The architect's project list dates the four-story block 1878-79 and cites Tribune notices of May 19, 1878 and April 6, 1879. The precise start and completion dates remain to be recovered from those notices."
CHI-POSTFIRE-CHI1878-023-A03,CHI-POSTFIRE-CHI1878-023,address_historical,Michigan Avenue at Harrison Street,ARCHDICT_THOMAS,high,true,"The architect's project list dates the four-story block 1878-79 and cites Tribune notices of May 19, 1878 and April 6, 1879. The precise start and completion dates remain to be recovered from those notices."
CHI-POSTFIRE-CHI1878-023-A04,CHI-POSTFIRE-CHI1878-023,architect_or_builder,Cyrus P. Thomas,ARCHDICT_THOMAS,high,true,"The architect's project list dates the four-story block 1878-79 and cites Tribune notices of May 19, 1878 and April 6, 1879. The precise start and completion dates remain to be recovered from those notices."
CHI-POSTFIRE-CHI1878-023-A05,CHI-POSTFIRE-CHI1878-023,structural_system,masonry; exact material not stated,ARCHDICT_THOMAS,high,true,"The architect's project list dates the four-story block 1878-79 and cites Tribune notices of May 19, 1878 and April 6, 1879. The precise start and completion dates remain to be recovered from those notices."
CHI-POSTFIRE-CHI1878-023-A06,CHI-POSTFIRE-CHI1878-023,construction_or_event_type,construction_start_and_phase,ARCHDICT_THOMAS,high,true,"The architect's project list dates the four-story block 1878-79 and cites Tribune notices of May 19, 1878 and April 6, 1879. The precise start and completion dates remain to be recovered from those notices."
CHI-POSTFIRE-CHI1878-023-A07,CHI-POSTFIRE-CHI1878-023,postfire_code_context,A substantial mixed-use block extended permanent masonry development along Michigan Avenue.,ARCHDICT_THOMAS,high,true,"The architect's project list dates the four-story block 1878-79 and cites Tribune notices of May 19, 1878 and April 6, 1879. The precise start and completion dates remain to be recovered from those notices."
CHI-POSTFIRE-CHI1878-024-A01,CHI-POSTFIRE-CHI1878-024,canonical_name,Bemis & McAvoy Brewery East-Side Icehouse of 1878,ANDREAS_V3,medium,true,"Andreas states that two additional icehouses were erected on the east side of South Park Avenue in 1878 and 1879, implying one annual addition but not labeling the individual buildings. Entity matching to insurance maps is required."
CHI-POSTFIRE-CHI1878-024-A02,CHI-POSTFIRE-CHI1878-024,year_completed,1878,ANDREAS_V3,medium,true,"Andreas states that two additional icehouses were erected on the east side of South Park Avenue in 1878 and 1879, implying one annual addition but not labeling the individual buildings. Entity matching to insurance maps is required."
CHI-POSTFIRE-CHI1878-024-A03,CHI-POSTFIRE-CHI1878-024,address_historical,East side of South Park Avenue near Twenty-third Street,ANDREAS_V3,medium,true,"Andreas states that two additional icehouses were erected on the east side of South Park Avenue in 1878 and 1879, implying one annual addition but not labeling the individual buildings. Entity matching to insurance maps is required."
CHI-POSTFIRE-CHI1878-024-A04,CHI-POSTFIRE-CHI1878-024,structural_system,substantial industrial construction; exact material not stated,ANDREAS_V3,medium,true,"Andreas states that two additional icehouses were erected on the east side of South Park Avenue in 1878 and 1879, implying one annual addition but not labeling the individual buildings. Entity matching to insurance maps is required."
CHI-POSTFIRE-CHI1878-024-A05,CHI-POSTFIRE-CHI1878-024,construction_or_event_type,industrial_addition,ANDREAS_V3,medium,true,"Andreas states that two additional icehouses were erected on the east side of South Park Avenue in 1878 and 1879, implying one annual addition but not labeling the individual buildings. Entity matching to insurance maps is required."
CHI-POSTFIRE-CHI1878-024-A06,CHI-POSTFIRE-CHI1878-024,postfire_code_context,Specialized industrial construction expanded a major post-fire brewery complex.,ANDREAS_V3,medium,true,"Andreas states that two additional icehouses were erected on the east side of South Park Avenue in 1878 and 1879, implying one annual addition but not labeling the individual buildings. Entity matching to insurance maps is required."
CHI-POSTFIRE-CHI1878-025-A01,CHI-POSTFIRE-CHI1878-025,canonical_name,Bemis & McAvoy Brewery Brick Barn,ANDREAS_V3,high,true,"Andreas explicitly dates the large brick barn to 1878. Its footprint, stories, architect, cost, and exact side of the avenue require Sanborn or Robinson map reconciliation."
CHI-POSTFIRE-CHI1878-025-A02,CHI-POSTFIRE-CHI1878-025,year_completed,1878,ANDREAS_V3,high,true,"Andreas explicitly dates the large brick barn to 1878. Its footprint, stories, architect, cost, and exact side of the avenue require Sanborn or Robinson map reconciliation."
CHI-POSTFIRE-CHI1878-025-A03,CHI-POSTFIRE-CHI1878-025,address_historical,Bemis & McAvoy brewery complex near South Park Avenue and Twenty-third Street,ANDREAS_V3,high,true,"Andreas explicitly dates the large brick barn to 1878. Its footprint, stories, architect, cost, and exact side of the avenue require Sanborn or Robinson map reconciliation."
CHI-POSTFIRE-CHI1878-025-A04,CHI-POSTFIRE-CHI1878-025,structural_system,brick masonry,ANDREAS_V3,high,true,"Andreas explicitly dates the large brick barn to 1878. Its footprint, stories, architect, cost, and exact side of the avenue require Sanborn or Robinson map reconciliation."
CHI-POSTFIRE-CHI1878-025-A05,CHI-POSTFIRE-CHI1878-025,construction_or_event_type,industrial_addition,ANDREAS_V3,high,true,"Andreas explicitly dates the large brick barn to 1878. Its footprint, stories, architect, cost, and exact side of the avenue require Sanborn or Robinson map reconciliation."
CHI-POSTFIRE-CHI1878-025-A06,CHI-POSTFIRE-CHI1878-025,postfire_code_context,A permanent brick service building expanded the logistics capacity of a large brewery complex.,ANDREAS_V3,high,true,"Andreas explicitly dates the large brick barn to 1878. Its footprint, stories, architect, cost, and exact side of the avenue require Sanborn or Robinson map reconciliation."
CHI-POSTFIRE-CHI1878-026-A01,CHI-POSTFIRE-CHI1878-026,canonical_name,Haverly's Theater Reconstruction,ANDREAS_V3,high,false,"Entirely reconstructed and redecorated in July-August 1878; reopened August 4. Work included plate glass, new scenery and curtain, frescoing, upholstery, and carpets, at a reported minimum cost of $8,500."
CHI-POSTFIRE-CHI1878-026-A02,CHI-POSTFIRE-CHI1878-026,year_completed,1878,ANDREAS_V3,high,false,"Entirely reconstructed and redecorated in July-August 1878; reopened August 4. Work included plate glass, new scenery and curtain, frescoing, upholstery, and carpets, at a reported minimum cost of $8,500."
CHI-POSTFIRE-CHI1878-026-A03,CHI-POSTFIRE-CHI1878-026,address_historical,Northwest corner of Dearborn and Monroe Streets,ANDREAS_V3,high,false,"Entirely reconstructed and redecorated in July-August 1878; reopened August 4. Work included plate glass, new scenery and curtain, frescoing, upholstery, and carpets, at a reported minimum cost of $8,500."
CHI-POSTFIRE-CHI1878-026-A04,CHI-POSTFIRE-CHI1878-026,structural_system,reused masonry walls with reconstructed interior and galleries,ANDREAS_V3,high,false,"Entirely reconstructed and redecorated in July-August 1878; reopened August 4. Work included plate glass, new scenery and curtain, frescoing, upholstery, and carpets, at a reported minimum cost of $8,500."
CHI-POSTFIRE-CHI1878-026-A05,CHI-POSTFIRE-CHI1878-026,construction_or_event_type,major_reconstruction_and_redecoration,ANDREAS_V3,high,false,"Entirely reconstructed and redecorated in July-August 1878; reopened August 4. Work included plate glass, new scenery and curtain, frescoing, upholstery, and carpets, at a reported minimum cost of $8,500."
CHI-POSTFIRE-CHI1878-026-A06,CHI-POSTFIRE-CHI1878-026,predecessor_or_rebuild_of,"New Adelphi Theater opened January 11, 1875 in the old post-office walls",ANDREAS_V3,high,false,"Entirely reconstructed and redecorated in July-August 1878; reopened August 4. Work included plate glass, new scenery and curtain, frescoing, upholstery, and carpets, at a reported minimum cost of $8,500."
CHI-POSTFIRE-CHI1878-026-A07,CHI-POSTFIRE-CHI1878-026,postfire_code_context,A major reconstruction reused strong surviving masonry while upgrading a prominent theater.,ANDREAS_V3,high,false,"Entirely reconstructed and redecorated in July-August 1878; reopened August 4. Work included plate glass, new scenery and curtain, frescoing, upholstery, and carpets, at a reported minimum cost of $8,500."
CHI-POSTFIRE-CHI1878-026-A08,CHI-POSTFIRE-CHI1878-026,year_demolished,1882,ANDREAS_V3,high,false,"Entirely reconstructed and redecorated in July-August 1878; reopened August 4. Work included plate glass, new scenery and curtain, frescoing, upholstery, and carpets, at a reported minimum cost of $8,500."
CHI-POSTFIRE-CHI1878-027-A01,CHI-POSTFIRE-CHI1878-027,canonical_name,Hamlin's Theater Reconstruction,ANDREAS_V3,high,true,The former 1873 billiard hall/garden/vaudeville was reconstructed as a regular theater and opened in September 1878 as Hamlin's Theater. It was reconstructed again in 1880 as the Grand Opera House.
CHI-POSTFIRE-CHI1878-027-A02,CHI-POSTFIRE-CHI1878-027,year_completed,1878,ANDREAS_V3,high,true,The former 1873 billiard hall/garden/vaudeville was reconstructed as a regular theater and opened in September 1878 as Hamlin's Theater. It was reconstructed again in 1880 as the Grand Opera House.
CHI-POSTFIRE-CHI1878-027-A03,CHI-POSTFIRE-CHI1878-027,address_historical,Rear of the Hamlin Brothers property on the former Bryan Hall and Hooley's Opera House site,ANDREAS_V3,high,true,The former 1873 billiard hall/garden/vaudeville was reconstructed as a regular theater and opened in September 1878 as Hamlin's Theater. It was reconstructed again in 1880 as the Grand Opera House.
CHI-POSTFIRE-CHI1878-027-A04,CHI-POSTFIRE-CHI1878-027,architect_or_builder,Hamlin Brothers,ANDREAS_V3,high,true,The former 1873 billiard hall/garden/vaudeville was reconstructed as a regular theater and opened in September 1878 as Hamlin's Theater. It was reconstructed again in 1880 as the Grand Opera House.
CHI-POSTFIRE-CHI1878-027-A05,CHI-POSTFIRE-CHI1878-027,structural_system,reconstructed existing hall and adjoining fabric,ANDREAS_V3,high,true,The former 1873 billiard hall/garden/vaudeville was reconstructed as a regular theater and opened in September 1878 as Hamlin's Theater. It was reconstructed again in 1880 as the Grand Opera House.
CHI-POSTFIRE-CHI1878-027-A06,CHI-POSTFIRE-CHI1878-027,construction_or_event_type,conversion_and_reconstruction,ANDREAS_V3,high,true,The former 1873 billiard hall/garden/vaudeville was reconstructed as a regular theater and opened in September 1878 as Hamlin's Theater. It was reconstructed again in 1880 as the Grand Opera House.
CHI-POSTFIRE-CHI1878-027-A07,CHI-POSTFIRE-CHI1878-027,predecessor_or_rebuild_of,"Foley's Billiard Hall, later garden and vaudeville theater",ANDREAS_V3,high,true,The former 1873 billiard hall/garden/vaudeville was reconstructed as a regular theater and opened in September 1878 as Hamlin's Theater. It was reconstructed again in 1880 as the Grand Opera House.
CHI-POSTFIRE-CHI1878-027-A08,CHI-POSTFIRE-CHI1878-027,postfire_code_context,Repeated adaptive reuse converted post-fire commercial entertainment fabric into a regular theater.,ANDREAS_V3,high,true,The former 1873 billiard hall/garden/vaudeville was reconstructed as a regular theater and opened in September 1878 as Hamlin's Theater. It was reconstructed again in 1880 as the Grand Opera House.
CHI-POSTFIRE-CHI1878-028-A01,CHI-POSTFIRE-CHI1878-028,canonical_name,Fullerton Avenue Pile Bridge reported as rebuilt,ANDREAS_V3,low,true,"Andreas says a Fullerton Avenue bridge was rebuilt in 1878 at 225 by 20 feet for $1,490. Those dimensions and cost exactly match a Fullerton pile bridge reported in the 1874-75 Board of Public Works year, while a separate 125-foot pivot bridge was completed January 19, 1878. This row preserves the conflict and must not be double-counted in resolved statistics."
CHI-POSTFIRE-CHI1878-028-A02,CHI-POSTFIRE-CHI1878-028,year_completed,1878,ANDREAS_V3,low,true,"Andreas says a Fullerton Avenue bridge was rebuilt in 1878 at 225 by 20 feet for $1,490. Those dimensions and cost exactly match a Fullerton pile bridge reported in the 1874-75 Board of Public Works year, while a separate 125-foot pivot bridge was completed January 19, 1878. This row preserves the conflict and must not be double-counted in resolved statistics."
CHI-POSTFIRE-CHI1878-028-A03,CHI-POSTFIRE-CHI1878-028,address_historical,Fullerton Avenue,ANDREAS_V3,low,true,"Andreas says a Fullerton Avenue bridge was rebuilt in 1878 at 225 by 20 feet for $1,490. Those dimensions and cost exactly match a Fullerton pile bridge reported in the 1874-75 Board of Public Works year, while a separate 125-foot pivot bridge was completed January 19, 1878. This row preserves the conflict and must not be double-counted in resolved statistics."
CHI-POSTFIRE-CHI1878-028-A04,CHI-POSTFIRE-CHI1878-028,structural_system,reported 225-foot bridge with 20-foot roadway,ANDREAS_V3,low,true,"Andreas says a Fullerton Avenue bridge was rebuilt in 1878 at 225 by 20 feet for $1,490. Those dimensions and cost exactly match a Fullerton pile bridge reported in the 1874-75 Board of Public Works year, while a separate 125-foot pivot bridge was completed January 19, 1878. This row preserves the conflict and must not be double-counted in resolved statistics."
CHI-POSTFIRE-CHI1878-028-A05,CHI-POSTFIRE-CHI1878-028,construction_or_event_type,reported_rebuild,ANDREAS_V3,low,true,"Andreas says a Fullerton Avenue bridge was rebuilt in 1878 at 225 by 20 feet for $1,490. Those dimensions and cost exactly match a Fullerton pile bridge reported in the 1874-75 Board of Public Works year, while a separate 125-foot pivot bridge was completed January 19, 1878. This row preserves the conflict and must not be double-counted in resolved statistics."
CHI-POSTFIRE-CHI1878-028-A06,CHI-POSTFIRE-CHI1878-028,postfire_code_context,"The source preserves a bridge-rebuild claim, but entity resolution is necessary before treating it as a separate 1878 structure.",ANDREAS_V3,low,true,"Andreas says a Fullerton Avenue bridge was rebuilt in 1878 at 225 by 20 feet for $1,490. Those dimensions and cost exactly match a Fullerton pile bridge reported in the 1874-75 Board of Public Works year, while a separate 125-foot pivot bridge was completed January 19, 1878. This row preserves the conflict and must not be double-counted in resolved statistics."
CHI-POSTFIRE-CHI1879-001-A01,CHI-POSTFIRE-CHI1879-001,canonical_name,Leiter Building I,LOC_LEITER_HABS;CITY_LEITER;CHICAGOLOGY_LEITER,high,false,"The 1879 initial building had five stories plus basement; two stories were added in 1888. HABS identifies cast-iron members continuing from foundation to roof as an important step toward skeletal framing, but the building was not a complete metal skeleton. A contemporary account gives approximately 82 ft 10 in by 102 ft 6 in and an estimated $125,000 cost."
CHI-POSTFIRE-CHI1879-001-A02,CHI-POSTFIRE-CHI1879-001,year_completed,1879,LOC_LEITER_HABS;CITY_LEITER;CHICAGOLOGY_LEITER,high,false,"The 1879 initial building had five stories plus basement; two stories were added in 1888. HABS identifies cast-iron members continuing from foundation to roof as an important step toward skeletal framing, but the building was not a complete metal skeleton. A contemporary account gives approximately 82 ft 10 in by 102 ft 6 in and an estimated $125,000 cost."
CHI-POSTFIRE-CHI1879-001-A03,CHI-POSTFIRE-CHI1879-001,address_historical,Northwest corner Fifth Avenue and Monroe Street; later 200-208 W Monroe Street,LOC_LEITER_HABS;CITY_LEITER;CHICAGOLOGY_LEITER,high,false,"The 1879 initial building had five stories plus basement; two stories were added in 1888. HABS identifies cast-iron members continuing from foundation to roof as an important step toward skeletal framing, but the building was not a complete metal skeleton. A contemporary account gives approximately 82 ft 10 in by 102 ft 6 in and an estimated $125,000 cost."
CHI-POSTFIRE-CHI1879-001-A04,CHI-POSTFIRE-CHI1879-001,architect_or_builder,William Le Baron Jenney,LOC_LEITER_HABS;CITY_LEITER;CHICAGOLOGY_LEITER,high,false,"The 1879 initial building had five stories plus basement; two stories were added in 1888. HABS identifies cast-iron members continuing from foundation to roof as an important step toward skeletal framing, but the building was not a complete metal skeleton. A contemporary account gives approximately 82 ft 10 in by 102 ft 6 in and an estimated $125,000 cost."
CHI-POSTFIRE-CHI1879-001-A05,CHI-POSTFIRE-CHI1879-001,structural_system,"load-bearing masonry exterior and party walls; cast-iron interior columns/pilasters; timber girders and wood joists; iron, Lemont stone and pressed-brick facade",LOC_LEITER_HABS;CITY_LEITER;CHICAGOLOGY_LEITER,high,false,"The 1879 initial building had five stories plus basement; two stories were added in 1888. HABS identifies cast-iron members continuing from foundation to roof as an important step toward skeletal framing, but the building was not a complete metal skeleton. A contemporary account gives approximately 82 ft 10 in by 102 ft 6 in and an estimated $125,000 cost."
CHI-POSTFIRE-CHI1879-001-A06,CHI-POSTFIRE-CHI1879-001,construction_or_event_type,new_construction,LOC_LEITER_HABS;CITY_LEITER;CHICAGOLOGY_LEITER,high,false,"The 1879 initial building had five stories plus basement; two stories were added in 1888. HABS identifies cast-iron members continuing from foundation to roof as an important step toward skeletal framing, but the building was not a complete metal skeleton. A contemporary account gives approximately 82 ft 10 in by 102 ft 6 in and an estimated $125,000 cost."
CHI-POSTFIRE-CHI1879-001-A07,CHI-POSTFIRE-CHI1879-001,postfire_code_context,"Post-fire commercial construction emphasized masonry and iron, broad daylight openings, heavy floor capacity and fire-prevention equipment.",LOC_LEITER_HABS;CITY_LEITER;CHICAGOLOGY_LEITER,high,false,"The 1879 initial building had five stories plus basement; two stories were added in 1888. HABS identifies cast-iron members continuing from foundation to roof as an important step toward skeletal framing, but the building was not a complete metal skeleton. A contemporary account gives approximately 82 ft 10 in by 102 ft 6 in and an estimated $125,000 cost."
CHI-POSTFIRE-CHI1879-001-A08,CHI-POSTFIRE-CHI1879-001,year_demolished,1972,LOC_LEITER_HABS;CITY_LEITER;CHICAGOLOGY_LEITER,high,false,"The 1879 initial building had five stories plus basement; two stories were added in 1888. HABS identifies cast-iron members continuing from foundation to roof as an important step toward skeletal framing, but the building was not a complete metal skeleton. A contemporary account gives approximately 82 ft 10 in by 102 ft 6 in and an estimated $125,000 cost."
CHI-POSTFIRE-CHI1879-002-A01,CHI-POSTFIRE-CHI1879-002,canonical_name,"Field, Leiter & Co. State Street store occupancy",CHICAGOLOGY_FIELD,medium,true,"Field and Leiter purchased the 1878 replacement building on February 28, 1879, secured surrender of Carson Pirie's lease, fitted it for their business, and received customers there by April. Retained as a property and occupancy phase only."
CHI-POSTFIRE-CHI1879-002-A02,CHI-POSTFIRE-CHI1879-002,year_completed,1878,CHICAGOLOGY_FIELD,medium,true,"Field and Leiter purchased the 1878 replacement building on February 28, 1879, secured surrender of Carson Pirie's lease, fitted it for their business, and received customers there by April. Retained as a property and occupancy phase only."
CHI-POSTFIRE-CHI1879-002-A03,CHI-POSTFIRE-CHI1879-002,address_historical,Northeast corner State and Washington Streets,CHICAGOLOGY_FIELD,medium,true,"Field and Leiter purchased the 1878 replacement building on February 28, 1879, secured surrender of Carson Pirie's lease, fitted it for their business, and received customers there by April. Retained as a property and occupancy phase only."
CHI-POSTFIRE-CHI1879-002-A04,CHI-POSTFIRE-CHI1879-002,architect_or_builder,James Van Dyke (replacement building attribution),CHICAGOLOGY_FIELD,medium,true,"Field and Leiter purchased the 1878 replacement building on February 28, 1879, secured surrender of Carson Pirie's lease, fitted it for their business, and received customers there by April. Retained as a property and occupancy phase only."
CHI-POSTFIRE-CHI1879-002-A05,CHI-POSTFIRE-CHI1879-002,structural_system,masonry commercial building; exact 1879 fit-out materials not established,CHICAGOLOGY_FIELD,medium,true,"Field and Leiter purchased the 1878 replacement building on February 28, 1879, secured surrender of Carson Pirie's lease, fitted it for their business, and received customers there by April. Retained as a property and occupancy phase only."
CHI-POSTFIRE-CHI1879-002-A06,CHI-POSTFIRE-CHI1879-002,construction_or_event_type,acquisition_fitout_and_occupancy,CHICAGOLOGY_FIELD,medium,true,"Field and Leiter purchased the 1878 replacement building on February 28, 1879, secured surrender of Carson Pirie's lease, fitted it for their business, and received customers there by April. Retained as a property and occupancy phase only."
CHI-POSTFIRE-CHI1879-002-A07,CHI-POSTFIRE-CHI1879-002,predecessor_or_rebuild_of,Singer Building destroyed by fire and replaced in 1878,CHICAGOLOGY_FIELD,medium,true,"Field and Leiter purchased the 1878 replacement building on February 28, 1879, secured surrender of Carson Pirie's lease, fitted it for their business, and received customers there by April. Retained as a property and occupancy phase only."
CHI-POSTFIRE-CHI1879-002-A08,CHI-POSTFIRE-CHI1879-002,postfire_code_context,The underlying replacement belonged to post-fire masonry commercial rebuilding; this row does not claim new 1879 construction.,CHICAGOLOGY_FIELD,medium,true,"Field and Leiter purchased the 1878 replacement building on February 28, 1879, secured surrender of Carson Pirie's lease, fitted it for their business, and received customers there by April. Retained as a property and occupancy phase only."
CHI-POSTFIRE-CHI1879-003-A01,CHI-POSTFIRE-CHI1879-003,canonical_name,United States Government Building west-basement post-office phase,CHICAGOLOGY_GOVT;GSA_FEDERAL_CENTER,high,true,"The west half of the basement was finished and turned over for temporary post-office quarters in April 1879. Final building completion was in 1880, so this is not a 1879 whole-building completion despite simplified later references to an 1879 federal building."
CHI-POSTFIRE-CHI1879-003-A02,CHI-POSTFIRE-CHI1879-003,year_completed,1880,CHICAGOLOGY_GOVT;GSA_FEDERAL_CENTER,high,true,"The west half of the basement was finished and turned over for temporary post-office quarters in April 1879. Final building completion was in 1880, so this is not a 1879 whole-building completion despite simplified later references to an 1879 federal building."
CHI-POSTFIRE-CHI1879-003-A03,CHI-POSTFIRE-CHI1879-003,address_historical,"Block bounded by Adams, Clark, Jackson and Dearborn Streets",CHICAGOLOGY_GOVT;GSA_FEDERAL_CENTER,high,true,"The west half of the basement was finished and turned over for temporary post-office quarters in April 1879. Final building completion was in 1880, so this is not a 1879 whole-building completion despite simplified later references to an 1879 federal building."
CHI-POSTFIRE-CHI1879-003-A04,CHI-POSTFIRE-CHI1879-003,architect_or_builder,Alfred B. Mullett; construction administration by federal successors,CHICAGOLOGY_GOVT;GSA_FEDERAL_CENTER,high,true,"The west half of the basement was finished and turned over for temporary post-office quarters in April 1879. Final building completion was in 1880, so this is not a 1879 whole-building completion despite simplified later references to an 1879 federal building."
CHI-POSTFIRE-CHI1879-003-A05,CHI-POSTFIRE-CHI1879-003,structural_system,masonry federal building with iron structural and fireproofing systems; phase details require federal specifications,CHICAGOLOGY_GOVT;GSA_FEDERAL_CENTER,high,true,"The west half of the basement was finished and turned over for temporary post-office quarters in April 1879. Final building completion was in 1880, so this is not a 1879 whole-building completion despite simplified later references to an 1879 federal building."
CHI-POSTFIRE-CHI1879-003-A06,CHI-POSTFIRE-CHI1879-003,construction_or_event_type,partial_completion_and_occupancy_phase,CHICAGOLOGY_GOVT;GSA_FEDERAL_CENTER,high,true,"The west half of the basement was finished and turned over for temporary post-office quarters in April 1879. Final building completion was in 1880, so this is not a 1879 whole-building completion despite simplified later references to an 1879 federal building."
CHI-POSTFIRE-CHI1879-003-A07,CHI-POSTFIRE-CHI1879-003,predecessor_or_rebuild_of,1859 Custom House and Post Office destroyed in the Great Chicago Fire,CHICAGOLOGY_GOVT;GSA_FEDERAL_CENTER,high,true,"The west half of the basement was finished and turned over for temporary post-office quarters in April 1879. Final building completion was in 1880, so this is not a 1879 whole-building completion despite simplified later references to an 1879 federal building."
CHI-POSTFIRE-CHI1879-003-A08,CHI-POSTFIRE-CHI1879-003,postfire_code_context,Long-running federal masonry construction embodied post-fire fire-resistance goals; exact assemblies should be verified from federal drawings.,CHICAGOLOGY_GOVT;GSA_FEDERAL_CENTER,high,true,"The west half of the basement was finished and turned over for temporary post-office quarters in April 1879. Final building completion was in 1880, so this is not a 1879 whole-building completion despite simplified later references to an 1879 federal building."
CHI-POSTFIRE-CHI1879-003-A09,CHI-POSTFIRE-CHI1879-003,year_demolished,1965,CHICAGOLOGY_GOVT;GSA_FEDERAL_CENTER,high,true,"The west half of the basement was finished and turned over for temporary post-office quarters in April 1879. Final building completion was in 1880, so this is not a 1879 whole-building completion despite simplified later references to an 1879 federal building."
CHI-POSTFIRE-CHI1879-004-A01,CHI-POSTFIRE-CHI1879-004,canonical_name,Central Music Hall,PICTURESQUE_CHI;CHICAGOLOGY_CENTRAL,high,false,"Erected and opened in 1879. Later descriptions give a 125-by-150-foot footprint, six stories plus basement, two elevators, stores and offices; seating is variously reported around 1,800 to 2,000. The December 1879 inspection emphasizes acoustics, rapid air exchange, multiple exits and fire-safety planning."
CHI-POSTFIRE-CHI1879-004-A02,CHI-POSTFIRE-CHI1879-004,year_completed,1879,PICTURESQUE_CHI;CHICAGOLOGY_CENTRAL,high,false,"Erected and opened in 1879. Later descriptions give a 125-by-150-foot footprint, six stories plus basement, two elevators, stores and offices; seating is variously reported around 1,800 to 2,000. The December 1879 inspection emphasizes acoustics, rapid air exchange, multiple exits and fire-safety planning."
CHI-POSTFIRE-CHI1879-004-A03,CHI-POSTFIRE-CHI1879-004,address_historical,Southeast corner State and Randolph Streets,PICTURESQUE_CHI;CHICAGOLOGY_CENTRAL,high,false,"Erected and opened in 1879. Later descriptions give a 125-by-150-foot footprint, six stories plus basement, two elevators, stores and offices; seating is variously reported around 1,800 to 2,000. The December 1879 inspection emphasizes acoustics, rapid air exchange, multiple exits and fire-safety planning."
CHI-POSTFIRE-CHI1879-004-A04,CHI-POSTFIRE-CHI1879-004,architect_or_builder,Dankmar Adler,PICTURESQUE_CHI;CHICAGOLOGY_CENTRAL,high,false,"Erected and opened in 1879. Later descriptions give a 125-by-150-foot footprint, six stories plus basement, two elevators, stores and offices; seating is variously reported around 1,800 to 2,000. The December 1879 inspection emphasizes acoustics, rapid air exchange, multiple exits and fire-safety planning."
CHI-POSTFIRE-CHI1879-004-A05,CHI-POSTFIRE-CHI1879-004,structural_system,fireproof masonry commercial and assembly building with gray cut-stone exterior,PICTURESQUE_CHI;CHICAGOLOGY_CENTRAL,high,false,"Erected and opened in 1879. Later descriptions give a 125-by-150-foot footprint, six stories plus basement, two elevators, stores and offices; seating is variously reported around 1,800 to 2,000. The December 1879 inspection emphasizes acoustics, rapid air exchange, multiple exits and fire-safety planning."
CHI-POSTFIRE-CHI1879-004-A06,CHI-POSTFIRE-CHI1879-004,construction_or_event_type,new_construction,PICTURESQUE_CHI;CHICAGOLOGY_CENTRAL,high,false,"Erected and opened in 1879. Later descriptions give a 125-by-150-foot footprint, six stories plus basement, two elevators, stores and offices; seating is variously reported around 1,800 to 2,000. The December 1879 inspection emphasizes acoustics, rapid air exchange, multiple exits and fire-safety planning."
CHI-POSTFIRE-CHI1879-004-A07,CHI-POSTFIRE-CHI1879-004,postfire_code_context,"The building's fireproof construction, abundant exits, ventilation and public-assembly safeguards responded directly to post-fire and theater-safety concerns.",PICTURESQUE_CHI;CHICAGOLOGY_CENTRAL,high,false,"Erected and opened in 1879. Later descriptions give a 125-by-150-foot footprint, six stories plus basement, two elevators, stores and offices; seating is variously reported around 1,800 to 2,000. The December 1879 inspection emphasizes acoustics, rapid air exchange, multiple exits and fire-safety planning."
CHI-POSTFIRE-CHI1879-004-A08,CHI-POSTFIRE-CHI1879-004,year_demolished,1901,PICTURESQUE_CHI;CHICAGOLOGY_CENTRAL,high,false,"Erected and opened in 1879. Later descriptions give a 125-by-150-foot footprint, six stories plus basement, two elevators, stores and offices; seating is variously reported around 1,800 to 2,000. The December 1879 inspection emphasizes acoustics, rapid air exchange, multiple exits and fire-safety planning."
CHI-POSTFIRE-CHI1879-005-A01,CHI-POSTFIRE-CHI1879-005,canonical_name,Laflin Building,CHICAGOLOGY_LAFLIN,medium,true,"A later guide reports erection in 1879, 200 feet on Randolph by 40 feet on Wabash, five stories, 85 feet high and two freight elevators. The architect and the exact sequence of later height changes and demolition remain unresolved."
CHI-POSTFIRE-CHI1879-005-A02,CHI-POSTFIRE-CHI1879-005,year_completed,1879,CHICAGOLOGY_LAFLIN,medium,true,"A later guide reports erection in 1879, 200 feet on Randolph by 40 feet on Wabash, five stories, 85 feet high and two freight elevators. The architect and the exact sequence of later height changes and demolition remain unresolved."
CHI-POSTFIRE-CHI1879-005-A03,CHI-POSTFIRE-CHI1879-005,address_historical,Southeast corner Randolph Street and Wabash Avenue; 64-66 Wabash Avenue,CHICAGOLOGY_LAFLIN,medium,true,"A later guide reports erection in 1879, 200 feet on Randolph by 40 feet on Wabash, five stories, 85 feet high and two freight elevators. The architect and the exact sequence of later height changes and demolition remain unresolved."
CHI-POSTFIRE-CHI1879-005-A04,CHI-POSTFIRE-CHI1879-005,structural_system,brick-and-steel walls; two freight elevators,CHICAGOLOGY_LAFLIN,medium,true,"A later guide reports erection in 1879, 200 feet on Randolph by 40 feet on Wabash, five stories, 85 feet high and two freight elevators. The architect and the exact sequence of later height changes and demolition remain unresolved."
CHI-POSTFIRE-CHI1879-005-A05,CHI-POSTFIRE-CHI1879-005,construction_or_event_type,new_construction,CHICAGOLOGY_LAFLIN,medium,true,"A later guide reports erection in 1879, 200 feet on Randolph by 40 feet on Wabash, five stories, 85 feet high and two freight elevators. The architect and the exact sequence of later height changes and demolition remain unresolved."
CHI-POSTFIRE-CHI1879-005-A06,CHI-POSTFIRE-CHI1879-005,postfire_code_context,A tall masonry-and-metal commercial block reflects the post-fire move toward durable loft construction.,CHICAGOLOGY_LAFLIN,medium,true,"A later guide reports erection in 1879, 200 feet on Randolph by 40 feet on Wabash, five stories, 85 feet high and two freight elevators. The architect and the exact sequence of later height changes and demolition remain unresolved."
CHI-POSTFIRE-CHI1879-006-A01,CHI-POSTFIRE-CHI1879-006,canonical_name,Cyrus H. McCormick Mansion,CHICAGOLOGY_MCCORMICK,medium,true,"The residence was four years in construction, beginning in 1875 and occupied in 1879; a major social dedication followed in May 1880. Contemporary description records three principal stories, brown sandstone, a concert hall and advanced electrical apparatus."
CHI-POSTFIRE-CHI1879-006-A02,CHI-POSTFIRE-CHI1879-006,year_completed,1879,CHICAGOLOGY_MCCORMICK,medium,true,"The residence was four years in construction, beginning in 1875 and occupied in 1879; a major social dedication followed in May 1880. Contemporary description records three principal stories, brown sandstone, a concert hall and advanced electrical apparatus."
CHI-POSTFIRE-CHI1879-006-A03,CHI-POSTFIRE-CHI1879-006,address_historical,135 Rush Street at Erie Street; southeast corner Rush and Huron/Erie block,CHICAGOLOGY_MCCORMICK,medium,true,"The residence was four years in construction, beginning in 1875 and occupied in 1879; a major social dedication followed in May 1880. Contemporary description records three principal stories, brown sandstone, a concert hall and advanced electrical apparatus."
CHI-POSTFIRE-CHI1879-006-A04,CHI-POSTFIRE-CHI1879-006,architect_or_builder,Cudell & Blumenthal,CHICAGOLOGY_MCCORMICK,medium,true,"The residence was four years in construction, beginning in 1875 and occupied in 1879; a major social dedication followed in May 1880. Contemporary description records three principal stories, brown sandstone, a concert hall and advanced electrical apparatus."
CHI-POSTFIRE-CHI1879-006-A05,CHI-POSTFIRE-CHI1879-006,structural_system,Lake Superior sandstone masonry; German Renaissance residence; interior structural system not fully documented,CHICAGOLOGY_MCCORMICK,medium,true,"The residence was four years in construction, beginning in 1875 and occupied in 1879; a major social dedication followed in May 1880. Contemporary description records three principal stories, brown sandstone, a concert hall and advanced electrical apparatus."
CHI-POSTFIRE-CHI1879-006-A06,CHI-POSTFIRE-CHI1879-006,construction_or_event_type,completion_and_occupancy_phase,CHICAGOLOGY_MCCORMICK,medium,true,"The residence was four years in construction, beginning in 1875 and occupied in 1879; a major social dedication followed in May 1880. Contemporary description records three principal stories, brown sandstone, a concert hall and advanced electrical apparatus."
CHI-POSTFIRE-CHI1879-006-A07,CHI-POSTFIRE-CHI1879-006,postfire_code_context,The masonry mansion was erected after the 1874 citywide restriction on new wood construction.,CHICAGOLOGY_MCCORMICK,medium,true,"The residence was four years in construction, beginning in 1875 and occupied in 1879; a major social dedication followed in May 1880. Contemporary description records three principal stories, brown sandstone, a concert hall and advanced electrical apparatus."
CHI-POSTFIRE-CHI1879-006-A08,CHI-POSTFIRE-CHI1879-006,year_demolished,1954,CHICAGOLOGY_MCCORMICK,medium,true,"The residence was four years in construction, beginning in 1875 and occupied in 1879; a major social dedication followed in May 1880. Contemporary description records three principal stories, brown sandstone, a concert hall and advanced electrical apparatus."
CHI-POSTFIRE-CHI1879-007-A01,CHI-POSTFIRE-CHI1879-007,canonical_name,Samuel M. Nickerson House construction start,DRIEHAUS_NICKERSON;CITY_NICKERSON;LOC_NICKERSON_HABS,high,false,"Commissioned in 1879 and completed in 1883 at a reported cost of about $450,000. Included for the documented 1879 project start, not counted as a 1879 completion."
CHI-POSTFIRE-CHI1879-007-A02,CHI-POSTFIRE-CHI1879-007,year_completed,1883,DRIEHAUS_NICKERSON;CITY_NICKERSON;LOC_NICKERSON_HABS,high,false,"Commissioned in 1879 and completed in 1883 at a reported cost of about $450,000. Included for the documented 1879 project start, not counted as a 1879 completion."
CHI-POSTFIRE-CHI1879-007-A03,CHI-POSTFIRE-CHI1879-007,address_historical,40 Erie Street,DRIEHAUS_NICKERSON;CITY_NICKERSON;LOC_NICKERSON_HABS,high,false,"Commissioned in 1879 and completed in 1883 at a reported cost of about $450,000. Included for the documented 1879 project start, not counted as a 1879 completion."
CHI-POSTFIRE-CHI1879-007-A04,CHI-POSTFIRE-CHI1879-007,architect_or_builder,Burling & Whitehouse,DRIEHAUS_NICKERSON;CITY_NICKERSON;LOC_NICKERSON_HABS,high,false,"Commissioned in 1879 and completed in 1883 at a reported cost of about $450,000. Included for the documented 1879 project start, not counted as a 1879 completion."
CHI-POSTFIRE-CHI1879-007-A05,CHI-POSTFIRE-CHI1879-007,structural_system,"fire-resistant masonry residence with extensive stone, tile and metal; detailed assemblies documented by HABS",DRIEHAUS_NICKERSON;CITY_NICKERSON;LOC_NICKERSON_HABS,high,false,"Commissioned in 1879 and completed in 1883 at a reported cost of about $450,000. Included for the documented 1879 project start, not counted as a 1879 completion."
CHI-POSTFIRE-CHI1879-007-A06,CHI-POSTFIRE-CHI1879-007,construction_or_event_type,construction_start_or_commission,DRIEHAUS_NICKERSON;CITY_NICKERSON;LOC_NICKERSON_HABS,high,false,"Commissioned in 1879 and completed in 1883 at a reported cost of about $450,000. Included for the documented 1879 project start, not counted as a 1879 completion."
CHI-POSTFIRE-CHI1879-007-A07,CHI-POSTFIRE-CHI1879-007,postfire_code_context,The project was explicitly conceived as a fireproof residence in post-fire Chicago.,DRIEHAUS_NICKERSON;CITY_NICKERSON;LOC_NICKERSON_HABS,high,false,"Commissioned in 1879 and completed in 1883 at a reported cost of about $450,000. Included for the documented 1879 project start, not counted as a 1879 completion."
CHI-POSTFIRE-CHI1879-008-A01,CHI-POSTFIRE-CHI1879-008,canonical_name,Armour Street School,ANDREAS_V3;CPS_OTIS,medium,true,"Andreas's visually checked school table records erection in 1879, 107 by 88 feet, three stories, 945 sittings and $37,000 total including heating and furniture. CPS says it opened during the 1878-79 academic year and initially used coal stoves and gas; this may indicate a start/opening/completion sequence or a table error."
CHI-POSTFIRE-CHI1879-008-A02,CHI-POSTFIRE-CHI1879-008,year_completed,1879,ANDREAS_V3;CPS_OTIS,medium,true,"Andreas's visually checked school table records erection in 1879, 107 by 88 feet, three stories, 945 sittings and $37,000 total including heating and furniture. CPS says it opened during the 1878-79 academic year and initially used coal stoves and gas; this may indicate a start/opening/completion sequence or a table error."
CHI-POSTFIRE-CHI1879-008-A03,CHI-POSTFIRE-CHI1879-008,address_historical,Armour Street,ANDREAS_V3;CPS_OTIS,medium,true,"Andreas's visually checked school table records erection in 1879, 107 by 88 feet, three stories, 945 sittings and $37,000 total including heating and furniture. CPS says it opened during the 1878-79 academic year and initially used coal stoves and gas; this may indicate a start/opening/completion sequence or a table error."
CHI-POSTFIRE-CHI1879-008-A04,CHI-POSTFIRE-CHI1879-008,structural_system,brick masonry; heating recorded as steam by Andreas but coal stoves by CPS history,ANDREAS_V3;CPS_OTIS,medium,true,"Andreas's visually checked school table records erection in 1879, 107 by 88 feet, three stories, 945 sittings and $37,000 total including heating and furniture. CPS says it opened during the 1878-79 academic year and initially used coal stoves and gas; this may indicate a start/opening/completion sequence or a table error."
CHI-POSTFIRE-CHI1879-008-A05,CHI-POSTFIRE-CHI1879-008,construction_or_event_type,completion_and_opening_phase,ANDREAS_V3;CPS_OTIS,medium,true,"Andreas's visually checked school table records erection in 1879, 107 by 88 feet, three stories, 945 sittings and $37,000 total including heating and furniture. CPS says it opened during the 1878-79 academic year and initially used coal stoves and gas; this may indicate a start/opening/completion sequence or a table error."
CHI-POSTFIRE-CHI1879-008-A06,CHI-POSTFIRE-CHI1879-008,postfire_code_context,Brick school construction complied with the post-1874 prohibition on new wood buildings; the heating conflict remains unresolved.,ANDREAS_V3;CPS_OTIS,medium,true,"Andreas's visually checked school table records erection in 1879, 107 by 88 feet, three stories, 945 sittings and $37,000 total including heating and furniture. CPS says it opened during the 1878-79 academic year and initially used coal stoves and gas; this may indicate a start/opening/completion sequence or a table error."
CHI-POSTFIRE-CHI1879-009-A01,CHI-POSTFIRE-CHI1879-009,canonical_name,Marquette School,ANDREAS_V3;CHICAGOLOGY_CCH,high,true,"Andreas's visually checked 1879 table records 107.5 by 84 feet, three stories, steam heat, 945 sittings and $37,000 including heating and furniture. A later guide independently places the 1879 school at Wood and Congress but gives 800 capacity and $45,000 cost; Andreas controls the annual values pending Board proceedings."
CHI-POSTFIRE-CHI1879-009-A02,CHI-POSTFIRE-CHI1879-009,year_completed,1879,ANDREAS_V3;CHICAGOLOGY_CCH,high,true,"Andreas's visually checked 1879 table records 107.5 by 84 feet, three stories, steam heat, 945 sittings and $37,000 including heating and furniture. A later guide independently places the 1879 school at Wood and Congress but gives 800 capacity and $45,000 cost; Andreas controls the annual values pending Board proceedings."
CHI-POSTFIRE-CHI1879-009-A03,CHI-POSTFIRE-CHI1879-009,address_historical,Southwest corner Wood and Congress Streets,ANDREAS_V3;CHICAGOLOGY_CCH,high,true,"Andreas's visually checked 1879 table records 107.5 by 84 feet, three stories, steam heat, 945 sittings and $37,000 including heating and furniture. A later guide independently places the 1879 school at Wood and Congress but gives 800 capacity and $45,000 cost; Andreas controls the annual values pending Board proceedings."
CHI-POSTFIRE-CHI1879-009-A04,CHI-POSTFIRE-CHI1879-009,structural_system,brick masonry; steam heating,ANDREAS_V3;CHICAGOLOGY_CCH,high,true,"Andreas's visually checked 1879 table records 107.5 by 84 feet, three stories, steam heat, 945 sittings and $37,000 including heating and furniture. A later guide independently places the 1879 school at Wood and Congress but gives 800 capacity and $45,000 cost; Andreas controls the annual values pending Board proceedings."
CHI-POSTFIRE-CHI1879-009-A05,CHI-POSTFIRE-CHI1879-009,construction_or_event_type,new_construction,ANDREAS_V3;CHICAGOLOGY_CCH,high,true,"Andreas's visually checked 1879 table records 107.5 by 84 feet, three stories, steam heat, 945 sittings and $37,000 including heating and furniture. A later guide independently places the 1879 school at Wood and Congress but gives 800 capacity and $45,000 cost; Andreas controls the annual values pending Board proceedings."
CHI-POSTFIRE-CHI1879-009-A06,CHI-POSTFIRE-CHI1879-009,postfire_code_context,Brick school construction complied with the post-1874 prohibition on new wood buildings.,ANDREAS_V3;CHICAGOLOGY_CCH,high,true,"Andreas's visually checked 1879 table records 107.5 by 84 feet, three stories, steam heat, 945 sittings and $37,000 including heating and furniture. A later guide independently places the 1879 school at Wood and Congress but gives 800 capacity and $45,000 cost; Andreas controls the annual values pending Board proceedings."
CHI-POSTFIRE-CHI1879-010-A01,CHI-POSTFIRE-CHI1879-010,canonical_name,Raymond School,ANDREAS_V3;IL_SFM_RAYMOND,high,true,"Andreas's visually checked table records erection in 1879, 70 by 84 feet, three stories, steam heat, 770 sittings and $29,500 total including heating and furniture. A later addition is reported for 1886; the surviving fabric and exact original footprint require Board and fire-insurance-map review."
CHI-POSTFIRE-CHI1879-010-A02,CHI-POSTFIRE-CHI1879-010,year_completed,1879,ANDREAS_V3;IL_SFM_RAYMOND,high,true,"Andreas's visually checked table records erection in 1879, 70 by 84 feet, three stories, steam heat, 770 sittings and $29,500 total including heating and furniture. A later addition is reported for 1886; the surviving fabric and exact original footprint require Board and fire-insurance-map review."
CHI-POSTFIRE-CHI1879-010-A03,CHI-POSTFIRE-CHI1879-010,address_historical,Wabash Avenue at Thirty-sixth Place,ANDREAS_V3;IL_SFM_RAYMOND,high,true,"Andreas's visually checked table records erection in 1879, 70 by 84 feet, three stories, steam heat, 770 sittings and $29,500 total including heating and furniture. A later addition is reported for 1886; the surviving fabric and exact original footprint require Board and fire-insurance-map review."
CHI-POSTFIRE-CHI1879-010-A04,CHI-POSTFIRE-CHI1879-010,structural_system,brick masonry; steam heating,ANDREAS_V3;IL_SFM_RAYMOND,high,true,"Andreas's visually checked table records erection in 1879, 70 by 84 feet, three stories, steam heat, 770 sittings and $29,500 total including heating and furniture. A later addition is reported for 1886; the surviving fabric and exact original footprint require Board and fire-insurance-map review."
CHI-POSTFIRE-CHI1879-010-A05,CHI-POSTFIRE-CHI1879-010,construction_or_event_type,new_construction,ANDREAS_V3;IL_SFM_RAYMOND,high,true,"Andreas's visually checked table records erection in 1879, 70 by 84 feet, three stories, steam heat, 770 sittings and $29,500 total including heating and furniture. A later addition is reported for 1886; the surviving fabric and exact original footprint require Board and fire-insurance-map review."
CHI-POSTFIRE-CHI1879-010-A06,CHI-POSTFIRE-CHI1879-010,postfire_code_context,Brick school construction complied with the post-1874 prohibition on new wood buildings.,ANDREAS_V3;IL_SFM_RAYMOND,high,true,"Andreas's visually checked table records erection in 1879, 70 by 84 feet, three stories, steam heat, 770 sittings and $29,500 total including heating and furniture. A later addition is reported for 1886; the surviving fabric and exact original footprint require Board and fire-insurance-map review."
CHI-POSTFIRE-CHI1879-011-A01,CHI-POSTFIRE-CHI1879-011,canonical_name,Kedzie Avenue bridge over the Illinois and Michigan Canal,ANDREAS_V3,high,true,"Completed March 1, 1879. Retained as metropolitan infrastructure tied to Chicago circulation, but flagged because the contemporary jurisdiction was the Town of Cicero."
CHI-POSTFIRE-CHI1879-011-A02,CHI-POSTFIRE-CHI1879-011,year_completed,1879,ANDREAS_V3,high,true,"Completed March 1, 1879. Retained as metropolitan infrastructure tied to Chicago circulation, but flagged because the contemporary jurisdiction was the Town of Cicero."
CHI-POSTFIRE-CHI1879-011-A03,CHI-POSTFIRE-CHI1879-011,address_historical,Kedzie Avenue over the Illinois and Michigan Canal,ANDREAS_V3,high,true,"Completed March 1, 1879. Retained as metropolitan infrastructure tied to Chicago circulation, but flagged because the contemporary jurisdiction was the Town of Cicero."
CHI-POSTFIRE-CHI1879-011-A04,CHI-POSTFIRE-CHI1879-011,architect_or_builder,Massillon Bridge Company,ANDREAS_V3,high,true,"Completed March 1, 1879. Retained as metropolitan infrastructure tied to Chicago circulation, but flagged because the contemporary jurisdiction was the Town of Cicero."
CHI-POSTFIRE-CHI1879-011-A05,CHI-POSTFIRE-CHI1879-011,structural_system,single-span wrought-iron bridge,ANDREAS_V3,high,true,"Completed March 1, 1879. Retained as metropolitan infrastructure tied to Chicago circulation, but flagged because the contemporary jurisdiction was the Town of Cicero."
CHI-POSTFIRE-CHI1879-011-A06,CHI-POSTFIRE-CHI1879-011,construction_or_event_type,new_infrastructure,ANDREAS_V3,high,true,"Completed March 1, 1879. Retained as metropolitan infrastructure tied to Chicago circulation, but flagged because the contemporary jurisdiction was the Town of Cicero."
CHI-POSTFIRE-CHI1879-011-A07,CHI-POSTFIRE-CHI1879-011,postfire_code_context,Wrought iron provided a durable noncombustible crossing; this site lay in adjacent Cicero rather than within the 1879 city boundary.,ANDREAS_V3,high,true,"Completed March 1, 1879. Retained as metropolitan infrastructure tied to Chicago circulation, but flagged because the contemporary jurisdiction was the Town of Cicero."
CHI-POSTFIRE-CHI1879-012-A01,CHI-POSTFIRE-CHI1879-012,canonical_name,LaSalle Street tunnel south-end footbridge,ANDREAS_V3,medium,true,"Andreas reports that a footbridge was placed over the south end of the LaSalle Street tunnel in January 1879. Exact span, material and removal date remain unknown."
CHI-POSTFIRE-CHI1879-012-A02,CHI-POSTFIRE-CHI1879-012,year_completed,1879,ANDREAS_V3,medium,true,"Andreas reports that a footbridge was placed over the south end of the LaSalle Street tunnel in January 1879. Exact span, material and removal date remain unknown."
CHI-POSTFIRE-CHI1879-012-A03,CHI-POSTFIRE-CHI1879-012,address_historical,South end of LaSalle Street tunnel,ANDREAS_V3,medium,true,"Andreas reports that a footbridge was placed over the south end of the LaSalle Street tunnel in January 1879. Exact span, material and removal date remain unknown."
CHI-POSTFIRE-CHI1879-012-A04,CHI-POSTFIRE-CHI1879-012,structural_system,material not stated,ANDREAS_V3,medium,true,"Andreas reports that a footbridge was placed over the south end of the LaSalle Street tunnel in January 1879. Exact span, material and removal date remain unknown."
CHI-POSTFIRE-CHI1879-012-A05,CHI-POSTFIRE-CHI1879-012,construction_or_event_type,infrastructure_addition,ANDREAS_V3,medium,true,"Andreas reports that a footbridge was placed over the south end of the LaSalle Street tunnel in January 1879. Exact span, material and removal date remain unknown."
CHI-POSTFIRE-CHI1879-012-A06,CHI-POSTFIRE-CHI1879-012,predecessor_or_rebuild_of,LaSalle Street tunnel,ANDREAS_V3,medium,true,"Andreas reports that a footbridge was placed over the south end of the LaSalle Street tunnel in January 1879. Exact span, material and removal date remain unknown."
CHI-POSTFIRE-CHI1879-012-A07,CHI-POSTFIRE-CHI1879-012,postfire_code_context,A public-safety access improvement to major post-fire municipal infrastructure; material and ordinance details are not stated.,ANDREAS_V3,medium,true,"Andreas reports that a footbridge was placed over the south end of the LaSalle Street tunnel in January 1879. Exact span, material and removal date remain unknown."
CHI-POSTFIRE-CHI1879-013-A01,CHI-POSTFIRE-CHI1879-013,canonical_name,Lock Street wooden bridge,ANDREAS_V3,high,true,"Built in 1879 by the Canal Commissioners at state expense. The exact waterway, city-boundary status, dimensions and later history require engineering and map confirmation."
CHI-POSTFIRE-CHI1879-013-A02,CHI-POSTFIRE-CHI1879-013,year_completed,1879,ANDREAS_V3,high,true,"Built in 1879 by the Canal Commissioners at state expense. The exact waterway, city-boundary status, dimensions and later history require engineering and map confirmation."
CHI-POSTFIRE-CHI1879-013-A03,CHI-POSTFIRE-CHI1879-013,address_historical,Lock Street crossing,ANDREAS_V3,high,true,"Built in 1879 by the Canal Commissioners at state expense. The exact waterway, city-boundary status, dimensions and later history require engineering and map confirmation."
CHI-POSTFIRE-CHI1879-013-A04,CHI-POSTFIRE-CHI1879-013,structural_system,wood,ANDREAS_V3,high,true,"Built in 1879 by the Canal Commissioners at state expense. The exact waterway, city-boundary status, dimensions and later history require engineering and map confirmation."
CHI-POSTFIRE-CHI1879-013-A05,CHI-POSTFIRE-CHI1879-013,construction_or_event_type,new_infrastructure,ANDREAS_V3,high,true,"Built in 1879 by the Canal Commissioners at state expense. The exact waterway, city-boundary status, dimensions and later history require engineering and map confirmation."
CHI-POSTFIRE-CHI1879-013-A06,CHI-POSTFIRE-CHI1879-013,postfire_code_context,The wooden construction was an explicit exception or jurisdictional edge case relative to Chicago's 1874 citywide prohibition on new wood buildings; legal context requires review.,ANDREAS_V3,high,true,"Built in 1879 by the Canal Commissioners at state expense. The exact waterway, city-boundary status, dimensions and later history require engineering and map confirmation."
CHI-POSTFIRE-CHI1879-014-A01,CHI-POSTFIRE-CHI1879-014,canonical_name,Eighteenth Street viaduct opening,ANDREAS_V3,high,false,"Completed December 18, 1878 and put in operation February 7, 1879. Andreas reports $11,194 cost, two 142-foot truss-girder spans, a 20-foot roadway and six-foot sidewalks. Not counted as 1879 construction."
CHI-POSTFIRE-CHI1879-014-A02,CHI-POSTFIRE-CHI1879-014,year_completed,1878,ANDREAS_V3,high,false,"Completed December 18, 1878 and put in operation February 7, 1879. Andreas reports $11,194 cost, two 142-foot truss-girder spans, a 20-foot roadway and six-foot sidewalks. Not counted as 1879 construction."
CHI-POSTFIRE-CHI1879-014-A03,CHI-POSTFIRE-CHI1879-014,address_historical,Eighteenth Street railroad crossing,ANDREAS_V3,high,false,"Completed December 18, 1878 and put in operation February 7, 1879. Andreas reports $11,194 cost, two 142-foot truss-girder spans, a 20-foot roadway and six-foot sidewalks. Not counted as 1879 construction."
CHI-POSTFIRE-CHI1879-014-A04,CHI-POSTFIRE-CHI1879-014,structural_system,wrought-iron superstructure; two truss-girder spans,ANDREAS_V3,high,false,"Completed December 18, 1878 and put in operation February 7, 1879. Andreas reports $11,194 cost, two 142-foot truss-girder spans, a 20-foot roadway and six-foot sidewalks. Not counted as 1879 construction."
CHI-POSTFIRE-CHI1879-014-A05,CHI-POSTFIRE-CHI1879-014,construction_or_event_type,opening_or_occupancy_only,ANDREAS_V3,high,false,"Completed December 18, 1878 and put in operation February 7, 1879. Andreas reports $11,194 cost, two 142-foot truss-girder spans, a 20-foot roadway and six-foot sidewalks. Not counted as 1879 construction."
CHI-POSTFIRE-CHI1879-014-A06,CHI-POSTFIRE-CHI1879-014,postfire_code_context,"Durable iron infrastructure aligned with post-fire material preferences, though grade separation was its primary purpose.",ANDREAS_V3,high,false,"Completed December 18, 1878 and put in operation February 7, 1879. Andreas reports $11,194 cost, two 142-foot truss-girder spans, a 20-foot roadway and six-foot sidewalks. Not counted as 1879 construction."
CHI-POSTFIRE-CHI1879-015-A01,CHI-POSTFIRE-CHI1879-015,canonical_name,Chicago fire-alarm system Stock Yards extension,ANDREAS_V3,high,true,"Andreas reports extension of aerial lines to the Stock Yards district in the Town of Lake, establishment of fire-alarm stations, and Tooker keyless-door attachments on 72 existing boxes. It is a network event extending beyond the 1879 municipal boundary, not one building."
CHI-POSTFIRE-CHI1879-015-A02,CHI-POSTFIRE-CHI1879-015,year_completed,1879,ANDREAS_V3,high,true,"Andreas reports extension of aerial lines to the Stock Yards district in the Town of Lake, establishment of fire-alarm stations, and Tooker keyless-door attachments on 72 existing boxes. It is a network event extending beyond the 1879 municipal boundary, not one building."
CHI-POSTFIRE-CHI1879-015-A03,CHI-POSTFIRE-CHI1879-015,address_historical,"Stock Yards district, Town of Lake",ANDREAS_V3,high,true,"Andreas reports extension of aerial lines to the Stock Yards district in the Town of Lake, establishment of fire-alarm stations, and Tooker keyless-door attachments on 72 existing boxes. It is a network event extending beyond the 1879 municipal boundary, not one building."
CHI-POSTFIRE-CHI1879-015-A04,CHI-POSTFIRE-CHI1879-015,architect_or_builder,Chicago Fire Department telegraph staff,ANDREAS_V3,high,true,"Andreas reports extension of aerial lines to the Stock Yards district in the Town of Lake, establishment of fire-alarm stations, and Tooker keyless-door attachments on 72 existing boxes. It is a network event extending beyond the 1879 municipal boundary, not one building."
CHI-POSTFIRE-CHI1879-015-A05,CHI-POSTFIRE-CHI1879-015,structural_system,"aerial telegraph wire, alarm stations and Tooker keyless-door box retrofits",ANDREAS_V3,high,true,"Andreas reports extension of aerial lines to the Stock Yards district in the Town of Lake, establishment of fire-alarm stations, and Tooker keyless-door attachments on 72 existing boxes. It is a network event extending beyond the 1879 municipal boundary, not one building."
CHI-POSTFIRE-CHI1879-015-A06,CHI-POSTFIRE-CHI1879-015,construction_or_event_type,infrastructure_extension_and_equipment_upgrade,ANDREAS_V3,high,true,"Andreas reports extension of aerial lines to the Stock Yards district in the Town of Lake, establishment of fire-alarm stations, and Tooker keyless-door attachments on 72 existing boxes. It is a network event extending beyond the 1879 municipal boundary, not one building."
CHI-POSTFIRE-CHI1879-015-A07,CHI-POSTFIRE-CHI1879-015,predecessor_or_rebuild_of,Chicago municipal fire-alarm system,ANDREAS_V3,high,true,"Andreas reports extension of aerial lines to the Stock Yards district in the Town of Lake, establishment of fire-alarm stations, and Tooker keyless-door attachments on 72 existing boxes. It is a network event extending beyond the 1879 municipal boundary, not one building."
CHI-POSTFIRE-CHI1879-015-A08,CHI-POSTFIRE-CHI1879-015,postfire_code_context,"The extension increased fire-detection coverage and retrofitted 72 existing boxes with keyless doors, a direct post-fire life-safety investment.",ANDREAS_V3,high,true,"Andreas reports extension of aerial lines to the Stock Yards district in the Town of Lake, establishment of fire-alarm stations, and Tooker keyless-door attachments on 72 existing boxes. It is a network event extending beyond the 1879 municipal boundary, not one building."
CHI-POSTFIRE-CHI1879-016-A01,CHI-POSTFIRE-CHI1879-016,canonical_name,Bemis & McAvoy east-side ice house,ANDREAS_V3,medium,true,"Andreas says two east-side ice houses were erected in 1878 and 1879. This row assigns one phase to 1879 but does not infer dimensions, material or a precise address; component identity needs brewery and permit records."
CHI-POSTFIRE-CHI1879-016-A02,CHI-POSTFIRE-CHI1879-016,year_completed,1879,ANDREAS_V3,medium,true,"Andreas says two east-side ice houses were erected in 1878 and 1879. This row assigns one phase to 1879 but does not infer dimensions, material or a precise address; component identity needs brewery and permit records."
CHI-POSTFIRE-CHI1879-016-A03,CHI-POSTFIRE-CHI1879-016,address_historical,"Bemis & McAvoy brewery complex, east side",ANDREAS_V3,medium,true,"Andreas says two east-side ice houses were erected in 1878 and 1879. This row assigns one phase to 1879 but does not infer dimensions, material or a precise address; component identity needs brewery and permit records."
CHI-POSTFIRE-CHI1879-016-A04,CHI-POSTFIRE-CHI1879-016,structural_system,ice-house construction; material not stated,ANDREAS_V3,medium,true,"Andreas says two east-side ice houses were erected in 1878 and 1879. This row assigns one phase to 1879 but does not infer dimensions, material or a precise address; component identity needs brewery and permit records."
CHI-POSTFIRE-CHI1879-016-A05,CHI-POSTFIRE-CHI1879-016,construction_or_event_type,industrial_complex_addition,ANDREAS_V3,medium,true,"Andreas says two east-side ice houses were erected in 1878 and 1879. This row assigns one phase to 1879 but does not infer dimensions, material or a precise address; component identity needs brewery and permit records."
CHI-POSTFIRE-CHI1879-016-A06,CHI-POSTFIRE-CHI1879-016,predecessor_or_rebuild_of,Bemis & McAvoy brewery complex,ANDREAS_V3,medium,true,"Andreas says two east-side ice houses were erected in 1878 and 1879. This row assigns one phase to 1879 but does not infer dimensions, material or a precise address; component identity needs brewery and permit records."
CHI-POSTFIRE-CHI1879-016-A07,CHI-POSTFIRE-CHI1879-016,postfire_code_context,An industrial outbuilding erected after the citywide wood-building restriction; material and permit compliance remain unverified.,ANDREAS_V3,medium,true,"Andreas says two east-side ice houses were erected in 1878 and 1879. This row assigns one phase to 1879 but does not infer dimensions, material or a precise address; component identity needs brewery and permit records."
CHI-POSTFIRE-CHI1879-017-A01,CHI-POSTFIRE-CHI1879-017,canonical_name,Bemis & McAvoy brewery office building,ANDREAS_V3,high,true,Erected in 1879. Andreas describes a substantial two-story brick office south of the brewhouse with the main business office and billiard rooms.
CHI-POSTFIRE-CHI1879-017-A02,CHI-POSTFIRE-CHI1879-017,year_completed,1879,ANDREAS_V3,high,true,Erected in 1879. Andreas describes a substantial two-story brick office south of the brewhouse with the main business office and billiard rooms.
CHI-POSTFIRE-CHI1879-017-A03,CHI-POSTFIRE-CHI1879-017,address_historical,Immediately south of the Bemis & McAvoy brewhouse,ANDREAS_V3,high,true,Erected in 1879. Andreas describes a substantial two-story brick office south of the brewhouse with the main business office and billiard rooms.
CHI-POSTFIRE-CHI1879-017-A04,CHI-POSTFIRE-CHI1879-017,structural_system,substantial brick masonry,ANDREAS_V3,high,true,Erected in 1879. Andreas describes a substantial two-story brick office south of the brewhouse with the main business office and billiard rooms.
CHI-POSTFIRE-CHI1879-017-A05,CHI-POSTFIRE-CHI1879-017,construction_or_event_type,industrial_complex_addition,ANDREAS_V3,high,true,Erected in 1879. Andreas describes a substantial two-story brick office south of the brewhouse with the main business office and billiard rooms.
CHI-POSTFIRE-CHI1879-017-A06,CHI-POSTFIRE-CHI1879-017,predecessor_or_rebuild_of,Bemis & McAvoy brewery complex,ANDREAS_V3,high,true,Erected in 1879. Andreas describes a substantial two-story brick office south of the brewhouse with the main business office and billiard rooms.
CHI-POSTFIRE-CHI1879-017-A07,CHI-POSTFIRE-CHI1879-017,postfire_code_context,Brick office construction complied with the post-1874 restriction on new wood buildings.,ANDREAS_V3,high,true,Erected in 1879. Andreas describes a substantial two-story brick office south of the brewhouse with the main business office and billiard rooms.
CHI-POSTFIRE-CHI1879-018-A01,CHI-POSTFIRE-CHI1879-018,canonical_name,Holy Family Sodality building,ANDREAS_V3,high,true,"Erected behind the church in 1879 at a reported cost of $40,000. Andreas describes meeting rooms and halls, a reading room, and two libraries totaling approximately 3,000 volumes."
CHI-POSTFIRE-CHI1879-018-A02,CHI-POSTFIRE-CHI1879-018,year_completed,1879,ANDREAS_V3,high,true,"Erected behind the church in 1879 at a reported cost of $40,000. Andreas describes meeting rooms and halls, a reading room, and two libraries totaling approximately 3,000 volumes."
CHI-POSTFIRE-CHI1879-018-A03,CHI-POSTFIRE-CHI1879-018,address_historical,Behind Holy Family Church,ANDREAS_V3,high,true,"Erected behind the church in 1879 at a reported cost of $40,000. Andreas describes meeting rooms and halls, a reading room, and two libraries totaling approximately 3,000 volumes."
CHI-POSTFIRE-CHI1879-018-A04,CHI-POSTFIRE-CHI1879-018,structural_system,material not stated,ANDREAS_V3,high,true,"Erected behind the church in 1879 at a reported cost of $40,000. Andreas describes meeting rooms and halls, a reading room, and two libraries totaling approximately 3,000 volumes."
CHI-POSTFIRE-CHI1879-018-A05,CHI-POSTFIRE-CHI1879-018,construction_or_event_type,new_construction_or_complex_addition,ANDREAS_V3,high,true,"Erected behind the church in 1879 at a reported cost of $40,000. Andreas describes meeting rooms and halls, a reading room, and two libraries totaling approximately 3,000 volumes."
CHI-POSTFIRE-CHI1879-018-A06,CHI-POSTFIRE-CHI1879-018,predecessor_or_rebuild_of,Holy Family Church complex,ANDREAS_V3,high,true,"Erected behind the church in 1879 at a reported cost of $40,000. Andreas describes meeting rooms and halls, a reading room, and two libraries totaling approximately 3,000 volumes."
CHI-POSTFIRE-CHI1879-018-A07,CHI-POSTFIRE-CHI1879-018,postfire_code_context,A large institutional addition in the post-fire city; material and exact fireproofing require parish or permit records.,ANDREAS_V3,high,true,"Erected behind the church in 1879 at a reported cost of $40,000. Andreas describes meeting rooms and halls, a reading room, and two libraries totaling approximately 3,000 volumes."
CHI-POSTFIRE-CHI1879-019-A01,CHI-POSTFIRE-CHI1879-019,canonical_name,Academy of the Sacred Heart chapel,ANDREAS_V3,high,true,"Andreas reports that a chapel was built adjoining the academy in 1879. No separate street number, architect, dimensions or material were located, so the row remains a named complex phase rather than a guessed standalone footprint."
CHI-POSTFIRE-CHI1879-019-A02,CHI-POSTFIRE-CHI1879-019,year_completed,1879,ANDREAS_V3,high,true,"Andreas reports that a chapel was built adjoining the academy in 1879. No separate street number, architect, dimensions or material were located, so the row remains a named complex phase rather than a guessed standalone footprint."
CHI-POSTFIRE-CHI1879-019-A03,CHI-POSTFIRE-CHI1879-019,address_historical,Adjoining the Academy of the Sacred Heart,ANDREAS_V3,high,true,"Andreas reports that a chapel was built adjoining the academy in 1879. No separate street number, architect, dimensions or material were located, so the row remains a named complex phase rather than a guessed standalone footprint."
CHI-POSTFIRE-CHI1879-019-A04,CHI-POSTFIRE-CHI1879-019,structural_system,material not stated,ANDREAS_V3,high,true,"Andreas reports that a chapel was built adjoining the academy in 1879. No separate street number, architect, dimensions or material were located, so the row remains a named complex phase rather than a guessed standalone footprint."
CHI-POSTFIRE-CHI1879-019-A05,CHI-POSTFIRE-CHI1879-019,construction_or_event_type,institutional_complex_addition,ANDREAS_V3,high,true,"Andreas reports that a chapel was built adjoining the academy in 1879. No separate street number, architect, dimensions or material were located, so the row remains a named complex phase rather than a guessed standalone footprint."
CHI-POSTFIRE-CHI1879-019-A06,CHI-POSTFIRE-CHI1879-019,predecessor_or_rebuild_of,Academy of the Sacred Heart,ANDREAS_V3,high,true,"Andreas reports that a chapel was built adjoining the academy in 1879. No separate street number, architect, dimensions or material were located, so the row remains a named complex phase rather than a guessed standalone footprint."
CHI-POSTFIRE-CHI1879-019-A07,CHI-POSTFIRE-CHI1879-019,postfire_code_context,Post-fire institutional construction; exact material and code compliance are not documented in the located narrative.,ANDREAS_V3,high,true,"Andreas reports that a chapel was built adjoining the academy in 1879. No separate street number, architect, dimensions or material were located, so the row remains a named complex phase rather than a guessed standalone footprint."
CHI-POSTFIRE-CHI1879-020-A01,CHI-POSTFIRE-CHI1879-020,canonical_name,Nativity of Our Lord Church,ANDREAS_V3;PARISH_NATIVITY,high,true,"Foundation work began in 1876, the cornerstone was laid October 28, 1876, and the church was completed and dedicated September 1, 1879. Historical street-name/address reconciliation and the survival of specific 1879 fabric need architectural survey."
CHI-POSTFIRE-CHI1879-020-A02,CHI-POSTFIRE-CHI1879-020,year_completed,1879,ANDREAS_V3;PARISH_NATIVITY,high,true,"Foundation work began in 1876, the cornerstone was laid October 28, 1876, and the church was completed and dedicated September 1, 1879. Historical street-name/address reconciliation and the survival of specific 1879 fabric need architectural survey."
CHI-POSTFIRE-CHI1879-020-A03,CHI-POSTFIRE-CHI1879-020,address_historical,Dashiel Street and Thirty-seventh Street; later Union Avenue and 37th Street,ANDREAS_V3;PARISH_NATIVITY,high,true,"Foundation work began in 1876, the cornerstone was laid October 28, 1876, and the church was completed and dedicated September 1, 1879. Historical street-name/address reconciliation and the survival of specific 1879 fabric need architectural survey."
CHI-POSTFIRE-CHI1879-020-A04,CHI-POSTFIRE-CHI1879-020,architect_or_builder,P. C. Keely,ANDREAS_V3;PARISH_NATIVITY,high,true,"Foundation work began in 1876, the cornerstone was laid October 28, 1876, and the church was completed and dedicated September 1, 1879. Historical street-name/address reconciliation and the survival of specific 1879 fabric need architectural survey."
CHI-POSTFIRE-CHI1879-020-A05,CHI-POSTFIRE-CHI1879-020,structural_system,masonry Romanesque-Gothic church; detailed materials not stated,ANDREAS_V3;PARISH_NATIVITY,high,true,"Foundation work began in 1876, the cornerstone was laid October 28, 1876, and the church was completed and dedicated September 1, 1879. Historical street-name/address reconciliation and the survival of specific 1879 fabric need architectural survey."
CHI-POSTFIRE-CHI1879-020-A06,CHI-POSTFIRE-CHI1879-020,construction_or_event_type,completion_and_dedication,ANDREAS_V3;PARISH_NATIVITY,high,true,"Foundation work began in 1876, the cornerstone was laid October 28, 1876, and the church was completed and dedicated September 1, 1879. Historical street-name/address reconciliation and the survival of specific 1879 fabric need architectural survey."
CHI-POSTFIRE-CHI1879-020-A07,CHI-POSTFIRE-CHI1879-020,postfire_code_context,Masonry church construction complied with the post-1874 prohibition on new wood buildings.,ANDREAS_V3;PARISH_NATIVITY,high,true,"Foundation work began in 1876, the cornerstone was laid October 28, 1876, and the church was completed and dedicated September 1, 1879. Historical street-name/address reconciliation and the survival of specific 1879 fabric need architectural survey."
CHI-POSTFIRE-CHI1879-021-A01,CHI-POSTFIRE-CHI1879-021,canonical_name,St. Stephen German Evangelical Lutheran Church repair and refit,ANDREAS_V3,high,true,"The congregation organized May 1, purchased the property September 1 for a reported $10,475, thoroughly repaired and refitted the approximately 1,000-seat church, installed an organ reported at $3,000, and dedicated it in fall 1879."
CHI-POSTFIRE-CHI1879-021-A02,CHI-POSTFIRE-CHI1879-021,year_completed,1879,ANDREAS_V3,high,true,"The congregation organized May 1, purchased the property September 1 for a reported $10,475, thoroughly repaired and refitted the approximately 1,000-seat church, installed an organ reported at $3,000, and dedicated it in fall 1879."
CHI-POSTFIRE-CHI1879-021-A03,CHI-POSTFIRE-CHI1879-021,address_historical,Northwest corner Wentworth Avenue and Twenty-fifth Street,ANDREAS_V3,high,true,"The congregation organized May 1, purchased the property September 1 for a reported $10,475, thoroughly repaired and refitted the approximately 1,000-seat church, installed an organ reported at $3,000, and dedicated it in fall 1879."
CHI-POSTFIRE-CHI1879-021-A04,CHI-POSTFIRE-CHI1879-021,structural_system,pre-existing frame church on brick basement; repaired and refitted,ANDREAS_V3,high,true,"The congregation organized May 1, purchased the property September 1 for a reported $10,475, thoroughly repaired and refitted the approximately 1,000-seat church, installed an organ reported at $3,000, and dedicated it in fall 1879."
CHI-POSTFIRE-CHI1879-021-A05,CHI-POSTFIRE-CHI1879-021,construction_or_event_type,acquisition_repair_and_adaptive_reuse,ANDREAS_V3,high,true,"The congregation organized May 1, purchased the property September 1 for a reported $10,475, thoroughly repaired and refitted the approximately 1,000-seat church, installed an organ reported at $3,000, and dedicated it in fall 1879."
CHI-POSTFIRE-CHI1879-021-A06,CHI-POSTFIRE-CHI1879-021,predecessor_or_rebuild_of,"Pre-existing church building acquired September 1, 1879",ANDREAS_V3,high,true,"The congregation organized May 1, purchased the property September 1 for a reported $10,475, thoroughly repaired and refitted the approximately 1,000-seat church, installed an organ reported at $3,000, and dedicated it in fall 1879."
CHI-POSTFIRE-CHI1879-021-A07,CHI-POSTFIRE-CHI1879-021,postfire_code_context,The retained frame superstructure was pre-existing; the 1879 work was repair and refit rather than prohibited new frame construction.,ANDREAS_V3,high,true,"The congregation organized May 1, purchased the property September 1 for a reported $10,475, thoroughly repaired and refitted the approximately 1,000-seat church, installed an organ reported at $3,000, and dedicated it in fall 1879."
CHI-POSTFIRE-CHI1879-022-A01,CHI-POSTFIRE-CHI1879-022,canonical_name,Sixth Presbyterian Church,WBEZ_SIXTH;WTTW_SIXTH,medium,true,"WBEZ reports the church was built in 1879; WTTW corroborates the 3600 South Vincennes identity and later Ida B. Wells Homes context. Primary church, permit or contemporary newspaper confirmation is still needed."
CHI-POSTFIRE-CHI1879-022-A02,CHI-POSTFIRE-CHI1879-022,year_completed,1879,WBEZ_SIXTH;WTTW_SIXTH,medium,true,"WBEZ reports the church was built in 1879; WTTW corroborates the 3600 South Vincennes identity and later Ida B. Wells Homes context. Primary church, permit or contemporary newspaper confirmation is still needed."
CHI-POSTFIRE-CHI1879-022-A03,CHI-POSTFIRE-CHI1879-022,address_historical,Thirty-sixth Street and Vincennes Avenue,WBEZ_SIXTH;WTTW_SIXTH,medium,true,"WBEZ reports the church was built in 1879; WTTW corroborates the 3600 South Vincennes identity and later Ida B. Wells Homes context. Primary church, permit or contemporary newspaper confirmation is still needed."
CHI-POSTFIRE-CHI1879-022-A04,CHI-POSTFIRE-CHI1879-022,structural_system,masonry church; exact system not independently verified,WBEZ_SIXTH;WTTW_SIXTH,medium,true,"WBEZ reports the church was built in 1879; WTTW corroborates the 3600 South Vincennes identity and later Ida B. Wells Homes context. Primary church, permit or contemporary newspaper confirmation is still needed."
CHI-POSTFIRE-CHI1879-022-A05,CHI-POSTFIRE-CHI1879-022,construction_or_event_type,new_construction,WBEZ_SIXTH;WTTW_SIXTH,medium,true,"WBEZ reports the church was built in 1879; WTTW corroborates the 3600 South Vincennes identity and later Ida B. Wells Homes context. Primary church, permit or contemporary newspaper confirmation is still needed."
CHI-POSTFIRE-CHI1879-022-A06,CHI-POSTFIRE-CHI1879-022,postfire_code_context,"A church dated to 1879 would fall under the post-1874 citywide wood-building prohibition, but material and permit confirmation remain required.",WBEZ_SIXTH;WTTW_SIXTH,medium,true,"WBEZ reports the church was built in 1879; WTTW corroborates the 3600 South Vincennes identity and later Ida B. Wells Homes context. Primary church, permit or contemporary newspaper confirmation is still needed."
CHI-POSTFIRE-CHI1879-022-A07,CHI-POSTFIRE-CHI1879-022,year_demolished,2009,WBEZ_SIXTH;WTTW_SIXTH,medium,true,"WBEZ reports the church was built in 1879; WTTW corroborates the 3600 South Vincennes identity and later Ida B. Wells Homes context. Primary church, permit or contemporary newspaper confirmation is still needed."
CHI-POSTFIRE-CHI1879-023-A01,CHI-POSTFIRE-CHI1879-023,canonical_name,Olympic Theatre renovation and reopening,CHICAGOLOGY_OLYMPIC,medium,true,"A Chicago Tribune account dated August 30, 1879 describes thorough exterior and interior renovation and reopening as the Olympic. This is an adaptive-reuse phase, not a new 1879 building."
CHI-POSTFIRE-CHI1879-023-A02,CHI-POSTFIRE-CHI1879-023,year_completed,1879,CHICAGOLOGY_OLYMPIC,medium,true,"A Chicago Tribune account dated August 30, 1879 describes thorough exterior and interior renovation and reopening as the Olympic. This is an adaptive-reuse phase, not a new 1879 building."
CHI-POSTFIRE-CHI1879-023-A03,CHI-POSTFIRE-CHI1879-023,address_historical,66-72 West Randolph Street with former Clark Street entrance,CHICAGOLOGY_OLYMPIC,medium,true,"A Chicago Tribune account dated August 30, 1879 describes thorough exterior and interior renovation and reopening as the Olympic. This is an adaptive-reuse phase, not a new 1879 building."
CHI-POSTFIRE-CHI1879-023-A04,CHI-POSTFIRE-CHI1879-023,structural_system,pre-existing masonry theater; exterior and interior thoroughly renovated,CHICAGOLOGY_OLYMPIC,medium,true,"A Chicago Tribune account dated August 30, 1879 describes thorough exterior and interior renovation and reopening as the Olympic. This is an adaptive-reuse phase, not a new 1879 building."
CHI-POSTFIRE-CHI1879-023-A05,CHI-POSTFIRE-CHI1879-023,construction_or_event_type,renovation_conversion_and_reopening,CHICAGOLOGY_OLYMPIC,medium,true,"A Chicago Tribune account dated August 30, 1879 describes thorough exterior and interior renovation and reopening as the Olympic. This is an adaptive-reuse phase, not a new 1879 building."
CHI-POSTFIRE-CHI1879-023-A06,CHI-POSTFIRE-CHI1879-023,predecessor_or_rebuild_of,Metropolitan Theatre,CHICAGOLOGY_OLYMPIC,medium,true,"A Chicago Tribune account dated August 30, 1879 describes thorough exterior and interior renovation and reopening as the Olympic. This is an adaptive-reuse phase, not a new 1879 building."
CHI-POSTFIRE-CHI1879-023-A07,CHI-POSTFIRE-CHI1879-023,postfire_code_context,The refit of an existing post-fire assembly building should be evaluated against contemporary theater egress and fire-safety requirements.,CHICAGOLOGY_OLYMPIC,medium,true,"A Chicago Tribune account dated August 30, 1879 describes thorough exterior and interior renovation and reopening as the Olympic. This is an adaptive-reuse phase, not a new 1879 building."
CHI-POSTFIRE-CHI1879-024-A01,CHI-POSTFIRE-CHI1879-024,canonical_name,Farwell Hall YMCA gymnasium and bath addition,YMCA_HISTORY,medium,true,"YMCA of Metropolitan Chicago's institutional chronology states that a gymnasium and bath were added to Farwell Hall in 1879. Exact dimensions, architect, materials and address remain unresolved."
CHI-POSTFIRE-CHI1879-024-A02,CHI-POSTFIRE-CHI1879-024,year_completed,1879,YMCA_HISTORY,medium,true,"YMCA of Metropolitan Chicago's institutional chronology states that a gymnasium and bath were added to Farwell Hall in 1879. Exact dimensions, architect, materials and address remain unresolved."
CHI-POSTFIRE-CHI1879-024-A03,CHI-POSTFIRE-CHI1879-024,address_historical,"Farwell Hall, downtown Chicago; exact 1879 street number unresolved",YMCA_HISTORY,medium,true,"YMCA of Metropolitan Chicago's institutional chronology states that a gymnasium and bath were added to Farwell Hall in 1879. Exact dimensions, architect, materials and address remain unresolved."
CHI-POSTFIRE-CHI1879-024-A04,CHI-POSTFIRE-CHI1879-024,structural_system,material and structural system not stated,YMCA_HISTORY,medium,true,"YMCA of Metropolitan Chicago's institutional chronology states that a gymnasium and bath were added to Farwell Hall in 1879. Exact dimensions, architect, materials and address remain unresolved."
CHI-POSTFIRE-CHI1879-024-A05,CHI-POSTFIRE-CHI1879-024,construction_or_event_type,building_addition,YMCA_HISTORY,medium,true,"YMCA of Metropolitan Chicago's institutional chronology states that a gymnasium and bath were added to Farwell Hall in 1879. Exact dimensions, architect, materials and address remain unresolved."
CHI-POSTFIRE-CHI1879-024-A06,CHI-POSTFIRE-CHI1879-024,predecessor_or_rebuild_of,Farwell Hall YMCA,YMCA_HISTORY,medium,true,"YMCA of Metropolitan Chicago's institutional chronology states that a gymnasium and bath were added to Farwell Hall in 1879. Exact dimensions, architect, materials and address remain unresolved."
CHI-POSTFIRE-CHI1879-024-A07,CHI-POSTFIRE-CHI1879-024,postfire_code_context,A public-health and recreation addition after the fire; material and fire-code details require YMCA property records.,YMCA_HISTORY,medium,true,"YMCA of Metropolitan Chicago's institutional chronology states that a gymnasium and bath were added to Farwell Hall in 1879. Exact dimensions, architect, materials and address remain unresolved."
CHI-POSTFIRE-CHI1879-025-A01,CHI-POSTFIRE-CHI1879-025,canonical_name,C. P. Kimball & Co. carriage building opening,ANDREAS_V3,medium,true,"Andreas says the company opened its building in 1879 and describes the whole building as 40 by 160 feet with five floors. A larger Wabash-and-Harrison facility described elsewhere may be later, so that address is not assigned here. Not counted as verified new construction."
CHI-POSTFIRE-CHI1879-025-A02,CHI-POSTFIRE-CHI1879-025,address_historical,Chicago; exact 1879 address unresolved,ANDREAS_V3,medium,true,"Andreas says the company opened its building in 1879 and describes the whole building as 40 by 160 feet with five floors. A larger Wabash-and-Harrison facility described elsewhere may be later, so that address is not assigned here. Not counted as verified new construction."
CHI-POSTFIRE-CHI1879-025-A03,CHI-POSTFIRE-CHI1879-025,structural_system,five-floor industrial building; material not stated,ANDREAS_V3,medium,true,"Andreas says the company opened its building in 1879 and describes the whole building as 40 by 160 feet with five floors. A larger Wabash-and-Harrison facility described elsewhere may be later, so that address is not assigned here. Not counted as verified new construction."
CHI-POSTFIRE-CHI1879-025-A04,CHI-POSTFIRE-CHI1879-025,construction_or_event_type,opening_or_occupancy_only,ANDREAS_V3,medium,true,"Andreas says the company opened its building in 1879 and describes the whole building as 40 by 160 feet with five floors. A larger Wabash-and-Harrison facility described elsewhere may be later, so that address is not assigned here. Not counted as verified new construction."
CHI-POSTFIRE-CHI1879-025-A05,CHI-POSTFIRE-CHI1879-025,postfire_code_context,A multi-story industrial occupancy in the post-fire city; the building's material and permit history are not identified.,ANDREAS_V3,medium,true,"Andreas says the company opened its building in 1879 and describes the whole building as 40 by 160 feet with five floors. A larger Wabash-and-Harrison facility described elsewhere may be later, so that address is not assigned here. Not counted as verified new construction."
