building_id,research_record_id,research_year,canonical_name,year_started,year_completed,completion_precision,year_opened,year_demolished,demolition_precision,demolition_cause,status,address_historical,address_modern,latitude,longitude,building_type,original_use,architect_or_builder,owner_or_developer,structural_system,stories,height_ft,construction_or_event_type,predecessor_or_rebuild_of,postfire_code_context,notes,confidence,needs_review
CHI-POSTFIRE-CHI1872-040,CHI1872-040,1872,720 North Wells Street Building,1872,1872,year-only,1872,2024,approximate,redevelopment,demolished,720 North Wells Street,720 N Wells St,,,commercial building,mixed commercial uses,unknown,,brick with cast-iron storefront,3,,new_construction,,"Rare North Side post-fire architecture; sources report work began before a February 1872 code update, but permit evidence remains to be acquired.",Preservation Chicago documents the 1872 date and demolition; exact demolition month and original owner require archival verification.,medium,true
CHI-POSTFIRE-CHI1872-085,CHI1872-085,1872,Adams Street Bridge Reconstruction,1871,1872,range,1872,,,,replaced,Adams Street crossing South Branch,,,,movable bridge,transportation infrastructure,,City of Chicago,,,,reconstruction,Adams Street bridge rendered impassable in 1871 fire,Municipal infrastructure funded partly through Illinois canal-refund appropriation.,One of eight named bridges repaired immediately and completed within one year of the fire.,high,false
CHI-POSTFIRE-CHI1872-088,CHI1872-088,1872,Aiken's Theatre II,1872,1872,exact,1872,,,,demolished,,,,,theater,theater and concert venue,,James Aiken,,,,new_construction,Aiken's Theatre lost in 1871 fire,Entertainment replacement after the fire; address and construction material unresolved.,Opened October 7 1872 with a series of concerts; Andreas supports opening but fuller building description requires theater-history follow-up.,medium,true
CHI-POSTFIRE-CHI1872-014,CHI1872-014,1872,Armour Building II,1872,1872,approximate,1872,,,,demolished,northeast corner Randolph Street and Michigan Avenue; 102 Michigan Avenue,,,,office building,railroad general offices,,George Armour,,5,,reconstruction,pre-fire Armour building/site,Post-fire masonry commercial reconstruction; exact code compliance unverified.,A June 1872 notice describes a five-story 90-by-130-foot building; Chicago Burlington & Quincy occupied the upper four stories in December. Chicagology rebuilding008.,medium,true
CHI-POSTFIRE-CHI1872-072,CHI1872-072,1872,Bemis and McAvoy Brewery Addition,1871,1872,range,1872,,,,demolished,South Park Avenue near Twenty-third Street,,,,brewery,beer production,,Bemis & McAvoy Brewing Company,masonry,,,addition,Bemis and McAvoy brewery complex,Industrial expansion outside principal burned core.,Large addition to brewery proper made in 1871-72; phase endpoint is recorded as 1872 but exact month unknown.,high,true
CHI-POSTFIRE-CHI1872-071,CHI1872-071,1872,Bemis and McAvoy Brewery Ice House No. 1,1872,1872,year-only,1872,,,,demolished,west side South Park Avenue near Twenty-third Street,,,,ice house,brewery ice storage,,Bemis & McAvoy Brewing Company,masonry,,,addition,Bemis and McAvoy brewery complex,Industrial addition outside principal burned core; no direct code claim.,"One of a sequence of west-side ice houses explicitly dated 1872, 1874, 1875 and 1876; only the 1872 unit is recorded here.",high,true
CHI-POSTFIRE-CHI1872-068,CHI1872-068,1872,Bournique Dancing Academy II,1872,1872,exact,1872,,,,demolished,Twenty-fourth Street between Michigan and Indiana Avenues,,,,dance academy,dance instruction and assemblies,,Bournique family,brick,,,new_construction,downtown Bournique academy destroyed in 1871 fire,Brick replacement outside the core burned district.,Erected in summer 1872; capacity doubled in 1874. Not to be confused with the 1882-84 Twenty-third Street academy.,high,false
CHI-POSTFIRE-CHI1872-069,CHI1872-069,1872,Brachvogel Picture-Frame Factory,1872,1872,year-only,1872,,,,demolished,22-24 South Jefferson Street,,,,factory,"picture frames, mirrors and engravings",,Charles Brachvogel,masonry,,,new_construction,,Industrial construction west of the core burned district; no direct fire-code evidence.,Andreas states Brachvogel built the factory structure occupied by the later company in 1872; street-number continuity should be checked against directories.,high,true
CHI-POSTFIRE-CHI1872-031,CHI1872-031,1872,Brevoort House I,1872,1872,exact,1872,1906,year-only,redevelopment,demolished,north side Madison Street between Clark and LaSalle Streets,,,,hotel,hotel,Dixon & Hamilton,C. H. Thompson,masonry; fire plugs and hose,5,,new_construction,,Contemporary description emphasized fire plugs and two fireproof vaults but complete fire resistance is not inferred.,Opened in November 1872 with 125 sleeping rooms; later hotel identity and a south adjoining A. Crocker building must remain separate. Chicagology rebuilding113.,medium,false
CHI-POSTFIRE-CHI1872-033,CHI1872-033,1872,Buck and Rayner Building II,1871,1872,approximate,1872,1904,year-only,redevelopment,demolished,southwest corner State and Madison Streets,,,,commercial building,drugstore and offices,,Buck & Rayner; later Otis interests,reused surviving masonry walls,3,,reconstruction,Buck and Rayner Building fire-damaged in 1871,Reconstruction incorporated surviving pre-fire walls; not wholly new construction.,Rebuilt immediately after the fire and photographed in August 1872; later source says part of the 1868 walls survived. Chicagology rebuilding116.,medium,true
CHI-POSTFIRE-CHI1872-067,CHI1872-067,1872,C. L. Rice and Company Machine Shops and Warerooms,1871,1872,year-only,1872,,,,demolished,corner Canal and Harrison Streets,,,,factory and warehouse,machinery shops and sales,,C. L. Rice & Co.,masonry,,,reconstruction,Dearborn/Madison machinery premises destroyed in 1871 fire,Industrial relocation west of the core burned district.,Construction began at once after the fire; occupied in fall 1872 and business sold to Kirkwood and Dunklee about then.,high,false
CHI-POSTFIRE-CHI1872-022,CHI1872-022,1872,C. M. Henderson and Company Building,1872,1872,approximate,1872,1949,approximate,redevelopment,demolished,southeast corner Franklin and Madison Streets; formerly 235 Madison,329 W Madison St,,,warehouse,boots and shoes wholesale,Burling & Adler,C. M. Henderson & Co.,masonry,5,,reconstruction,firm premises destroyed in 1871 fire,Masonry warehouse in the new post-fire wholesale district.,Contemporary September 1872 feature documents the new building; exact completion date and demolition year remain approximate. Chicagology rebuilding097.,medium,true
CHI-POSTFIRE-CHI1872-089,CHI1872-089,1872,Central European Hotel II,1872,1872,approximate,1872,,,,demolished,East Water Street,,,,hotel,hotel,,Caesar Pirrung,brick masonry,,,reconstruction,Central European Hotel destroyed in 1871 fire; temporary frame shanty,Brick replacement following an immediate temporary frame shanty; fire-limit status requires historic parcel review.,Andreas OCR says the temporary shanty was replaced 'next year' by the present brick structure; interpreted as 1872 but flagged for scan verification.,medium,true
CHI-POSTFIRE-CHI1872-007,CHI1872-007,1872,Chamber of Commerce II,1871,1872,exact,1872,1890,year-only,redevelopment,demolished,southeast corner Washington and LaSalle Streets,,,,exchange building,commodity exchange and offices,Cochrane & Miller,Chamber of Commerce Building Association,stone masonry,3,,reconstruction,Chamber of Commerce I destroyed in 1871 fire,Prominent masonry reconstruction inside the fire limits.,"Completed before and formally occupied on the fire's first anniversary, October 9 1872; Andreas reports cost about $365,000.",high,false
CHI-POSTFIRE-CHI1872-084,CHI1872-084,1872,Chicago Avenue Bridge Reconstruction,1871,1872,range,1872,,,,replaced,Chicago Avenue crossing North Branch,,,,movable bridge,transportation infrastructure,,City of Chicago,,,,reconstruction,Chicago Avenue bridge rendered impassable in 1871 fire,Municipal infrastructure funded partly through Illinois canal-refund appropriation.,One of eight named bridges repaired immediately and completed within one year of the fire.,high,false
CHI-POSTFIRE-CHI1872-059,CHI1872-059,1872,Chicago Society of the New Jerusalem West Division Church,1872,1872,year-only,1872,,,,demolished,Washington Boulevard and Ogden Avenue,,,,church,Swedenborgian worship,,Chicago Society of the New Jerusalem,masonry,,,new_construction,,Outside the core burned business district; no direct fire-code claim.,Andreas calls it a commodious house of worship built in 1872; the society later sold the Ogden frontage in 1885.,high,true
CHI-POSTFIRE-CHI1872-008,CHI1872-008,1872,Chicago Tribune Building II,1871,1872,exact,1872,1901,year-only,redevelopment,demolished,southeast corner Dearborn and Madison Streets,,,,newspaper office,newspaper offices and printing,Burling & Adler,Chicago Tribune,masonry; iron roof; largely noncombustible floors,5,,reconstruction,Tribune Building I destroyed in 1871 fire,"Explicitly designed as a more genuinely fire-resistant replacement, with iron roof and tile, asphalt or artificial-marble floors.",Occupied October 8-9 1872 while final work continued about another month; 72 by 121 feet. Chicagology page rebuilding030 transcribes the contemporary Tribune account.,medium,true
CHI-POSTFIRE-CHI1872-027,CHI1872-027,1872,Chicago Type Foundry II,1872,1872,exact,1872,1894,year-only,redevelopment,demolished,139-141 Monroe Street between Clark and LaSalle Streets,,,,factory,type foundry and printing offices,,"Marder, Luse & Co.",brick with stone basement; white Wisconsin-brick front,5,,reconstruction,Chicago Type Foundry destroyed in 1871 fire,Substantial masonry factory reconstruction in the fire district.,Construction began about March 1 and moving began May 6 1872; 45 by 80 feet. Chicagology rebuilding057/rebuilding108 transcribes the company account.,medium,false
CHI-POSTFIRE-CHI1872-074,CHI1872-074,1872,Chicago Water Works Reconstruction,1871,1872,range,1872,,,,extant-altered,Chicago Avenue pumping works,,,,waterworks,municipal water pumping,Chief Engineer DeWitt Cregier,City of Chicago,masonry shell repaired; iron roof substituted,,,reconstruction,Chicago Water Works fire-damaged October 1871,"Iron roof replaced the combustible covering; Andreas reports total repair-related cost about $248,410 including system losses.","Machine shop reconstructed, engines returned to service, hydrants/meters repaired and iron roof installed during first post-fire year; treated as a complex phase.",high,false
CHI-POSTFIRE-CHI1872-082,CHI1872-082,1872,Clark Street Bridge Reconstruction,1871,1872,range,1872,,,,replaced,Clark Street crossing Chicago River,,,,movable bridge,transportation infrastructure,,City of Chicago,,,,reconstruction,Clark Street bridge rendered impassable in 1871 fire,Municipal infrastructure funded partly through Illinois canal-refund appropriation.,One of eight named bridges repaired immediately and completed within one year of the fire.,high,false
CHI-POSTFIRE-CHI1872-078,CHI1872-078,1872,Clark Street Viaduct Reconstruction,1871,1872,range,1872,,,,replaced,Clark Street,,,,viaduct,transportation infrastructure,,City of Chicago,,,,reconstruction,Clark Street viaduct rendered impassable in 1871 fire,Municipal infrastructure funded partly through Illinois canal-refund appropriation.,One of three named viaducts repaired immediately and completed within one year of the fire.,high,false
CHI-POSTFIRE-CHI1872-041,CHI1872-041,1872,Commercial Hotel,1872,1872,year-only,1872,,,,demolished,northwest corner Dearborn and Lake Streets,,,,hotel,commercial building converted to hotel,,Couch estate; William H. Ward trustee; High & Magie adjoining interests,stone front; five-story corner and four-story additions,5,,new_construction,,Permanent masonry construction within the burned district.,"Built for American Express, which declined occupancy; Howell Pulling and Hiram F. Ingraham opened the combined structure as Commercial Hotel in 1872; about 270 rooms by 1886.",high,false
CHI-POSTFIRE-CHI1872-066,CHI1872-066,1872,Convent of Saints Benedict and Scholastica Home,1871,1872,year-only,1872,,,,demolished,corner North Market and Hill Streets,,,,convent home,religious residence and school support,,Benedictine Sisters,frame,,,reconstruction,St. Joseph parish church and school destroyed in 1871 fire,Frame institutional rebuilding undertaken immediately after the fire; location and permission context need ordinance research.,Finished in 1872 and later enlarged with a brick rear addition in 1879; institution incorporated July 1 1872.,high,true
CHI-POSTFIRE-CHI1872-065,CHI1872-065,1872,Convent of the Immaculate Conception II,1872,1872,year-only,1872,,,,demolished,Franklin and Wieland Streets,,,,convent and school,Dominican convent and school,,Dominican Sisters of Sinsinawa,two-and-a-half-story building,2,,reconstruction,convent and school destroyed in 1871 fire,Institutional replacement in the North Side fire area; material not established.,Dominican Sisters returned in 1872 and erected the building after Bishop Foley promised assistance; later adjoining parochial school excluded.,high,true
CHI-POSTFIRE-CHI1872-076,CHI1872-076,1872,Cregier Pumping Engine at Chicago Water Works,1872,1872,exact,1872,,,,removed,Chicago Avenue pumping works,,,,pumping engine,municipal water supply,DeWitt Cregier; Knapp Fort Pitt Foundry Works,City of Chicago,70-inch steam cylinders; three boilers,,,infrastructure_installation,Chicago Water Works mechanical plant,Post-fire capacity and resilience upgrade; building-code context not applicable.,"Completed and started November 27 1872 through a 36-inch main; engine and boilers cost $188,400.",high,false
CHI-POSTFIRE-CHI1872-028,CHI1872-028,1872,Fidelity Savings Bank and Safe Depository II,1872,1872,approximate,1872,1924,year-only,redevelopment,demolished,143-147 Randolph Street,,,,bank,savings bank and safe depository,,,,,,reconstruction,Fidelity facilities destroyed in 1871 fire,Banking reconstruction in the fire district; specific fireproof systems need verification.,Chicagology rebuilding109 identifies the 1872 building and contemporary banking occupancy; precise completion evidence should be checked in the original newspaper.,medium,true
CHI-POSTFIRE-CHI1872-055,CHI1872-055,1872,First Methodist Episcopal Church Block,1871,1872,approximate,1872,,,,demolished,corner Clark and Washington Streets,,,,mixed-use church block,"worship, stores, offices and meeting hall",,First Methodist Episcopal Church,stone-front masonry,4,,reconstruction,First Methodist block destroyed in 1871 fire,More substantial post-fire replacement in the burned district; rental uses funded church operations.,"Congregation left its temporary Clark-and-Harrison frame building in fall 1872 for the rebuilt block; cost about $130,000. Chicagology rebuilding072 and Chicago History Museum corroborate context.",high,false
CHI-POSTFIRE-CHI1872-009,CHI1872-009,1872,First National Bank Building III,1871,1872,year-only,1872,1883,year-only,redevelopment,demolished,southwest corner State and Washington Streets,,,,bank,bank and safe deposit,Edward Burling; Hollingsworth & Coughlin,First National Bank of Chicago,"iron, stone and brick; surviving vaults",4,,reconstruction,First National Bank Building II fire-damaged in 1871,Reused surviving walls and vaults; contemporary descriptions called it fireproof but Andreas cautions that such claims were unsettled.,"Restored in 1872 for about $75,000 of a reported $295,000 total building value; the pre-fire fifth floor was not restored. Chicagology rebuilding177 transcribes contemporary sources.",medium,true
CHI-POSTFIRE-CHI1872-042,CHI1872-042,1872,Gardner House,1871,1872,exact,1872,,,,demolished,Michigan Avenue at Jackson Street,,,,hotel,hotel,,Horatio H. Gardner,brick masonry,6,,new_construction,,"Andreas calls it essentially fireproof in its later form, but later alterations and fire escapes should not be retrojected to 1872.","Finished and opened October 1 1872, the first American-plan hotel opened in the burned district; cost including ground reported about $600,000.",high,false
CHI-POSTFIRE-CHI1872-016,CHI1872-016,1872,Garrett Building II,1872,1872,approximate,1872,1898,year-only,redevelopment,demolished,southeast corner Lake and Market Streets,,,,commercial block,rental property supporting Garrett Biblical Institute,,Garrett Biblical Institute,"brick, iron and plate glass",4,,reconstruction,Garrett Building destroyed in 1871 fire,Masonry rebuilding in the fire district.,"Contemporary notices describe a roughly 130-by-180-foot four-story building, cost about $100,000, with portions ready for tenants in August. Chicagology rebuilding175.",medium,true
CHI-POSTFIRE-CHI1872-073,CHI1872-073,1872,Gottfried Brewery Ice House No. 1,1872,1872,year-only,1872,,,,demolished,corner Archer and Stewart Avenues,,,,ice house,brewery ice storage,,Mathieu Gottfried,,,,addition,Gottfried brewery complex,Industrial addition outside principal burned core.,Built in 1872; a second ice house belongs to 1879 and later brewery reconstruction to 1884-85.,high,true
CHI-POSTFIRE-CHI1872-030,CHI1872-030,1872,Grocers' Block,1872,1872,approximate,1872,1899,year-only,redevelopment,demolished,southwest corner Wabash Avenue and Lake Street,,,,commercial block,wholesale grocery trade,T. V. Wadskier,,masonry,,,reconstruction,,Permanent mercantile rebuilding in the fire district.,Chicagology rebuilding112 gives a 1872 life span start and contemporary directory evidence; exact completion date needs original source review.,medium,true
CHI-POSTFIRE-CHI1872-032,CHI1872-032,1872,Hall's Safe and Lock Company Building,1872,1872,year-only,1872,1901,year-only,redevelopment,demolished,147-149 Dearborn Street between Madison and Monroe Streets,,,,commercial building,safe and lock showroom,Dixon & Hamilton,Hall's Safe and Lock Company,brick masonry,4,,reconstruction,Hall company building destroyed in 1871 fire,Rebuilt on the old site in masonry; the safe-company use made post-fire fire resistance central to its marketing.,Contemporary June 1872 account says the firm was back on its old site eight months after the fire. Chicagology rebuilding114.,medium,false
CHI-POSTFIRE-CHI1872-002,CHI1872-002,1872,Holden Block,1872,1872,year-only,1872,,,,extant,1027 West Madison Street,1027 W Madison St,41.881418,-87.653264,commercial block,commercial lofts and stores,Stephen V. Shipman,Charles C. P. Holden,masonry; Buena Vista sandstone facade,4,,new_construction,,Post-fire Near West Side construction; the source links the building to rapid development after the fire without claiming it stood in the burned district.,Rare surviving Italianate commercial block with date and Holden name carved at the roofline.,high,false
CHI-POSTFIRE-CHI1872-029,CHI1872-029,1872,Inter-Ocean Building I,1872,1872,year-only,1872,1874,year-only,fire,demolished,Wabash Avenue between Harrison and Congress Streets,,,,newspaper office,newspaper offices and printing,,Inter Ocean newspaper,masonry,,,new_construction,,Located south of the principal burned district; direct code context not established.,Chicagology rebuilding110 identifies the 1872-1874 building; destroyed in the 1874 fire. Original contemporary notice requires image-level verification.,medium,true
CHI-POSTFIRE-CHI1872-010,CHI1872-010,1872,J. V. Farwell & Company Block III,1871,1872,exact,1872,1933,approximate,redevelopment,demolished,northwest corner Monroe and Franklin Streets; extension toward Market Street,,,,wholesale warehouse,wholesale dry goods,John M. Van Osdel,J. V. Farwell & Co.,brick masonry; experimental cement wall sections,6,,reconstruction,Farwell commercial property lost in 1871 fire,Built immediately after the fire; Andreas documents an experimental poured-cement wall method using rubble fill.,First section completed about three months after the fire; a 1872 extension formed a 191-by-235-foot complex. Chicagology rebuilding071 distinguishes the phases.,high,true
CHI-POSTFIRE-CHI1872-003,CHI1872-003,1872,John and Clara Merchant House,1872,1872,approximate,1872,,,,extant,Irving Park settlement,3854 N Kostner Ave,41.951474,-87.738451,house,residence,George E. Woodward pattern-book Design No. 2,John and Clara Merchant,wood-frame Second Empire house; mansard roof,2,,new_construction,,Outside Chicago's 1872 municipal limits and outside the burned district; no post-fire ordinance inference.,Official City source dates the house circa 1872. Included because it lies within present Chicago and documents Irving Park's railroad-suburb development; historical-jurisdiction flag should be retained.,high,true
CHI-POSTFIRE-CHI1872-036,CHI1872-036,1872,Keith Brothers Building,1872,1872,approximate,1872,1980,approximate,redevelopment,demolished,246-252 Madison Street near Market Street; later 323-331 West Madison,,,,warehouse,"wholesale hats, caps, furs and millinery",John W. Roberts,Keith Brothers,Ohio sandstone; extensive plate glass,5,,reconstruction,Keith Brothers premises destroyed in 1871 fire,Stone wholesale reconstruction in the expanded post-fire business district.,Contemporary August and October 1872 accounts describe the nearly finished 55-by-170-foot building; occupancy followed within weeks. Chicagology rebuilding180.,medium,true
CHI-POSTFIRE-CHI1872-043,CHI1872-043,1872,Kuhns's European Hotel,1871,1872,year-only,1872,,,,demolished,Dearborn Street in the burned district,,,,hotel,hotel,William W. Boyington,Thomas Mackin and Samuel Gregsten leasehold; William J. Kuhns operator,masonry,,,reconstruction,,First European-plan hotel erected in the burned district after the fire.,North 70-foot section built and opened about August 1872; later additions and Windsor identity must be separated from the 1872 phase.,high,true
CHI-POSTFIRE-CHI1872-034,CHI1872-034,1872,LaSalle Building,1872,1872,approximate,1872,1908,year-only,redevelopment,demolished,northwest corner LaSalle and Madison Streets,,,,office building,bank and offices,Dixon & Hamilton,Gallup & Hitchcock,Buena Vista sandstone,4,,reconstruction,,Stone commercial reconstruction in the fire district.,Up to the fourth story October 13 and expected to be occupied in November 1872; final finish extended into 1873. Chicagology rebuilding117.,medium,true
CHI-POSTFIRE-CHI1872-015,CHI1872-015,1872,Leander McCormick Building,1872,1872,approximate,1872,1949,approximate,redevelopment,demolished,northwest corner Wabash Avenue and Lake Street,,,,commercial block,stove and hardware trade,W. W. Boyington,Leander McCormick,brick masonry,,,reconstruction,,Permanent post-fire mercantile rebuilding.,Contemporary February 1872 notice announced Nos. 34-40 Lake; October coverage illustrates it among McCormick structures. Chicagology rebuilding168.,medium,true
CHI-POSTFIRE-CHI1872-019,CHI1872-019,1872,M. D. Wells & Company Building,1872,1872,exact,1872,1907,year-only,redevelopment,demolished,southeast corner Madison and Market Streets; 256-262 Madison,,,,factory and warehouse,boot and shoe factory and salesrooms,,M. D. Wells & Co.,Philadelphia pressed brick with Ohio-stone trim,5,,reconstruction,firm premises destroyed in 1871 fire,Permanent masonry rebuilding in the wholesale district.,"Completed by August 1872; cost about $100,000 with steam heat, elevators and power. Chicagology rebuilding131.",medium,false
CHI-POSTFIRE-CHI1872-018,CHI1872-018,1872,Major Block II,1872,1872,approximate,1872,1914,year-only,redevelopment,demolished,southeast corner Madison and LaSalle Streets,,,,office building,"banks, stores and offices",Dixon & Hamilton,Major estate,Ohio stone; fireproof office vaults,4,,reconstruction,Major Block I destroyed in 1871 fire,Designed as substantial stone reconstruction with office vaults; direct ordinance inspection not located.,Foundations underway April; intended occupancy October; contemporary October account identifies the completed streetscape. About 66 by 135 feet. Chicagology rebuilding036.,medium,true
CHI-POSTFIRE-CHI1872-035,CHI1872-035,1872,Marine Bank Building II,1872,1872,approximate,1872,1928,year-only,redevelopment,demolished,northeast corner Lake and LaSalle Streets,,,,bank,Marine Bank and Mechanics' National Bank,Burling & Adler,Marine Bank Company,limestone fronts; masonry,4,,reconstruction,Marine Bank property destroyed in 1871 fire,Permanent bank rebuilding in the fire district.,"Ready for roof October 5 1872; occupancy/completion may have followed late that year or early 1873. About 70 by 80 feet; projected cost $95,000. Chicagology rebuilding139.",medium,true
CHI-POSTFIRE-CHI1872-045,CHI1872-045,1872,Massasoit House II,1872,1872,year-only,1872,,,,demolished,,,,,hotel,hotel,,Albert Longley,masonry,,,reconstruction,pre-fire Massasoit House,Post-fire hotel replacement; direct code evidence not located.,Andreas says built by Albert Longley in 1872 and completed and opened in the fall; address is unreadable or absent in the OCR and needs directory follow-up.,high,true
CHI-POSTFIRE-CHI1872-046,CHI1872-046,1872,Matteson House II,1871,1872,year-only,1873,1915,year-only,redevelopment,demolished,northeast corner Wabash Avenue and Jackson Street,,,,hotel,hotel,,Robert Hill,cut stone; masonry,6,,new_construction,pre-fire Matteson House at Randolph and Dearborn Streets,Substantial hotel relocation/replacement after the fire; not on the original site.,Finished late in 1872 but opened February 3 1873; completion and opening are intentionally separated.,high,false
CHI-POSTFIRE-CHI1872-037,CHI1872-037,1872,McVicker's Theatre III,1872,1872,approximate,1872,,,,demolished,Madison Street between State and Dearborn Streets,,,,theater,theater,,James H. McVicker,masonry,,,reconstruction,McVicker's Theatre II destroyed in 1871 fire,Prominent entertainment reconstruction in the burned district.,Under active reconstruction in August and intended for the fall 1872 season; exact opening date should be verified. Chicagology rebuilding045.,medium,true
CHI-POSTFIRE-CHI1872-056,CHI1872-056,1872,Michigan Avenue Methodist Episcopal Church,1871,1872,phase,1872,,,,demolished,Michigan Avenue,,,,church,Methodist worship,,Michigan Avenue Methodist Episcopal Church,masonry,,,partial_completion_and_dedication,,Church construction underway before/through the fire era outside the principal burned core.,"A portion was formally dedicated February 5 1872; full completion occurred during J. W. Phelps's 1873-74 pastorate, so this is not a full completion.",high,true
CHI-POSTFIRE-CHI1872-021,CHI1872-021,1872,Morrison Block III,1872,1872,approximate,1872,1911,year-only,redevelopment,demolished,southeast corner Clark and Madison Streets,,,,commercial block,store and offices,Carter & Drake,Mrs. O. Morrison,Joliet limestone; French Renaissance,4,,reconstruction,Morrison Block destroyed in 1871 fire,Permanent stone commercial replacement in the burned district.,"October 1872 description gives 90 by 100 feet and cost over $100,000; a January 1873 illustration shows completed rebuilt streetscape. Chicagology rebuilding103.",medium,true
CHI-POSTFIRE-CHI1872-020,CHI1872-020,1872,Morrison Building,1872,1872,approximate,1872,1910,year-only,redevelopment,demolished,northeast corner Clark and Madison Streets,,,,commercial block,stores and offices,,E. W. Morrison,Cleveland and Joliet stone,4,,reconstruction,Morrison commercial buildings destroyed in 1871 fire,Permanent stone-front reconstruction within the fire district.,"Plans reported February 1872; later account describes the completed building and about $100,000 cost. Distinct from the Morrison Block on the southeast corner. Chicagology rebuilding217.",medium,true
CHI-POSTFIRE-CHI1872-017,CHI1872-017,1872,Oriental Building II,1872,1872,approximate,1872,1907,year-only,redevelopment,demolished,12-18 North LaSalle Street; later 122 LaSalle,,,,commercial block,offices and commercial tenants,John M. Van Osdel,G. E. Walker,,5,,reconstruction,Oriental Building I destroyed in 1871 fire,Prominent commercial reconstruction in the burned district.,Contemporary May and October 1872 notices document construction and partial occupancy; final completion date needs directory/permit verification. Chicagology rebuilding042.,medium,true
CHI-POSTFIRE-CHI1872-001,CHI1872-001,1872,Page Brothers Building,1872,1872,year-only,1872,,,,extant-altered,177-191 North State Street; north facade on Lake Street,177-191 N State St,41.885472,-87.627594,commercial loft,retail and commercial,John M. Van Osdel,Page Brothers,masonry with cast-iron north facade,4,,reconstruction,pre-fire commercial building on site,Built during the first-year rebuilding under the post-fire fire-limits regime; its surviving cast-iron facade preserves a construction technique common before the fire.,Official City narrative dates the building to 1872; the State Street facade and fifth story are a separate 1902 phase.,high,false
CHI-POSTFIRE-CHI1872-023,CHI1872-023,1872,Pike's Block,1872,1872,year-only,1872,1955,year-only,redevelopment,demolished,166-172 State Street; southwest corner State and Monroe Streets,,,,commercial block,retail and offices,John W. Roberts,E. S. Pike,masonry,,,reconstruction,,Stone-and-masonry commercial rebuilding opposite the Palmer House.,Featured as a newly erected block in the October 1872 Land Owner; Chicagology rebuilding104.,medium,true
CHI-POSTFIRE-CHI1872-087,CHI1872-087,1872,Polk Street Bridge Reconstruction,1871,1872,range,1872,,,,replaced,Polk Street crossing South Branch,,,,movable bridge,transportation infrastructure,,City of Chicago,,,,reconstruction,Polk Street bridge rendered impassable in 1871 fire,Municipal infrastructure funded partly through Illinois canal-refund appropriation.,One of eight named bridges repaired immediately and completed within one year of the fire.,high,false
CHI-POSTFIRE-CHI1872-011,CHI1872-011,1872,Reed Block,1872,1872,year-only,1872,1925,year-only,redevelopment,demolished,northeast corner Lake Street and Wabash Avenue,,,,commercial block,hardware warehouse and salesrooms,Wheelock & Thomas,J. H. Reed,pressed brick; plate glass; galvanized-iron cornice,5,85,reconstruction,Hibbard & Spencer premises destroyed in 1871 fire,Permanent mercantile rebuilding in the fire district.,Contemporary April and October 1872 notices document construction and occupancy; footprint about 48 by 140 feet for the occupied portion. Chicagology rebuilding067.,medium,false
CHI-POSTFIRE-CHI1872-038,CHI1872-038,1872,Relic House,1872,1872,year-only,1872,1929,year-only,redevelopment,demolished,North Park Avenue and Centre Street; later Clark near Centre,,,,relic house,"cottage, restaurant, hall and saloon",,Albert Rettig,fused and salvaged fire debris,2,,new_construction,,Purpose-built from fire relics; not evidence of ordinary code-compliant construction.,"Constructed in 1872 from melted iron, glass, pottery and stone and later moved roughly 100 yards. Chicagology rebuilding046.",medium,true
CHI-POSTFIRE-CHI1872-025,CHI1872-025,1872,Robbins Building III,1872,1872,year-only,1872,1910,year-only,redevelopment,demolished,11-13 Fifth Avenue and 205-207 South Water Street,,,,commercial block,railway supplies,John M. Van Osdel,Robbins estate,cut-stone front; masonry,5,,reconstruction,Robbins Block destroyed in 1871 fire,Permanent commercial rebuilding in the burned district.,"Contemporary November 1872 account calls the 80-by-150-foot building rebuilt for about $100,000. Chicagology rebuilding101 also describes a related Lake Street block and a separate Ohio/Franklin manufacturing complex, not merged here.",medium,true
CHI-POSTFIRE-CHI1872-080,CHI1872-080,1872,Rush Street Bridge Reconstruction,1871,1872,range,1872,,,,replaced,Rush Street crossing Chicago River,,,,movable bridge,transportation infrastructure,,City of Chicago,,,,reconstruction,Rush Street bridge rendered impassable in 1871 fire,Municipal infrastructure funded partly through Illinois canal-refund appropriation.,One of eight named bridges repaired immediately and completed within one year of the fire.,high,false
CHI-POSTFIRE-CHI1872-070,CHI1872-070,1872,Sawyer Livery Stables,1872,1872,exact,1872,,,,demolished,9-11 Third Avenue,,,,stable,livery and boarding stable,,Joseph Sawyer,,,,new_construction,Dutton & Sawyer stables/business disrupted by 1871 fire,Stable construction presented elevated fire risk; material and ordinance compliance are not given.,Built January 1872 and occupied by Sawyer's livery business.,high,true
CHI-POSTFIRE-CHI1872-024,CHI1872-024,1872,Schweizer Block,1872,1872,approximate,1872,1888,year-only,redevelopment,demolished,northeast corner Madison and LaSalle Streets; 135 LaSalle,,,,commercial block,"bank, steamship agency and offices",,,,4,,reconstruction,,Commercial rebuilding inside the fire district.,"Shown as a new 1872 streetscape building; formal Anchor Line office opening occurred January 1873, so construction completion remains approximate. Chicagology rebuilding089.",medium,true
CHI-POSTFIRE-CHI1872-044,CHI1872-044,1872,St. Charles Hotel II,1872,1872,year-only,1872,,,,demolished,15-17 Clark Street,,,,hotel,hotel,,Raggio Brothers interests,masonry,,,reconstruction,pre-fire St. Charles Hotel destroyed in 1871 fire,Permanent hotel rebuilding in the fire district.,Andreas explicitly says rebuilt in 1872 and opened by Phil Conley; later Raggio return and remodeling belong to 1878.,high,false
CHI-POSTFIRE-CHI1872-058,CHI1872-058,1872,St. Matthew's German Evangelical Lutheran Church,1872,1872,year-only,1872,,,,demolished,"block between Twentieth, Twenty-first, Hoyne and Leavitt Streets",,,,church and school,Lutheran worship and parochial school,,St. Matthew's German Evangelical Lutheran Church,brick basement with frame upper story,2,,new_construction,,Mixed brick/frame construction outside the principal fire limits; no ordinance-compliance inference.,Trustees erected the two-story church-school in 1872; later 1875 and 1882 school buildings are excluded from this phase.,high,false
CHI-POSTFIRE-CHI1872-057,CHI1872-057,1872,St. Patrick's Church,,1872,phase,1872,,,,extant-altered,,,,,church,Catholic worship,,St. Patrick's parish,masonry,,,partial_completion_and_occupancy,,Construction predated the Great Fire and site lay west of the principal burned district.,"Basement, still in course of erection at the fire, first occupied in August 1872; 1873 interior work is a separate phase.",high,true
CHI-POSTFIRE-CHI1872-081,CHI1872-081,1872,State Street Bridge Reconstruction,1871,1872,range,1872,,,,replaced,State Street crossing Chicago River,,,,movable bridge,transportation infrastructure,,City of Chicago,,,,reconstruction,State Street bridge rendered impassable in 1871 fire,Municipal infrastructure funded partly through Illinois canal-refund appropriation.,One of eight named bridges repaired immediately and completed within one year of the fire.,high,false
CHI-POSTFIRE-CHI1872-077,CHI1872-077,1872,State Street Viaduct Reconstruction,1871,1872,range,1872,,,,replaced,State Street,,,,viaduct,transportation infrastructure,,City of Chicago,,,,reconstruction,State Street viaduct rendered impassable in 1871 fire,Municipal infrastructure funded partly through Illinois canal-refund appropriation.,One of three named viaducts repaired immediately and completed within one year of the fire.,high,false
CHI-POSTFIRE-CHI1872-012,CHI1872-012,1872,Superior Block,1872,1872,approximate,1872,1911,year-only,redevelopment,demolished,75-79 Clark Street opposite Court House,,,,commercial block,banks and offices,W. W. Boyington,"Fowler, Goodell and Walters",Lake Superior brownstone; central glazed court,4,,reconstruction,,"Promoted in 1872 as fireproof, with fire plugs and hose on each hall; claim is not treated as tested performance.",Nearly complete October 5 1872; three 22.5-foot facades and a central 30-foot glazed court. Chicagology rebuilding098.,medium,true
CHI-POSTFIRE-CHI1872-006,CHI1872-006,1872,Temporary City Hall and Court House,1871,1872,exact,1872,1885,year-only,redevelopment,demolished,southeast corner Adams and LaSalle Streets,,,,government building,"city offices, courts, recorder and law library",,City of Chicago,brick masonry built around former water-tank substructure,,,reconstruction,city and county offices destroyed in 1871 fire,Hastily built permanent-looking municipal replacement within the fire district; Andreas calls it a pile of brick and mortar lacking conveniences.,"Authorized within a week of the fire, covered about 178 feet square, completed and occupied by January 1 1872, and cost about $75,000 furnished.",high,false
CHI-POSTFIRE-CHI1872-086,CHI1872-086,1872,Van Buren Street Bridge Reconstruction,1871,1872,range,1872,,,,replaced,Van Buren Street crossing South Branch,,,,movable bridge,transportation infrastructure,,City of Chicago,,,,reconstruction,Van Buren Street bridge rendered impassable in 1871 fire,Municipal infrastructure funded partly through Illinois canal-refund appropriation.,One of eight named bridges repaired immediately and completed within one year of the fire.,high,false
CHI-POSTFIRE-CHI1872-083,CHI1872-083,1872,Wells Street Bridge Reconstruction,1871,1872,range,1872,,,,replaced,Wells Street crossing Chicago River,,,,movable bridge,transportation infrastructure,,City of Chicago,,,,reconstruction,Wells Street bridge rendered impassable in 1871 fire,Municipal infrastructure funded partly through Illinois canal-refund appropriation.,One of eight named bridges repaired immediately and completed within one year of the fire.,high,false
CHI-POSTFIRE-CHI1872-079,CHI1872-079,1872,Wells Street Viaduct Reconstruction,1871,1872,range,1872,,,,replaced,Wells Street,,,,viaduct,transportation infrastructure,,City of Chicago,,,,reconstruction,Wells Street viaduct rendered impassable in 1871 fire,Municipal infrastructure funded partly through Illinois canal-refund appropriation.,One of three named viaducts repaired immediately and completed within one year of the fire.,high,false
CHI-POSTFIRE-CHI1872-026,CHI1872-026,1872,William B. Pierce Building,1872,1872,year-only,1872,1949,year-only,redevelopment,demolished,335-337 Wabash Avenue; later 512-514 South Wabash,,,,commercial building,"china, glassware, guns and cutlery retail",C. M. Palmer (unconfirmed),William B. Pierce,iron front; masonry,4,,new_construction,,Iron-front commercial construction; relationship to fire limits requires parcel review.,Contemporary June 1872 account says the building had been erected and opened; architect attribution is unconfirmed. Chicagology rebuilding107.,medium,true
CHI-POSTFIRE-CHI1872-013,CHI1872-013,1872,William Blair Building,1872,1872,exact,1872,1941,year-only,redevelopment,demolished,172-176 Lake Street between LaSalle and Fifth Avenue,,,,warehouse,hardware warehouse and salesrooms,"Burling, Adler & Co.",William Blair & Co.,St. Louis pressed brick with brownstone trim,5,,reconstruction,,Masonry mercantile construction within the rebuilt business district.,"Contemporary October 1872 notice says just completed; about 60 by 144 feet with deeper basement, steam heat and elevators. Chicagology rebuilding155.",medium,false
CHI-POSTFIRE-CHI1872-052,CHI1872-052,1872,Briggs House II,1871,1873,approximate,1873,,,,demolished,Randolph Street at Fifth Avenue,,,,hotel,hotel,,Mr. Moss,red brick with stone facings,6,,construction_phase,Briggs House destroyed in 1871 fire,Permanent hotel rebuilding on the old site; completion belongs to 1873.,"Construction began immediately after the fire and continued through 1872; opened in 1873, reported building cost about $190,000.",high,false
CHI-POSTFIRE-CHI1872-060,CHI1872-060,1872,Church of the Messiah II,1872,1873,exact,1873,,,,demolished,Michigan Avenue and Twenty-third Street,,,,church,Unitarian worship,,Church of the Messiah,masonry church,,,foundation_phase,Church of the Messiah property sold for commercial use after the fire,Foundation stone laid fall 1872; cornerstone May 13 and dedication November 16 1873.,"Recorded as a foundation phase only; cost about $90,000 and seating about 800 upon completion.",high,false
CHI-POSTFIRE-CHI1872-061,CHI1872-061,1872,First Universalist Church II,1872,1873,year-only,1873,,,,demolished,Michigan Avenue between Sixteenth and Eighteenth Streets,,,,church,Universalist worship,,First Universalist Church,solid stone; modern Gothic,,,construction_start,First Universalist Church at Van Buren and Wabash lost in 1871 fire,Stone replacement farther south; direct ordinance evidence not located.,Construction began in 1872 and completed summer 1873; incomplete spire should not be counted as later separate building.,high,false
CHI-POSTFIRE-CHI1872-054,CHI1872-054,1872,Grace Methodist Episcopal Church,1872,1873,exact,1873,,,,demolished,LaSalle Avenue and Locust Street,,,,church,Methodist worship,,Grace Methodist Episcopal Church,Gothic masonry,,,construction_start,Grace Church destroyed in 1871 fire,Permanent replacement after a temporary post-fire chapel.,"Rebuilding began about mid-1872 and dedication occurred May 4 1873; reported total cost including lot and organ about $100,000.",high,false
CHI-POSTFIRE-CHI1872-050,CHI1872-050,1872,Grand Pacific Hotel II,1871,1873,year-only,1873,,,,demolished,"block bounded Jackson, Quincy, LaSalle and Clark Streets",,,,hotel,hotel,W. W. Boyington; John A. Rice operational guidance,Pacific Hotel Company,masonry,6,,construction_phase,Grand Pacific Hotel I destroyed in 1871 fire,Urgent post-fire reconstruction began before plans were complete; completion belongs to 1873.,Andreas includes the $1 million project among the major first-year starts; not counted as completed in 1872.,high,false
CHI-POSTFIRE-CHI1872-047,CHI1872-047,1872,Lake Shore and Michigan Southern / Chicago Rock Island Passenger Depot,1871,1873,year-only,1873,1901,year-only,redevelopment,demolished,southwest corner LaSalle and Van Buren Streets; head of LaSalle Street,,,,railroad station,joint passenger depot,W. W. Boyington,Lake Shore & Michigan Southern Railway; Chicago Rock Island & Pacific Railroad,white stone; masonry,3,,construction_phase,joint depot destroyed in 1871 fire,Large stone public-transport reconstruction in the post-fire city.,Andreas lists the depot among first-year projects; an August 1872 contemporary notice records the third story rising. Completion belongs to 1873. Chicagology rebuilding035.,high,false
CHI-POSTFIRE-CHI1872-048,CHI1872-048,1872,Lakeside Building,1871,1873,year-only,1873,1926,year-only,redevelopment,demolished,southwest corner Clark and Adams Streets,,,,publishing building,"printing, publishing and offices",Cass Chapman,Lakeside Publishing and Printing Company,Cleveland sandstone; Gothic Revival,6,,construction_phase,nearly completed pre-fire Lakeside Building destroyed in 1871 fire,Rebuilt with an explicit fire-resistant objective; completion belongs to 1873.,"Active rebuilding documented throughout 1872 after more than $100,000 pre-fire work was lost; Chicagology rebuilding010 transcribes contemporary notices.",high,false
CHI-POSTFIRE-CHI1872-049,CHI1872-049,1872,Palmer House II,1871,1873,year-only,1873,,,,demolished,State Street from Monroe toward Quincy and Wabash Avenue,,,,hotel,hotel,John M. Van Osdel,Potter Palmer,masonry hotel; foundations survived the fire,6,,construction_phase,Palmer House I destroyed in 1871 fire,"A leading attempt at fire-resistant hotel construction; contemporary 'entirely fireproof' language is recorded as aspiration, not verified performance.",Major construction continued through 1872; opening belongs to late 1873. Do not count as a 1872 completion.,high,false
CHI-POSTFIRE-CHI1872-051,CHI1872-051,1872,Sherman House III,1871,1873,year-only,1873,1910,approximate,redevelopment,demolished,northwest corner Clark and Randolph Streets,,,,hotel,hotel,William W. Boyington; Charles W. Cregar,Francis C. Sherman interests,stone-front masonry,7,,construction_phase,Sherman House II destroyed in 1871 fire,Major hotel reconstruction in the burned district; completion belongs to 1873.,"Andreas lists the $650,000 Sherman House among first-year projects but its opening was May 1 1873. Chicagology rebuilding004 has a conflicting 1872 life-span label; event dating follows Andreas.",high,false
CHI-POSTFIRE-CHI1872-063,CHI1872-063,1872,St. Michael's Church Reconstruction,1871,1873,year-only,1873,,,,extant-altered,North Side church lot,,,,church,Catholic worship,,St. Michael's parish,repaired masonry church,,,reconstruction_phase,St. Michael's Church destroyed in 1871 fire,Major repair of fire-damaged church; direct code evidence not located.,"Church repair was rapidly pushed at reported cost $40,000 while temporary worship continued; ready for occupancy fall 1873. Exact 1872 work fraction unknown.",high,true
CHI-POSTFIRE-CHI1872-053,CHI1872-053,1872,Tremont House IV,1871,1873,year-only,1873,,,,demolished,Lake and Dearborn Streets,,,,hotel,hotel,John M. Van Osdel,Couch estate,Amherst sandstone front,6,,construction_phase,Tremont House III destroyed in 1871 fire,Major stone-front hotel replacement; completion belongs to 1873.,"Contractor biography says a partnership dissolved after finishing Tremont work in 1872, but hotel chronology gives 1873 completion/opening; treated as 1872 construction phase only.",medium,true
CHI-POSTFIRE-CHI1872-005,CHI1872-005,1872,Delaware Building,1872,1874,range,,,,,extant-altered,36 West Randolph Street,36 W Randolph St,41.884630,-87.629276,commercial building,retail and offices,Wheelock & Thomas; Julius H. Huber (1889 work),,cast-iron base; precast concrete upper facade,5,,construction_start,,One of the few surviving Loop structures from the immediate post-fire rebuilding; 1889 work must be separated.,"Official date range is 1872-1874. Huber's steel-framed atrium, two added stories and lower-floor redesign belong to 1889.",high,true
CHI-POSTFIRE-CHI1872-075,CHI1872-075,1872,Second Chicago Lake Tunnel,1872,1874,exact,1874,,,,extant-altered,shore end at Chicago Water Works; lake crib; planned cross-city extension to Canal A,,,,water tunnel,municipal water supply,DeWitt Cregier; Steel & McMahon contractors,City of Chicago,subaqueous tunnel,,,construction_start,,Municipal water infrastructure; building-code context not applicable.,Contract work commenced July 12 1872 at shore end and October 2 at crib end; completion deadline July 1 1874.,high,false
CHI-POSTFIRE-CHI1872-004,CHI1872-004,1872,Lake-Franklin Group,1872,1875,range,,,,,extant,227-235 West Lake Street and 173-191 North Franklin Street,227-235 W Lake St & 173-191 N Franklin St,41.885408,-87.635135,commercial block,wholesaling and manufacturing,Burling & Adler; George H. Edbrooke,,masonry mercantile lofts with cast-iron columns,4,,construction_start,,Direct product of rebuilding after the 1871 fire; official narrative identifies characteristic post-fire commercial architecture.,Official date range is 1872-1875 and does not identify which surviving component began in 1872; retained as a start-year group record pending parcel-level permit research.,high,true
CHI-POSTFIRE-CHI1872-062,CHI1872-062,1872,St. James Episcopal Church Reconstruction,1872,1875,year-only,1875,,,,extant-altered,Cass Street at Huron Street,,,,church,Episcopal worship,,St. James Episcopal parish,masonry,,,construction_phase,St. James church ruined in 1871 fire,Permanent reconstruction from surviving/ruined church fabric; work interrupted by 1873 financial crisis.,"Rebuilding moved vigorously in 1872, stopped in 1873, resumed 1874, and first service in completed building occurred in 1875.",high,true
CHI-POSTFIRE-CHI1872-064,CHI1872-064,1872,St. Michael's Clergy House,1872,1876,year-only,1876,,,,extant-altered,St. Michael's parish property,,,,clergy house,clergy residence,,St. Michael's parish,masonry,,,partial_reconstruction,clergy house damaged in 1871 fire,Institutional fire reconstruction; direct ordinance evidence not located.,Partly restored in 1872 and completed in 1876; completion must not be assigned to 1872.,high,false
CHI-POSTFIRE-CHI1872-039,CHI1872-039,1872,Chicago Fire Monument,1872,,incomplete,,,,,removed,Central Park at the western termination of Washington Street; later Garfield Park,,,,monument,fire memorial,William Le Baron Jenney,West Chicago Park Commissioners and civic sponsors,salvaged burnt safes and masonry relics,,,cornerstone_and_incomplete_construction,,"A memorial reuse of fire debris, not an occupied building.",Cornerstone laid October 30 1872; project was never completed and remnants were later removed and sold as scrap. Chicagology rebuilding086 transcribes contemporary accounts.,medium,false
CHI-POSTFIRE-CHI1873-013,CHI1873-013,1873,Matteson House,,1872,year-only,1873,,,,demolished,,,,,hotel,hotel,,Robert Hill,,6,,occupancy_only,pre-fire Matteson House,"Post-fire hotel, but no 1873 construction event is established.","Finished late in 1872 and opened February 3, 1873. Included only to prevent the architecture-summary wording from inflating the 1873 completion count.",high,true
CHI-POSTFIRE-CHI1873-020,CHI1873-020,1873,Alexian Brothers' Hospital,1871,1873,year-only,1873,,,,demolished,site of the pre-fire Alexian Hospital,,,,hospital,hospital,,"Alexian Brothers; Chicago Relief and Aid Society contributed $18,000",brick; two stories over large cut-stone basement; mansard roof,2,,reconstruction,Alexian Brothers' Hospital destroyed in 1871 fire,Brick-and-stone institutional replacement in the burned district; no ordinance-specific evidence located.,"Completed in 1873 on the old site, with capacity for more than 100 patients.",high,true
CHI-POSTFIRE-CHI1873-015,CHI1873-015,1873,Alhambra Hotel,1873,1873,year-only,1873,,,,demolished,,,,,hotel,hotel,,John Keller,stone front,5,,new_construction,,Masonry hotel construction; direct code-compliance evidence not located.,Built in 1873 by John Keller and opened October 1 by William L. Newman; 112 rooms. Address and full canonical spelling need directory confirmation because the scan heading is degraded.,medium,true
CHI-POSTFIRE-CHI1873-011,CHI1873-011,1873,Briggs House II,1871,1873,approximate,1873,,,,demolished,Randolph Street at Fifth Avenue,,,,hotel,hotel,,Mr. Moss,red brick with stone; six stories,6,,reconstruction,pre-fire Briggs House on same site,Masonry replacement begun immediately after the fire; direct code-compliance evidence not located.,"Andreas says construction commenced immediately after the fire and the hotel reopened in 1873, but does not explicitly state the completion year; recorded as approximate and reviewable. Dimensions about 80 by 144 feet; reported building cost $190,000.",medium,true
CHI-POSTFIRE-CHI1873-044,CHI1873-044,1873,Burr School,1873,1873,year-only,1873,,,,demolished,,,,,school,public school,,Chicago Board of Education,brick; furnaces,3,,new_construction,,Brick public-school construction in the post-fire expansion period; code-specific evidence not stated.,"Andreas's construction table records a 71-by-81-foot three-story brick building heated by furnaces with 758 sittings and total value $26,500.",high,true
CHI-POSTFIRE-CHI1873-004,CHI1873-004,1873,Busby and Stuart Building,,1873,year-only,,,,,demolished,Crosby's Opera House site; Washington Street between State and Dearborn Streets,,,,commercial building,commercial,,Busby and Stuart,,,,reconstruction,Crosby's Opera House site,Permanent commercial rebuilding in the burned district; no direct code-compliance statement located.,Andreas lists it among prominent 1873 completions and explicitly identifies the old Crosby Opera House site.,medium,true
CHI-POSTFIRE-CHI1873-049,CHI1873-049,1873,Chicago Gas Light and Coke Company Bridgeport Works,1873,1873,year-only,1873,,,,demolished,foot of Deering Street in Bridgeport,,,,gas works,municipal gas production,,Chicago Gas Light and Coke Company,industrial gas-production plant,,,new_construction,,Industrial utility outside the principal burned core; fire-limit building-code implications were not established.,"Company bought the site and erected works in 1873 to serve the southwestern city at a reported cost of $150,000; Andreas says it was connected by mains to the other works.",high,false
CHI-POSTFIRE-CHI1873-032,CHI1873-032,1873,Chicago Public Library Book Room in the Old Water Tank,1872,1873,year-only,1873,,,,demolished,southeast corner LaSalle and Adams Streets,,,,adaptive-reuse library,public library book room and reading room,,City of Chicago; Chicago Public Library,surviving circular iron water tank,,,conversion,surviving pre-fire water tank,"Adaptive reuse of fire-surviving infrastructure, not new-code construction.","Chicago Public Library opened January 1, 1873 in the circular water tank. Recorded as a conversion/opening, not a newly erected building.",high,false
CHI-POSTFIRE-CHI1873-003,CHI1873-003,1873,Chicago Times Building,1872,1873,year-only,1873,,,,demolished,corner Washington Street and Fifth Avenue,corner Washington and Wells Streets,,,newspaper office and printing house,newspaper production and offices,James H. Willett,Chicago Times,masonry newspaper building,,,reconstruction,pre-fire Times facilities,Andreas presents it as an illustration of efforts toward fire-resistant post-fire construction; the claim is not upgraded to modern fireproof status.,Andreas and Chamberlin list it among 1873 completions; an October 1872 contemporary construction account identifies the architect and corner location.,high,false
CHI-POSTFIRE-CHI1873-028,CHI1873-028,1873,Church of the Messiah,1872,1873,year-only,1873,,,,demolished,Michigan Avenue and Twenty-third Street,,,,church,Unitarian worship,,Church of the Messiah congregation,,,,new_construction,,Permanent masonry-era church following post-fire institutional relocation; code specifics not stated.,"Foundation stone laid fall 1872, cornerstone May 13, 1873, dedicated November 16, 1873; auditorium seated 800 and total cost about $90,000.",high,false
CHI-POSTFIRE-CHI1873-010,CHI1873-010,1873,Clifton House II,1873,1873,year-only,1873,,,,demolished,northwest corner Wabash Avenue and Monroe Street,,,,hotel,hotel,,W. A. Jenkins and Ira Holmes,fine brick; six stories above basement,6,,reconstruction,pre-fire Clifton House; temporary Clifton at Washington and Halsted,Brick replacement in the fire district; source gives no ordinance-specific claim.,"Completed in the latter part of 1873 and opened that year; 80 feet on Wabash by about 180 feet deep, 225 rooms, building cost $237,400 and furniture $105,000.",high,false
CHI-POSTFIRE-CHI1873-018,CHI1873-018,1873,Clybourn Place Bridge,1873,1873,year-only,,,,,replaced,Clybourn Place crossing of the North Branch,,,,movable bridge,transportation infrastructure,,City of Chicago,combination Howe truss with iron turntable,,,infrastructure,,A permanent municipal transport improvement; not a building-code case.,"Built in 1873; length 140 feet and cost $13,700.",high,false
CHI-POSTFIRE-CHI1873-050,CHI1873-050,1873,Cook County Insane Asylum 1873 addition,1873,1873,year-only,1873,,,,demolished,Cook County farm near the County Infirmary,,,,institutional complex addition,psychiatric care,,Cook County,brick addition and added fourth story,4,,addition,Cook County Insane Asylum building of 1870,Institutional masonry enlargement; code-specific fire-resistance evidence not stated.,"A large addition was constructed and a fourth story added to the original building in 1873, increasing capacity to about 350 patients. Recorded as a phase of the asylum complex rather than a separate institution.",high,true
CHI-POSTFIRE-CHI1873-040,CHI1873-040,1873,First Methodist Episcopal Church Block IV,1872,1873,year-only,1873,1922,year-only,redevelopment,demolished,southeast corner Clark and Washington Streets,,,,mixed-use church and commercial block,Methodist worship; stores and offices,Edward Burling; Dankmar Adler,First Methodist Episcopal Church,masonry commercial block enclosing auditorium,,,reconstruction,First Methodist Episcopal Church property destroyed in 1871,"Post-fire mixed-use masonry replacement; commercial rents supported the congregation, while source evidence does not establish full fireproof construction.",Plans were complete by May 1872 and the 1874 directory locates the completed church block. The 1873 life-span assignment is retained with review because an exact dedication date was not located.,medium,true
CHI-POSTFIRE-CHI1873-022,CHI1873-022,1873,Fulton Street Methodist Episcopal Church Chapel,1873,1873,year-only,1873,,,,demolished,corner Fulton Street and Artesian Avenue,,,,chapel,Methodist worship,,Fulton Street Methodist Episcopal Church,,,,new_construction,,Outside the principal burned core; no fire-code inference.,"Building began August 9, was completed in October at a cost of $4,000, and was dedicated November 2, 1873.",high,false
CHI-POSTFIRE-CHI1873-021,CHI1873-021,1873,Grace Methodist Episcopal Church,1872,1873,year-only,1873,,,,demolished,LaSalle Avenue and Locust Street,,,,church,Methodist worship,,Grace Methodist Episcopal Church,Gothic; masonry edifice,,,reconstruction,Grace Methodist Episcopal Church destroyed in 1871 fire,More substantial replacement after a temporary post-fire chapel; source does not establish code details.,"Rebuilding began about mid-1872 and dedication occurred May 4, 1873; cost including lot and organ about $100,000; main room seated 1,500.",high,false
CHI-POSTFIRE-CHI1873-023,CHI1873-023,1873,Grace Presbyterian Church,1873,1873,year-only,1873,,,,demolished,Vincennes Avenue,,,,church,Presbyterian worship,,Grace Presbyterian Church,,,,new_construction,,No post-fire code claim; this was new south-side congregational construction.,"A lot was purchased and a building erected and dedicated July 27, 1873; the congregation later united into Sixth Presbyterian Church.",high,true
CHI-POSTFIRE-CHI1873-008,CHI1873-008,1873,Grand Pacific Hotel II,1871,1873,year-only,1873,,,,demolished,"block bounded Jackson, Quincy, LaSalle and Clark Streets",,,,hotel,hotel,W. W. Boyington; John A. Rice (operational guidance),Pacific Hotel Company,masonry hotel,6,,reconstruction,Grand Pacific Hotel I destroyed in 1871 fire,"Rebuilding began with urgency before plans were complete; the replacement was larger and costlier, but the source warns that 'fireproof' remained an unsettled claim.",Completed and opened in June 1873. Andreas reports a cost near $1 million in its architecture list and describes the reconstruction as guided operationally by John A. Rice.,high,false
CHI-POSTFIRE-CHI1873-053,CHI1873-053,1873,Holy Trinity Polish Church I,1873,1873,year-only,1873,1905,approximate,replaced,demolished,Noble Street area,1118 N Noble Street,,,church,Polish Catholic worship,,Holy Trinity Polish congregation,,,,new_construction,,Neighborhood church outside the principal burned commercial core; no ordinance-level fire-code evidence found.,Scholarly history states that the first church was built in 1873. It must not be conflated with the extant monumental church begun in 1905 and completed in 1906; precise first-building parcel and demolition date need parish-archive review.,medium,true
CHI-POSTFIRE-CHI1873-039,CHI1873-039,1873,Illinois Staats-Zeitung Building,1872,1873,year-only,1873,1962,year-only,redevelopment,demolished,northeast corner Fifth Avenue and Washington Street,northeast corner Wells and Washington Streets,,,newspaper office and commercial building,newspaper printing; offices; banking,Bauer & Loebnitz,A. C. Hesing; Illinois Staats-Zeitung Company,cut limestone front; Italian Renaissance; presses in basement,6,90,reconstruction,Illinois Staats-Zeitung premises destroyed in 1871,Contemporary plans described substantial stone construction but do not establish comprehensive fireproofing; a later two-story fireproof addition was separate.,The newspaper reported taking full possession by April 8 1873. Dimensions were 40 feet on Washington by 110 on Fifth Avenue with about 30 offices and one elevator.,high,false
CHI-POSTFIRE-CHI1873-019,CHI1873-019,1873,Inter-State Industrial Exposition Building,1873,1873,year-only,1873,1890,year-only,redevelopment,demolished,Lake Front at Michigan Avenue and Adams Street,,,,exposition hall,industrial and art exposition,W. W. Boyington,Inter-State Industrial Exposition investors,large iron-and-glass exposition hall,,,new_construction,,A showpiece of post-fire recovery; its construction system and temporary-exposition character should not be generalized to ordinary code compliance.,"Opened September 25, 1873. Art Institute archive metadata gives approximately 200 by 800 feet and more than 300 exhibitors; the official catalogue is contemporary evidence.",high,false
CHI-POSTFIRE-CHI1873-045,CHI1873-045,1873,Jones School II,1873,1873,year-only,1873,1874,year-only,fire,demolished,,,,,school,public school,,Chicago Board of Education,brick; steam heat,3,,reconstruction,Jones School destroyed in 1871 fire,Brick municipal replacement after the fire; the building's destruction the next year shows that masonry did not eliminate fire vulnerability.,"Andreas's table records a 76-by-84-foot three-story brick building with 976 sittings and value $42,000; narrative says it was occupied only one year before burning in 1874.",high,true
CHI-POSTFIRE-CHI1873-046,CHI1873-046,1873,King School,1873,1873,year-only,1873,,,,demolished,,,,,school,public school,,Chicago Board of Education,brick; furnaces,3,,new_construction,,Brick public-school construction in the post-fire expansion period; code-specific evidence not stated.,"Andreas's table records a 71-by-81-foot three-story brick building with 1,004 sittings and total value $27,000.",high,true
CHI-POSTFIRE-CHI1873-036,CHI1873-036,1873,LaSalle Building,1872,1873,year-only,1873,1908,year-only,redevelopment,demolished,northwest corner LaSalle and Madison Streets,2 N LaSalle Street,,,commercial bank and office building,banking and offices,Dixon & Hamilton,B. E. Gallup; Charles Hitchcock,Buena Vista sandstone; plate glass; iron and zinc cresting,,,reconstruction,,A contemporary 1873 account explicitly promoted it as fireproof; the database records that historical claim without asserting modern fireproof performance.,"Completed for occupancy after being four stories high in October 1872. A contemporary description gives dimensions of about 53 by 81 feet and cost near $200,000; Chamberlin includes it among 1873 completions.",high,false
CHI-POSTFIRE-CHI1873-035,CHI1873-035,1873,"Lake Shore & Michigan Southern and Chicago, Rock Island & Pacific Passenger Depot",1871,1873,year-only,1873,1901,year-only,replaced,demolished,southwest corner LaSalle and Van Buren Streets,LaSalle Street at Van Buren Street,,,railroad passenger station,passenger depot and railroad offices,W. W. Boyington,"Lake Shore & Michigan Southern Railway; Chicago, Rock Island & Pacific Railroad",Joliet limestone masonry depot and train shed,6,85,reconstruction,joint depot destroyed in the 1871 fire,Large permanent stone replacement within the post-fire reconstruction zone; contemporary sources still caution that material alone did not make a structure wholly fireproof.,"Opened June 1 1873; Chamberlin reports a cost of $750,000. The six-story front block and long train shed reused the pre-fire terminal site.",high,false
CHI-POSTFIRE-CHI1873-002,CHI1873-002,1873,Lakeside Building,1872,1873,year-only,,1926,year-only,redevelopment,demolished,southwest corner Clark and Adams Streets,,,,publishing and commercial building,"printing, publishing, offices",Cass Chapman,Lakeside Publishing and Printing Company,Cleveland sandstone exterior; six stories and basement,6,,reconstruction,pre-fire Lakeside Building on same site,Rebuilt with an explicit contemporary fireproof objective; Andreas identifies it as a Gothic-revival post-fire building.,"Andreas lists completion in 1873. Contemporary 1872 notices transcribed by Chicagology document active rebuilding, dimensions, material, architect attribution, and owner; a 1873 directory confirms occupancy.",high,false
CHI-POSTFIRE-CHI1873-026,CHI1873-026,1873,New England Congregational Church Stone Chapel,1872,1873,year-only,1873,,,,demolished,old chapel grounds behind the church lot,,,,chapel,Sunday school and congregational gatherings,,New England Congregational Church,stone chapel,,,reconstruction,New England Church property destroyed in 1871 fire,Permanent stone replacement following a temporary wooden post-fire structure.,"The scan says construction began early in the spring following the post-fire fundraising narrative; first service was September 14, 1873 and dedication September 23. Start year retained as 1872 but needs chronology review.",medium,true
CHI-POSTFIRE-CHI1873-009,CHI1873-009,1873,Palmer House II,1871,1873,year-only,1873,,,,demolished,State Street frontage between Monroe and Quincy; extending toward Wabash Avenue,,,,hotel,hotel,John M. Van Osdel,Potter Palmer,masonry hotel,6,,reconstruction,Palmer House I and foundations surviving the 1871 fire,"Andreas treats it as a leading effort to make the new city fire resistant, while explicitly noting that a generally accepted definition of fireproof construction did not yet exist.","Opened in late fall 1873. Andreas reports 76,550 square feet of ground coverage and estimated building cost of about $2 million, plus furnishings; later enlargements must not be attributed to the 1873 phase.",high,false
CHI-POSTFIRE-CHI1873-001,CHI1873-001,1873,Reaper Block,1872,1873,year-only,,1957,year-only,redevelopment,demolished,northeast corner Clark and Washington Streets,72-84 W Washington Street,,,commercial office block,stores and offices,John M. Van Osdel,Cyrus H. McCormick,stone-front masonry,6,65,reconstruction,Larmon Block site,Permanent masonry rebuilding in the burned civic core; later sources calling the building fireproof are not treated as proof of complete fire resistance.,Andreas and Chamberlin list it among 1873 completions; contemporary 1872 evidence shows construction underway. It had about 90 feet on Clark and 75 on Washington before later vertical enlargement.,high,false
CHI-POSTFIRE-CHI1873-012,CHI1873-012,1873,Revere House II,1871,1873,year-only,1873,,,,demolished,"Clark Street near Kinzie Street, north of the former site across an alley",,,,hotel,hotel,,Thomas Mackin,,,,reconstruction,pre-fire Revere House at Clark and Kinzie Streets,"Permanent post-fire replacement, shifted to adjoining premises; no code-specific claim.","Erected in 1871-72 and explicitly completed and opened in 1873 by E. S. Pinney. Later remodeling and two added stories belong to 1884, not this record.",high,false
CHI-POSTFIRE-CHI1873-051,CHI1873-051,1873,Rush Street water-supply tunnel,1873,1873,year-only,1873,,,,extant-altered,under Chicago River near Rush Street bridge,,,,water infrastructure,water-main river crossing,Chicago Board of Public Works contractors,City of Chicago,six-foot internal-diameter tunnel with two shafts,,,infrastructure,,Subsurface municipal infrastructure; building fire-code context not applicable.,"Commenced January 15 and completed May 19 1873 at reported cost $13,279.70; involved an 84-foot shaft at Michigan Avenue and 68-foot shaft at Pine Street connected by a 492-foot drift.",high,false
CHI-POSTFIRE-CHI1873-042,CHI1873-042,1873,Samuel Cole Building,1873,1873,year-only,1873,,,,extant-altered,233 W Lake Street and 185 N Franklin Street,233 W Lake Street,,,commercial loft,wholesale and manufacturing loft,Edward Burling; Dankmar Adler,Samuel Cole,load-bearing masonry; molded architectural terra cotta,4,,new_construction,,Permanent masonry loft in the post-fire wholesale district; official designation emphasizes its early architectural terra cotta rather than a complete fireproof system.,One of the Lake and Franklin Buildings and a rare surviving post-fire mercantile loft; a fifth story was added in 1896.,high,false
CHI-POSTFIRE-CHI1873-007,CHI1873-007,1873,Sherman House III,1871,1873,year-only,1873,,,,demolished,northwest corner Clark and Randolph Streets,,,,hotel,hotel,Charles W. Cregar,Francis C. Sherman interests,stone fronts on Clark and Randolph,7,,reconstruction,Sherman House II destroyed in 1871 fire,Masonry replacement in the post-fire business district; no direct ordinance-compliance statement located.,"Opened May 1, 1873; approximately 300 rooms and capacity for 500 guests. Andreas's architecture summary gives a cost of about $650,000.",high,false
CHI-POSTFIRE-CHI1873-038,CHI1873-038,1873,Singer Building I,1872,1873,year-only,1873,1877,year-only,fire,demolished,northeast corner State and Washington Streets,,,,department store,"Field, Leiter & Company retail dry goods store",,Singer Manufacturing Company,brown Portland sandstone; large open retail floors,6,,new_construction,"Field, Leiter & Company store destroyed in 1871",The August 1873 construction-stage fire exposed risks in the large open interior and vertical elevator passage despite a masonry exterior.,"Approximately 150 feet on Washington by 160 on State; reported cost $500,000. The building suffered a major roof and upper-floor fire on August 2 1873 immediately before the store opening, was repaired, and burned again in 1877.",high,false
CHI-POSTFIRE-CHI1873-005,CHI1873-005,1873,St. James Hotel,,1873,year-only,1873,,,,demolished,,,,,hotel,hotel,,,,,,reconstruction,pre-fire St. James Hotel,Permanent hotel rebuilding in the burned commercial core; direct ordinance compliance not established.,Named by Andreas among prominent edifices completed in 1873; the hotel-history chapter was insufficiently specific on address and fabric.,medium,true
CHI-POSTFIRE-CHI1873-030,CHI1873-030,1873,St. Paul's Universalist Church,1872,1873,year-only,1873,,,,demolished,Michigan Avenue between Sixteenth and Eighteenth Streets,,,,church,Universalist worship,,First Universalist Church,solid stone; modern Gothic,,,reconstruction,First Universalist Church at Van Buren and Wabash lost in 1871 fire,"Solid-stone post-fire replacement; spire remained incomplete, so completion refers to the usable main edifice.","Building began in 1872 and the house of worship was completed in summer 1873; reported cost including lot, organ and furniture about $180,000.",high,false
CHI-POSTFIRE-CHI1873-047,CHI1873-047,1873,Third Avenue School,1873,1873,year-only,1873,,,,demolished,State Street at Elm Street,,,,school,public school,,Chicago Board of Education,brick; furnaces,3,,new_construction,,Brick public-school construction in the post-fire expansion period; code-specific evidence not stated.,"Andreas's construction table records a 60-by-94-foot three-story brick building with 761 sittings and total value $26,250; the later site table associates Third Avenue School with State and Elm.",high,true
CHI-POSTFIRE-CHI1873-006,CHI1873-006,1873,Tremont House IV,1871,1873,year-only,1873,,,,demolished,Lake and Dearborn Streets,,,,hotel,hotel,J. M. Van Osdel,Couch estate,Amherst sandstone front; French Renaissance,6,,reconstruction,Tremont House III destroyed in 1871 fire,Substantial stone-front replacement in the fire district; source does not equate material with complete fireproofing.,"Completed two years after the fire and opened in 1873; nearly 50,000 square feet of ground and over 500 feet of frontage; contemporary cost summarized as about $500,000 in Andreas's architecture chapter.",high,false
CHI-POSTFIRE-CHI1873-029,CHI1873-029,1873,Unity Church II,1872,1873,year-only,1873,,,,demolished,old Unity Church site,,,,church,Unitarian worship,,Unity Church society,,,,reconstruction,Unity Church destroyed in 1871 fire,Rebuilt on the old site; source reports reconstruction cost but no ordinance-specific construction detail.,"Lecture room was usable in winter 1872-73; full house dedicated December 7, 1873; reconstruction including organ cost about $91,737.",high,true
CHI-POSTFIRE-CHI1873-048,CHI1873-048,1873,Vedder Street School,1873,1873,year-only,1873,,,,demolished,Vedder Street,,,,school,public school,,Chicago Board of Education,brick; furnaces,3,,new_construction,,Brick public-school construction in the post-fire expansion period; code-specific evidence not stated.,"Andreas's table records a 70-by-82-foot three-story brick building with 756 sittings and total value $26,250.",high,true
CHI-POSTFIRE-CHI1873-043,CHI1873-043,1873,William Rowney Building,1873,1873,year-only,1873,,,,extant,235 W Lake Street and 189 N Franklin Street,235 W Lake Street,,,commercial loft,wholesale and manufacturing loft,Edward Burling; Dankmar Adler,William Rowney,load-bearing masonry; Italianate commercial loft,4,,new_construction,,Permanent masonry loft in the post-fire wholesale district; direct fireproof-system evidence was not located.,One of the officially designated Lake and Franklin Buildings and a surviving component of the city's largest intact 1870s mercantile-loft ensemble.,high,false
CHI-POSTFIRE-CHI1873-052,CHI1873-052,1873,New lake-tunnel land extension,1873,1874,year-only,1874,,,,extant-altered,from lake tunnel across the city to planned West pumping works,,,,water infrastructure,water supply conveyance,Chicago Board of Public Works contractors,City of Chicago,subsurface tunnel with working and fire shafts,,,construction_start,,Subsurface municipal infrastructure; building fire-code context not applicable.,"Department ordered commencement in July 1873; working shafts were sunk at Illinois, Franklin, Polk and Waller Streets and fire shafts at Erie, Kinzie, Market and Taylor. Land and water structures were completed July 7 1874.",high,false
CHI-POSTFIRE-CHI1873-024,CHI1873-024,1873,Trinity Episcopal Church,1873,1874,year-only,1874,,,,demolished,Michigan Avenue and Twenty-sixth Street,,,,church,Episcopal worship,,Trinity Episcopal parish,stone; clerestory Gothic,,,cornerstone_and_construction_phase,Trinity church-edifice lost in 1871 fire,Stone replacement after the fire; completion belongs to 1874.,"Cornerstone laid July 1873; opened November 22, 1874; seating capacity 1,000 and reported cost $100,000. Counted as a 1873 phase, not a completion.",high,false
CHI-POSTFIRE-CHI1873-041,CHI1873-041,1873,Washington Block,1873,1874,year-only,1874,,,,extant,southwest corner Washington Street and Fifth Avenue,40 N Wells Street,41.8828166,-87.6341543,commercial office building,professional and commercial offices,Frederick & Edward Baumann,,limestone facade; isolated-pier foundations,5,,construction_phase,,"A permanent post-fire office building; its isolated-pier foundation is a structural advance, distinct from claims of fireproofing.","Official city findings date construction to 1873-1874. An October 1873 newspaper account found it approaching completion, so this is a start/progress row rather than a 1873 completion.",high,false
CHI-POSTFIRE-CHI1873-027,CHI1873-027,1873,Chicago Avenue Church,1873,1875,year-only,1875,,,,demolished,Chicago and LaSalle Avenues,,,,church,evangelical worship,,Chicago Avenue Church society,two stories and basement,2,,basement_phase,Illinois Street Tabernacle destroyed in 1871 fire,"Rebuilding began in 1873, but the panic limited that year's work to a roofed basement used temporarily.","Present building begun in 1873; only basement completed under a temporary roof, used for two years; full structure dedicated June 1875.",high,false
CHI-POSTFIRE-CHI1873-025,CHI1873-025,1873,St. James's Episcopal Church,1872,1875,year-only,1875,,,,extant-altered,Cass Street at Huron Street,,,,church,Episcopal worship,,St. James Episcopal parish,masonry church,,,interrupted_reconstruction_phase,St. James church damaged/destroyed in 1871 fire,"The 1873 financial crisis, not a code action, stopped work; completed fabric belongs to 1875.",Rebuilding moved vigorously forward until the financial crisis of 1873 caused complete suspension; work resumed in 1874 and first service in the completed building occurred in 1875.,high,true
CHI-POSTFIRE-CHI1873-016,CHI1873-016,1873,United States Post Office and Custom House,1873,1879,year-only,,,,,demolished,"block bounded Adams, Clark, Jackson and Dearborn Streets",,,,government building,"post office, customs, federal offices",,United States Government,,,,construction_start,,Andreas places the start within the post-fire reconstruction of public buildings; later completion must not be counted in 1873.,"Construction commenced in 1873. This is a start-year record only; design, contract, and completion details require federal archival follow-up.",high,true
CHI-POSTFIRE-CHI1873-014,CHI1873-014,1873,Brevoort House,,,occupancy-only,1873,,,,demolished,,,,,hotel,hotel,,unnamed Chicago banker,,5,,occupancy_only,,No 1873 construction inference is made from opening evidence alone.,Opened by Anderson Brothers in 1873; Andreas says it was built by a prominent banker but gives no construction year. Excluded from completion totals.,medium,true
CHI-POSTFIRE-CHI1873-017,CHI1873-017,1873,Cook County Criminal Court House and County Jail,1873,,phase,,,,,demolished,Michigan Street at Dearborn Street,,,,courthouse and jail,criminal court and incarceration,,Cook County,,,,construction_start,,Public masonry reconstruction after the fire; ordinance-specific evidence not located.,Andreas states that the connected courthouse and jail reconstruction commenced in 1873. Completion year and exact parcel geometry remain to be verified from county records.,high,true
CHI-POSTFIRE-CHI1873-037,CHI1873-037,1873,Honoré Hotel reconstruction,1873,,phase,,,,,demolished,northwest corner Dearborn and Adams Streets,,,,hotel,planned hotel; later post office and offices,Wheelock & Thomas,Henry H. Honoré,Joliet stone front; Renaissance style,6,,construction_start,pre-fire Honoré building destroyed in 1871,Masonry reconstruction in the burned core; the prolonged unfinished interior shows why exterior completion and occupancy must remain separate.,"Chamberlin called the hotel a fine structure of the year ending October 9 1873, but a later detailed account says reconstruction began in summer 1873 and stopped unfinished for lack of funds. Modeled only as a 1873 construction phase.",medium,true
CHI-POSTFIRE-CHI1873-031,CHI1873-031,1873,Mariners' Temple,1873,,phase,1873,,,,demolished,near Michigan and Market Streets,,,,mixed-use religious and lodging building,"church, sailors' home, stores",,Western Seamen's Friend Society,brick; five stories,5,,partial_completion_and_occupancy,"Bethel/Mariners' Church destroyed October 9, 1871",Enlarged brick replacement after the fire; only one story was finished in 1873.,"Cornerstone laid July 1873; five-story shell enclosed and one story finished, permitting church, Sunday-school and a 25-boarder sailors' home to operate. Not counted as a fully completed building.",high,false
CHI-POSTFIRE-CHI1873-034,CHI1873-034,1873,South Park preliminary works,1873,,phase,,,,,extant-altered,South Park lands south of the built-up city,,,,park infrastructure,public park,Frederick Law Olmsted and Calvert Vaux,South Park Commission,landscape and drainage works,,,preliminary_site_work,,Municipal landscape infrastructure; building-code context not applicable.,"Library of Congress curatorial history states that economic recession delayed preliminary construction until 1873 and that only limited progress occurred. Include as named city-form work, not as a building completion.",medium,true
CHI-POSTFIRE-CHI1873-033,CHI1873-033,1873,St. Mary's Church,,,occupancy-only,1873,,,,demolished,Wabash Avenue and Eldridge Court,,,,church,Catholic worship,,Roman Catholic Diocese of Chicago,,,,conversion,Plymouth Congregational Church building,Change of ownership and use rather than new construction.,"Bishop Foley purchased the Plymouth Church property in spring 1873; first Catholic service October 6, and it served as pro-cathedral until 1876. Excluded from completion totals.",high,false
CHI-POSTFIRE-CHI-1874-008,CHI-1874-008,1874,A. S. Piper & Co. ice-tool factory,1874,1874,exact year,1874,,,,later fate unknown,Ogden Avenue and Leavitt Street,,,,industrial factory,"ice tools, specialized wagons, and related equipment",,A. S. Piper & Co.,,,,new_construction,,West-side industrial location; fire-limit applicability needs parcel-level confirmation.,Andreas describes a large building erected in 1874 where the firm began manufacturing ice-industry tools and wagons.,high,false
CHI-POSTFIRE-CHI-1874-023,CHI-1874-023,1874,Adelphi Theatre conversion,1874,1874,exact reopening date,1874,1874,exact date,"destroyed in July 14, 1874 fire",destroyed,Northwest corner of Wabash Avenue and Congress Street,,,,theatre,variety theatre,conversion by Leonard Grover,George White and Frederick Clark (property); Leonard Grover (lessee),masonry theatre with combustible interior unknown,,,conversion_and_reopening,"Aiken's Theatre opened October 7, 1872",Within the 1871 fire limits; the 1874 destruction exposed continuing vulnerability of rebuilt structures.,"Leonard Grover converted Aiken's into the Adelphi and reopened it February 3, 1874. It was totally destroyed July 14 and never rebuilt.",high,false
CHI-POSTFIRE-CHI-1874-003,CHI-1874-003,1874,American Express Company Building,1872,1874,opening-supported completion,1874,1930,exact year,fire damage and demolition,demolished,72-78 Monroe Street,21-29 W Monroe St,,,commercial office and freight building,"express-company offices, freight handling, stores, halls",Henry Richardson,American Express Company,masonry with hardwood interior construction,6,,completion_and_opening_phase,post-fire replacement for company quarters,Within the 1871 fire limits; six-story post-fire commercial construction.,"The company announced removal into its new building on February 2, 1874. The Land Owner described a 90-by-190-foot, six-story-and-basement building begun in 1872; occupancy is direct, construction completion is inferred from the move-in and contemporary illustration.",high,false
CHI-POSTFIRE-CHI-1874-007,CHI-1874-007,1874,C. J. L. Meyer Chicago factory,1874,1874,exact year,1874,,,,later fate unknown,North Pier,,,,industrial millwork factory,"stairs, railings, balusters, sash, doors, and window frames",,C. J. L. Meyer,,,,new_construction,,Post-fire industrial construction; exact fire-limit location and structural material require confirmation.,"Andreas states that Meyer erected a Chicago factory in 1874 and links it with a large North Pier lumber yard. Address, dimensions, and structural system are not given.",medium,true
CHI-POSTFIRE-CHI-1874-025,CHI-1874-025,1874,Calumet & Chicago Canal & Dock Company railroad grading and track,1874,1874,annual infrastructure phase,1874,,,,later incorporated into rail network,"From Chicago, Rock Island & Pacific line about ten miles from the city to Calumet River harbor",,,,railroad infrastructure,freight and harbor connection,,"Calumet & Chicago Canal & Dock Company; Chicago, Rock Island & Pacific Railroad",graded roadbed and rail track,,,infrastructure_phase,none identified,Largely outside the 1874 municipal limits; ordinary city building-code rules may not apply.,"The company had graded a six-and-one-half-mile road to the Calumet harbor and conveyed it to the Rock Island company, which laid track during 1874. Included as a metropolitan infrastructure phase but flagged because much of the alignment lay beyond city limits.",medium,true
CHI-POSTFIRE-CHI-1874-021,CHI-1874-021,1874,Charles H. Wacker House / former coach house,1874,1874,NRHP inventory date,1874,,,moved and remodeled for residential use,extant/relocated/altered,North Park Avenue,1836 N Lincoln Park West,,,coach house / house,temporary residence and coach house; later single-family residence,unknown,Frederick Wacker; later Charles H. Wacker,wood-frame,2,,new_auxiliary_building,Frederick Wacker House at 1838 N Lincoln Park West,Near the fire-limit edge; wood construction and later relocation require parcel-level ordinance research.,District documentation treats 1836 as a Wacker residence with an 1874 date; later accounts describe it as the coach house/temporary home associated with 1838 and moved/remodeled in 1884. The original 1874 use and precise footprint need deed/permit confirmation.,medium,true
CHI-POSTFIRE-CHI-1874-014,CHI-1874-014,1874,Church of the Immaculate Conception reconstruction,1872,1874,completed in fall,1874,,,,demolished/unknown date,,,,,church,Roman Catholic worship,unknown,Church of the Immaculate Conception; Rev. P. T. Butler,brick with cut-stone foundations,,,post_fire_reconstruction_around_retained_basement,Pre-fire church destroyed above rubble-stone basement walls in October 1871,Post-fire masonry rebuilding reused surviving rubble basement walls.,"A temporary roof over the surviving basement served worshippers while a slightly larger church was built around it. Andreas states completion in fall 1874, dedication by Bishop Foley, and about $30,000 cost. Exact address remains unresolved because Chicago later had multiple parishes of this name.",high,true
CHI-POSTFIRE-CHI-1874-002,CHI-1874-002,1874,Cook County Criminal Court House and Jail complex,1873,1874,exact year,1874,1892,mixed/partial,court building replaced; jail survived longer,demolished,"Dearborn Street at Hubbard Street; block bounded by Michigan (Hubbard), Dearborn, Illinois, and Clark Streets",,,,government and correctional complex,"criminal court, county jail, sheriff/jailer residence",Armstrong & Egan,Cook County,masonry complex,,,complex_completion_and_opening_phase,North Market Hall site; post-fire replacement of county facilities,Within the 1871 fire limits; designed during the post-fire rebuilding and subject to masonry/fire-safety requirements.,The residence wing was occupied in February 1874 and the complex was expected ready by May 1; Chicago History Museum describes courthouse and jail as completed in 1874. Court and jail are kept as one complex-phase record because the contemporary account treats coordinated construction.,high,false
CHI-POSTFIRE-CHI-1874-022,CHI-1874-022,1874,Farragut Boat Club clubhouse at Thirteenth Street,1874,1874,exact year,1874,,,moved to Riverdale,relocated/reused,Foot of Thirteenth Street,,,,boathouse/clubhouse,rowing club and boat storage,,Farragut Boat Club,light temporary waterfront construction,,,replacement_temporary_building,"Farragut Boat Club boathouse at foot of Twenty-first Street, destroyed by storm in spring 1874",Waterfront structure; fire-limit/building-code treatment was likely specialized and needs confirmation.,"After a storm destroyed the 1873 boathouse, the club erected a replacement at the foot of Thirteenth Street for about $450. It was moved to Riverdale on the Calumet River in spring 1876.",high,false
CHI-POSTFIRE-CHI-1874-013,CHI-1874-013,1874,First Congregational Church reconstruction,1873,1874,exact completion date,1874,,,,demolished/unknown date,,,,,church,Congregational worship,unknown,First Congregational Church,,,,reconstruction,"First Congregational Church burned January 16, 1873",Post-fire reconstruction; fire-limit applicability and address require confirmation.,"Worship was held in the basement from spring 1873; the new cruciform building was completed February 15, 1874, resembled its predecessor externally, seated 1,800, and cost $105,000 including its organ.",high,true
CHI-POSTFIRE-CHI-1874-010,CHI-1874-010,1874,Former Engine Company 27,1874,1874,exact year,1874,,,,extant/altered,1244 N Wells Street,1244 N Wells St,,,firehouse,horse-drawn fire apparatus and company quarters,unknown,City of Chicago,brick masonry,2,,new_construction,,Near North Side construction after the Great Fire; masonry storefront-like facade.,Chicago's oldest intact firehouse; a rear/additional phase was built in 1907.,high,false
CHI-POSTFIRE-CHI-1874-011,CHI-1874-011,1874,Fourth Presbyterian Church at Rush and Superior,1873,1874,opened January 4; dedicated early 1874,1874,1912,approximate year,congregation relocated; stone reused elsewhere,demolished,Northwest corner of Rush and Superior Streets,,,,church,Presbyterian worship,John R. Neff,Fourth Presbyterian Church,rock-faced Athens stone,,,post_fire_reconstruction,"Fourth Presbyterian sanctuary destroyed October 8, 1871",Within/adjacent to the burned North Side and built under post-fire masonry requirements.,"Andreas records opening on January 4, 1874, a Latin-cross plan, about $80,000 cost, and 1,200 seats; the congregation's history independently names architect John R. Neff.",high,false
CHI-POSTFIRE-CHI-1874-020,CHI-1874-020,1874,Frederick Wacker House,1872,1874,conflicting source dates,1874,,,,extant/altered,North Park Avenue,1838 N Lincoln Park West,,,house,single-family residence,unknown,Frederick Wacker,wood-frame with Swiss Chalet/Italianate detailing,2,,completion_phase,temporary residence/coach-house relationship with 1836 property,Near the fire-limit edge; surviving wood construction illustrates that geography and ordinance enforcement must be modeled parcel by parcel.,"The NRHP district inventory gives built 1874; University of Illinois metadata gives 1872-73. The house has a broad veranda and carved trim, with a coach house to the rear. Completion year is retained as 1874 but flagged.",medium,true
CHI-POSTFIRE-CHI-1874-009,CHI-1874-009,1874,Illinois Charitable Eye and Ear Infirmary,1874,1874,exact year,1874,,,,demolished/unknown date,Peoria and West Adams Streets,,,,hospital/infirmary,ophthalmic and aural hospital,unknown,Illinois Charitable Eye and Ear Infirmary; State of Illinois; Chicago Relief and Aid Society,brick with stone trim,,,post_fire_reconstruction,"Infirmary destroyed October 9, 1871",Post-fire institutional rebuilding in masonry; precise fire-limit status needs confirmation.,"The 1874 building cost $42,693, accommodated more than 100 patients, and replaced temporary quarters at 137 N Morgan Street. The state supplied $28,000 and Relief and Aid funds helped buy the site.",high,false
CHI-POSTFIRE-CHI-1874-018,CHI-1874-018,1874,Jackson-Thomas House,1874,1874,exact year,1874,,,,extant/altered,7053 N Ridge Boulevard,7053 N Ridge Blvd,,,house,single-family residence,unknown,Andrew B. Jackson,wood-frame residence,2,,new_construction,,Built well outside the 1871 fire limits in the then-rural far North Side; wood construction remained possible there.,Italianate/Second Empire residence; L. H. Thomas acquired it in 1879 and a porch/entrance alteration occurred about 1910.,high,false
CHI-POSTFIRE-CHI-1874-006,CHI-1874-006,1874,Moody & Waters pie factory,1874,1874,season-specific contemporary-history report,1874,,,manufacturing moved to a newer building; structure reused,later fate unknown,Green Street near Lake Street,,,,industrial bakery,pie factory,unknown,Moody & Waters,brick and stone,3,,replacement_new_construction,20-by-36-foot one-and-a-half-story frame factory on the same lot,Location may have been near or outside the fire-limit edge; brick-and-stone replacement reflects post-fire industrial rebuilding practice.,"Erected spring 1874 on the old factory site; 35 by 126 feet. After an 1880 factory addition, this structure became offices, wagon house, and stable.",high,false
CHI-POSTFIRE-CHI-1874-001,CHI-1874-001,1874,Palmer House (second building),1871,1874,reported completion year,1873,1923,year,replaced by present hotel,demolished/replaced,State and Monroe Streets,,,,hotel,hotel,John M. Van Osdel (architect); Thomas Sollitt (builder/superintendent),Potter Palmer,masonry exterior with fire-resistive claims,7,,completion_phase,Palmer House destroyed October 1871,Within the 1871 fire limits; post-fire masonry and interior-safety rules applied.,"Andreas says Thomas Sollitt completed the Palmer House during 1874, while other summaries use an earlier opening or a 1875 completion. This row preserves the 1874 materially documented completion phase rather than treating opening as completion.",medium,true
CHI-POSTFIRE-CHI-1874-012,CHI-1874-012,1874,Second Presbyterian Church,1872,1874,year range endpoint,1874,,,,extant/reconstructed,Michigan Avenue at Twentieth Street,1936 S Michigan Ave,,,church,Presbyterian worship,James Renwick Jr.; Howard Van Doren Shaw (1900 reconstruction),Second Presbyterian Church,limestone masonry,,,completion_phase,Second Presbyterian Church pre-fire building destroyed in 1871,Post-fire masonry church; completed during the rebuilding era.,"The City landmark record gives 1874 construction; Encyclopedia of Chicago gives 1872-74. A 1900 fire destroyed much of the interior and Shaw directed reconstruction, so current fabric is not wholly 1874.",high,false
CHI-POSTFIRE-CHI-1874-016,CHI-1874-016,1874,St. Ignatius College main building west addition,1874,1874,exact addition year,1874,,,,extant/altered,West Twelfth Street,1076 W Roosevelt Rd,,,college building,Jesuit college classrooms and institutional use,Toussaint Menard; John P. Huber,Society of Jesus / St. Ignatius College,brick masonry,,,addition,St. Ignatius College main building begun 1869 and opened 1870,Outside the central burned district; masonry institutional construction nonetheless reflects the post-fire era.,"City landmark record identifies a west addition built in 1874. The event is an addition, not a new main building.",high,false
CHI-POSTFIRE-CHI-1874-015,CHI-1874-015,1874,St. Patrick's Commercial School building,1874,1874,exact year,1874,,,,demolished/unknown date,Desplaines Street near Adams Street,,,,school,Catholic boys' and commercial school,,St. Patrick's parish; Rev. Patrick J. Conway; Brothers of the Christian Schools,brick masonry,,,new_construction,,West Division masonry institutional building; parcel-level fire-limit status needs confirmation.,"Andreas credits Rev. Patrick J. Conway with erecting a large brick school on Desplaines Street in 1874, managed by the Brothers of the Christian Schools.",high,false
CHI-POSTFIRE-CHI-1874-019,CHI-1874-019,1874,Stephen A. Race House,1874,1874,exact year,1874,,,,extant/relocated/altered,Originally on Irving Park Road,3945 N Tripp Ave,,,house,single-family residence,unknown,Stephen A. Race,brick masonry,2,,new_construction,none identified,Built outside the 1871 fire limits; masonry residence.,"Italianate house built in 1874; moved in 1905 from Irving Park Road and modified, so current coordinates would represent the relocation rather than the original site.",high,false
CHI-POSTFIRE-CHI-1874-005,CHI-1874-005,1874,W. M. Hoyt wholesale building,1874,1874,directory-reported year,1874,,,,demolished/unknown date,North Dearborn Street near Kinzie Street,,,,commercial warehouse/store,wholesale grocery trade,,William M. Hoyt,brick masonry,3,,new_construction,,Within the 1871 fire limits; brick construction conforms to the post-fire ban on wood.,"The 1874 Lakeside directory describes a three-story brick building approximately 25 by 80 feet. Exact lot number, architect, and demolition date remain unresolved.",medium,true
CHI-POSTFIRE-CHI-1874-004,CHI-1874-004,1874,Washington Block,1873,1874,year range endpoint,1874,,,,extant,Washington and Wells Streets,40 N Wells St,,,office block,offices and commercial space,Frederick Baumann; Edward Baumann,,limestone masonry on isolated-pier foundation,5,,completion_phase,,Within the 1871 fire limits; masonry and foundation experimentation followed the fire.,City landmark record dates construction 1873-74 and emphasizes the Baumanns' isolated-pier foundation and tall load-bearing masonry design.,high,false
CHI-POSTFIRE-CHI-1874-024,CHI-1874-024,1874,Holy Name Cathedral construction,1874,1875,year range,1875,,,,extant/altered,State and Superior Streets,735 N State St,,,cathedral,Roman Catholic cathedral,Patrick Charles Keely,Roman Catholic Diocese of Chicago,stone masonry,,,construction_start,cathedral/church facilities destroyed in Great Chicago Fire,Near North Side post-fire ecclesiastical reconstruction in masonry.,"Included as a project begun in 1874 and completed in 1875, not counted as a 1874 completion. The 1874 start requires fuller primary-source confirmation; the Encyclopedia of Chicago gives 1874-75.",medium,true
CHI-POSTFIRE-CHI-1874-017,CHI-1874-017,1874,James Ward Public School original section,1874,1875,City record range 1874-75,1875,,,,extant/altered,2701 S Shields Avenue,2701 S Shields Ave,,,public school,Chicago public elementary school,"John Edelmann (prototype attribution); John C. Christensen, Normand S. Patton, and Johnston & Edelmann associated with phases",Chicago Board of Education,brick masonry,,,construction_start,none identified,Outside the central fire limits; post-fire public-school masonry construction.,Included because construction began in 1874 and completed in 1875. The City header gives 1874-75 while its narrative says built 1875; the exact architect assignment among original and later 1897/1924 phases needs archival verification.,medium,true
CHI-POSTFIRE-CHI1875-018,CHI1875-018,1875,Albert E. Kent Building,1875,1875,exact,1875,,,,extant/altered,175 N Franklin Street,175 N Franklin St,41.8855,-87.6353,warehouse/mercantile_loft,commercial warehouse/loft,George H. Edbrooke,Albert E. Kent,load-bearing masonry; cast-iron commercial details,,,new_construction,,"Within the post-fire central business district, the masonry loft reflects fire-limit construction and rapid wholesale-district rebuilding.",The City designation page gives the Lake-Franklin group range; the Commission report explicitly says the Kent Building was completed in 1875.,high,false
CHI-POSTFIRE-CHI1875-005,CHI1875-005,1875,All Saints Catholic parish first edifice,1875,1875,exact,1875,,,,demolished/replaced,Wallace Street and Twenty-fifth Place,,,,church/school,Catholic worship then parish school,,All Saints Catholic parish,substantial parish edifice; material not stated,,,new_construction,,Constructed after the 1874 citywide extension of fire limits; material should be confirmed from parish or permit records.,Father Edward J. Dunne first celebrated Mass in a nearby store and completed this first parish edifice in 1875; Andreas later described it as used as a school after a newer church was built.,high,true
CHI-POSTFIRE-CHI1875-022,CHI1875-022,1875,Baltimore and Ohio Railroad freight warehouse,1875,1875,exact,1875,,,,demolished/unknown,Baltimore and Ohio railroad grounds at South Chicago,,,,railroad_warehouse,freight handling,,Baltimore and Ohio Railroad,brick masonry,,,new_construction,,Brick industrial construction was consistent with expanded post-fire fire limits; exact jurisdictional limits at South Chicago require mapping.,"Andreas records a brick freight warehouse erected in Chicago in 1875 after the railroad acquired forty acres at South Chicago for depots, shops, and engine houses.",high,true
CHI-POSTFIRE-CHI1875-017,CHI1875-017,1875,Barker Building,1875,1875,exact,1875,,,,extant/altered,22-24 S Wabash Avenue,22-24 S Wabash Ave,41.88134,-87.62665,mercantile_loft,commercial loft,Wheelock and Thomas,John Barker,traditional load-bearing masonry,4,,new_construction,,A post-fire mercantile loft within the central fire limits used load-bearing masonry.,Official City Council proceedings separate the Haskell and Barker buildings from the later 1877 Atwater Building and give both an 1875 completion.,high,false
CHI-POSTFIRE-CHI1875-029,CHI1875-029,1875,Bemis and McAvoy brewery ice house,1875,1875,exact,1875,,,,demolished/unknown,West side of South Park Avenue near Twenty-third Street,,,,ice_house,brewery cold storage,,Downer & Bemis Brewing Company (later Bemis & McAvoy),masonry/industrial cold-storage structure,,,complex_addition,,Industrial complex lay outside the central burned district; code treatment and material require permit verification.,"One of four spacious ice houses erected west of South Park Avenue in 1872, 1874, 1875, and 1876. Group chronology permits a discrete 1875 addition but not a precise street number.",high,true
CHI-POSTFIRE-CHI1875-031,CHI1875-031,1875,Burling Row House District,1875,1875,exact,1875,,,,extant/altered,2225-2245 N Burling Street,2225-2245 N Burling St,41.9222,-87.6473,row_house_group,speculative residential row houses,Edward J. Burling; various permits,Multiple owners/developers,brick masonry; Italianate; common wooden cornice,3,,new_construction_group,,The ten houses were among the first neighborhood projects built after the city required fire-resistive masonry construction across Chicago.,Grouped development of ten brick row houses. Unit-level permit and first-owner decomposition is deferred; the group record prevents false precision while representing all ten units.,high,true
CHI-POSTFIRE-CHI1875-023,CHI1875-023,1875,Chicago and Pacific Elevator A,1875,1875,exact,1875,,,,demolished/unknown,Along the Chicago and Pacific Railroad,,,,grain_elevator,grain storage and transfer,,William H. Harper,grain-elevator structure; material unknown,,,new_construction,,Industrial structure outside the central fire area; construction material and fire-code treatment require confirmation.,"Built by William H. Harper in 1875 with a reported capacity of 650,000 bushels; location and structural system remain a research priority.",high,true
CHI-POSTFIRE-CHI1875-025,CHI1875-025,1875,Chicago bridge-house construction program,1875,1875,exact,1875,,,,demolished/unknown,Several Chicago River bridge sites,,,,bridge_house_program,bridge-tender houses,,Chicago Board of Public Works,brick masonry,,,multi_site_program,,Brick bridge houses explicitly replaced or avoided vulnerable wood service structures after the fires.,"Andreas OCR reads 'several' new brick bridge-houses built from March 1 through December 31, 1875. The number and individual locations require the original Board of Public Works report; retained as one program record to avoid invented identities.",medium,true
CHI-POSTFIRE-CHI1875-011,CHI1875-011,1875,Cook County Hospital two medical pavilions,1875,1875,exact,1875,1913,circa,replaced by later hospital complex,demolished/replaced,Between Wood and Lincoln Streets and Harrison and Polk Streets,Cook County Health campus near 1835 W Harrison St,41.8730,-87.6718,hospital_complex,county hospital medical wards,,Cook County,red brick with stone trim; pavilion plan,4,,new_construction,,Institutional masonry construction reflected post-fire concern for separation and fire resistance; outside the 1871 burned district.,"General design and two medical-pavilion plans adopted May 24, 1875; both pavilions erected that year. This grouped record represents two named functional structures and should later be decomposed if pavilion identifiers emerge.",high,true
CHI-POSTFIRE-CHI1875-013,CHI1875-013,1875,Cyrus Hall McCormick mansion,,1875,contemporary_report,1875,1954,year,demolished for redevelopment,demolished,135 Rush Street,675 N Rush St,41.8949,-87.6257,mansion,private residence,,Cyrus Hall McCormick,Lake Superior sandstone; German Renaissance,3,,completion_or_occupancy_phase,McCormick residence destroyed in the Great Chicago Fire,Substantial stone construction in the rebuilt Near North Side met post-fire fire-limit expectations.,"A contemporary February 21, 1875 account describes the completed three-story mansion. Start year and later demolition date require permit/property verification.",medium,true
CHI-POSTFIRE-CHI1875-021,CHI1875-021,1875,Daily Drover's Journal printing house,1875,1875,exact,1875,,,,demolished/unknown,Immediately outside the main entrance to the Union Stock Yards,,,,printing_house,newspaper printing and offices,,H. L. Goodall & Co. / Union Stock Yard interests,masonry/unknown,,,new_construction,,Located outside the central fire area; exact material and code jurisdiction need verification.,Andreas identifies the 1875 printing house as occupied by H. L. Goodall & Co.'s Daily Drover's Journal. Kept separate from the post-office building.,high,true
CHI-POSTFIRE-CHI1875-014,CHI1875-014,1875,Emmel Building,1875,1875,exact,1875,,,,extant/altered,Wells Street,1357 N Wells St,41.9067,-87.6345,store_and_flat,Peter Emmel painting/decorating business and family residence,,Peter Emmel,masonry; carved stone facade; Italianate,3,,new_construction,,Built in the Near North Side after post-fire restrictions; masonry store-and-flat form replaced fire-lost property.,"Purpose-built for German immigrant painter and decorator Peter Emmel, with commerce below and family rooms above.",high,false
CHI-POSTFIRE-CHI1875-004,CHI1875-004,1875,First Baptist Church at Thirty-first Street,1874,1875,exact,1875,,,,extant/altered,South Park Avenue and Thirty-first Street,3101 S King Dr,41.8381,-87.6174,church,Baptist worship,Willcox and Miller,First Baptist Church of Chicago,brick and stone masonry; Gothic Revival,,,new_construction,"First Baptist Church on Wabash Avenue destroyed in the fire of July 14, 1874",The July 1874 fire accelerated relocation southward; the replacement used substantial masonry construction.,Construction began by November 1874 and the main church was completed in 1875; the attached Sunday-school portion is reported as 1876. The building now houses Olivet Baptist Church.,high,false
CHI-POSTFIRE-CHI1875-032,CHI1875-032,1875,Fremont Row House District,1875,1875,exact,1875,,,,extant/altered,2100-2144 N Fremont Street (even addresses),2100-2144 N Fremont St,41.9197,-87.6505,row_house_group,speculative residential row houses,Edward J. Burling,Multiple owners/developers,brick masonry; Italianate; common wooden cornice,3,,new_construction_group,,The twenty masonry houses are among the earliest large surviving groups erected after Chicago banned new wood-frame construction.,Grouped development of twenty row houses conceived as a unified composition. Unit-level permit and first-owner decomposition is deferred.,high,true
CHI-POSTFIRE-CHI1875-037,CHI1875-037,1875,Fullerton Avenue pile bridge,1874,1875,fiscal_year_report,1875,,,,demolished/replaced,Fullerton Avenue,,,,bridge,road crossing,,Chicago Board of Public Works,timber pile bridge,,,completion_reported_in_fiscal_year,,A wooden exception outside the core fire area; the relation to later 1878 Fullerton structures needs entity resolution.,"Reported in the Board of Public Works year ending March 31, 1875 as a 225-foot by 20-foot pile bridge costing $1,490. Exact calendar completion and location require the annual report.",medium,true
CHI-POSTFIRE-CHI1875-016,CHI1875-016,1875,Haskell Building,1875,1875,exact,1875,,,,extant/altered,18-20 S Wabash Avenue,18-20 S Wabash Ave,41.88142,-87.62665,mercantile_loft,commercial loft,Wheelock and Thomas,Frederick Haskell,traditional load-bearing masonry,4,,new_construction,,A post-fire mercantile loft within the central fire limits used load-bearing masonry; lower floors were remodeled by Louis Sullivan in 1896.,Official City Council proceedings separate the Haskell and Barker buildings from the later 1877 Atwater Building and give both an 1875 completion.,high,false
CHI-POSTFIRE-CHI1875-001,CHI1875-001,1875,Holy Name Cathedral,1874,1875,exact,1875,,,,extant/altered,State and Superior Streets,735 N State St,41.8959,-87.6280,cathedral,Roman Catholic cathedral,Patrick Charles Keely; John M. Dunphy (builder),Diocese of Chicago,solid rock-faced stone masonry; Gothic roof,,210,new_construction,Cathedral of St. Mary and Church of the Holy Name destroyed in 1871,Within the expanded fire-limits context; an all-masonry ecclesiastical replacement followed the destruction of two Catholic predecessors.,"Cornerstone laid July 19, 1874; completed and dedicated November 21, 1875. Andreas OCR gives an inconsistent November 1 opening, so the cathedral and Chicago History Museum date controls.",high,false
CHI-POSTFIRE-CHI1875-010,CHI1875-010,1875,James Ward Public School original section,1874,1875,exact,1875,,,,extant/altered,2703 S Shields Avenue,2703 S Shields Ave,41.8432,-87.6352,school,Chicago public elementary school,John Edelmann design influence; Johnston and Edelmann associated,Chicago Board of Education,brick masonry; Italianate,,,completion_phase,,Post-fire public-school construction used durable masonry outside the central burned district.,The City gives a 1874-75 range and states the earliest section was built in 1875; later 1897 and 1924 additions are separate phases.,high,false
CHI-POSTFIRE-CHI1875-007,CHI1875-007,1875,Kehillath Anshe Maarabh Temple,,1875,exact,1875,,,,demolished/unknown,Indiana Avenue and Twenty-sixth Street,,,,synagogue,Jewish worship,,Kehillath Anshe Maarabh congregation,masonry temple,,,completion_phase,KAM temple destroyed in the 1874 Chicago fire,The temple was a masonry replacement after the 1874 fire and the extension of the city fire limits.,"Institutional history gives a February 5, 1875 dedication; the construction start remains unverified. This is not the 1890-91 KAM building later used as Pilgrim Baptist Church.",medium,true
CHI-POSTFIRE-CHI1875-033,CHI1875-033,1875,Lincoln Avenue Row House District,1875,1875,exact,1875,,,,extant/altered,1928-1936 N Lincoln Avenue,1928-1936 N Lincoln Ave,41.9171,-87.6365,row_house_group,speculative residential row houses,,Andrew McNally,Joliet limestone masonry; Italianate,3,,new_construction_group,,Durable masonry speculative housing followed the expanded post-fire fire limits and citywide wood-construction ban.,Five-address row-house group built by printer and mapmaker Andrew McNally. Unit-level permit and first-occupant decomposition is deferred.,high,true
CHI-POSTFIRE-CHI1875-024,CHI1875-024,1875,Madison Street bridge reconstruction,1875,1875,exact,1875,,,,demolished/replaced,Madison Street over the Chicago River,,,,movable_bridge,road and pedestrian crossing,,Chicago Board of Public Works,iron superstructure; swing draw,,,reconstruction,,Municipal iron reconstruction reflected the broader post-fire replacement of vulnerable timber infrastructure.,"Completed between March 1 and December 31, 1875: 156.4-foot draw, 18-foot roadway, two 6-foot sidewalks; reported total cost $15,000.",high,false
CHI-POSTFIRE-CHI1875-028,CHI1875-028,1875,Main Street bridge main-structure rebuild,1875,1875,exact,1875,,,,demolished/replaced,Main Street over the South Branch,,,,movable_bridge,road crossing,,City of Chicago,main structure rebuilt; material unclear in OCR table,,,reconstruction,,Municipal bridge rebuilding formed part of the post-fire shift toward iron and combination structures.,Andreas's 1884 bridge inventory footnotes the 1868 Main Street bridge as having its main structure rebuilt in 1875. The responsible contractor and exact scope need the annual report.,medium,true
CHI-POSTFIRE-CHI1875-012,CHI1875-012,1875,McCormick Double House,1875,1875,exact,1875,,,,extant/altered,Rush Street at Erie Street,660 N Rush St,41.89428,-87.62572,double_house,two related family residences,Frederick and Edward Baumann,Leander James McCormick and Robert Hall McCormick,Joliet limestone-clad masonry; Italianate,3,,new_construction,,A masonry mansion within the rebuilt Near North Side conformed to post-fire fire-limit requirements.,Built as a double house for industrialist Leander J. McCormick and his son Robert H. McCormick; the most intact McCormick-family mansion remaining in the former 'McCormickville' area.,high,false
CHI-POSTFIRE-CHI1875-030,CHI1875-030,1875,New Adelphi Theatre conversion,1874,1875,exact,1875,1882,year,demolished for First National Bank building,demolished,Northwest corner of Dearborn and Monroe Streets,,,,theatre,theatrical performance,,Manager Grover and associates,reuse of surviving masonry post-office walls; heavily trussed roof and suspended galleries,,,conversion,Old Post-Office building shell,"Reuse of strong surviving masonry walls complied in form with fire-limit construction, but the narrow exits and suspended upper galleries created severe life-safety hazards.","Opened January 11, 1875 after converting the surviving old Post Office walls into Chicago's then-largest theatre. Andreas later criticized its two narrow upper-gallery exits as fire traps.",high,false
CHI-POSTFIRE-CHI1875-038,CHI1875-038,1875,North Halsted Street railroad viaduct,1874,1875,fiscal_year_report,1875,,,,demolished/replaced,North Halsted Street over Chicago and North-Western and connecting railroad tracks,,,,railroad_viaduct,grade-separated street crossing,,City of Chicago and railroad companies,iron superstructure on substantial substructure,,,completion_reported_in_fiscal_year,,Iron grade separation responded to post-fire traffic expansion and reduced conflicts with dense rail infrastructure.,"Reported in the Board of Public Works year ending March 31, 1875; 62 feet overall and 26 feet high, total cost $125,683.01, with railroads contributing $87,607.77. Exact calendar completion requires the report.",medium,true
CHI-POSTFIRE-CHI1875-035,CHI1875-035,1875,Ogden Canal bridge,1874,1875,fiscal_year_report,1875,,,,demolished/replaced,Over Ogden Canal,,,,movable_bridge,road crossing,,Chicago Board of Public Works,iron superstructure; 228-foot draw,,,completion_reported_in_fiscal_year,,Iron municipal construction formed part of the post-fire replacement of timber bridges.,"Reported in the Board of Public Works year ending March 31, 1875 at a cost of $29,945. Exact calendar completion could fall in 1874 or early 1875 and requires the underlying report.",medium,true
CHI-POSTFIRE-CHI1875-036,CHI1875-036,1875,Randolph Street bridge,1874,1875,fiscal_year_report,1875,,,,demolished/replaced,Randolph Street over the Chicago River,,,,movable_bridge,road crossing,,Chicago Board of Public Works,iron superstructure; 157-foot draw,,,completion_reported_in_fiscal_year,,Iron municipal construction formed part of the post-fire replacement of timber bridges.,"Reported in the Board of Public Works year ending March 31, 1875 with an 18-foot roadway and two 7-foot sidewalks at a cost of $10,850. Exact calendar completion requires the annual report.",medium,true
CHI-POSTFIRE-CHI1875-002,CHI1875-002,1875,St. James's Episcopal Church reconstruction,1872,1875,exact,1875,,,,extant/altered,Cass Street at Huron Street,65 E Huron St,41.8944,-87.6255,church,Episcopal worship,Edward J. Burling and Dankmar Adler; John H. Edelmann (assisting),St. James Episcopal parish,masonry church incorporating surviving stone walls and bell tower,,,completed_reconstruction,St. James church largely destroyed in the Great Chicago Fire,A post-fire masonry reconstruction retained documented surviving fabric rather than representing a wholly new identity.,"Work was suspended by the 1873 financial crisis, resumed in 1874, and the first service in the completed building was held in 1875; soot-darkened tower fabric survives.",high,false
CHI-POSTFIRE-CHI1875-006,CHI1875-006,1875,St. Patrick's boys' school building,1875,1875,exact,1875,,,,demolished/unknown,Adjacent to St. Patrick's Church near Adams and Desplaines Streets,,,,school,parochial boys' school,,St. Patrick's Catholic parish,brick masonry,,,new_construction,,Brick construction conformed to the post-fire prohibition on new wood buildings within city limits.,"Large brick school erected by Rev. P. J. Conway at a reported cost of $24,000; operated by the Brothers of the Christian Schools with about 600 pupils in Andreas's account.",high,true
CHI-POSTFIRE-CHI1875-019,CHI1875-019,1875,Union Stock Yard Gate,,1875,circa,1875,,,,extant,Exchange Avenue at Peoria Street,Exchange Ave at Peoria St,41.81867,-87.64877,gate,main entrance to Union Stock Yard,Burnham and Root,Union Stock Yard and Transit Company,limestone masonry with central arch,,,completion_phase,Union Stock Yard original 1865 entrance complex,Outside the central burned district; durable stone construction nevertheless embodies post-fire rebuilding-era masonry practice.,City record dates the surviving limestone gate circa 1875; exact construction start is unverified. It must not be conflated with the original 1865 stockyard complex or gate fabric.,high,false
CHI-POSTFIRE-CHI1875-020,CHI1875-020,1875,Union Stock Yard post-office building,1875,1875,exact,1875,,,,demolished/unknown,Immediately outside the main entrance to the Union Stock Yards,,,,post_office,postal service for the stockyards,,Union Stock Yard and Transit Company,masonry/unknown,,,new_construction,,Located outside the central fire area; exact material and code jurisdiction need verification.,Andreas states that a post-office building was built in 1875 just outside the yards' main entrance. Kept separate from the contemporaneous printing house.,high,true
CHI-POSTFIRE-CHI1875-026,CHI1875-026,1875,Blue Island Avenue viaduct construction,1875,1876,exact,1876,,,,demolished/replaced,Blue Island Avenue at Throop Street over railroad tracks,,,,railroad_viaduct,grade-separated street crossing,Cox Brothers (substructure); Keystone Bridge Company (superstructure),City of Chicago and affected railroads,wrought-iron truss and plate girders,,,construction_start,,Post-fire municipal infrastructure used iron superstructures and masonry substructures to reduce fire risk and separate expanding rail traffic.,"Construction began October 15, 1875 and was completed August 25, 1876 at a reported total cost of $102,173.99; included for exact start phase only.",high,false
CHI-POSTFIRE-CHI1875-009,CHI1875-009,1875,Centennial Baptist Church construction,1875,1876,exact,1876,,,,demolished/unknown,Southeast corner of Lincoln and Jackson Streets,,,,church,Baptist worship,,Centennial Baptist Church,brick Gothic church,,,construction_start_or_major_phase,,Brick construction followed the 1874 extension of fire limits across Chicago.,"The society formed in 1875; its $8,000 brick building was dedicated on the first Sunday of January 1876, placing its principal construction in 1875.",medium,false
CHI-POSTFIRE-CHI1875-003,CHI1875-003,1875,Chicago Avenue Church construction,1873,1876,year-only,1876,1915,year,replaced after congregation moved,demolished,Chicago and LaSalle Avenues,,,,church,evangelical worship,John H. Edelmann and Joseph S. Johnston,Chicago Avenue Church society,masonry superstructure over a two-story basement,,,continuing_construction,Illinois Street Church destroyed in 1871,Within the North Side fire limits; the permanent masonry project replaced a temporary tabernacle and roofed basement.,"Included as a documented 1875 continuation, not a 1875 completion. The roofed basement served for roughly two years; institutional history places full completion and dedication in 1876, correcting an earlier annual-row chronology.",medium,true
CHI-POSTFIRE-CHI1875-034,CHI1875-034,1875,DuPont-Whitehouse House,1875,1876,year_range,1876,,,,extant/relocated,Originally at Thirty-sixth Street and Western Avenue,3558 S Artesian Ave,41.8291,-87.6867,house,company superintendent residence,Oscar Cobb and Company,DuPont explosives company,brick masonry; Italianate,2,,construction_start_or_major_phase,,Brick construction reflected the post-1874 citywide fire limits; industrial-company context raises additional safety significance.,"Built 1875-76 for gunpowder-plant superintendent Junot Whitehouse and moved one block in 1920. Included for the 1875 phase, not counted as a 1875 completion.",high,false
CHI-POSTFIRE-CHI1875-008,CHI1875-008,1875,Sinai Temple construction,1875,1876,exact,1876,,,,demolished,Indiana Avenue and Twenty-first Street,,,,synagogue,Reform Jewish worship,Burling and Adler,Chicago Sinai Congregation,masonry; mixed Gothic and Oriental design,,,construction_start_or_major_phase,Sinai synagogue at Plymouth Court and Van Buren destroyed in 1871,A substantial masonry temple replaced the congregation's fire-destroyed downtown synagogue as members moved south.,"The structure was erected during 1875-76 and dedicated April 8-9, 1876. Included for its distinct 1875 construction phase, not counted as a 1875 completion.",medium,false
CHI-POSTFIRE-CHI1875-015,CHI1875-015,1875,William Waller House,1875,1876,year_range,1876,,,,extant/altered,Dearborn Street,1012 N Dearborn St,41.90083,-87.63028,house,private residence,,William Waller,stone masonry; Italianate/Tuscan Villa,,,construction_start_or_major_phase,,Stone residential construction followed Near North Side rebuilding and fire-limit requirements.,National Register documentation gives 1875-76. Included for the 1875 start/phase and not counted as a 1875 completion.,high,false
CHI-POSTFIRE-CHI1875-027,CHI1875-027,1875,Harrison Street bridge construction,1875,1877,exact,1877,,,,demolished/replaced,Harrison Street over the Chicago River,,,,movable_bridge,road and pedestrian crossing,American Bridge Company,City of Chicago,wrought-iron turn-table swing bridge,,,construction_start,,Iron municipal bridge construction continued the post-fire replacement of timber infrastructure.,"Work began June 22, 1875 but land-condemnation litigation delayed completion until October 23, 1877; included for exact 1875 start phase.",high,false
CHI-POSTFIRE-CHI1876-003,CHI1876-003,1876,Fuller Street Bridge destruction,1865,1865,exact,1865,1876,exact,"destroyed by the gale of May 5, 1876",destroyed,Fuller Street crossing of the Chicago River,,,,bridge,street and pedestrian river crossing,,City of Chicago,wood,,,destruction_event,,The destroyed wooden bridge predated the 1874 citywide prohibition on new wood construction.,"The $7,500 wooden bridge erected in 1865 was destroyed on May 5, 1876. This is a physical-loss event, not 1876 construction.",high,false
CHI-POSTFIRE-CHI1876-022,CHI1876-022,1876,Bemis and McAvoy brewery 1876 ice house,1876,1876,year-only,1876,,,,demolished/unknown,West side of South Park Avenue near Twenty-third Street,,,,ice_house,brewery cold storage,,Bemis & McAvoy Brewing Company,industrial cold-storage structure; exact material not stated,,,complex_addition,Bemis and McAvoy brewery complex,"Industrial construction followed the citywide 1874 fire-limit extension, but material and permit compliance remain unverified.","One of four spacious ice houses explicitly dated 1872, 1874, 1875 and 1876. The sequence supports a discrete 1876 addition but not a street number or individual-house dimensions.",high,true
CHI-POSTFIRE-CHI1876-001,CHI1876-001,1876,Blue Island Avenue viaduct,1875,1876,exact,1876,,,,demolished/replaced,Blue Island Avenue at Throop Street over railroad tracks,,,,railroad_viaduct,grade-separated street crossing,Cox Brothers (substructure); Keystone Bridge Company (superstructure),City of Chicago and affected railroads,wrought-iron truss and plate girders,,,completion_phase,,"Iron and masonry infrastructure was consistent with post-fire preferences for durable construction, although grade separation was its primary purpose.","Begun October 15, 1875 and completed August 25, 1876. Andreas reports a total cost of $102,173.99.",high,false
CHI-POSTFIRE-CHI1876-012,CHI1876-012,1876,Centennial Baptist Church,1875,1876,exact,1876,,,,demolished/unknown,Southeast corner of Lincoln and Jackson Streets,,,,church,Baptist worship,,Centennial Baptist Church,brick masonry; plain Gothic design,,,completion_phase,,Brick construction complied with the post-1874 citywide restriction on new wood buildings.,"The $8,000 brick church was dedicated on the first Sunday of January 1876. Construction began after the society organized in 1875.",high,false
CHI-POSTFIRE-CHI1876-017,CHI1876-017,1876,DuPont-Whitehouse House,1875,1876,year_range,1876,,,,extant/relocated,Originally at Thirty-sixth Street and Western Avenue,3558 S Artesian Ave,41.8285858842062,-87.68636486592247,house,company superintendent residence,Oscar Cobb & Company,DuPont explosives company; built for Junot Whitehouse,brick masonry; Italianate,2,,completion_phase,,Brick construction reflected the post-1874 citywide fire limits; the explosives-company association adds industrial-safety context.,Built in 1875-76 for superintendent Junot Whitehouse and moved one block in 1920. Completion is assigned to the range endpoint rather than an exact completion date.,high,false
CHI-POSTFIRE-CHI1876-028,CHI1876-028,1876,First Baptist Church Sunday-school addition,1876,1876,year-only,1876,,,,extant/altered/uncertain,South Park Avenue and Thirty-first Street,3101 S King Dr,41.8381,-87.6174,church_addition,Sunday school and parish education,Willcox and Miller,First Baptist Church of Chicago,brick and stone masonry,,,complex_addition,First Baptist Church main building completed in 1875,The masonry addition followed the July 1874 fire and complied with the citywide fire-limit environment.,The main church was completed in 1875; the attached Sunday-school portion is reported as completed in 1876. Later alteration and survival of this specific fabric require architectural confirmation.,medium,true
CHI-POSTFIRE-CHI1876-020,CHI1876-020,1876,First Chicago Club Building,1875,1876,exact,1876,1939,exact,demolished for replacement development,demolished,43-45 Monroe Street; north side of Monroe between State and Wabash,12-14 E Monroe St (historic-numbering crosswalk needs confirmation),,,clubhouse,private social club,Treat & Foltz,Chicago Club; N. K. Fairbank associated with development,Baltimore pressed brick with limestone and Berea sandstone; modern Gothic,,,completion_phase,,The masonry clubhouse was built inside the post-fire central business district under strengthened fire-limit rules.,"Plans were published October 2, 1875 and the building was erected in 1876 on a 50-by-100-foot lot opposite the Palmer House. The secondary chronology gives a 1939 demolition.",medium,true
CHI-POSTFIRE-CHI1876-018,CHI1876-018,1876,George M. Pullman Residence initial construction,1876,1876,year-only,1876,1922,exact,demolished after Prairie Avenue's residential decline,demolished,1729 South Prairie Avenue,1729 S Prairie Ave,,,mansion,private residence,Henry S. Jaffray and/or John Mathew Dunphy; later additions by Solon S. Beman,George M. Pullman,three-story greystone masonry,3,,new_construction_initial_phase,,Substantial stone construction reflected elite post-fire rebuilding and noncombustible urban construction.,"University of Minnesota chronology gives 1876 completion; the Art Institute finding aid indexes competing 1876 design attributions and later 1880s Beman additions. Reported value ranges from $350,000 to $500,000.",high,true
CHI-POSTFIRE-CHI1876-002,CHI1876-002,1876,Milwaukee Avenue viaduct,,1876,exact,1876,,,,demolished/replaced,"Milwaukee Avenue over the Chicago & North Western, Chicago Milwaukee & St. Paul, and Pittsburgh Chicago & St. Louis railroad tracks",,,,railroad_viaduct,grade-separated street crossing,American Bridge Company (south portion); Leighton Bridge Company (north portion),City of Chicago and affected railroads,iron bridge superstructure; substructure not stated,,,new_infrastructure,,"Large iron infrastructure reflected the post-fire shift toward durable, noncombustible public works.","Opened May 25, 1876. Andreas called it the city's largest and most expensive viaduct and reported a cost of $140,371.55; the construction start was not located.",high,true
CHI-POSTFIRE-CHI1876-021,CHI1876-021,1876,Moody and Sankey Tabernacle,1876,1876,exact,1876,,,converted beginning 1877 and later demolished,demolished,"South side of Monroe Street, center block between Franklin and Market Streets",238-246 W Monroe St (historic address),,,tabernacle,temporary evangelistic meeting hall,,Business sponsors associated with Dwight L. Moody; site associated with John V. Farwell,brick shell with temporary roof,2,,temporary_new_construction,,A brick shell inside the central fire limits provided noncombustible enclosure despite the intentionally temporary roof and use.,"Erected in 1876 with seating for about 8,000. In 1877 the temporary roof was removed and three stories were added to create six stores, making the tabernacle a documented short-lived phase.",high,false
CHI-POSTFIRE-CHI1876-011,CHI1876-011,1876,New England Congregational Church reconstruction,1874,1876,exact,1876,,,,demolished/unknown,Dearborn and Delaware Streets,,,,church,Congregational worship,,New England Congregational Church,masonry church; exact materials not stated,,,completed_reconstruction,New England Congregational Church damaged or destroyed in the Great Chicago Fire,Permanent reconstruction occurred within the North Side fire-limits environment.,"Rebuilding commenced in 1874 and was completed January 1, 1876; the rebuilt church was dedicated January 2. Library finding aids independently confirm the intersection and identify an exterior photograph.",high,false
CHI-POSTFIRE-CHI1876-024,CHI1876-024,1876,Sands House hotel conversion,1876,1876,exact,1876,,,,demolished/unknown,Southeast corner of Wabash Avenue and Madison Street,,,,hotel_conversion,hotel in upper three stories; stores and offices below,,Obadiah Sands (hotel operator),existing commercial masonry building; upper three stories converted,,,adaptive_reuse_conversion,Commercial and library building erected on the old Clifton House site,Conversion of an existing central-business-district masonry building occurred under post-fire occupancy and egress rules; exact permit record is unlocated.,"After the Chicago Public Library left in 1876, the upper three stories were converted to the Sands House. Andreas gives a 100-by-132-foot footprint, 120 guest rooms and capacity of about 300.",high,true
CHI-POSTFIRE-CHI1876-013,CHI1876-013,1876,Sinai Temple,1875,1876,exact,1876,,,,demolished,Southwest corner of Indiana Avenue and Twenty-first Street,,,,synagogue,Reform Jewish worship,Burling and Adler,Chicago Sinai Congregation,substantial stone masonry; Early French Gothic and Oriental design,,,completion_phase,Sinai synagogue at Plymouth Court and Van Buren Street destroyed in 1871,A substantial noncombustible temple replaced the congregation's fire-destroyed downtown synagogue.,"Commenced about April 1875 and dedicated April 8, 1876. Andreas reports approximately $90,000 including sidewalk, furnishings and organ.",high,false
CHI-POSTFIRE-CHI1876-014,CHI1876-014,1876,St. James's Episcopal Church chime,1876,1876,exact,1876,,,,extant/altered/uncertain,Cass Street at Huron Street,65 E Huron St,41.8944,-87.6255,church_tower_addition,nine-bell memorial chime,bell founder not identified,St. James's Episcopal parish; memorial to James Carter,nine bells installed in existing masonry tower,,,equipment_installation,St. James's Episcopal Church reconstruction completed in 1875,Installed in an already reconstructed masonry church; the event did not enlarge the building shell.,A nine-bell chime was first rung on Christmas Day 1876 as a memorial to James Carter. Bell survival and later replacements require parish-archive review.,high,true
CHI-POSTFIRE-CHI1876-016,CHI1876-016,1876,St. John's Catholic Church bell installation,1876,1876,exact,1876,,,,demolished/unknown,St. John's Catholic Church property,,,,church_tower_addition,"6,000-pound church bell",bell founder not identified,St. John's Catholic parish,bell installed in existing church tower,,,equipment_installation,St. John's Catholic Church,An equipment installation within an existing church; no new combustible building fabric is documented.,"The approximately 6,000-pound bell was installed and blessed in 1876 and first rung on St. Patrick's Day. Andreas places construction of a new church in 1877, not 1876.",medium,true
CHI-POSTFIRE-CHI1876-007,CHI1876-007,1876,St. Michael's clergy house reconstruction,1872,1876,exact,1876,,,,extant/altered/uncertain,St. Michael's parish property near North Avenue and New Church Street,Near 1633 N Cleveland Ave,,,clergy_house,Catholic clergy residence,,St. Michael's Catholic parish,masonry; surviving and reconstructed fabric,,,completed_reconstruction,Clergy house damaged in the Great Chicago Fire,The work restored fire-damaged institutional fabric rather than creating a wholly new building.,"Partly restored in 1872, the clergy house was completed in 1876. The current building's degree of surviving 1876 fabric requires architectural survey.",high,true
CHI-POSTFIRE-CHI1876-006,CHI1876-006,1876,St. Patrick's Female Academy,1876,1876,exact,1876,,,,demolished/unknown,Adams Street immediately west of St. Patrick's Church,,,,school,Catholic girls' academy,,St. Patrick's Catholic parish; Sisters of Charity of St. Vincent de Paul,brick masonry,,,new_construction,Frame school immediately west of St. Patrick's Church,Brick construction conformed to the post-1874 citywide prohibition on new wood buildings.,"A large twelve-room brick school was erected in 1876 at a reported cost of about $24,000 and accommodated roughly 500 pupils. Andreas uses both academy and school language.",high,true
CHI-POSTFIRE-CHI1876-015,CHI1876-015,1876,St. Paul's Catholic Church first frame building remodel,1876,1876,exact,1876,,,,demolished/replaced,Near Ambrose and Hoyne Streets,,,,church_conversion,Catholic worship,,St. Paul's Catholic parish,existing modest frame building,,,adaptive_reuse_remodel,Pre-existing frame building purchased by the parish,The parish reused an existing frame structure after the 1874 ban on new wood construction; whether alteration permits treated it as an exception needs confirmation.,"The parish organized in 1876, purchased and remodeled a modest frame building near Ambrose and Hoyne, and established a school. A later brick basement is not assigned to 1876.",medium,true
CHI-POSTFIRE-CHI1876-019,CHI1876-019,1876,William Waller House,1875,1876,year_range,1875,,,,extant/altered,Dearborn Street,1012 N Dearborn St,41.90083,-87.63028,house,private residence,,William Waller,stone masonry; Italianate/Tuscan Villa,,,completion_phase,,Stone residential construction followed Near North Side rebuilding and fire-limit requirements.,"National Register documentation gives 1875-76. Evidence of an August 1875 social event at the house indicates occupancy may predate 1876, so the endpoint is retained as a possible completion phase rather than a certain opening.",medium,true
CHI-POSTFIRE-CHI1876-005,CHI1876-005,1876,Cook County Hospital clinical amphitheater and corridors,1876,1877,year_range,1877,,,,demolished/replaced,Between Wood and Lincoln Streets and Harrison and Polk Streets,Cook County Health campus near 1835 W Harrison St,41.8730,-87.6718,hospital_addition,clinical teaching amphitheater and pavilion connections,,Cook County,red brick with stone trim; 600-seat amphitheater,,,construction_start_or_major_phase,Cook County Hospital pavilion complex,"Masonry institutional additions reflected post-fire concern for separation and fire resistance, outside the 1871 burned district.","The clinical amphitheater and connecting corridors were built during 1876-77. The 600-seat amphitheater is retained as a distinct phase, not counted as a 1876 completion.",high,false
CHI-POSTFIRE-CHI1876-010,CHI1876-010,1876,Jefferson Park Presbyterian Church construction,1876,1877,exact,1877,,,,demolished/unknown,Northeast corner of West Adams and Throop Streets,,,,church,Presbyterian worship,,Jefferson Park Presbyterian congregation,brick masonry; amphitheater-plan auditorium,,,construction_start_or_major_phase,,Brick construction complied with the post-1874 citywide restriction on new wood buildings.,"Construction began in summer 1876. The more-than-$45,000 church, seating about 800, was dedicated January 6, 1877.",high,false
CHI-POSTFIRE-CHI1876-023,CHI1876-023,1876,Michael Brand Brewery construction,1876,1877,year_range,1877,1885,exact,"destroyed by fire May 13, 1885",destroyed/rebuilt,Elston Road near Fullerton Avenue,,,,brewery_complex,beer production and storage,,Michael Brand,substantial brick industrial buildings with machinery,,,construction_start_or_major_phase,Earlier Michael Brand brewery location,"Brick industrial construction reflected the post-1874 citywide fire limits, although the complex was itself destroyed by fire in 1885.","The substantial brick brewery and machinery complex was built during 1876-77 for about $300,000; Brand moved the business there in 1877. It burned May 13, 1885.",high,false
CHI-POSTFIRE-CHI1876-008,CHI1876-008,1876,St. Joseph's Catholic Church construction,1876,1878,exact,1878,,,,demolished/unknown,Northeast corner of Market and Hill Streets,,,,church,Catholic worship,,St. Joseph's Catholic parish,brick masonry,,,construction_start_cornerstone,,Brick construction complied with the post-1874 citywide restriction on new wood buildings.,"Cornerstone laid in October 1876; the approximately $40,000 church was dedicated October 6, 1878. Included for its exact start event, not as a 1876 completion.",high,false
CHI-POSTFIRE-CHI1876-004,CHI1876-004,1876,West Division Pumping Works extension project,1876,1884,exact,1884,,,,demolished/unknown,West Division waterworks site,,,,waterworks,municipal water pumping,,City of Chicago,industrial pumping plant and machinery,,,project_initiation_planning,West Division Pumping Works,Water-supply expansion was a post-fire resilience investment; precise ordinance and fireproofing requirements require engineering-record review.,"Andreas says the extension was projected in 1876 and entered regular service in July 1884. Reported machinery cost was $257,500 and total project cost $371,681.01. No 1876 completion is claimed.",medium,true
CHI-POSTFIRE-CHI1876-009,CHI1876-009,1876,St. Joseph's Home initial construction,1876,1885,year_range,,,,,demolished/unknown,Corner of May and Eleventh Streets,,,,institutional_home,industrial school and refuge for homeless girls,,Catholic charitable institution,material not stated,,,construction_start_or_major_phase,,A charitable-institution project after the fire; material and code compliance require permit or diocesan confirmation.,"The home was commenced in 1876 and later enlarged and completed in 1885 at a reported cost of $16,000. Its first usable phase and opening year remain unresolved.",medium,true
CHI-POSTFIRE-CHI1876-025,CHI1876-025,1876,Anna House opening as New Delavan House,,,occupancy_only,1876,,,,demolished/unknown,102 North Clark Street,,,,hotel,hotel in upper four stories above commercial space,,Mrs. Upham (proprietress),existing five-story commercial building,5,,occupancy_only_opening,,No 1876 physical construction is documented; the row is retained only as a building-use event.,"Opened to the public in 1876 as the New Delavan House. Andreas describes a 100-by-150-foot building, four hotel stories, about 50 rooms and capacity of 100; construction date remains unknown.",medium,true
CHI-POSTFIRE-CHI1876-027,CHI1876-027,1876,"Carson, Pirie & Company North Division store opening",,,occupancy_only,1876,,,,demolished/unknown,166-170 North Clark Street,,,,department_store,dry-goods retail,,"Carson, Pirie & Company",existing commercial building; material not stated,,,occupancy_only_opening,,No physical construction is documented; this is a commercial occupancy event within the post-fire North Division.,"Andreas states that Carson, Pirie & Company opened a large dry-goods house at 166-170 North Clark in 1876. Building construction date and modification scope were not found.",medium,true
CHI-POSTFIRE-CHI1876-026,CHI1876-026,1876,Lincoln Park Floating Hospital pier and shelter use,,,occupancy_only,1876,,,,demolished/unknown,Lincoln Park lakefront north of North Avenue,,,,pier_shelter,summer hospital and convalescent care for children,,Floating Hospital Association; Lincoln Park Commissioners,"wooden pier with shelter house, railings, hammocks and cots",,,adaptive_use_opening,Existing Lincoln Park pier,The wooden waterfront installation had a specialized park and pier use; ordinary city building-code applicability is uncertain.,"The Association received use of the roughly 400-foot pier in 1876 for a floating-hospital program. Andreas describes a shelter house and care equipment, but does not unambiguously date the shelter's erection; no construction completion is claimed.",medium,true
CHI-POSTFIRE-CHI1877-023,CHI1877-023,1877,West Side Water Works engine commissioning,1875,1876,year-only,1876,,,,demolished/unknown,Twenty-second Street and Ashland Avenue,,,,waterworks,potable-water pumping,Quintard Iron Works (engines); City public works designers,City of Chicago,brick pumping station with stone trim; two compound condensing beam engines,,,infrastructure_commissioning_test,,Expanded pumping capacity was a central post-fire public-health and fire-protection investment.,"Engines entered operation November 6, 1876; formal specification tests in January 1877 measured 16,160,470 and 15,571,970 gallons per 24 hours and duties above 96 million foot-pounds. Included for the distinct 1877 commissioning/acceptance event, not as a 1877 building completion.",high,false
CHI-POSTFIRE-CHI1877-015,CHI1877-015,1877,Atwater Building,1877,1877,year-only,1877,,,,extant/altered,Wabash Avenue near Monroe Street,28 S Wabash Ave,41.8815228643,-87.6269769542,commercial_block,store and wholesale commercial space,John M. Van Osdel,John P. Atwater,Illinois stone with brick trim; Victorian Gothic and Italianate masonry,5,,new_commercial_construction,,Substantial masonry commercial construction within the expanded post-fire limits.,"Contemporary notices describe a five-story-and-basement, 40-by-155-foot, $30,000 store under construction in August-September 1877. Later facade, pediment, storefront, and finish alterations occurred; the building survives as the southern component of the landmark Haskell-Barker-Atwater group.",high,false
CHI-POSTFIRE-CHI1877-014,CHI1877-014,1877,Chicago Historical Society temporary building,1877,1877,exact,1877,1892,year,removed for later society building,demolished,Northwest corner of Ontario and Dearborn Streets,,,,library_archive,library museum and historical collections,F. M. Whitehouse with Burling & Adler; John McEwen (contractor),Chicago Historical Society,masonry institutional wing,,,temporary_building_and_future_wing_nucleus,Chicago Historical Society building destroyed in the 1871 fire,A deliberately fire-conscious institutional restart restored archival capacity after the Society's catastrophic 1871 collection and building loss.,"Designed as a 40-by-70-foot 'temporary' building but intended as the rear of a future north wing. Contemporary estimate was about $7,000; the Society occupied it October 16, 1877 and removed it in 1892.",high,false
CHI-POSTFIRE-CHI1877-024,CHI1877-024,1877,Chicago fire-alarm telegraph expansion,1877,1877,year-only,1877,,,,superseded,citywide Chicago fire-alarm network,,,,communications_infrastructure,municipal fire alarm and dispatch,J. P. Barrett (superintendent); municipal fire-alarm staff,City of Chicago,174 street boxes; 125 miles aerial wire; 2358 telegraph poles; engine-house control apparatus,,,citywide_infrastructure_expansion,,"Directly responsive to the city's post-fire emphasis on detection, communication, and coordinated suppression.","In 1877 the city installed 174 street boxes, connected talking lines to almost all engine houses, added 28 automatic registers, installed door/gas control equipment, built 125 miles of aerial wire including 50 new miles, and moved wires off rooftops onto 2,358 poles.",high,false
CHI-POSTFIRE-CHI1877-016,CHI1877-016,1877,Erie Street Row,1877,1877,circa,1877,,partial,western two of five demolished in 1960,extant/altered,Erie Street row east of St. Clair Street,161 E Erie St,41.8940527487,-87.6232244954,rowhouses,residential rowhouses,,,Joliet limestone masonry; Italianate,,,new_residential_group,,Masonry rowhouses reflect durable construction in the post-fire North Side.,"Five attached rowhouses were built about 1877; the three eastern houses survive, the two western houses were demolished in 1960, and surviving units were converted to commercial use around 1920. Recorded as one grouped complex, not five invented individual identities.",high,false
CHI-POSTFIRE-CHI1877-025,CHI1877-025,1877,First regular underground fire-alarm cable,1877,1877,exact,1877,,,,superseded,Cass Street between Superior and Erie Streets,,,,communications_infrastructure,municipal fire-alarm telegraph,Day & Co. of New York (Kerite cable),City of Chicago,two 1955-foot No. 16 copper conductors in one-inch iron pipe with tar insulation,,,new_underground_infrastructure,,The underground cable was a fire-resilience and communications experiment within the rebuilt North Side.,"Laid in October 1877 and described by Andreas as Chicago's first regular underground cable, distinct from cables in water tunnels or mains.",high,false
CHI-POSTFIRE-CHI1877-002,CHI1877-002,1877,Fuller Street Bridge replacement,1877,1877,exact,1877,,,,replaced/unknown,Fuller Street crossing of the Chicago River,,,,bridge,road and pedestrian river crossing,G. W. James,City of Chicago,combination draw or pivot bridge with swing and turntable,,,replacement_after_storm,Fuller Street bridge destroyed by storm,Municipal bridge replacement used a movable combination structure suited to the post-fire industrial river.,"Completed August 4, 1877; 127 feet long, 16.5-foot roadway, 19.5 feet overall, and $4,210 cost.",high,true
CHI-POSTFIRE-CHI1877-005,CHI1877-005,1877,Harrison Street Bridge completion,1875,1877,exact,1877,,,,replaced/unknown,Harrison Street crossing of the Chicago River,,,,bridge,road and pedestrian river crossing,American Bridge Company,City of Chicago,wrought-iron turntable swing bridge,,,completion_after_delay,,Substantial iron infrastructure replaced or extended the pre-fire river-crossing system.,"Work began June 22, 1875 but land-condemnation litigation delayed completion until October 23, 1877; 175 feet long, 19-foot roadway, two 4.1-foot sidewalks, 31 feet overall, and $41,848.51 cost.",high,true
CHI-POSTFIRE-CHI1877-018,CHI1877-018,1877,Hotel Brunswick,1877,1877,exact,1877,1887,year,replaced by Auditorium development,demolished,318-320 Wabash Avenue; northeast corner of Wabash Avenue and Congress Street,Northeast corner of S Wabash Ave and E Ida B Wells Dr,,,hotel,family hotel,,,pressed brick and stone masonry,,,new_commercial_construction,,Substantial masonry hotel construction within the post-fire commercial district.,"Chicago Tribune described the hotel as just completed on November 11, 1877. The secondary compilation gives a 1877-1887 lifespan; architect and owner remain unresolved.",medium,true
CHI-POSTFIRE-CHI1877-022,CHI1877-022,1877,Interstate Exposition Building temporary Field & Leiter conversion,1877,1877,exact,1877,1892,year,Exposition Building demolition,demolished,Lakefront at the foot of Adams Street,,,,exposition_hall,temporary department store,W. W. Boyington (original 1873 building); temporary fit-out contractor unknown,Field & Leiter,iron and glass exposition structure with temporary partitions counters and shelving,,,temporary_retail_conversion,"Interstate Exposition Building of 1873; temporary relocation after Singer Building fire of Nov. 14, 1877",Adaptive reuse provided rapid business continuity after a major post-fire-era commercial building fire.,"In little over a week, roughly two-thirds of the Exposition Building was partitioned and fitted with shelves and counters; Field & Leiter opened the temporary store November 27, 1877. This row records the conversion, not construction of the 1873 hall.",medium,true
CHI-POSTFIRE-CHI1877-009,CHI1877-009,1877,J. K. Russell & Co. multi-tenant factory,,1877,early-1877,1877,,,,demolished/unknown,,,,,factory,planing mill plus sash door blind and furniture manufacturing,,J. K. Russell & Co. and four other manufacturing firms,industrial factory construction,,,new_industrial_construction,"Successive J. K. Russell mills destroyed by fires in 1852, 1856, 1860, 1868, and 1869; interim warehouse factory",Repeated mill fires made this a long-cycle industrial replacement rather than a direct 1871-fire reconstruction.,"Completed early in 1877 and occupied by five firms. Andreas reports about 300 workers in the whole building, including roughly 95 in Russell's factory and planing mill; the address of this specific building was not stated in the passage.",medium,true
CHI-POSTFIRE-CHI1877-010,CHI1877-010,1877,J. W. Reedy Elevator Manufacturing factory rebuild,1877,1877,exact,1877,,,,demolished/unknown,83-91 Illinois Street,,,,factory,elevator manufacturing,J. W. Reedy,J. W. Reedy,brick masonry,,,rapid_reconstruction_after_fire,"Reedy factory rebuilt after the 1871 fire and burned again October 14, 1877",Rapid industrial reconstruction within the post-fire city; the predecessor was a large brick factory.,"Factory burned October 14 and was rebuilt by December 1, 1877. Andreas's compressed business chronology does not supply dimensions or the architect.",high,true
CHI-POSTFIRE-CHI1877-008,CHI1877-008,1877,Jefferson Park Presbyterian Church,1876,1877,exact,1877,,,,demolished/unknown,Northeast corner of West Adams and Throop Streets,,,,church,Presbyterian worship,,Jefferson Park Presbyterian Church,brick masonry; amphitheater plan,,,completed_new_construction,Temporary frame church on the same lot,The large brick church replaced a temporary frame edifice and conformed to the post-1874 citywide fire-limit regime.,"Construction began in summer 1876 and the church was dedicated January 6, 1877. Reported cost exceeded $45,000 and seating capacity was 800.",high,true
CHI-POSTFIRE-CHI1877-004,CHI1877-004,1877,North Halsted Street Bridge,1877,1877,exact,1877,,,,replaced/unknown,North Halsted Street crossing of the Chicago River,,,,bridge,road river crossing,W. B. Howard,City of Chicago,combination turntable swing bridge,,,new_infrastructure,,Municipal movable-bridge construction supported the rebuilt city's river traffic and street network.,"Begun June 22 and completed October 8, 1877; 140 feet long, 17-foot roadway, 20 feet overall, and $4,190 cost.",high,true
CHI-POSTFIRE-CHI1877-017,CHI1877-017,1877,Perry H. Smith Mansion,1877,1877,year-only,1877,1918,year,street widening,demolished,Northwest corner of Huron and Pine Streets,Northwest corner of W Huron St and N Michigan Ave,,,mansion,private residence,Cudell & Blumenthal,Perry H. Smith,ornate masonry mansion with conservatory and interior theater,3,,new_residential_construction,Perry H. Smith pre-fire Pine Street residence destroyed in 1871,A high-cost masonry mansion epitomized elite North Side reconstruction after the fire.,"A dinner was held in the new mansion November 8, 1877 and a major reception followed January 1, 1878. Later reporting gives $241,000 cost and 1877 completion; the building was demolished in 1918 for boulevard widening.",medium,true
CHI-POSTFIRE-CHI1877-012,CHI1877-012,1877,St. Columbkille Church completion,1870,1877,year-only,1877,1975,year,parish consolidation and demolition,demolished,Grand Avenue and North Paulina Street,,,,church,Roman Catholic worship,Augustus Bauer and Robert Loebnitz,St. Columbkille Catholic parish,masonry church,,,completion_and_opening,,The long-delayed project spanned the 1871 rebuilding labor/material shock and the Panic of 1873; its masonry form fit the post-fire regime.,"Secondary research says work begun about 1870/71 finally opened in 1877 without the planned towers and with interior decoration incomplete. A 1916 diocesan souvenir instead calls it erected in 1871, so the completion chronology requires direct newspaper verification.",medium,true
CHI-POSTFIRE-CHI1877-007,CHI1877-007,1877,St. Pius Church enlargement,,1877,year-only,1877,,,,demolished/replaced,Van Horn and Paulina Streets,,,,church,Roman Catholic worship,,St. Pius Catholic parish,frame,,,addition_and_enlargement,,The frame church lay in the post-1874 citywide fire-limit era; its apparent continued frame use reflects enlargement of existing fabric rather than a new wooden building.,Existing frame church enlarged in 1877 from roughly 300 to 650 seats.,high,true
CHI-POSTFIRE-CHI1877-013,CHI1877-013,1877,Woman's Hospital Medical College first building,1877,1877,year-only,1877,,,,demolished/unknown,Lincoln Street opposite Cook County Hospital,337 S Lincoln St (later-number reference; verify),,,medical_college,medical education,,Woman's Hospital Medical College faculty,masonry institutional building,4,,acquisition_or_new_construction,,The purpose-built or acquired medical-school facility formed part of the post-fire institutional district around Cook County Hospital.,"An 1893 account says the first building was erected in 1877; Encyclopedia of Chicago says faculty financed purchase of a school building that year. Later building dimensions were 100 by 65 feet, but may include the 1889 addition. Kept as one review-flagged event pending deed and permit research.",medium,true
CHI-POSTFIRE-CHI1877-006,CHI1877-006,1877,Fullerton Avenue Bridge contract and construction,1877,1878,exact,1878,,,,replaced/unknown,Fullerton Avenue at the north city limits; joint City of Chicago-Town of Lake View crossing,,,,bridge,road river crossing,J. W. Sawin & Co.,City of Chicago and Town of Lake View,pivot bridge,,,contract_award_and_construction_start,,Joint-jurisdiction infrastructure extended the street network at Chicago's 1877 northern boundary.,"Contract awarded October 1, 1877 and bridge completed January 19, 1878; 125 feet long, 17.4-foot roadway, 20 feet overall. Chicago paid two-thirds of the reported $2,970.50 cost share wording, which should be checked in the printed scan.",medium,true
CHI-POSTFIRE-CHI1877-003,CHI1877-003,1877,North Avenue Bridge construction,1877,1878,exact,1878,,,,replaced/unknown,North Avenue crossing of the Chicago River,,,,bridge,road and pedestrian river crossing,"Conro, Starke & Co.",City of Chicago,combination swing bridge and turntable,,,construction_start_and_phase,,Municipal movable-bridge construction supported the rebuilt city's river traffic and street network.,"Begun August 28, 1877 and completed in January 1878; 150 feet long, 17-foot roadway, 4-foot sidewalk, 29 feet overall, and $7,149 cost.",high,true
CHI-POSTFIRE-CHI1877-026,CHI1877-026,1877,United States Government Building cut-stone phase,1874,1880,year-only,1879,1896,year,demolition for replacement federal building,demolished,"Block bounded by Adams, Clark, Jackson, and Dearborn Streets",,,,federal_building,post office custom house courts and federal offices,Alfred B. Mullett; James G. Gill; Edward J. Burling (construction supervision); John Angus (stone setting),United States Government,fireproof iron and stone masonry,3,,cut_stone_construction_phase,Federal custom house and post office destroyed in the 1871 fire,The monumental fireproof federal replacement was a direct institutional response to the 1871 destruction.,Andreas states John Angus had charge of setting cut-stone work beginning in 1877; the OCR-obscured ending year is unresolved. The building was occupied by 1879 and completed in 1880; recorded here only as a distinct 1877 phase.,medium,true
CHI-POSTFIRE-CHI1877-011,CHI1877-011,1877,St. Stanislaus Kostka Church construction,1877,1881,year-only,1881,,,,extant/altered,Noble and Potomac Streets,1351 W Evergreen Ave,,,church,Roman Catholic worship,Patrick Charles Keely,St. Stanislaus Kostka Catholic parish,yellow brick with limestone accents; Renaissance Revival,,200,cornerstone_and_construction_start,Wooden 1869 St. Stanislaus Kostka church,Substantial masonry expansion followed explosive parish growth during Chicago's post-fire rebuilding era.,"Cornerstone laid July 1, 1877; completed in 1881. Parish account gives interior dimensions of 200 by 80 feet and seating for 1,500. Twin towers were completed in 1892; the south tower was destroyed by fire in 1964.",high,false
CHI-POSTFIRE-CHI1877-001,CHI1877-001,1877,Chicago City Hall foundation phase,1877,1885,year-only,1885,,,,demolished/replaced,"Original Court House Square; west half of block bounded by Clark, Randolph, LaSalle, and Washington Streets",121 N LaSalle St,,,civic_building,municipal offices,J. J. Egan (uniform exterior); L. D. Cleveland (city interior and construction supervision); John Shackley (excavation); Mortimer & Tapper (sub-basement),City of Chicago,stone and masonry civic complex,,,foundation_and_subbasement_phase,Court House and City Hall destroyed in 1871; temporary Rookery City Hall occupied 1872-1885,Permanent fire-conscious civic rebuilding on the original courthouse square; exterior coordination with the county emphasized a unified monumental masonry complex.,"The City Council ordinance of September 3, 1877 authorized immediate foundation work. Excavation was contracted for $1,483 and the sub-basement for $57,909; later superstructure contracts were awarded in 1878.",high,false
CHI-POSTFIRE-CHI1877-019,CHI1877-019,1877,E. B. Williams Building construction,1877,,,,,,,demolished/unknown,Corner of Wabash Avenue and Monroe Street,,,,commercial_building,commercial use,,E. B. Williams,masonry commercial construction,,,documented_construction_phase,,Commercial masonry infill continued within the fire-limits district.,"Chicago Tribune reported work progressing rapidly on September 16, 1877. Completion, dimensions, architect, and exact corner remain unresolved; retained as a phase record rather than an assumed completion.",medium,true
CHI-POSTFIRE-CHI1877-020,CHI1877-020,1877,Michael Burke Stores construction,1877,,,,,,,demolished/unknown,Wabash Avenue between Monroe and Madison Streets,,,,store_group,retail or wholesale stores,,Michael Burke,commercial masonry construction,,,near_completion_construction_phase,,Commercial masonry infill continued within the fire-limits district.,"Two stores were reported nearly completed September 16, 1877. They remain grouped because the contemporary notice gives no separate names or addresses; no anonymous unit-level rows were fabricated.",medium,true
CHI-POSTFIRE-CHI1877-021,CHI1877-021,1877,Woman's Christian Association boarding house opening,,,,1877,,,,unknown,1514-1516 Wabash Avenue,,,,boarding_house,affordable Christian boarding house for working and studying women,,Woman's Christian Association of Chicago,,,,occupancy_only_or_conversion,,No construction claim is made; the record captures institutional reuse/occupancy of urban building stock.,"Boarding house opened May 22, 1877 for seamstresses, teachers, students, clerks, and compositors. Source does not state that a new building was erected or what alterations occurred, so this is explicitly an occupancy-only review record.",low,true
CHI-POSTFIRE-CHI1878-009,CHI1878-009,1878,Academy of Music II,1878,1878,exact,1878,1880,exact,fire,destroyed,"83 S. Halsted Street, near Madison Street",,,,theater,stage theater,Oscar Cobb,William B. Clapp (owner); J. K. Emmett (lessee),brick side and rear walls; cut-stone three-story front,3,,reconstruction,"Academy of Music I, destroyed by fire February 4-5, 1878",A rapid but substantially enlarged masonry reconstruction followed a theater fire within the post-fire city.,"Work was planned to begin in early May; the 75-by-120-foot, approximately $50,000 theater opened September 16, 1878. It burned October 12, 1880.",medium,true
CHI-POSTFIRE-CHI1878-020,CHI1878-020,1878,B. R. Chambers Commercial Block,1878,1878,year-only,1878,,,,demolished/unknown,155-157 Dearborn Street; just north of the Chicago Journal office,,,,commercial_printing_building,printing offices and commercial rental,Cyrus P. Thomas,B. R. Chambers; upper floors rented to Blakely & Brown,masonry; exact material not stated,5,,new_construction,,A five-story purpose-adapted commercial building supported the post-fire printing industry.,The architect's project list identifies the 1878 Chambers block and its intended Blakely & Brown tenancy. Andreas independently says Blakely & Brown moved in 1878 to a five-story building they 'had erected' at 155-157 Dearborn; ownership/development wording needs lease research.,high,true
CHI-POSTFIRE-CHI1878-025,CHI1878-025,1878,Bemis & McAvoy Brewery Brick Barn,1878,1878,year-only,1878,,,,demolished/unknown,Bemis & McAvoy brewery complex near South Park Avenue and Twenty-third Street,,,,industrial_barn,"brewery horses, vehicles, and service functions",,Bemis & McAvoy Brewing Company,brick masonry,,,industrial_addition,,A permanent brick service building expanded the logistics capacity of a large brewery complex.,"Andreas explicitly dates the large brick barn to 1878. Its footprint, stories, architect, cost, and exact side of the avenue require Sanborn or Robinson map reconciliation.",high,true
CHI-POSTFIRE-CHI1878-024,CHI1878-024,1878,Bemis & McAvoy Brewery East-Side Icehouse of 1878,1878,1878,year-only,1878,,,,demolished/unknown,East side of South Park Avenue near Twenty-third Street,,,,industrial_icehouse,brewery cold storage,,Bemis & McAvoy Brewing Company,substantial industrial construction; exact material not stated,,,industrial_addition,,Specialized industrial construction expanded a major post-fire brewery complex.,"Andreas states that two additional icehouses were erected on the east side of South Park Avenue in 1878 and 1879, implying one annual addition but not labeling the individual buildings. Entity matching to insurance maps is required.",medium,true
CHI-POSTFIRE-CHI1878-010,CHI1878-010,1878,Chicago Athenaeum and Retail Block,1877,1878,season,1878,,,,demolished/unknown,48-54 Dearborn Street,,,,mixed_use_commercial_institutional,"retail, classrooms, library, reading room, and gymnasium",Cyrus P. Thomas,McLaren & Wells,pressed brick with brownstone facings and trim,4,,completion_and_occupancy,,A purpose-built masonry educational and commercial block marked permanent cultural reconstruction.,Erected for the Athenaeum's special accommodation; the institution moved in during spring 1878. Andreas gives a 90-by-80-foot plan and a two-story-height gymnasium occupying the upper floors; contemporary project citations place design/construction in 1877.,high,false
CHI-POSTFIRE-CHI1878-011,CHI1878-011,1878,Chicago Fire Patrol Headquarters at 176 Monroe Street,,1878,exact,1878,,,,demolished/unknown,176 Monroe Street,,,,fire_patrol_station,insurance fire salvage patrol,L. Z. Leiter (building erection); Chicago Fire Patrol members (interior finishing and arrangements),L. Z. Leiter; Chicago Board of Underwriters/Chicago Fire Patrol,masonry building; detailed material not stated,,,completion_and_specialized_fitout,,A permanent fire-salvage headquarters was a direct institutional response to Chicago's repeated conflagrations.,"Captain Bullwinkle's company formally opened and occupied the headquarters February 16, 1878. Andreas distinguishes Leiter's building work from the patrol members' interior finishing.",high,false
CHI-POSTFIRE-CHI1878-014,CHI1878-014,1878,Church of the Immaculate Conception Priest's Residence,1878,1878,year-only,1878,,,,demolished/unknown,Immediately south of the Church of the Immaculate Conception on the Near North Side,,,,clergy_residence,Catholic priest residence,,Church of the Immaculate Conception,likely brick masonry; exact material not stated,,,new_construction,,Parish residential construction supplemented the brick church rebuilt in 1874 around the surviving pre-fire basement.,"Andreas gives two conflicting costs—about $7,000 in the parish narrative and about $5,000 in Rev. P. T. Butler's biography. Precise historic street address remains unresolved.",high,true
CHI-POSTFIRE-CHI1878-019,CHI1878-019,1878,Crilly Building,1878,1878,year-only,1878,,,,demolished,Northeast corner of Dearborn and Monroe Streets,30 W Monroe St site,,,printing_and_commercial_building,"heavy printing, paper company, and commercial tenants",,Daniel F. Crilly; leased ground from Chicago Board of Education,substantial heavy-load construction,5,,new_construction,,Heavy-load commercial construction on a fire-cleared corner advanced the rebuilt printing district.,Crilly leased the corner in 1878 and put up a five-story building for J. M. W. Jones Printing Company; Indianapolis Paper Company occupied the north part. Two stories were added in 1888. Later summaries that call it seven stories in 1878 conflate the phases.,high,false
CHI-POSTFIRE-CHI1878-004,CHI1878-004,1878,Eighteenth Street Viaduct,1878,1878,exact,1879,,,,replaced/unknown,"Eighteenth Street at Lumber Street over the Pittsburgh, Fort Wayne & Chicago and Chicago, Alton & St. Louis railway tracks",,,,viaduct,grade-separated road and pedestrian crossing,Keystone Bridge Company (superstructure); James Clowry (substructure),"City of Chicago; Pittsburgh, Fort Wayne & Chicago Railway Company contribution",wrought-iron superstructure with two truss-girder spans,,,new_infrastructure_construction,,A permanent iron viaduct reduced street-rail conflicts in the rapidly rebuilding industrial city.,"Work began August 1 or 3, 1878; completed December 18, 1878; put in operation February 7, 1879. Andreas contains conflicting total and substructure costs ($20,409.16/$15,215.16 versus $17,196.56/$10,403.43); the wrought-iron superstructure is separately stated as $11,194.",medium,true
CHI-POSTFIRE-CHI1878-008,CHI1878-008,1878,First Regiment Illinois National Guard Armory I,1878,1878,year-only,1878,1890,year,converted/replaced after regiment moved,demolished/converted,Jackson Street between Michigan and Wabash Avenues; later 22-26 Jackson Street,,,,armory,"military drill, company rooms, exhibitions, concerts, and rifle practice",Wheelock & Clay,Union Mutual Life Insurance Company of Maine; leased to First Regiment Illinois National Guard,rough-stone Gothic front; iron posts; timber roof; double floors with mortar sound-deadening,3,,new_construction,,Purpose-built masonry and iron institutional construction reflected permanent civic investment after the 1877 labor riots.,"Contemporary report said completion was expected September 1, perhaps ten days later. Reported construction cost was $22,000 against an $18,000 limit, plus about $1,400 for the rear boiler and engine room.",high,true
CHI-POSTFIRE-CHI1878-028,CHI1878-028,1878,Fullerton Avenue Pile Bridge reported as rebuilt,1878,1878,year-only,1878,,,,identity_conflict,Fullerton Avenue,,,,bridge,road crossing,,City of Chicago,reported 225-foot bridge with 20-foot roadway,,,reported_rebuild,,"The source preserves a bridge-rebuild claim, but entity resolution is necessary before treating it as a separate 1878 structure.","Andreas says a Fullerton Avenue bridge was rebuilt in 1878 at 225 by 20 feet for $1,490. Those dimensions and cost exactly match a Fullerton pile bridge reported in the 1874-75 Board of Public Works year, while a separate 125-foot pivot bridge was completed January 19, 1878. This row preserves the conflict and must not be double-counted in resolved statistics.",low,true
CHI-POSTFIRE-CHI1878-003,CHI1878-003,1878,Fullerton Avenue Pivot Bridge,1877,1878,exact,1878,,,,replaced/unknown,Fullerton Avenue at the north city limits; joint City of Chicago-Town of Lake View crossing,,,,bridge,road river crossing,J. W. Sawin & Co.,City of Chicago and Town of Lake View,pivot bridge,,,completion,,Joint-jurisdiction infrastructure extended the street network at Chicago's northern boundary.,"Contract awarded October 1, 1877; completed January 19, 1878; 125 feet long, 17.4-foot roadway, 20 feet overall. Andreas says Chicago's two-thirds cost was $2,970.50, wording that merits scan verification.",high,true
CHI-POSTFIRE-CHI1878-027,CHI1878-027,1878,Hamlin's Theater Reconstruction,1878,1878,month,1878,,,,reconstructed_again,Rear of the Hamlin Brothers property on the former Bryan Hall and Hooley's Opera House site,,,,theater,regular stage theater,Hamlin Brothers,"""Hamlin Brothers; property passed to William C. Reynolds about 1878""",reconstructed existing hall and adjoining fabric,,,conversion_and_reconstruction,"Foley's Billiard Hall, later garden and vaudeville theater",Repeated adaptive reuse converted post-fire commercial entertainment fabric into a regular theater.,The former 1873 billiard hall/garden/vaudeville was reconstructed as a regular theater and opened in September 1878 as Hamlin's Theater. It was reconstructed again in 1880 as the Grand Opera House.,high,true
CHI-POSTFIRE-CHI1878-026,CHI1878-026,1878,Haverly's Theater Reconstruction,1878,1878,exact,1878,1882,year,demolished when lease expired,demolished,Northwest corner of Dearborn and Monroe Streets,,,,theater,stage theater,,J. H. Haverly,reused masonry walls with reconstructed interior and galleries,,,major_reconstruction_and_redecoration,"New Adelphi Theater opened January 11, 1875 in the old post-office walls",A major reconstruction reused strong surviving masonry while upgrading a prominent theater.,"Entirely reconstructed and redecorated in July-August 1878; reopened August 4. Work included plate glass, new scenery and curtain, frescoing, upholstery, and carpets, at a reported minimum cost of $8,500.",high,false
CHI-POSTFIRE-CHI1878-022,CHI1878-022,1878,L. B. Brasher Flats,1878,1878,year-only,1878,,,,demolished/unknown,Third Avenue at Taylor Street,,,,apartment_block,flats,Cyrus P. Thomas,L. B. Brasher of Cincinnati,masonry or frame not stated,,,new_residential_construction,,Purpose-built flats document the diversification and densification of post-fire housing.,"Listed among Cyrus P. Thomas's 1878 works with a May 19, 1878 Chicago Tribune citation. Exact unit count, dimensions, material, cost, and fate need the original notice and permit ledger.",medium,true
CHI-POSTFIRE-CHI1878-016,CHI1878-016,1878,Misses Grant's Seminary for Young Ladies,,1878,year-only,1878,,,,extant_at_2003_listing,839 N. Dearborn Street / 27-31 W. Chestnut Street,839 N Dearborn St / 27-31 W Chestnut St,,,school,women's seminary,Frederick H. Waescher,,red brick with gray limestone trim and brown ashlar ground level,,,new_construction,,A substantial masonry educational building represented permanent Near North Side rebuilding.,"The National Register nomination identifies the 1878 contributing building and describes its massive corner form, turret, gable, dormers, and contrasting masonry. Andreas notes that the school moved into its new building in November 1878.",high,false
CHI-POSTFIRE-CHI1878-018,CHI1878-018,1878,Newberry Rowhouse Barns,,1878,year-only,1878,,,,extant_at_2003_listing,Rear of 827-833 N. Dearborn Street,,,,stable_outbuilding_group,residential barns/stables,,,masonry or frame not stated,,,new_outbuilding_construction,,Documented service buildings preserve the complete residential property system rather than only street-facing houses.,The National Register nomination separately counts the 1878 barns as contributing buildings but does not attribute an architect in its resource table. Count and materials require inventory-sheet review.,medium,true
CHI-POSTFIRE-CHI1878-017,CHI1878-017,1878,Newberry Rowhouses,,1878,year-only,1878,,,,extant_at_2003_listing,827-833 N. Dearborn Street,827-833 N Dearborn St,,,rowhouse_group,four private residences,Frederick H. Waescher,,masonry; exact material not stated,,,new_residential_construction,,A coordinated masonry rowhouse group contributed to permanent Near North Side residential reconstruction.,"The National Register nomination records four 1878 contributing rowhouses. Unit-level owners, exact completion dates, and later alterations need deed and permit research.",high,true
CHI-POSTFIRE-CHI1878-002,CHI1878-002,1878,North Avenue Bridge,1877,1878,month,1878,,,,replaced/unknown,North Avenue crossing of the Chicago River,,,,bridge,road and pedestrian river crossing,"Conro, Starke & Co.",City of Chicago,combination swing bridge and turntable,,,completion,Earlier crossing at North Avenue,Municipal movable-bridge construction supported the rebuilt city's river traffic and street network.,"Begun August 28, 1877 and completed in January 1878; 150 feet long, with 17-foot roadway, 4-foot sidewalk, 29-foot overall width, and $7,149 cost.",high,false
CHI-POSTFIRE-CHI1878-001,CHI1878-001,1878,St. Joseph's Catholic Church,1876,1878,exact,1878,,,,demolished/unknown,Northeast corner of Market and Hill Streets,,,,church,Catholic worship,,St. Joseph's Catholic parish,brick masonry,,,completion_and_dedication,Temporary post-fire frame St. Joseph's church; pre-fire church destroyed in 1871,Permanent brick rebuilding followed the parish's temporary post-fire frame structure.,"Cornerstone laid in October 1876; dedicated October 6, 1878; reported cost about $40,000.",high,false
CHI-POSTFIRE-CHI1878-021,CHI1878-021,1878,T. B. Campbell Residence,1878,1878,year-only,1878,,,,demolished/unknown,Dearborn Avenue north of Schiller Street,,,,residence,private residence,Cyrus P. Thomas,T. B. Campbell,masonry or frame not stated,,,new_residential_construction,,The project illustrates documented elite residential growth outside the central fire district.,"Listed among Cyrus P. Thomas's 1878 works with a contemporary Chicago Tribune citation; dimensions, material, exact address, and fate require the newspaper and permit record.",medium,true
CHI-POSTFIRE-CHI1878-015,CHI1878-015,1878,Third Presbyterian Church on Ashland Avenue,,1878,month,1878,1884,exact,fire,destroyed and rebuilt,Ashland Avenue at or near Ogden Avenue,,,,church,Presbyterian worship,,Third Presbyterian Church,masonry; exact material not stated,,,completion_and_occupancy,"Third Presbyterian Church at Washington and Carpenter Streets, sold in 1877",A large permanent West Side church replaced the congregation's earlier property after post-fire neighborhood movement.,"The new Ashland Avenue edifice was occupied in May 1878 and seated 1,900. It burned October 10, 1884 and was rebuilt materially on the old plan for reopening May 24, 1885.",high,true
CHI-POSTFIRE-CHI1878-023,CHI1878-023,1878,Daniel Wells Commercial and Hotel Block,1878,1879,year-range,1879,,,,demolished/unknown,Michigan Avenue at Harrison Street,,,,mixed_use_commercial_hotel,"stores, commercial space, and corner hotel",Cyrus P. Thomas,Daniel Wells of Milwaukee,masonry; exact material not stated,4,,construction_start_and_phase,,A substantial mixed-use block extended permanent masonry development along Michigan Avenue.,"The architect's project list dates the four-story block 1878-79 and cites Tribune notices of May 19, 1878 and April 6, 1879. The precise start and completion dates remain to be recovered from those notices.",high,true
CHI-POSTFIRE-CHI1878-007,CHI1878-007,1878,U.S. Government Building and Post Office construction phase,,1880,year-only,1879,1896,year,demolished for replacement federal building,demolished,"Block bounded by Adams, Clark, Jackson, and Dearborn Streets",,,,federal_civic_building,"post office, custom house, sub-treasury, federal courts, pension and internal revenue offices",Alfred B. Mullett (original design); U.S. Treasury Supervising Architect's Office,United States Government,"fireproof stone, iron, and brick",3,177,appropriation_and_active_construction_phase,Federal post office and custom house destroyed in the Great Chicago Fire,Explicitly fireproof federal construction replaced dispersed rented quarters described in 1878 as vulnerable to fire.,"The June 10, 1878 Congressional Record documents active work, a $300,000 bill appropriation plus $100,000 deficiency funding, and a proposed acceleration toward 1879 occupancy. The post office occupied part of the basement in April 1879; the entire building was completed about 1880.",high,false
CHI-POSTFIRE-CHI1878-006,CHI1878-006,1878,Chicago City Hall and Cook County Court House construction phase,1877,1885,year-only,1885,,,,demolished/replaced,"Original Court House Square; block bounded by Clark, Randolph, LaSalle, and Washington Streets",121 N LaSalle St,,,civic_complex,municipal and county government,J. J. Egan (uniform exterior); L. D. Cleveland (city interior and construction supervision); Thomlinson & Reed (cut stone); John Angus (masonry); J. P. Sexton (iron),City of Chicago and Cook County,"stone, brick, granite, and iron civic complex",6,126,superstructure_contract_and_construction_phase,Court House and City Hall destroyed in 1871; temporary Rookery City Hall occupied 1872-1885,Permanent monumental masonry and iron construction on the original civic square embodied long-term post-fire institutional rebuilding.,"On April 17, 1878 the city awarded contracts of $477,693 for cut stone, $90,519 for masonry, and $105,302 for iron work. The joint complex was not ready for occupancy until January-February 1885.",high,false
CHI-POSTFIRE-CHI1878-013,CHI1878-013,1878,House of the Good Shepherd North Wing,1878,,unknown,,,,,demolished/unknown,Corner of North Market and Hill Streets,,,,institutional_wing,women's asylum and reformatory,,Sisters of the Good Shepherd,masonry wing; exact material not stated,,,addition,House of the Good Shepherd post-fire building erected 1872,A permanent institutional addition enlarged the rebuilt post-fire complex.,"A summer 1878 bazaar and benefits produced net receipts of $8,695, applied to erecting the north wing. The source does not state an exact completion date, so the annual placement records a materially documented construction expenditure/phase.",medium,true
CHI-POSTFIRE-CHI1878-005,CHI1878-005,1878,Lincoln Park Permanent Breakwater,1878,,unknown,,,,,historic infrastructure/condition unknown,Lake Michigan shore at Lincoln Park,,,,breakwater,shore protection,,Lincoln Park Commission,Netherlands-plan brush mattresses laid in three to five feet of water,,,construction_start_and_phase,,Permanent engineered shore protection replaced temporary expedients and shaped the lakefront land edge.,Andreas states construction commenced in 1878 using the Netherlands plan. Completion date and surviving fabric require park-commission annual reports and georeferencing.,high,true
CHI-POSTFIRE-CHI1878-012,CHI1878-012,1878,Servite Sisters' Industrial Home Convent,1878,,unknown,,,,,demolished/unknown,Corner of West Van Buren Street and Albany Avenue,,,,convent_and_industrial_home,"convent, home, instruction, and vocational work",,Servite Sisters,brick and stone; iron entrance stairways,5,,construction_start_cornerstone,,Substantial masonry institutional construction replaced the order's initial rented quarters at 1266 W. Van Buren.,The sisters established their home in May 1878; construction on a 300-foot-square site began in 1878 and Vicar-General McMullen laid the cornerstone. Andreas still described the convent as unfinished in 1886; adjoining buildings were two and three stories.,high,true
CHI-POSTFIRE-CHI1879-014,CHI1879-014,1879,Eighteenth Street viaduct opening,1878,1878,exact,1879,,,,demolished/replaced,Eighteenth Street railroad crossing,18th Street rail corridor,,,railroad_viaduct,grade-separated street crossing,,City of Chicago and affected railroads,wrought-iron superstructure; two truss-girder spans,,,opening_or_occupancy_only,,"Durable iron infrastructure aligned with post-fire material preferences, though grade separation was its primary purpose.","Completed December 18, 1878 and put in operation February 7, 1879. Andreas reports $11,194 cost, two 142-foot truss-girder spans, a 20-foot roadway and six-foot sidewalks. Not counted as 1879 construction.",high,false
CHI-POSTFIRE-CHI1879-002,CHI1879-002,1879,"Field, Leiter & Co. State Street store occupancy",1878,1878,exact,1879,,,,demolished/redeveloped,Northeast corner State and Washington Streets,111 N State St area,,,department_store,retail and wholesale dry goods,James Van Dyke (replacement building attribution),"Singer estate; purchased by Field, Leiter & Co.",masonry commercial building; exact 1879 fit-out materials not established,,,acquisition_fitout_and_occupancy,Singer Building destroyed by fire and replaced in 1878,The underlying replacement belonged to post-fire masonry commercial rebuilding; this row does not claim new 1879 construction.,"Field and Leiter purchased the 1878 replacement building on February 28, 1879, secured surrender of Carson Pirie's lease, fitted it for their business, and received customers there by April. Retained as a property and occupancy phase only.",medium,true
CHI-POSTFIRE-CHI1879-019,CHI1879-019,1879,Academy of the Sacred Heart chapel,1879,1879,exact,1879,,,,demolished/unknown,Adjoining the Academy of the Sacred Heart,West Side academy complex; exact parcel unresolved,,,chapel,Catholic school worship,,Academy of the Sacred Heart,material not stated,,,institutional_complex_addition,Academy of the Sacred Heart,Post-fire institutional construction; exact material and code compliance are not documented in the located narrative.,"Andreas reports that a chapel was built adjoining the academy in 1879. No separate street number, architect, dimensions or material were located, so the row remains a named complex phase rather than a guessed standalone footprint.",high,true
CHI-POSTFIRE-CHI1879-008,CHI1879-008,1879,Armour Street School,1878,1879,academic_year,1879,,,,demolished/replaced/uncertain,Armour Street,525 N Armour St,,,school,public elementary school,,Chicago Board of Education,brick masonry; heating recorded as steam by Andreas but coal stoves by CPS history,3,,completion_and_opening_phase,,Brick school construction complied with the post-1874 prohibition on new wood buildings; the heating conflict remains unresolved.,"Andreas's visually checked school table records erection in 1879, 107 by 88 feet, three stories, 945 sittings and $37,000 total including heating and furniture. CPS says it opened during the 1878-79 academic year and initially used coal stoves and gas; this may indicate a start/opening/completion sequence or a table error.",medium,true
CHI-POSTFIRE-CHI1879-017,CHI1879-017,1879,Bemis & McAvoy brewery office building,1879,1879,exact,1879,,,,demolished/unknown,Immediately south of the Bemis & McAvoy brewhouse,,,,brewery_office,brewery administration and billiard rooms,,Bemis & McAvoy Brewing Company,substantial brick masonry,2,,industrial_complex_addition,Bemis & McAvoy brewery complex,Brick office construction complied with the post-1874 restriction on new wood buildings.,Erected in 1879. Andreas describes a substantial two-story brick office south of the brewhouse with the main business office and billiard rooms.,high,true
CHI-POSTFIRE-CHI1879-016,CHI1879-016,1879,Bemis & McAvoy east-side ice house,1879,1879,year_only,1879,,,,demolished/unknown,"Bemis & McAvoy brewery complex, east side",,,,ice_house,brewery cold storage,,Bemis & McAvoy Brewing Company,ice-house construction; material not stated,,,industrial_complex_addition,Bemis & McAvoy brewery complex,An industrial outbuilding erected after the citywide wood-building restriction; material and permit compliance remain unverified.,"Andreas says two east-side ice houses were erected in 1878 and 1879. This row assigns one phase to 1879 but does not infer dimensions, material or a precise address; component identity needs brewery and permit records.",medium,true
CHI-POSTFIRE-CHI1879-004,CHI1879-004,1879,Central Music Hall,1879,1879,exact,1879,1901,exact,Marshall Field commercial expansion,demolished,Southeast corner State and Randolph Streets,Approx. 1-35 N State St,,,mixed_use_hall,"music hall, public assembly, offices and stores",Dankmar Adler,Central Music Hall stock company; George B. Carpenter promoter; Levi Z. Leiter president,fireproof masonry commercial and assembly building with gray cut-stone exterior,6,90,new_construction,,"The building's fireproof construction, abundant exits, ventilation and public-assembly safeguards responded directly to post-fire and theater-safety concerns.","Erected and opened in 1879. Later descriptions give a 125-by-150-foot footprint, six stories plus basement, two elevators, stores and offices; seating is variously reported around 1,800 to 2,000. The December 1879 inspection emphasizes acoustics, rapid air exchange, multiple exits and fire-safety planning.",high,false
CHI-POSTFIRE-CHI1879-015,CHI1879-015,1879,Chicago fire-alarm system Stock Yards extension,1879,1879,exact,1879,,,,altered/replaced,"Stock Yards district, Town of Lake",Union Stock Yards area,,,communications_infrastructure,municipal fire alarm and dispatch,Chicago Fire Department telegraph staff,City of Chicago; Town of Lake stations,"aerial telegraph wire, alarm stations and Tooker keyless-door box retrofits",,,infrastructure_extension_and_equipment_upgrade,Chicago municipal fire-alarm system,"The extension increased fire-detection coverage and retrofitted 72 existing boxes with keyless doors, a direct post-fire life-safety investment.","Andreas reports extension of aerial lines to the Stock Yards district in the Town of Lake, establishment of fire-alarm stations, and Tooker keyless-door attachments on 72 existing boxes. It is a network event extending beyond the 1879 municipal boundary, not one building.",high,true
CHI-POSTFIRE-CHI1879-006,CHI1879-006,1879,Cyrus H. McCormick Mansion,1875,1879,exact,1879,1954,exact,Sanitary District office development,demolished,135 Rush Street at Erie Street; southeast corner Rush and Huron/Erie block,Approx. 675 N Rush St,,,mansion,single-family residence,Cudell & Blumenthal,Cyrus H. and Nettie Fowler McCormick,Lake Superior sandstone masonry; German Renaissance residence; interior structural system not fully documented,3,,completion_and_occupancy_phase,,The masonry mansion was erected after the 1874 citywide restriction on new wood construction.,"The residence was four years in construction, beginning in 1875 and occupied in 1879; a major social dedication followed in May 1880. Contemporary description records three principal stories, brown sandstone, a concert hall and advanced electrical apparatus.",medium,true
CHI-POSTFIRE-CHI1879-024,CHI1879-024,1879,Farwell Hall YMCA gymnasium and bath addition,1879,1879,year_only,1879,,,,demolished/unknown,"Farwell Hall, downtown Chicago; exact 1879 street number unresolved",,,,recreation_addition,gymnasium and bathing facilities,,Young Men's Christian Association of Chicago,material and structural system not stated,,,building_addition,Farwell Hall YMCA,A public-health and recreation addition after the fire; material and fire-code details require YMCA property records.,"YMCA of Metropolitan Chicago's institutional chronology states that a gymnasium and bath were added to Farwell Hall in 1879. Exact dimensions, architect, materials and address remain unresolved.",medium,true
CHI-POSTFIRE-CHI1879-018,CHI1879-018,1879,Holy Family Sodality building,1879,1879,exact,1879,,,,demolished/unknown,Behind Holy Family Church,Holy Family Church complex near 1080 W Roosevelt Rd,,,parish_hall,"Catholic sodality meetings, reading room and libraries",,Holy Family Catholic parish,material not stated,,,new_construction_or_complex_addition,Holy Family Church complex,A large institutional addition in the post-fire city; material and exact fireproofing require parish or permit records.,"Erected behind the church in 1879 at a reported cost of $40,000. Andreas describes meeting rooms and halls, a reading room, and two libraries totaling approximately 3,000 volumes.",high,true
CHI-POSTFIRE-CHI1879-011,CHI1879-011,1879,Kedzie Avenue bridge over the Illinois and Michigan Canal,1879,1879,exact,1879,,,,demolished/replaced,Kedzie Avenue over the Illinois and Michigan Canal,Kedzie Avenue near the Chicago Sanitary and Ship Canal corridor,,,bridge,street crossing,Massillon Bridge Company,Town of Cicero with shared public expense,single-span wrought-iron bridge,,,new_infrastructure,,Wrought iron provided a durable noncombustible crossing; this site lay in adjacent Cicero rather than within the 1879 city boundary.,"Completed March 1, 1879. Retained as metropolitan infrastructure tied to Chicago circulation, but flagged because the contemporary jurisdiction was the Town of Cicero.",high,true
CHI-POSTFIRE-CHI1879-012,CHI1879-012,1879,LaSalle Street tunnel south-end footbridge,1879,1879,exact,1879,,,,demolished/replaced,South end of LaSalle Street tunnel,LaSalle Street at the Chicago River,,,pedestrian_bridge,pedestrian crossing over tunnel approach,,City of Chicago,material not stated,,,infrastructure_addition,LaSalle Street tunnel,A public-safety access improvement to major post-fire municipal infrastructure; material and ordinance details are not stated.,"Andreas reports that a footbridge was placed over the south end of the LaSalle Street tunnel in January 1879. Exact span, material and removal date remain unknown.",medium,true
CHI-POSTFIRE-CHI1879-005,CHI1879-005,1879,Laflin Building,1879,1879,exact,1879,,,redevelopment in phases,demolished,Southeast corner Randolph Street and Wabash Avenue; 64-66 Wabash Avenue,Approx. 143 N Wabash Ave,,,commercial_building,wholesale and manufacturing lofts,,Matthew Laflin estate,brick-and-steel walls; two freight elevators,5,85,new_construction,,A tall masonry-and-metal commercial block reflects the post-fire move toward durable loft construction.,"A later guide reports erection in 1879, 200 feet on Randolph by 40 feet on Wabash, five stories, 85 feet high and two freight elevators. The architect and the exact sequence of later height changes and demolition remain unresolved.",medium,true
CHI-POSTFIRE-CHI1879-001,CHI1879-001,1879,Leiter Building I,1879,1879,exact,1879,1972,exact,redevelopment,demolished,Northwest corner Fifth Avenue and Monroe Street; later 200-208 W Monroe Street,Northwest corner Wells Street and West Monroe Street,,,commercial_building,wholesale clothing store and loft building,William Le Baron Jenney,Levi Z. Leiter,"load-bearing masonry exterior and party walls; cast-iron interior columns/pilasters; timber girders and wood joists; iron, Lemont stone and pressed-brick facade",5,,new_construction,,"Post-fire commercial construction emphasized masonry and iron, broad daylight openings, heavy floor capacity and fire-prevention equipment.","The 1879 initial building had five stories plus basement; two stories were added in 1888. HABS identifies cast-iron members continuing from foundation to roof as an important step toward skeletal framing, but the building was not a complete metal skeleton. A contemporary account gives approximately 82 ft 10 in by 102 ft 6 in and an estimated $125,000 cost.",high,false
CHI-POSTFIRE-CHI1879-013,CHI1879-013,1879,Lock Street wooden bridge,1879,1879,exact,1879,,,,demolished/replaced,Lock Street crossing,Near present Chicago River and Lock Street alignment,,,bridge,street crossing,,Illinois and Michigan Canal Commissioners; State of Illinois,wood,,,new_infrastructure,,The wooden construction was an explicit exception or jurisdictional edge case relative to Chicago's 1874 citywide prohibition on new wood buildings; legal context requires review.,"Built in 1879 by the Canal Commissioners at state expense. The exact waterway, city-boundary status, dimensions and later history require engineering and map confirmation.",high,true
CHI-POSTFIRE-CHI1879-009,CHI1879-009,1879,Marquette School,1879,1879,exact,1879,,,,demolished/replaced,Southwest corner Wood and Congress Streets,Cook County medical-campus vicinity near W Harrison St and S Wood St,,,school,public elementary school,,Chicago Board of Education,brick masonry; steam heating,3,,new_construction,,Brick school construction complied with the post-1874 prohibition on new wood buildings.,"Andreas's visually checked 1879 table records 107.5 by 84 feet, three stories, steam heat, 945 sittings and $37,000 including heating and furniture. A later guide independently places the 1879 school at Wood and Congress but gives 800 capacity and $45,000 cost; Andreas controls the annual values pending Board proceedings.",high,true
CHI-POSTFIRE-CHI1879-020,CHI1879-020,1879,Nativity of Our Lord Church,1876,1879,exact,1879,,,,extant/altered,Dashiel Street and Thirty-seventh Street; later Union Avenue and 37th Street,653 W 37th St area,,,church,Catholic worship,P. C. Keely,Nativity of Our Lord Catholic parish,masonry Romanesque-Gothic church; detailed materials not stated,,,completion_and_dedication,,Masonry church construction complied with the post-1874 prohibition on new wood buildings.,"Foundation work began in 1876, the cornerstone was laid October 28, 1876, and the church was completed and dedicated September 1, 1879. Historical street-name/address reconciliation and the survival of specific 1879 fabric need architectural survey.",high,true
CHI-POSTFIRE-CHI1879-023,CHI1879-023,1879,Olympic Theatre renovation and reopening,,1879,exact,1879,,,,demolished,66-72 West Randolph Street with former Clark Street entrance,Randolph Street theater district near Clark Street,,,theater,public entertainment,,Olympic Theatre operators,pre-existing masonry theater; exterior and interior thoroughly renovated,,,renovation_conversion_and_reopening,Metropolitan Theatre,The refit of an existing post-fire assembly building should be evaluated against contemporary theater egress and fire-safety requirements.,"A Chicago Tribune account dated August 30, 1879 describes thorough exterior and interior renovation and reopening as the Olympic. This is an adaptive-reuse phase, not a new 1879 building.",medium,true
CHI-POSTFIRE-CHI1879-010,CHI1879-010,1879,Raymond School,1879,1879,exact,1879,,,,demolished/replaced/uncertain,Wabash Avenue at Thirty-sixth Place,3629-3653 S Wabash Ave,,,school,public elementary school,,Chicago Board of Education,brick masonry; steam heating,3,,new_construction,,Brick school construction complied with the post-1874 prohibition on new wood buildings.,"Andreas's visually checked table records erection in 1879, 70 by 84 feet, three stories, steam heat, 770 sittings and $29,500 total including heating and furniture. A later addition is reported for 1886; the surviving fabric and exact original footprint require Board and fire-insurance-map review.",high,true
CHI-POSTFIRE-CHI1879-022,CHI1879-022,1879,Sixth Presbyterian Church,1879,1879,year_only,1879,2009,year_only,Chicago Housing Authority demolition,demolished,Thirty-sixth Street and Vincennes Avenue,3600 S Vincennes Ave,,,church,Presbyterian worship,,Sixth Presbyterian congregation,masonry church; exact system not independently verified,,,new_construction,,"A church dated to 1879 would fall under the post-1874 citywide wood-building prohibition, but material and permit confirmation remain required.","WBEZ reports the church was built in 1879; WTTW corroborates the 3600 South Vincennes identity and later Ida B. Wells Homes context. Primary church, permit or contemporary newspaper confirmation is still needed.",medium,true
CHI-POSTFIRE-CHI1879-021,CHI1879-021,1879,St. Stephen German Evangelical Lutheran Church repair and refit,,1879,exact,1879,,,,demolished/unknown,Northwest corner Wentworth Avenue and Twenty-fifth Street,Approx. W 25th St and S Wentworth Ave,,,church,Lutheran worship,,St. Stephen German Evangelical Lutheran congregation,pre-existing frame church on brick basement; repaired and refitted,,,acquisition_repair_and_adaptive_reuse,"Pre-existing church building acquired September 1, 1879",The retained frame superstructure was pre-existing; the 1879 work was repair and refit rather than prohibited new frame construction.,"The congregation organized May 1, purchased the property September 1 for a reported $10,475, thoroughly repaired and refitted the approximately 1,000-seat church, installed an organ reported at $3,000, and dedicated it in fall 1879.",high,true
CHI-POSTFIRE-CHI1879-003,CHI1879-003,1879,United States Government Building west-basement post-office phase,1873,1880,exact,1879,1965,exact,Federal Center redevelopment,demolished,"Block bounded by Adams, Clark, Jackson and Dearborn Streets",Kluczynski Federal Building and Federal Center site,,,government_building,"post office, custom house and federal offices",Alfred B. Mullett; construction administration by federal successors,United States Government,masonry federal building with iron structural and fireproofing systems; phase details require federal specifications,,,partial_completion_and_occupancy_phase,1859 Custom House and Post Office destroyed in the Great Chicago Fire,Long-running federal masonry construction embodied post-fire fire-resistance goals; exact assemblies should be verified from federal drawings.,"The west half of the basement was finished and turned over for temporary post-office quarters in April 1879. Final building completion was in 1880, so this is not a 1879 whole-building completion despite simplified later references to an 1879 federal building.",high,true
CHI-POSTFIRE-CHI1879-007,CHI1879-007,1879,Samuel M. Nickerson House construction start,1879,1883,exact,1883,,,,extant,40 Erie Street,40 E Erie St,41.8944,-87.6263,mansion,single-family residence,Burling & Whitehouse,Samuel M. and Matilda Nickerson,"fire-resistant masonry residence with extensive stone, tile and metal; detailed assemblies documented by HABS",3,,construction_start_or_commission,,The project was explicitly conceived as a fireproof residence in post-fire Chicago.,"Commissioned in 1879 and completed in 1883 at a reported cost of about $450,000. Included for the documented 1879 project start, not counted as a 1879 completion.",high,false
CHI-POSTFIRE-CHI1879-025,CHI1879-025,1879,C. P. Kimball & Co. carriage building opening,,,,1879,,,,demolished/unknown,Chicago; exact 1879 address unresolved,,,,factory,carriage manufacture and showroom,,C. P. Kimball & Co.,five-floor industrial building; material not stated,5,,opening_or_occupancy_only,,A multi-story industrial occupancy in the post-fire city; the building's material and permit history are not identified.,"Andreas says the company opened its building in 1879 and describes the whole building as 40 by 160 feet with five floors. A larger Wabash-and-Harrison facility described elsewhere may be later, so that address is not assigned here. Not counted as verified new construction.",medium,true
