solid ac_support_insert_17.7mm_ASA-CF.stl
  facet normal 0 0 -1
    outer loop
      vertex 9.7 -11.5 0
      vertex 2.6446782 -2.5876006 0
      vertex 9.8764309 -11.491333 0
    endloop
  endfacet
  facet normal 0 0 -1
    outer loop
      vertex 9.7 -11.5 0
      vertex 2.3783142 -2.8343644 0
      vertex 2.6446782 -2.5876006 0
    endloop
  endfacet
  facet normal 0 0 -1
    outer loop
      vertex 9.8764309 -11.491333 0
      vertex 2.8855726 -2.3159168 0
      vertex 10.051163 -11.465414 0
    endloop
  endfacet
  facet normal 0 0 -1
    outer loop
      vertex 9.8764309 -11.491333 0
      vertex 2.6446782 -2.5876006 0
      vertex 2.8855726 -2.3159168 0
    endloop
  endfacet
  facet normal 0 0 -1
    outer loop
      vertex 10.051163 -11.465414 0
      vertex 3.0986773 -2.0219295 0
      vertex 10.222512 -11.422493 0
    endloop
  endfacet
  facet normal 0 0 -1
    outer loop
      vertex 10.051163 -11.465414 0
      vertex 2.8855726 -2.3159168 0
      vertex 3.0986773 -2.0219295 0
    endloop
  endfacet
  facet normal 0 0 -1
    outer loop
      vertex 10.222512 -11.422493 0
      vertex 3.2819401 -1.7084699 0
      vertex 10.38883 -11.362983 0
    endloop
  endfacet
  facet normal 0 0 -1
    outer loop
      vertex 10.222512 -11.422493 0
      vertex 3.0986773 -2.0219295 0
      vertex 3.2819401 -1.7084699 0
    endloop
  endfacet
  facet normal 0 0 -1
    outer loop
      vertex 10.38883 -11.362983 0
      vertex 3.433596 -1.3785567 0
      vertex 10.548514 -11.287458 0
    endloop
  endfacet
  facet normal 0 0 -1
    outer loop
      vertex 10.38883 -11.362983 0
      vertex 3.2819401 -1.7084699 0
      vertex 3.433596 -1.3785567 0
    endloop
  endfacet
  facet normal 0 0 -1
    outer loop
      vertex 10.548514 -11.287458 0
      vertex 3.5521845 -1.0353674 0
      vertex 10.700026 -11.196645 0
    endloop
  endfacet
  facet normal 0 0 -1
    outer loop
      vertex 10.548514 -11.287458 0
      vertex 3.433596 -1.3785567 0
      vertex 3.5521845 -1.0353674 0
    endloop
  endfacet
  facet normal 0 0 -1
    outer loop
      vertex 10.700026 -11.196645 0
      vertex 3.6365635 -0.68220681 0
      vertex 10.841908 -11.091419 0
    endloop
  endfacet
  facet normal 0 0 -1
    outer loop
      vertex 10.700026 -11.196645 0
      vertex 3.5521845 -1.0353674 0
      vertex 3.6365635 -0.68220681 0
    endloop
  endfacet
  facet normal 0 0 -1
    outer loop
      vertex 10.841908 -11.091419 0
      vertex 3.6859204 -0.32247625 0
      vertex 10.972792 -10.972792 0
    endloop
  endfacet
  facet normal 0 0 -1
    outer loop
      vertex 10.841908 -11.091419 0
      vertex 3.6365635 -0.68220681 0
      vertex 3.6859204 -0.32247625 0
    endloop
  endfacet
  facet normal 0 0 -1
    outer loop
      vertex 10.972792 -10.972792 0
      vertex 3.6997799 0.040359939 0
      vertex 11.091419 -10.841908 0
    endloop
  endfacet
  facet normal 0 0 -1
    outer loop
      vertex 10.972792 -10.972792 0
      vertex 3.6859204 -0.32247625 0
      vertex 3.6997799 0.040359939 0
    endloop
  endfacet
  facet normal 0 0 -1
    outer loop
      vertex 11.091419 -10.841908 0
      vertex 3.6780085 0.40280744 0
      vertex 11.196645 -10.700026 0
    endloop
  endfacet
  facet normal 0 0 -1
    outer loop
      vertex 11.091419 -10.841908 0
      vertex 3.6997799 0.040359939 0
      vertex 3.6780085 0.40280744 0
    endloop
  endfacet
  facet normal 0 0 -1
    outer loop
      vertex 11.196645 -10.700026 0
      vertex 3.6208158 0.76137568 0
      vertex 11.287458 -10.548514 0
    endloop
  endfacet
  facet normal 0 0 -1
    outer loop
      vertex 11.196645 -10.700026 0
      vertex 3.6780085 0.40280744 0
      vertex 3.6208158 0.76137568 0
    endloop
  endfacet
  facet normal 0 0 -1
    outer loop
      vertex 11.287458 -10.548514 0
      vertex 3.5287527 1.1126115 0
      vertex 11.362983 -10.38883 0
    endloop
  endfacet
  facet normal 0 0 -1
    outer loop
      vertex 11.287458 -10.548514 0
      vertex 3.6208158 0.76137568 0
      vertex 3.5287527 1.1126115 0
    endloop
  endfacet
  facet normal 0 0 -1
    outer loop
      vertex 11.362983 -10.38883 0
      vertex 3.4027058 1.4531322 0
      vertex 11.422493 -10.222512 0
    endloop
  endfacet
  facet normal 0 0 -1
    outer loop
      vertex 11.362983 -10.38883 0
      vertex 3.5287527 1.1126115 0
      vertex 3.4027058 1.4531322 0
    endloop
  endfacet
  facet normal 0 0 -1
    outer loop
      vertex 11.422493 -10.222512 0
      vertex 3.243889 1.7796584 0
      vertex 11.465414 -10.051163 0
    endloop
  endfacet
  facet normal 0 0 -1
    outer loop
      vertex 11.422493 -10.222512 0
      vertex 3.4027058 1.4531322 0
      vertex 3.243889 1.7796584 0
    endloop
  endfacet
  facet normal 0 0 -1
    outer loop
      vertex 11.465414 -10.051163 0
      vertex 3.0538318 2.0890456 0
      vertex 11.491333 -9.8764309 0
    endloop
  endfacet
  facet normal 0 0 -1
    outer loop
      vertex 11.465414 -10.051163 0
      vertex 3.243889 1.7796584 0
      vertex 3.0538318 2.0890456 0
    endloop
  endfacet
  facet normal 0 0 -1
    outer loop
      vertex 11.491333 -9.8764309 0
      vertex 2.8343644 2.3783142 0
      vertex 11.5 9.7 0
    endloop
  endfacet
  facet normal 0 0 1
    outer loop
      vertex 11.491333 -9.8764309 0
      vertex 3.0538318 2.0890456 0
      vertex 2.8343644 2.3783142 0
    endloop
  endfacet
  facet normal -0 0 -1
    outer loop
      vertex 11.5 9.7 0
      vertex 2.5876006 2.6446782 0
      vertex 11.491333 9.8764309 0
    endloop
  endfacet
  facet normal 0 0 -1
    outer loop
      vertex 11.5 9.7 0
      vertex 2.8343644 2.3783142 0
      vertex 2.5876006 2.6446782 0
    endloop
  endfacet
  facet normal -0 0 -1
    outer loop
      vertex 11.491333 9.8764309 0
      vertex 2.3159168 2.8855726 0
      vertex 11.465414 10.051163 0
    endloop
  endfacet
  facet normal 0 0 -1
    outer loop
      vertex 11.491333 9.8764309 0
      vertex 2.5876006 2.6446782 0
      vertex 2.3159168 2.8855726 0
    endloop
  endfacet
  facet normal -0 0 -1
    outer loop
      vertex 11.465414 10.051163 0
      vertex 2.0219295 3.0986773 0
      vertex 11.422493 10.222512 0
    endloop
  endfacet
  facet normal 0 0 -1
    outer loop
      vertex 11.465414 10.051163 0
      vertex 2.3159168 2.8855726 0
      vertex 2.0219295 3.0986773 0
    endloop
  endfacet
  facet normal -0 0 -1
    outer loop
      vertex 11.422493 10.222512 0
      vertex 1.7084699 3.2819401 0
      vertex 11.362983 10.38883 0
    endloop
  endfacet
  facet normal 0 0 -1
    outer loop
      vertex 11.422493 10.222512 0
      vertex 2.0219295 3.0986773 0
      vertex 1.7084699 3.2819401 0
    endloop
  endfacet
  facet normal -0 0 -1
    outer loop
      vertex 11.362983 10.38883 0
      vertex 1.3785567 3.433596 0
      vertex 11.287458 10.548514 0
    endloop
  endfacet
  facet normal 0 0 -1
    outer loop
      vertex 11.362983 10.38883 0
      vertex 1.7084699 3.2819401 0
      vertex 1.3785567 3.433596 0
    endloop
  endfacet
  facet normal -0 0 -1
    outer loop
      vertex 11.287458 10.548514 0
      vertex 1.0353674 3.5521845 0
      vertex 11.196645 10.700026 0
    endloop
  endfacet
  facet normal 0 0 -1
    outer loop
      vertex 11.287458 10.548514 0
      vertex 1.3785567 3.433596 0
      vertex 1.0353674 3.5521845 0
    endloop
  endfacet
  facet normal -0 0 -1
    outer loop
      vertex 11.196645 10.700026 0
      vertex 0.68220681 3.6365635 0
      vertex 11.091419 10.841908 0
    endloop
  endfacet
  facet normal 0 0 -1
    outer loop
      vertex 11.196645 10.700026 0
      vertex 1.0353674 3.5521845 0
      vertex 0.68220681 3.6365635 0
    endloop
  endfacet
  facet normal -0 0 -1
    outer loop
      vertex 11.091419 10.841908 0
      vertex 0.32247625 3.6859204 0
      vertex 10.972792 10.972792 0
    endloop
  endfacet
  facet normal 0 0 -1
    outer loop
      vertex 11.091419 10.841908 0
      vertex 0.68220681 3.6365635 0
      vertex 0.32247625 3.6859204 0
    endloop
  endfacet
  facet normal -0 0 -1
    outer loop
      vertex 10.972792 10.972792 0
      vertex -0.040359939 3.6997799 0
      vertex 10.841908 11.091419 0
    endloop
  endfacet
  facet normal 0 0 -1
    outer loop
      vertex 10.972792 10.972792 0
      vertex 0.32247625 3.6859204 0
      vertex -0.040359939 3.6997799 0
    endloop
  endfacet
  facet normal -0 0 -1
    outer loop
      vertex 10.841908 11.091419 0
      vertex -0.40280744 3.6780085 0
      vertex 10.700026 11.196645 0
    endloop
  endfacet
  facet normal 0 0 -1
    outer loop
      vertex 10.841908 11.091419 0
      vertex -0.040359939 3.6997799 0
      vertex -0.40280744 3.6780085 0
    endloop
  endfacet
  facet normal -0 0 -1
    outer loop
      vertex 10.700026 11.196645 0
      vertex -0.76137568 3.6208158 0
      vertex 10.548514 11.287458 0
    endloop
  endfacet
  facet normal 0 0 -1
    outer loop
      vertex 10.700026 11.196645 0
      vertex -0.40280744 3.6780085 0
      vertex -0.76137568 3.6208158 0
    endloop
  endfacet
  facet normal -0 0 -1
    outer loop
      vertex 10.548514 11.287458 0
      vertex -1.1126115 3.5287527 0
      vertex 10.38883 11.362983 0
    endloop
  endfacet
  facet normal 0 0 -1
    outer loop
      vertex 10.548514 11.287458 0
      vertex -0.76137568 3.6208158 0
      vertex -1.1126115 3.5287527 0
    endloop
  endfacet
  facet normal -0 0 -1
    outer loop
      vertex 10.38883 11.362983 0
      vertex -1.4531322 3.4027058 0
      vertex 10.222512 11.422493 0
    endloop
  endfacet
  facet normal 0 0 -1
    outer loop
      vertex 10.38883 11.362983 0
      vertex -1.1126115 3.5287527 0
      vertex -1.4531322 3.4027058 0
    endloop
  endfacet
  facet normal -0 0 -1
    outer loop
      vertex 10.222512 11.422493 0
      vertex -1.7796584 3.243889 0
      vertex 10.051163 11.465414 0
    endloop
  endfacet
  facet normal 0 0 -1
    outer loop
      vertex 10.222512 11.422493 0
      vertex -1.4531322 3.4027058 0
      vertex -1.7796584 3.243889 0
    endloop
  endfacet
  facet normal -0 0 -1
    outer loop
      vertex 10.051163 11.465414 0
      vertex -2.0890456 3.0538318 0
      vertex 9.8764309 11.491333 0
    endloop
  endfacet
  facet normal 0 0 -1
    outer loop
      vertex 10.051163 11.465414 0
      vertex -1.7796584 3.243889 0
      vertex -2.0890456 3.0538318 0
    endloop
  endfacet
  facet normal -0 0 -1
    outer loop
      vertex 9.8764309 11.491333 0
      vertex -2.3783142 2.8343644 0
      vertex -9.7 11.5 0
    endloop
  endfacet
  facet normal 0 0 1
    outer loop
      vertex 9.8764309 11.491333 0
      vertex -2.0890456 3.0538318 0
      vertex -2.3783142 2.8343644 0
    endloop
  endfacet
  facet normal 0 -0 -1
    outer loop
      vertex -9.7 11.5 0
      vertex -2.6446782 2.5876006 0
      vertex -9.8764309 11.491333 0
    endloop
  endfacet
  facet normal 0 0 -1
    outer loop
      vertex -9.7 11.5 0
      vertex -2.3783142 2.8343644 0
      vertex -2.6446782 2.5876006 0
    endloop
  endfacet
  facet normal 0 -0 -1
    outer loop
      vertex -9.8764309 11.491333 0
      vertex -2.8855726 2.3159168 0
      vertex -10.051163 11.465414 0
    endloop
  endfacet
  facet normal 0 0 -1
    outer loop
      vertex -9.8764309 11.491333 0
      vertex -2.6446782 2.5876006 0
      vertex -2.8855726 2.3159168 0
    endloop
  endfacet
  facet normal 0 -0 -1
    outer loop
      vertex -10.051163 11.465414 0
      vertex -3.0986773 2.0219295 0
      vertex -10.222512 11.422493 0
    endloop
  endfacet
  facet normal 0 0 -1
    outer loop
      vertex -10.051163 11.465414 0
      vertex -2.8855726 2.3159168 0
      vertex -3.0986773 2.0219295 0
    endloop
  endfacet
  facet normal 0 -0 -1
    outer loop
      vertex -10.222512 11.422493 0
      vertex -3.2819401 1.7084699 0
      vertex -10.38883 11.362983 0
    endloop
  endfacet
  facet normal 0 0 -1
    outer loop
      vertex -10.222512 11.422493 0
      vertex -3.0986773 2.0219295 0
      vertex -3.2819401 1.7084699 0
    endloop
  endfacet
  facet normal 0 -0 -1
    outer loop
      vertex -10.38883 11.362983 0
      vertex -3.433596 1.3785567 0
      vertex -10.548514 11.287458 0
    endloop
  endfacet
  facet normal 0 0 -1
    outer loop
      vertex -10.38883 11.362983 0
      vertex -3.2819401 1.7084699 0
      vertex -3.433596 1.3785567 0
    endloop
  endfacet
  facet normal 0 -0 -1
    outer loop
      vertex -10.548514 11.287458 0
      vertex -3.5521845 1.0353674 0
      vertex -10.700026 11.196645 0
    endloop
  endfacet
  facet normal 0 0 -1
    outer loop
      vertex -10.548514 11.287458 0
      vertex -3.433596 1.3785567 0
      vertex -3.5521845 1.0353674 0
    endloop
  endfacet
  facet normal 0 -0 -1
    outer loop
      vertex -10.700026 11.196645 0
      vertex -3.6365635 0.68220681 0
      vertex -10.841908 11.091419 0
    endloop
  endfacet
  facet normal 0 0 -1
    outer loop
      vertex -10.700026 11.196645 0
      vertex -3.5521845 1.0353674 0
      vertex -3.6365635 0.68220681 0
    endloop
  endfacet
  facet normal 0 -0 -1
    outer loop
      vertex -10.841908 11.091419 0
      vertex -3.6859204 0.32247625 0
      vertex -10.972792 10.972792 0
    endloop
  endfacet
  facet normal 0 0 -1
    outer loop
      vertex -10.841908 11.091419 0
      vertex -3.6365635 0.68220681 0
      vertex -3.6859204 0.32247625 0
    endloop
  endfacet
  facet normal 0 -0 -1
    outer loop
      vertex -10.972792 10.972792 0
      vertex -3.6997799 -0.040359939 0
      vertex -11.091419 10.841908 0
    endloop
  endfacet
  facet normal 0 0 -1
    outer loop
      vertex -10.972792 10.972792 0
      vertex -3.6859204 0.32247625 0
      vertex -3.6997799 -0.040359939 0
    endloop
  endfacet
  facet normal 0 -0 -1
    outer loop
      vertex -11.091419 10.841908 0
      vertex -3.6780085 -0.40280744 0
      vertex -11.196645 10.700026 0
    endloop
  endfacet
  facet normal 0 0 -1
    outer loop
      vertex -11.091419 10.841908 0
      vertex -3.6997799 -0.040359939 0
      vertex -3.6780085 -0.40280744 0
    endloop
  endfacet
  facet normal 0 -0 -1
    outer loop
      vertex -11.196645 10.700026 0
      vertex -3.6208158 -0.76137568 0
      vertex -11.287458 10.548514 0
    endloop
  endfacet
  facet normal 0 0 -1
    outer loop
      vertex -11.196645 10.700026 0
      vertex -3.6780085 -0.40280744 0
      vertex -3.6208158 -0.76137568 0
    endloop
  endfacet
  facet normal 0 -0 -1
    outer loop
      vertex -11.287458 10.548514 0
      vertex -3.5287527 -1.1126115 0
      vertex -11.362983 10.38883 0
    endloop
  endfacet
  facet normal 0 0 -1
    outer loop
      vertex -11.287458 10.548514 0
      vertex -3.6208158 -0.76137568 0
      vertex -3.5287527 -1.1126115 0
    endloop
  endfacet
  facet normal 0 -0 -1
    outer loop
      vertex -11.362983 10.38883 0
      vertex -3.4027058 -1.4531322 0
      vertex -11.422493 10.222512 0
    endloop
  endfacet
  facet normal 0 0 -1
    outer loop
      vertex -11.362983 10.38883 0
      vertex -3.5287527 -1.1126115 0
      vertex -3.4027058 -1.4531322 0
    endloop
  endfacet
  facet normal 0 -0 -1
    outer loop
      vertex -11.422493 10.222512 0
      vertex -3.243889 -1.7796584 0
      vertex -11.465414 10.051163 0
    endloop
  endfacet
  facet normal 0 0 -1
    outer loop
      vertex -11.422493 10.222512 0
      vertex -3.4027058 -1.4531322 0
      vertex -3.243889 -1.7796584 0
    endloop
  endfacet
  facet normal 0 -0 -1
    outer loop
      vertex -11.465414 10.051163 0
      vertex -3.0538318 -2.0890456 0
      vertex -11.491333 9.8764309 0
    endloop
  endfacet
  facet normal 0 0 -1
    outer loop
      vertex -11.465414 10.051163 0
      vertex -3.243889 -1.7796584 0
      vertex -3.0538318 -2.0890456 0
    endloop
  endfacet
  facet normal 0 -0 -1
    outer loop
      vertex -11.491333 9.8764309 0
      vertex -2.8343644 -2.3783142 0
      vertex -11.5 -9.7 0
    endloop
  endfacet
  facet normal 0 0 1
    outer loop
      vertex -11.491333 9.8764309 0
      vertex -3.0538318 -2.0890456 0
      vertex -2.8343644 -2.3783142 0
    endloop
  endfacet
  facet normal 0 0 -1
    outer loop
      vertex -11.5 -9.7 0
      vertex -2.5876006 -2.6446782 0
      vertex -11.491333 -9.8764309 0
    endloop
  endfacet
  facet normal 0 0 -1
    outer loop
      vertex -11.5 -9.7 0
      vertex -2.8343644 -2.3783142 0
      vertex -2.5876006 -2.6446782 0
    endloop
  endfacet
  facet normal 0 0 -1
    outer loop
      vertex -11.491333 -9.8764309 0
      vertex -2.3159168 -2.8855726 0
      vertex -11.465414 -10.051163 0
    endloop
  endfacet
  facet normal 0 0 -1
    outer loop
      vertex -11.491333 -9.8764309 0
      vertex -2.5876006 -2.6446782 0
      vertex -2.3159168 -2.8855726 0
    endloop
  endfacet
  facet normal 0 0 -1
    outer loop
      vertex -11.465414 -10.051163 0
      vertex -2.0219295 -3.0986773 0
      vertex -11.422493 -10.222512 0
    endloop
  endfacet
  facet normal 0 0 -1
    outer loop
      vertex -11.465414 -10.051163 0
      vertex -2.3159168 -2.8855726 0
      vertex -2.0219295 -3.0986773 0
    endloop
  endfacet
  facet normal 0 0 -1
    outer loop
      vertex -11.422493 -10.222512 0
      vertex -1.7084699 -3.2819401 0
      vertex -11.362983 -10.38883 0
    endloop
  endfacet
  facet normal 0 0 -1
    outer loop
      vertex -11.422493 -10.222512 0
      vertex -2.0219295 -3.0986773 0
      vertex -1.7084699 -3.2819401 0
    endloop
  endfacet
  facet normal 0 0 -1
    outer loop
      vertex -11.362983 -10.38883 0
      vertex -1.3785567 -3.433596 0
      vertex -11.287458 -10.548514 0
    endloop
  endfacet
  facet normal 0 0 -1
    outer loop
      vertex -11.362983 -10.38883 0
      vertex -1.7084699 -3.2819401 0
      vertex -1.3785567 -3.433596 0
    endloop
  endfacet
  facet normal 0 0 -1
    outer loop
      vertex -11.287458 -10.548514 0
      vertex -1.0353674 -3.5521845 0
      vertex -11.196645 -10.700026 0
    endloop
  endfacet
  facet normal 0 0 -1
    outer loop
      vertex -11.287458 -10.548514 0
      vertex -1.3785567 -3.433596 0
      vertex -1.0353674 -3.5521845 0
    endloop
  endfacet
  facet normal 0 0 -1
    outer loop
      vertex -11.196645 -10.700026 0
      vertex -0.68220681 -3.6365635 0
      vertex -11.091419 -10.841908 0
    endloop
  endfacet
  facet normal 0 0 -1
    outer loop
      vertex -11.196645 -10.700026 0
      vertex -1.0353674 -3.5521845 0
      vertex -0.68220681 -3.6365635 0
    endloop
  endfacet
  facet normal 0 0 -1
    outer loop
      vertex -11.091419 -10.841908 0
      vertex -0.32247625 -3.6859204 0
      vertex -10.972792 -10.972792 0
    endloop
  endfacet
  facet normal 0 0 -1
    outer loop
      vertex -11.091419 -10.841908 0
      vertex -0.68220681 -3.6365635 0
      vertex -0.32247625 -3.6859204 0
    endloop
  endfacet
  facet normal 0 0 -1
    outer loop
      vertex -10.972792 -10.972792 0
      vertex 0.040359939 -3.6997799 0
      vertex -10.841908 -11.091419 0
    endloop
  endfacet
  facet normal 0 0 -1
    outer loop
      vertex -10.972792 -10.972792 0
      vertex -0.32247625 -3.6859204 0
      vertex 0.040359939 -3.6997799 0
    endloop
  endfacet
  facet normal 0 0 -1
    outer loop
      vertex -10.841908 -11.091419 0
      vertex 0.40280744 -3.6780085 0
      vertex -10.700026 -11.196645 0
    endloop
  endfacet
  facet normal 0 0 -1
    outer loop
      vertex -10.841908 -11.091419 0
      vertex 0.040359939 -3.6997799 0
      vertex 0.40280744 -3.6780085 0
    endloop
  endfacet
  facet normal 0 0 -1
    outer loop
      vertex -10.700026 -11.196645 0
      vertex 0.76137568 -3.6208158 0
      vertex -10.548514 -11.287458 0
    endloop
  endfacet
  facet normal 0 0 -1
    outer loop
      vertex -10.700026 -11.196645 0
      vertex 0.40280744 -3.6780085 0
      vertex 0.76137568 -3.6208158 0
    endloop
  endfacet
  facet normal 0 0 -1
    outer loop
      vertex -10.548514 -11.287458 0
      vertex 1.1126115 -3.5287527 0
      vertex -10.38883 -11.362983 0
    endloop
  endfacet
  facet normal 0 0 -1
    outer loop
      vertex -10.548514 -11.287458 0
      vertex 0.76137568 -3.6208158 0
      vertex 1.1126115 -3.5287527 0
    endloop
  endfacet
  facet normal 0 0 -1
    outer loop
      vertex -10.38883 -11.362983 0
      vertex 1.4531322 -3.4027058 0
      vertex -10.222512 -11.422493 0
    endloop
  endfacet
  facet normal 0 0 -1
    outer loop
      vertex -10.38883 -11.362983 0
      vertex 1.1126115 -3.5287527 0
      vertex 1.4531322 -3.4027058 0
    endloop
  endfacet
  facet normal 0 0 -1
    outer loop
      vertex -10.222512 -11.422493 0
      vertex 1.7796584 -3.243889 0
      vertex -10.051163 -11.465414 0
    endloop
  endfacet
  facet normal 0 0 -1
    outer loop
      vertex -10.222512 -11.422493 0
      vertex 1.4531322 -3.4027058 0
      vertex 1.7796584 -3.243889 0
    endloop
  endfacet
  facet normal 0 0 -1
    outer loop
      vertex -10.051163 -11.465414 0
      vertex 2.0890456 -3.0538318 0
      vertex -9.8764309 -11.491333 0
    endloop
  endfacet
  facet normal 0 0 -1
    outer loop
      vertex -10.051163 -11.465414 0
      vertex 1.7796584 -3.243889 0
      vertex 2.0890456 -3.0538318 0
    endloop
  endfacet
  facet normal 0 0 -1
    outer loop
      vertex -9.8764309 -11.491333 0
      vertex 2.3783142 -2.8343644 0
      vertex 9.7 -11.5 0
    endloop
  endfacet
  facet normal 0 0 1
    outer loop
      vertex -9.8764309 -11.491333 0
      vertex 2.0890456 -3.0538318 0
      vertex 2.3783142 -2.8343644 0
    endloop
  endfacet
  facet normal 0.049067674 -0.99879546 0
    outer loop
      vertex 9.7 -11.5 0
      vertex 9.8764309 -11.491333 0
      vertex 9.8764309 -11.491333 0.5
    endloop
  endfacet
  facet normal 0.049067674 -0.99879546 0
    outer loop
      vertex 9.7 -11.5 0
      vertex 9.8764309 -11.491333 0.5
      vertex 9.7 -11.5 0.5
    endloop
  endfacet
  facet normal 0.14673047 -0.98917651 0
    outer loop
      vertex 9.8764309 -11.491333 0
      vertex 10.051163 -11.465414 0
      vertex 10.051163 -11.465414 0.5
    endloop
  endfacet
  facet normal 0.14673047 -0.98917651 0
    outer loop
      vertex 9.8764309 -11.491333 0
      vertex 10.051163 -11.465414 0.5
      vertex 9.8764309 -11.491333 0.5
    endloop
  endfacet
  facet normal 0.24298018 -0.97003125 0
    outer loop
      vertex 10.051163 -11.465414 0
      vertex 10.222512 -11.422493 0
      vertex 10.222512 -11.422493 0.5
    endloop
  endfacet
  facet normal 0.24298018 -0.97003125 0
    outer loop
      vertex 10.051163 -11.465414 0
      vertex 10.222512 -11.422493 0.5
      vertex 10.051163 -11.465414 0.5
    endloop
  endfacet
  facet normal 0.33688985 -0.94154407 0
    outer loop
      vertex 10.222512 -11.422493 0
      vertex 10.38883 -11.362983 0
      vertex 10.38883 -11.362983 0.5
    endloop
  endfacet
  facet normal 0.33688985 -0.94154407 0
    outer loop
      vertex 10.222512 -11.422493 0
      vertex 10.38883 -11.362983 0.5
      vertex 10.222512 -11.422493 0.5
    endloop
  endfacet
  facet normal 0.42755509 -0.90398929 0
    outer loop
      vertex 10.38883 -11.362983 0
      vertex 10.548514 -11.287458 0
      vertex 10.548514 -11.287458 0.5
    endloop
  endfacet
  facet normal 0.42755509 -0.90398929 0
    outer loop
      vertex 10.38883 -11.362983 0
      vertex 10.548514 -11.287458 0.5
      vertex 10.38883 -11.362983 0.5
    endloop
  endfacet
  facet normal 0.51410274 -0.85772861 0
    outer loop
      vertex 10.548514 -11.287458 0
      vertex 10.700026 -11.196645 0
      vertex 10.700026 -11.196645 0.5
    endloop
  endfacet
  facet normal 0.51410274 -0.85772861 0
    outer loop
      vertex 10.548514 -11.287458 0
      vertex 10.700026 -11.196645 0.5
      vertex 10.548514 -11.287458 0.5
    endloop
  endfacet
  facet normal 0.5956993 -0.80320753 0
    outer loop
      vertex 10.700026 -11.196645 0
      vertex 10.841908 -11.091419 0
      vertex 10.841908 -11.091419 0.5
    endloop
  endfacet
  facet normal 0.5956993 -0.80320753 0
    outer loop
      vertex 10.700026 -11.196645 0
      vertex 10.841908 -11.091419 0.5
      vertex 10.700026 -11.196645 0.5
    endloop
  endfacet
  facet normal 0.67155895 -0.74095113 0
    outer loop
      vertex 10.841908 -11.091419 0
      vertex 10.972792 -10.972792 0
      vertex 10.972792 -10.972792 0.5
    endloop
  endfacet
  facet normal 0.67155895 -0.74095113 0
    outer loop
      vertex 10.841908 -11.091419 0
      vertex 10.972792 -10.972792 0.5
      vertex 10.841908 -11.091419 0.5
    endloop
  endfacet
  facet normal 0.74095113 -0.67155895 0
    outer loop
      vertex 10.972792 -10.972792 0
      vertex 11.091419 -10.841908 0
      vertex 11.091419 -10.841908 0.5
    endloop
  endfacet
  facet normal 0.74095113 -0.67155895 0
    outer loop
      vertex 10.972792 -10.972792 0
      vertex 11.091419 -10.841908 0.5
      vertex 10.972792 -10.972792 0.5
    endloop
  endfacet
  facet normal 0.80320753 -0.5956993 0
    outer loop
      vertex 11.091419 -10.841908 0
      vertex 11.196645 -10.700026 0
      vertex 11.196645 -10.700026 0.5
    endloop
  endfacet
  facet normal 0.80320753 -0.5956993 0
    outer loop
      vertex 11.091419 -10.841908 0
      vertex 11.196645 -10.700026 0.5
      vertex 11.091419 -10.841908 0.5
    endloop
  endfacet
  facet normal 0.85772861 -0.51410274 0
    outer loop
      vertex 11.196645 -10.700026 0
      vertex 11.287458 -10.548514 0
      vertex 11.287458 -10.548514 0.5
    endloop
  endfacet
  facet normal 0.85772861 -0.51410274 0
    outer loop
      vertex 11.196645 -10.700026 0
      vertex 11.287458 -10.548514 0.5
      vertex 11.196645 -10.700026 0.5
    endloop
  endfacet
  facet normal 0.90398929 -0.42755509 0
    outer loop
      vertex 11.287458 -10.548514 0
      vertex 11.362983 -10.38883 0
      vertex 11.362983 -10.38883 0.5
    endloop
  endfacet
  facet normal 0.90398929 -0.42755509 0
    outer loop
      vertex 11.287458 -10.548514 0
      vertex 11.362983 -10.38883 0.5
      vertex 11.287458 -10.548514 0.5
    endloop
  endfacet
  facet normal 0.94154407 -0.33688985 0
    outer loop
      vertex 11.362983 -10.38883 0
      vertex 11.422493 -10.222512 0
      vertex 11.422493 -10.222512 0.5
    endloop
  endfacet
  facet normal 0.94154407 -0.33688985 0
    outer loop
      vertex 11.362983 -10.38883 0
      vertex 11.422493 -10.222512 0.5
      vertex 11.362983 -10.38883 0.5
    endloop
  endfacet
  facet normal 0.97003125 -0.24298018 0
    outer loop
      vertex 11.422493 -10.222512 0
      vertex 11.465414 -10.051163 0
      vertex 11.465414 -10.051163 0.5
    endloop
  endfacet
  facet normal 0.97003125 -0.24298018 0
    outer loop
      vertex 11.422493 -10.222512 0
      vertex 11.465414 -10.051163 0.5
      vertex 11.422493 -10.222512 0.5
    endloop
  endfacet
  facet normal 0.98917651 -0.14673047 0
    outer loop
      vertex 11.465414 -10.051163 0
      vertex 11.491333 -9.8764309 0
      vertex 11.491333 -9.8764309 0.5
    endloop
  endfacet
  facet normal 0.98917651 -0.14673047 0
    outer loop
      vertex 11.465414 -10.051163 0
      vertex 11.491333 -9.8764309 0.5
      vertex 11.465414 -10.051163 0.5
    endloop
  endfacet
  facet normal 0.9999999 -0.00044275135 0
    outer loop
      vertex 11.491333 -9.8764309 0
      vertex 11.5 9.7 0
      vertex 11.5 9.7 0.5
    endloop
  endfacet
  facet normal 0.9999999 -0.00044275135 0
    outer loop
      vertex 11.491333 -9.8764309 0
      vertex 11.5 9.7 0.5
      vertex 11.491333 -9.8764309 0.5
    endloop
  endfacet
  facet normal 0.99879546 0.049067674 0
    outer loop
      vertex 11.5 9.7 0
      vertex 11.491333 9.8764309 0
      vertex 11.491333 9.8764309 0.5
    endloop
  endfacet
  facet normal 0.99879546 0.049067674 -0
    outer loop
      vertex 11.5 9.7 0
      vertex 11.491333 9.8764309 0.5
      vertex 11.5 9.7 0.5
    endloop
  endfacet
  facet normal 0.98917651 0.14673047 0
    outer loop
      vertex 11.491333 9.8764309 0
      vertex 11.465414 10.051163 0
      vertex 11.465414 10.051163 0.5
    endloop
  endfacet
  facet normal 0.98917651 0.14673047 -0
    outer loop
      vertex 11.491333 9.8764309 0
      vertex 11.465414 10.051163 0.5
      vertex 11.491333 9.8764309 0.5
    endloop
  endfacet
  facet normal 0.97003125 0.24298018 0
    outer loop
      vertex 11.465414 10.051163 0
      vertex 11.422493 10.222512 0
      vertex 11.422493 10.222512 0.5
    endloop
  endfacet
  facet normal 0.97003125 0.24298018 -0
    outer loop
      vertex 11.465414 10.051163 0
      vertex 11.422493 10.222512 0.5
      vertex 11.465414 10.051163 0.5
    endloop
  endfacet
  facet normal 0.94154407 0.33688985 0
    outer loop
      vertex 11.422493 10.222512 0
      vertex 11.362983 10.38883 0
      vertex 11.362983 10.38883 0.5
    endloop
  endfacet
  facet normal 0.94154407 0.33688985 -0
    outer loop
      vertex 11.422493 10.222512 0
      vertex 11.362983 10.38883 0.5
      vertex 11.422493 10.222512 0.5
    endloop
  endfacet
  facet normal 0.90398929 0.42755509 0
    outer loop
      vertex 11.362983 10.38883 0
      vertex 11.287458 10.548514 0
      vertex 11.287458 10.548514 0.5
    endloop
  endfacet
  facet normal 0.90398929 0.42755509 -0
    outer loop
      vertex 11.362983 10.38883 0
      vertex 11.287458 10.548514 0.5
      vertex 11.362983 10.38883 0.5
    endloop
  endfacet
  facet normal 0.85772861 0.51410274 0
    outer loop
      vertex 11.287458 10.548514 0
      vertex 11.196645 10.700026 0
      vertex 11.196645 10.700026 0.5
    endloop
  endfacet
  facet normal 0.85772861 0.51410274 -0
    outer loop
      vertex 11.287458 10.548514 0
      vertex 11.196645 10.700026 0.5
      vertex 11.287458 10.548514 0.5
    endloop
  endfacet
  facet normal 0.80320753 0.5956993 0
    outer loop
      vertex 11.196645 10.700026 0
      vertex 11.091419 10.841908 0
      vertex 11.091419 10.841908 0.5
    endloop
  endfacet
  facet normal 0.80320753 0.5956993 -0
    outer loop
      vertex 11.196645 10.700026 0
      vertex 11.091419 10.841908 0.5
      vertex 11.196645 10.700026 0.5
    endloop
  endfacet
  facet normal 0.74095113 0.67155895 0
    outer loop
      vertex 11.091419 10.841908 0
      vertex 10.972792 10.972792 0
      vertex 10.972792 10.972792 0.5
    endloop
  endfacet
  facet normal 0.74095113 0.67155895 -0
    outer loop
      vertex 11.091419 10.841908 0
      vertex 10.972792 10.972792 0.5
      vertex 11.091419 10.841908 0.5
    endloop
  endfacet
  facet normal 0.67155895 0.74095113 0
    outer loop
      vertex 10.972792 10.972792 0
      vertex 10.841908 11.091419 0
      vertex 10.841908 11.091419 0.5
    endloop
  endfacet
  facet normal 0.67155895 0.74095113 -0
    outer loop
      vertex 10.972792 10.972792 0
      vertex 10.841908 11.091419 0.5
      vertex 10.972792 10.972792 0.5
    endloop
  endfacet
  facet normal 0.5956993 0.80320753 0
    outer loop
      vertex 10.841908 11.091419 0
      vertex 10.700026 11.196645 0
      vertex 10.700026 11.196645 0.5
    endloop
  endfacet
  facet normal 0.5956993 0.80320753 -0
    outer loop
      vertex 10.841908 11.091419 0
      vertex 10.700026 11.196645 0.5
      vertex 10.841908 11.091419 0.5
    endloop
  endfacet
  facet normal 0.51410274 0.85772861 0
    outer loop
      vertex 10.700026 11.196645 0
      vertex 10.548514 11.287458 0
      vertex 10.548514 11.287458 0.5
    endloop
  endfacet
  facet normal 0.51410274 0.85772861 -0
    outer loop
      vertex 10.700026 11.196645 0
      vertex 10.548514 11.287458 0.5
      vertex 10.700026 11.196645 0.5
    endloop
  endfacet
  facet normal 0.42755509 0.90398929 0
    outer loop
      vertex 10.548514 11.287458 0
      vertex 10.38883 11.362983 0
      vertex 10.38883 11.362983 0.5
    endloop
  endfacet
  facet normal 0.42755509 0.90398929 -0
    outer loop
      vertex 10.548514 11.287458 0
      vertex 10.38883 11.362983 0.5
      vertex 10.548514 11.287458 0.5
    endloop
  endfacet
  facet normal 0.33688985 0.94154407 0
    outer loop
      vertex 10.38883 11.362983 0
      vertex 10.222512 11.422493 0
      vertex 10.222512 11.422493 0.5
    endloop
  endfacet
  facet normal 0.33688985 0.94154407 -0
    outer loop
      vertex 10.38883 11.362983 0
      vertex 10.222512 11.422493 0.5
      vertex 10.38883 11.362983 0.5
    endloop
  endfacet
  facet normal 0.24298018 0.97003125 0
    outer loop
      vertex 10.222512 11.422493 0
      vertex 10.051163 11.465414 0
      vertex 10.051163 11.465414 0.5
    endloop
  endfacet
  facet normal 0.24298018 0.97003125 -0
    outer loop
      vertex 10.222512 11.422493 0
      vertex 10.051163 11.465414 0.5
      vertex 10.222512 11.422493 0.5
    endloop
  endfacet
  facet normal 0.14673047 0.98917651 0
    outer loop
      vertex 10.051163 11.465414 0
      vertex 9.8764309 11.491333 0
      vertex 9.8764309 11.491333 0.5
    endloop
  endfacet
  facet normal 0.14673047 0.98917651 -0
    outer loop
      vertex 10.051163 11.465414 0
      vertex 9.8764309 11.491333 0.5
      vertex 10.051163 11.465414 0.5
    endloop
  endfacet
  facet normal 0.00044275135 0.9999999 0
    outer loop
      vertex 9.8764309 11.491333 0
      vertex -9.7 11.5 0
      vertex -9.7 11.5 0.5
    endloop
  endfacet
  facet normal 0.00044275135 0.9999999 -0
    outer loop
      vertex 9.8764309 11.491333 0
      vertex -9.7 11.5 0.5
      vertex 9.8764309 11.491333 0.5
    endloop
  endfacet
  facet normal -0.049067674 0.99879546 0
    outer loop
      vertex -9.7 11.5 0
      vertex -9.8764309 11.491333 0
      vertex -9.8764309 11.491333 0.5
    endloop
  endfacet
  facet normal -0.049067674 0.99879546 0
    outer loop
      vertex -9.7 11.5 0
      vertex -9.8764309 11.491333 0.5
      vertex -9.7 11.5 0.5
    endloop
  endfacet
  facet normal -0.14673047 0.98917651 0
    outer loop
      vertex -9.8764309 11.491333 0
      vertex -10.051163 11.465414 0
      vertex -10.051163 11.465414 0.5
    endloop
  endfacet
  facet normal -0.14673047 0.98917651 0
    outer loop
      vertex -9.8764309 11.491333 0
      vertex -10.051163 11.465414 0.5
      vertex -9.8764309 11.491333 0.5
    endloop
  endfacet
  facet normal -0.24298018 0.97003125 0
    outer loop
      vertex -10.051163 11.465414 0
      vertex -10.222512 11.422493 0
      vertex -10.222512 11.422493 0.5
    endloop
  endfacet
  facet normal -0.24298018 0.97003125 0
    outer loop
      vertex -10.051163 11.465414 0
      vertex -10.222512 11.422493 0.5
      vertex -10.051163 11.465414 0.5
    endloop
  endfacet
  facet normal -0.33688985 0.94154407 0
    outer loop
      vertex -10.222512 11.422493 0
      vertex -10.38883 11.362983 0
      vertex -10.38883 11.362983 0.5
    endloop
  endfacet
  facet normal -0.33688985 0.94154407 0
    outer loop
      vertex -10.222512 11.422493 0
      vertex -10.38883 11.362983 0.5
      vertex -10.222512 11.422493 0.5
    endloop
  endfacet
  facet normal -0.42755509 0.90398929 0
    outer loop
      vertex -10.38883 11.362983 0
      vertex -10.548514 11.287458 0
      vertex -10.548514 11.287458 0.5
    endloop
  endfacet
  facet normal -0.42755509 0.90398929 0
    outer loop
      vertex -10.38883 11.362983 0
      vertex -10.548514 11.287458 0.5
      vertex -10.38883 11.362983 0.5
    endloop
  endfacet
  facet normal -0.51410274 0.85772861 0
    outer loop
      vertex -10.548514 11.287458 0
      vertex -10.700026 11.196645 0
      vertex -10.700026 11.196645 0.5
    endloop
  endfacet
  facet normal -0.51410274 0.85772861 0
    outer loop
      vertex -10.548514 11.287458 0
      vertex -10.700026 11.196645 0.5
      vertex -10.548514 11.287458 0.5
    endloop
  endfacet
  facet normal -0.5956993 0.80320753 0
    outer loop
      vertex -10.700026 11.196645 0
      vertex -10.841908 11.091419 0
      vertex -10.841908 11.091419 0.5
    endloop
  endfacet
  facet normal -0.5956993 0.80320753 0
    outer loop
      vertex -10.700026 11.196645 0
      vertex -10.841908 11.091419 0.5
      vertex -10.700026 11.196645 0.5
    endloop
  endfacet
  facet normal -0.67155895 0.74095113 0
    outer loop
      vertex -10.841908 11.091419 0
      vertex -10.972792 10.972792 0
      vertex -10.972792 10.972792 0.5
    endloop
  endfacet
  facet normal -0.67155895 0.74095113 0
    outer loop
      vertex -10.841908 11.091419 0
      vertex -10.972792 10.972792 0.5
      vertex -10.841908 11.091419 0.5
    endloop
  endfacet
  facet normal -0.74095113 0.67155895 0
    outer loop
      vertex -10.972792 10.972792 0
      vertex -11.091419 10.841908 0
      vertex -11.091419 10.841908 0.5
    endloop
  endfacet
  facet normal -0.74095113 0.67155895 0
    outer loop
      vertex -10.972792 10.972792 0
      vertex -11.091419 10.841908 0.5
      vertex -10.972792 10.972792 0.5
    endloop
  endfacet
  facet normal -0.80320753 0.5956993 0
    outer loop
      vertex -11.091419 10.841908 0
      vertex -11.196645 10.700026 0
      vertex -11.196645 10.700026 0.5
    endloop
  endfacet
  facet normal -0.80320753 0.5956993 0
    outer loop
      vertex -11.091419 10.841908 0
      vertex -11.196645 10.700026 0.5
      vertex -11.091419 10.841908 0.5
    endloop
  endfacet
  facet normal -0.85772861 0.51410274 0
    outer loop
      vertex -11.196645 10.700026 0
      vertex -11.287458 10.548514 0
      vertex -11.287458 10.548514 0.5
    endloop
  endfacet
  facet normal -0.85772861 0.51410274 0
    outer loop
      vertex -11.196645 10.700026 0
      vertex -11.287458 10.548514 0.5
      vertex -11.196645 10.700026 0.5
    endloop
  endfacet
  facet normal -0.90398929 0.42755509 0
    outer loop
      vertex -11.287458 10.548514 0
      vertex -11.362983 10.38883 0
      vertex -11.362983 10.38883 0.5
    endloop
  endfacet
  facet normal -0.90398929 0.42755509 0
    outer loop
      vertex -11.287458 10.548514 0
      vertex -11.362983 10.38883 0.5
      vertex -11.287458 10.548514 0.5
    endloop
  endfacet
  facet normal -0.94154407 0.33688985 0
    outer loop
      vertex -11.362983 10.38883 0
      vertex -11.422493 10.222512 0
      vertex -11.422493 10.222512 0.5
    endloop
  endfacet
  facet normal -0.94154407 0.33688985 0
    outer loop
      vertex -11.362983 10.38883 0
      vertex -11.422493 10.222512 0.5
      vertex -11.362983 10.38883 0.5
    endloop
  endfacet
  facet normal -0.97003125 0.24298018 0
    outer loop
      vertex -11.422493 10.222512 0
      vertex -11.465414 10.051163 0
      vertex -11.465414 10.051163 0.5
    endloop
  endfacet
  facet normal -0.97003125 0.24298018 0
    outer loop
      vertex -11.422493 10.222512 0
      vertex -11.465414 10.051163 0.5
      vertex -11.422493 10.222512 0.5
    endloop
  endfacet
  facet normal -0.98917651 0.14673047 0
    outer loop
      vertex -11.465414 10.051163 0
      vertex -11.491333 9.8764309 0
      vertex -11.491333 9.8764309 0.5
    endloop
  endfacet
  facet normal -0.98917651 0.14673047 0
    outer loop
      vertex -11.465414 10.051163 0
      vertex -11.491333 9.8764309 0.5
      vertex -11.465414 10.051163 0.5
    endloop
  endfacet
  facet normal -0.9999999 0.00044275135 0
    outer loop
      vertex -11.491333 9.8764309 0
      vertex -11.5 -9.7 0
      vertex -11.5 -9.7 0.5
    endloop
  endfacet
  facet normal -0.9999999 0.00044275135 0
    outer loop
      vertex -11.491333 9.8764309 0
      vertex -11.5 -9.7 0.5
      vertex -11.491333 9.8764309 0.5
    endloop
  endfacet
  facet normal -0.99879546 -0.049067674 0
    outer loop
      vertex -11.5 -9.7 0
      vertex -11.491333 -9.8764309 0
      vertex -11.491333 -9.8764309 0.5
    endloop
  endfacet
  facet normal -0.99879546 -0.049067674 0
    outer loop
      vertex -11.5 -9.7 0
      vertex -11.491333 -9.8764309 0.5
      vertex -11.5 -9.7 0.5
    endloop
  endfacet
  facet normal -0.98917651 -0.14673047 0
    outer loop
      vertex -11.491333 -9.8764309 0
      vertex -11.465414 -10.051163 0
      vertex -11.465414 -10.051163 0.5
    endloop
  endfacet
  facet normal -0.98917651 -0.14673047 0
    outer loop
      vertex -11.491333 -9.8764309 0
      vertex -11.465414 -10.051163 0.5
      vertex -11.491333 -9.8764309 0.5
    endloop
  endfacet
  facet normal -0.97003125 -0.24298018 0
    outer loop
      vertex -11.465414 -10.051163 0
      vertex -11.422493 -10.222512 0
      vertex -11.422493 -10.222512 0.5
    endloop
  endfacet
  facet normal -0.97003125 -0.24298018 0
    outer loop
      vertex -11.465414 -10.051163 0
      vertex -11.422493 -10.222512 0.5
      vertex -11.465414 -10.051163 0.5
    endloop
  endfacet
  facet normal -0.94154407 -0.33688985 0
    outer loop
      vertex -11.422493 -10.222512 0
      vertex -11.362983 -10.38883 0
      vertex -11.362983 -10.38883 0.5
    endloop
  endfacet
  facet normal -0.94154407 -0.33688985 0
    outer loop
      vertex -11.422493 -10.222512 0
      vertex -11.362983 -10.38883 0.5
      vertex -11.422493 -10.222512 0.5
    endloop
  endfacet
  facet normal -0.90398929 -0.42755509 0
    outer loop
      vertex -11.362983 -10.38883 0
      vertex -11.287458 -10.548514 0
      vertex -11.287458 -10.548514 0.5
    endloop
  endfacet
  facet normal -0.90398929 -0.42755509 0
    outer loop
      vertex -11.362983 -10.38883 0
      vertex -11.287458 -10.548514 0.5
      vertex -11.362983 -10.38883 0.5
    endloop
  endfacet
  facet normal -0.85772861 -0.51410274 0
    outer loop
      vertex -11.287458 -10.548514 0
      vertex -11.196645 -10.700026 0
      vertex -11.196645 -10.700026 0.5
    endloop
  endfacet
  facet normal -0.85772861 -0.51410274 0
    outer loop
      vertex -11.287458 -10.548514 0
      vertex -11.196645 -10.700026 0.5
      vertex -11.287458 -10.548514 0.5
    endloop
  endfacet
  facet normal -0.80320753 -0.5956993 0
    outer loop
      vertex -11.196645 -10.700026 0
      vertex -11.091419 -10.841908 0
      vertex -11.091419 -10.841908 0.5
    endloop
  endfacet
  facet normal -0.80320753 -0.5956993 0
    outer loop
      vertex -11.196645 -10.700026 0
      vertex -11.091419 -10.841908 0.5
      vertex -11.196645 -10.700026 0.5
    endloop
  endfacet
  facet normal -0.74095113 -0.67155895 0
    outer loop
      vertex -11.091419 -10.841908 0
      vertex -10.972792 -10.972792 0
      vertex -10.972792 -10.972792 0.5
    endloop
  endfacet
  facet normal -0.74095113 -0.67155895 0
    outer loop
      vertex -11.091419 -10.841908 0
      vertex -10.972792 -10.972792 0.5
      vertex -11.091419 -10.841908 0.5
    endloop
  endfacet
  facet normal -0.67155895 -0.74095113 0
    outer loop
      vertex -10.972792 -10.972792 0
      vertex -10.841908 -11.091419 0
      vertex -10.841908 -11.091419 0.5
    endloop
  endfacet
  facet normal -0.67155895 -0.74095113 0
    outer loop
      vertex -10.972792 -10.972792 0
      vertex -10.841908 -11.091419 0.5
      vertex -10.972792 -10.972792 0.5
    endloop
  endfacet
  facet normal -0.5956993 -0.80320753 0
    outer loop
      vertex -10.841908 -11.091419 0
      vertex -10.700026 -11.196645 0
      vertex -10.700026 -11.196645 0.5
    endloop
  endfacet
  facet normal -0.5956993 -0.80320753 0
    outer loop
      vertex -10.841908 -11.091419 0
      vertex -10.700026 -11.196645 0.5
      vertex -10.841908 -11.091419 0.5
    endloop
  endfacet
  facet normal -0.51410274 -0.85772861 0
    outer loop
      vertex -10.700026 -11.196645 0
      vertex -10.548514 -11.287458 0
      vertex -10.548514 -11.287458 0.5
    endloop
  endfacet
  facet normal -0.51410274 -0.85772861 0
    outer loop
      vertex -10.700026 -11.196645 0
      vertex -10.548514 -11.287458 0.5
      vertex -10.700026 -11.196645 0.5
    endloop
  endfacet
  facet normal -0.42755509 -0.90398929 0
    outer loop
      vertex -10.548514 -11.287458 0
      vertex -10.38883 -11.362983 0
      vertex -10.38883 -11.362983 0.5
    endloop
  endfacet
  facet normal -0.42755509 -0.90398929 0
    outer loop
      vertex -10.548514 -11.287458 0
      vertex -10.38883 -11.362983 0.5
      vertex -10.548514 -11.287458 0.5
    endloop
  endfacet
  facet normal -0.33688985 -0.94154407 0
    outer loop
      vertex -10.38883 -11.362983 0
      vertex -10.222512 -11.422493 0
      vertex -10.222512 -11.422493 0.5
    endloop
  endfacet
  facet normal -0.33688985 -0.94154407 0
    outer loop
      vertex -10.38883 -11.362983 0
      vertex -10.222512 -11.422493 0.5
      vertex -10.38883 -11.362983 0.5
    endloop
  endfacet
  facet normal -0.24298018 -0.97003125 0
    outer loop
      vertex -10.222512 -11.422493 0
      vertex -10.051163 -11.465414 0
      vertex -10.051163 -11.465414 0.5
    endloop
  endfacet
  facet normal -0.24298018 -0.97003125 0
    outer loop
      vertex -10.222512 -11.422493 0
      vertex -10.051163 -11.465414 0.5
      vertex -10.222512 -11.422493 0.5
    endloop
  endfacet
  facet normal -0.14673047 -0.98917651 0
    outer loop
      vertex -10.051163 -11.465414 0
      vertex -9.8764309 -11.491333 0
      vertex -9.8764309 -11.491333 0.5
    endloop
  endfacet
  facet normal -0.14673047 -0.98917651 0
    outer loop
      vertex -10.051163 -11.465414 0
      vertex -9.8764309 -11.491333 0.5
      vertex -10.051163 -11.465414 0.5
    endloop
  endfacet
  facet normal -0.00044275135 -0.9999999 0
    outer loop
      vertex -9.8764309 -11.491333 0
      vertex 9.7 -11.5 0
      vertex 9.7 -11.5 0.5
    endloop
  endfacet
  facet normal -0.00044275135 -0.9999999 0
    outer loop
      vertex -9.8764309 -11.491333 0
      vertex 9.7 -11.5 0.5
      vertex -9.8764309 -11.491333 0.5
    endloop
  endfacet
  facet normal -0.48084024 0.51903304 -0.70668053
    outer loop
      vertex 2.3783142 -2.8343644 0
      vertex 2.2872893 -2.2379249 0.5
      vertex 2.6446782 -2.5876006 0
    endloop
  endfacet
  facet normal -0.48084024 0.51903304 -0.70668053
    outer loop
      vertex 2.3783142 -2.8343644 0
      vertex 2.0569204 -2.4513422 0.5
      vertex 2.2872893 -2.2379249 0.5
    endloop
  endfacet
  facet normal -0.529399 0.46940317 -0.70668053
    outer loop
      vertex 2.6446782 -2.5876006 0
      vertex 2.4956303 -2.0029551 0.5
      vertex 2.8855726 -2.3159168 0
    endloop
  endfacet
  facet normal -0.529399 0.46940317 -0.70668053
    outer loop
      vertex 2.6446782 -2.5876006 0
      vertex 2.2872893 -2.2379249 0.5
      vertex 2.4956303 -2.0029551 0.5
    endloop
  endfacet
  facet normal -0.57285935 0.41525269 -0.70668053
    outer loop
      vertex 2.8855726 -2.3159168 0
      vertex 2.6799371 -1.7486958 0.5
      vertex 3.0986773 -2.0219295 0
    endloop
  endfacet
  facet normal -0.57285935 0.41525269 -0.70668053
    outer loop
      vertex 2.8855726 -2.3159168 0
      vertex 2.4956303 -2.0029551 0.5
      vertex 2.6799371 -1.7486958 0.5
    endloop
  endfacet
  facet normal -0.61080276 0.3571031 -0.70668053
    outer loop
      vertex 3.0986773 -2.0219295 0
      vertex 2.8384347 -1.4775956 0.5
      vertex 3.2819401 -1.7084699 0
    endloop
  endfacet
  facet normal -0.61080276 0.3571031 -0.70668053
    outer loop
      vertex 3.0986773 -2.0219295 0
      vertex 2.6799371 -1.7486958 0.5
      vertex 2.8384347 -1.4775956 0.5
    endloop
  endfacet
  facet normal -0.6428638 0.29551441 -0.70668053
    outer loop
      vertex 3.2819401 -1.7084699 0
      vertex 2.9695965 -1.1922653 0.5
      vertex 3.433596 -1.3785567 0
    endloop
  endfacet
  facet normal -0.6428638 0.29551441 -0.70668053
    outer loop
      vertex 3.2819401 -1.7084699 0
      vertex 2.8384347 -1.4775956 0.5
      vertex 2.9695965 -1.1922653 0.5
    endloop
  endfacet
  facet normal -0.66873372 0.23107975 -0.70668053
    outer loop
      vertex 3.433596 -1.3785567 0
      vertex 3.0721595 -0.89545284 0.5
      vertex 3.5521845 -1.0353674 0
    endloop
  endfacet
  facet normal -0.66873372 0.23107975 -0.70668053
    outer loop
      vertex 3.433596 -1.3785567 0
      vertex 2.9695965 -1.1922653 0.5
      vertex 3.0721595 -0.89545284 0.5
    endloop
  endfacet
  facet normal -0.68816336 0.16441968 -0.70668053
    outer loop
      vertex 3.5521845 -1.0353674 0
      vertex 3.145136 -0.5900167 0.5
      vertex 3.6365635 -0.68220681 0
    endloop
  endfacet
  facet normal -0.68816336 0.16441968 -0.70668053
    outer loop
      vertex 3.5521845 -1.0353674 0
      vertex 3.0721595 -0.89545284 0.5
      vertex 3.145136 -0.5900167 0.5
    endloop
  endfacet
  facet normal -0.70096561 0.096176145 -0.70668053
    outer loop
      vertex 3.6365635 -0.68220681 0
      vertex 3.187823 -0.27889838 0.5
      vertex 3.6859204 -0.32247625 0
    endloop
  endfacet
  facet normal -0.70096561 0.096176145 -0.70668053
    outer loop
      vertex 3.6365635 -0.68220681 0
      vertex 3.145136 -0.5900167 0.5
      vertex 3.187823 -0.27889838 0.5
    endloop
  endfacet
  facet normal -0.70701718 0.027006387 -0.70668053
    outer loop
      vertex 3.6859204 -0.32247625 0
      vertex 3.1998096 0.034905893 0.5
      vertex 3.6997799 0.040359939 0
    endloop
  endfacet
  facet normal -0.70701718 0.027006387 -0.70668053
    outer loop
      vertex 3.6859204 -0.32247625 0
      vertex 3.187823 -0.27889838 0.5
      vertex 3.1998096 0.034905893 0.5
    endloop
  endfacet
  facet normal -0.70625979 -0.042423458 -0.70668053
    outer loop
      vertex 3.6997799 0.040359939 0
      vertex 3.1809803 0.348374 0.5
      vertex 3.6780085 0.40280744 0
    endloop
  endfacet
  facet normal -0.70625979 -0.042423458 -0.70668053
    outer loop
      vertex 3.6997799 0.040359939 0
      vertex 3.1998096 0.034905893 0.5
      vertex 3.1809803 0.348374 0.5
    endloop
  endfacet
  facet normal -0.69870073 -0.11144474 -0.70668053
    outer loop
      vertex 3.6780085 0.40280744 0
      vertex 3.1315164 0.65848707 0.5
      vertex 3.6208158 0.76137568 0
    endloop
  endfacet
  facet normal -0.69870073 -0.11144474 -0.70668053
    outer loop
      vertex 3.6780085 0.40280744 0
      vertex 3.1809803 0.348374 0.5
      vertex 3.1315164 0.65848707 0.5
    endloop
  endfacet
  facet normal -0.6844128 -0.17939275 -0.70668053
    outer loop
      vertex 3.6208158 0.76137568 0
      vertex 3.0518942 0.96225856 0.5
      vertex 3.5287527 1.1126115 0
    endloop
  endfacet
  facet normal -0.6844128 -0.17939275 -0.70668053
    outer loop
      vertex 3.6208158 0.76137568 0
      vertex 3.1315164 0.65848707 0.5
      vertex 3.0518942 0.96225856 0.5
    endloop
  endfacet
  facet normal -0.6635336 -0.24561311 -0.70668053
    outer loop
      vertex 3.5287527 1.1126115 0
      vertex 2.9428807 1.256763 0.5
      vertex 3.4027058 1.4531322 0
    endloop
  endfacet
  facet normal -0.6635336 -0.24561311 -0.70668053
    outer loop
      vertex 3.5287527 1.1126115 0
      vertex 3.0518942 0.96225856 0.5
      vertex 2.9428807 1.256763 0.5
    endloop
  endfacet
  facet normal -0.63626421 -0.30946808 -0.70668053
    outer loop
      vertex 3.4027058 1.4531322 0
      vertex 2.8055256 1.5391641 0.5
      vertex 3.243889 1.7796584 0
    endloop
  endfacet
  facet normal -0.63626421 -0.30946808 -0.70668053
    outer loop
      vertex 3.4027058 1.4531322 0
      vertex 2.9428807 1.256763 0.5
      vertex 2.8055256 1.5391641 0.5
    endloop
  endfacet
  facet normal -0.60286724 -0.37034271 -0.70668053
    outer loop
      vertex 3.243889 1.7796584 0
      vertex 2.6411518 1.8067422 0.5
      vertex 3.0538318 2.0890456 0
    endloop
  endfacet
  facet normal -0.60286724 -0.37034271 -0.70668053
    outer loop
      vertex 3.243889 1.7796584 0
      vertex 2.8055256 1.5391641 0.5
      vertex 2.6411518 1.8067422 0.5
    endloop
  endfacet
  facet normal -0.56366434 -0.42765073 -0.70668053
    outer loop
      vertex 3.0538318 2.0890456 0
      vertex 2.4513422 2.0569204 0.5
      vertex 2.8343644 2.3783142 0
    endloop
  endfacet
  facet normal -0.56366434 -0.42765073 -0.70668053
    outer loop
      vertex 3.0538318 2.0890456 0
      vertex 2.6411518 1.8067422 0.5
      vertex 2.4513422 2.0569204 0.5
    endloop
  endfacet
  facet normal -0.51903304 -0.48084024 -0.70668053
    outer loop
      vertex 2.8343644 2.3783142 0
      vertex 2.2379249 2.2872893 0.5
      vertex 2.5876006 2.6446782 0
    endloop
  endfacet
  facet normal -0.51903304 -0.48084024 -0.70668053
    outer loop
      vertex 2.8343644 2.3783142 0
      vertex 2.4513422 2.0569204 0.5
      vertex 2.2379249 2.2872893 0.5
    endloop
  endfacet
  facet normal -0.46940317 -0.529399 -0.70668053
    outer loop
      vertex 2.5876006 2.6446782 0
      vertex 2.0029551 2.4956303 0.5
      vertex 2.3159168 2.8855726 0
    endloop
  endfacet
  facet normal -0.46940317 -0.529399 -0.70668053
    outer loop
      vertex 2.5876006 2.6446782 0
      vertex 2.2379249 2.2872893 0.5
      vertex 2.0029551 2.4956303 0.5
    endloop
  endfacet
  facet normal -0.41525269 -0.57285935 -0.70668053
    outer loop
      vertex 2.3159168 2.8855726 0
      vertex 1.7486958 2.6799371 0.5
      vertex 2.0219295 3.0986773 0
    endloop
  endfacet
  facet normal -0.41525269 -0.57285935 -0.70668053
    outer loop
      vertex 2.3159168 2.8855726 0
      vertex 2.0029551 2.4956303 0.5
      vertex 1.7486958 2.6799371 0.5
    endloop
  endfacet
  facet normal -0.3571031 -0.61080276 -0.70668053
    outer loop
      vertex 2.0219295 3.0986773 0
      vertex 1.4775956 2.8384347 0.5
      vertex 1.7084699 3.2819401 0
    endloop
  endfacet
  facet normal -0.3571031 -0.61080276 -0.70668053
    outer loop
      vertex 2.0219295 3.0986773 0
      vertex 1.7486958 2.6799371 0.5
      vertex 1.4775956 2.8384347 0.5
    endloop
  endfacet
  facet normal -0.29551441 -0.6428638 -0.70668053
    outer loop
      vertex 1.7084699 3.2819401 0
      vertex 1.1922653 2.9695965 0.5
      vertex 1.3785567 3.433596 0
    endloop
  endfacet
  facet normal -0.29551441 -0.6428638 -0.70668053
    outer loop
      vertex 1.7084699 3.2819401 0
      vertex 1.4775956 2.8384347 0.5
      vertex 1.1922653 2.9695965 0.5
    endloop
  endfacet
  facet normal -0.23107975 -0.66873372 -0.70668053
    outer loop
      vertex 1.3785567 3.433596 0
      vertex 0.89545284 3.0721595 0.5
      vertex 1.0353674 3.5521845 0
    endloop
  endfacet
  facet normal -0.23107975 -0.66873372 -0.70668053
    outer loop
      vertex 1.3785567 3.433596 0
      vertex 1.1922653 2.9695965 0.5
      vertex 0.89545284 3.0721595 0.5
    endloop
  endfacet
  facet normal -0.16441968 -0.68816336 -0.70668053
    outer loop
      vertex 1.0353674 3.5521845 0
      vertex 0.5900167 3.145136 0.5
      vertex 0.68220681 3.6365635 0
    endloop
  endfacet
  facet normal -0.16441968 -0.68816336 -0.70668053
    outer loop
      vertex 1.0353674 3.5521845 0
      vertex 0.89545284 3.0721595 0.5
      vertex 0.5900167 3.145136 0.5
    endloop
  endfacet
  facet normal -0.096176145 -0.70096561 -0.70668053
    outer loop
      vertex 0.68220681 3.6365635 0
      vertex 0.27889838 3.187823 0.5
      vertex 0.32247625 3.6859204 0
    endloop
  endfacet
  facet normal -0.096176145 -0.70096561 -0.70668053
    outer loop
      vertex 0.68220681 3.6365635 0
      vertex 0.5900167 3.145136 0.5
      vertex 0.27889838 3.187823 0.5
    endloop
  endfacet
  facet normal -0.027006387 -0.70701718 -0.70668053
    outer loop
      vertex 0.32247625 3.6859204 0
      vertex -0.034905893 3.1998096 0.5
      vertex -0.040359939 3.6997799 0
    endloop
  endfacet
  facet normal -0.027006387 -0.70701718 -0.70668053
    outer loop
      vertex 0.32247625 3.6859204 0
      vertex 0.27889838 3.187823 0.5
      vertex -0.034905893 3.1998096 0.5
    endloop
  endfacet
  facet normal 0.042423458 -0.70625979 -0.70668053
    outer loop
      vertex -0.040359939 3.6997799 0
      vertex -0.348374 3.1809803 0.5
      vertex -0.40280744 3.6780085 0
    endloop
  endfacet
  facet normal 0.042423458 -0.70625979 -0.70668053
    outer loop
      vertex -0.040359939 3.6997799 0
      vertex -0.034905893 3.1998096 0.5
      vertex -0.348374 3.1809803 0.5
    endloop
  endfacet
  facet normal 0.11144474 -0.69870073 -0.70668053
    outer loop
      vertex -0.40280744 3.6780085 0
      vertex -0.65848707 3.1315164 0.5
      vertex -0.76137568 3.6208158 0
    endloop
  endfacet
  facet normal 0.11144474 -0.69870073 -0.70668053
    outer loop
      vertex -0.40280744 3.6780085 0
      vertex -0.348374 3.1809803 0.5
      vertex -0.65848707 3.1315164 0.5
    endloop
  endfacet
  facet normal 0.17939275 -0.6844128 -0.70668053
    outer loop
      vertex -0.76137568 3.6208158 0
      vertex -0.96225856 3.0518942 0.5
      vertex -1.1126115 3.5287527 0
    endloop
  endfacet
  facet normal 0.17939275 -0.6844128 -0.70668053
    outer loop
      vertex -0.76137568 3.6208158 0
      vertex -0.65848707 3.1315164 0.5
      vertex -0.96225856 3.0518942 0.5
    endloop
  endfacet
  facet normal 0.24561311 -0.6635336 -0.70668053
    outer loop
      vertex -1.1126115 3.5287527 0
      vertex -1.256763 2.9428807 0.5
      vertex -1.4531322 3.4027058 0
    endloop
  endfacet
  facet normal 0.24561311 -0.6635336 -0.70668053
    outer loop
      vertex -1.1126115 3.5287527 0
      vertex -0.96225856 3.0518942 0.5
      vertex -1.256763 2.9428807 0.5
    endloop
  endfacet
  facet normal 0.30946808 -0.63626421 -0.70668053
    outer loop
      vertex -1.4531322 3.4027058 0
      vertex -1.5391641 2.8055256 0.5
      vertex -1.7796584 3.243889 0
    endloop
  endfacet
  facet normal 0.30946808 -0.63626421 -0.70668053
    outer loop
      vertex -1.4531322 3.4027058 0
      vertex -1.256763 2.9428807 0.5
      vertex -1.5391641 2.8055256 0.5
    endloop
  endfacet
  facet normal 0.37034271 -0.60286724 -0.70668053
    outer loop
      vertex -1.7796584 3.243889 0
      vertex -1.8067422 2.6411518 0.5
      vertex -2.0890456 3.0538318 0
    endloop
  endfacet
  facet normal 0.37034271 -0.60286724 -0.70668053
    outer loop
      vertex -1.7796584 3.243889 0
      vertex -1.5391641 2.8055256 0.5
      vertex -1.8067422 2.6411518 0.5
    endloop
  endfacet
  facet normal 0.42765073 -0.56366434 -0.70668053
    outer loop
      vertex -2.0890456 3.0538318 0
      vertex -2.0569204 2.4513422 0.5
      vertex -2.3783142 2.8343644 0
    endloop
  endfacet
  facet normal 0.42765073 -0.56366434 -0.70668053
    outer loop
      vertex -2.0890456 3.0538318 0
      vertex -1.8067422 2.6411518 0.5
      vertex -2.0569204 2.4513422 0.5
    endloop
  endfacet
  facet normal 0.48084024 -0.51903304 -0.70668053
    outer loop
      vertex -2.3783142 2.8343644 0
      vertex -2.2872893 2.2379249 0.5
      vertex -2.6446782 2.5876006 0
    endloop
  endfacet
  facet normal 0.48084024 -0.51903304 -0.70668053
    outer loop
      vertex -2.3783142 2.8343644 0
      vertex -2.0569204 2.4513422 0.5
      vertex -2.2872893 2.2379249 0.5
    endloop
  endfacet
  facet normal 0.529399 -0.46940317 -0.70668053
    outer loop
      vertex -2.6446782 2.5876006 0
      vertex -2.4956303 2.0029551 0.5
      vertex -2.8855726 2.3159168 0
    endloop
  endfacet
  facet normal 0.529399 -0.46940317 -0.70668053
    outer loop
      vertex -2.6446782 2.5876006 0
      vertex -2.2872893 2.2379249 0.5
      vertex -2.4956303 2.0029551 0.5
    endloop
  endfacet
  facet normal 0.57285935 -0.41525269 -0.70668053
    outer loop
      vertex -2.8855726 2.3159168 0
      vertex -2.6799371 1.7486958 0.5
      vertex -3.0986773 2.0219295 0
    endloop
  endfacet
  facet normal 0.57285935 -0.41525269 -0.70668053
    outer loop
      vertex -2.8855726 2.3159168 0
      vertex -2.4956303 2.0029551 0.5
      vertex -2.6799371 1.7486958 0.5
    endloop
  endfacet
  facet normal 0.61080276 -0.3571031 -0.70668053
    outer loop
      vertex -3.0986773 2.0219295 0
      vertex -2.8384347 1.4775956 0.5
      vertex -3.2819401 1.7084699 0
    endloop
  endfacet
  facet normal 0.61080276 -0.3571031 -0.70668053
    outer loop
      vertex -3.0986773 2.0219295 0
      vertex -2.6799371 1.7486958 0.5
      vertex -2.8384347 1.4775956 0.5
    endloop
  endfacet
  facet normal 0.6428638 -0.29551441 -0.70668053
    outer loop
      vertex -3.2819401 1.7084699 0
      vertex -2.9695965 1.1922653 0.5
      vertex -3.433596 1.3785567 0
    endloop
  endfacet
  facet normal 0.6428638 -0.29551441 -0.70668053
    outer loop
      vertex -3.2819401 1.7084699 0
      vertex -2.8384347 1.4775956 0.5
      vertex -2.9695965 1.1922653 0.5
    endloop
  endfacet
  facet normal 0.66873372 -0.23107975 -0.70668053
    outer loop
      vertex -3.433596 1.3785567 0
      vertex -3.0721595 0.89545284 0.5
      vertex -3.5521845 1.0353674 0
    endloop
  endfacet
  facet normal 0.66873372 -0.23107975 -0.70668053
    outer loop
      vertex -3.433596 1.3785567 0
      vertex -2.9695965 1.1922653 0.5
      vertex -3.0721595 0.89545284 0.5
    endloop
  endfacet
  facet normal 0.68816336 -0.16441968 -0.70668053
    outer loop
      vertex -3.5521845 1.0353674 0
      vertex -3.145136 0.5900167 0.5
      vertex -3.6365635 0.68220681 0
    endloop
  endfacet
  facet normal 0.68816336 -0.16441968 -0.70668053
    outer loop
      vertex -3.5521845 1.0353674 0
      vertex -3.0721595 0.89545284 0.5
      vertex -3.145136 0.5900167 0.5
    endloop
  endfacet
  facet normal 0.70096561 -0.096176145 -0.70668053
    outer loop
      vertex -3.6365635 0.68220681 0
      vertex -3.187823 0.27889838 0.5
      vertex -3.6859204 0.32247625 0
    endloop
  endfacet
  facet normal 0.70096561 -0.096176145 -0.70668053
    outer loop
      vertex -3.6365635 0.68220681 0
      vertex -3.145136 0.5900167 0.5
      vertex -3.187823 0.27889838 0.5
    endloop
  endfacet
  facet normal 0.70701718 -0.027006387 -0.70668053
    outer loop
      vertex -3.6859204 0.32247625 0
      vertex -3.1998096 -0.034905893 0.5
      vertex -3.6997799 -0.040359939 0
    endloop
  endfacet
  facet normal 0.70701718 -0.027006387 -0.70668053
    outer loop
      vertex -3.6859204 0.32247625 0
      vertex -3.187823 0.27889838 0.5
      vertex -3.1998096 -0.034905893 0.5
    endloop
  endfacet
  facet normal 0.70625979 0.042423458 -0.70668053
    outer loop
      vertex -3.6997799 -0.040359939 0
      vertex -3.1809803 -0.348374 0.5
      vertex -3.6780085 -0.40280744 0
    endloop
  endfacet
  facet normal 0.70625979 0.042423458 -0.70668053
    outer loop
      vertex -3.6997799 -0.040359939 0
      vertex -3.1998096 -0.034905893 0.5
      vertex -3.1809803 -0.348374 0.5
    endloop
  endfacet
  facet normal 0.69870073 0.11144474 -0.70668053
    outer loop
      vertex -3.6780085 -0.40280744 0
      vertex -3.1315164 -0.65848707 0.5
      vertex -3.6208158 -0.76137568 0
    endloop
  endfacet
  facet normal 0.69870073 0.11144474 -0.70668053
    outer loop
      vertex -3.6780085 -0.40280744 0
      vertex -3.1809803 -0.348374 0.5
      vertex -3.1315164 -0.65848707 0.5
    endloop
  endfacet
  facet normal 0.6844128 0.17939275 -0.70668053
    outer loop
      vertex -3.6208158 -0.76137568 0
      vertex -3.0518942 -0.96225856 0.5
      vertex -3.5287527 -1.1126115 0
    endloop
  endfacet
  facet normal 0.6844128 0.17939275 -0.70668053
    outer loop
      vertex -3.6208158 -0.76137568 0
      vertex -3.1315164 -0.65848707 0.5
      vertex -3.0518942 -0.96225856 0.5
    endloop
  endfacet
  facet normal 0.6635336 0.24561311 -0.70668053
    outer loop
      vertex -3.5287527 -1.1126115 0
      vertex -2.9428807 -1.256763 0.5
      vertex -3.4027058 -1.4531322 0
    endloop
  endfacet
  facet normal 0.6635336 0.24561311 -0.70668053
    outer loop
      vertex -3.5287527 -1.1126115 0
      vertex -3.0518942 -0.96225856 0.5
      vertex -2.9428807 -1.256763 0.5
    endloop
  endfacet
  facet normal 0.63626421 0.30946808 -0.70668053
    outer loop
      vertex -3.4027058 -1.4531322 0
      vertex -2.8055256 -1.5391641 0.5
      vertex -3.243889 -1.7796584 0
    endloop
  endfacet
  facet normal 0.63626421 0.30946808 -0.70668053
    outer loop
      vertex -3.4027058 -1.4531322 0
      vertex -2.9428807 -1.256763 0.5
      vertex -2.8055256 -1.5391641 0.5
    endloop
  endfacet
  facet normal 0.60286724 0.37034271 -0.70668053
    outer loop
      vertex -3.243889 -1.7796584 0
      vertex -2.6411518 -1.8067422 0.5
      vertex -3.0538318 -2.0890456 0
    endloop
  endfacet
  facet normal 0.60286724 0.37034271 -0.70668053
    outer loop
      vertex -3.243889 -1.7796584 0
      vertex -2.8055256 -1.5391641 0.5
      vertex -2.6411518 -1.8067422 0.5
    endloop
  endfacet
  facet normal 0.56366434 0.42765073 -0.70668053
    outer loop
      vertex -3.0538318 -2.0890456 0
      vertex -2.4513422 -2.0569204 0.5
      vertex -2.8343644 -2.3783142 0
    endloop
  endfacet
  facet normal 0.56366434 0.42765073 -0.70668053
    outer loop
      vertex -3.0538318 -2.0890456 0
      vertex -2.6411518 -1.8067422 0.5
      vertex -2.4513422 -2.0569204 0.5
    endloop
  endfacet
  facet normal 0.51903304 0.48084024 -0.70668053
    outer loop
      vertex -2.8343644 -2.3783142 0
      vertex -2.2379249 -2.2872893 0.5
      vertex -2.5876006 -2.6446782 0
    endloop
  endfacet
  facet normal 0.51903304 0.48084024 -0.70668053
    outer loop
      vertex -2.8343644 -2.3783142 0
      vertex -2.4513422 -2.0569204 0.5
      vertex -2.2379249 -2.2872893 0.5
    endloop
  endfacet
  facet normal 0.46940317 0.529399 -0.70668053
    outer loop
      vertex -2.5876006 -2.6446782 0
      vertex -2.0029551 -2.4956303 0.5
      vertex -2.3159168 -2.8855726 0
    endloop
  endfacet
  facet normal 0.46940317 0.529399 -0.70668053
    outer loop
      vertex -2.5876006 -2.6446782 0
      vertex -2.2379249 -2.2872893 0.5
      vertex -2.0029551 -2.4956303 0.5
    endloop
  endfacet
  facet normal 0.41525269 0.57285935 -0.70668053
    outer loop
      vertex -2.3159168 -2.8855726 0
      vertex -1.7486958 -2.6799371 0.5
      vertex -2.0219295 -3.0986773 0
    endloop
  endfacet
  facet normal 0.41525269 0.57285935 -0.70668053
    outer loop
      vertex -2.3159168 -2.8855726 0
      vertex -2.0029551 -2.4956303 0.5
      vertex -1.7486958 -2.6799371 0.5
    endloop
  endfacet
  facet normal 0.3571031 0.61080276 -0.70668053
    outer loop
      vertex -2.0219295 -3.0986773 0
      vertex -1.4775956 -2.8384347 0.5
      vertex -1.7084699 -3.2819401 0
    endloop
  endfacet
  facet normal 0.3571031 0.61080276 -0.70668053
    outer loop
      vertex -2.0219295 -3.0986773 0
      vertex -1.7486958 -2.6799371 0.5
      vertex -1.4775956 -2.8384347 0.5
    endloop
  endfacet
  facet normal 0.29551441 0.6428638 -0.70668053
    outer loop
      vertex -1.7084699 -3.2819401 0
      vertex -1.1922653 -2.9695965 0.5
      vertex -1.3785567 -3.433596 0
    endloop
  endfacet
  facet normal 0.29551441 0.6428638 -0.70668053
    outer loop
      vertex -1.7084699 -3.2819401 0
      vertex -1.4775956 -2.8384347 0.5
      vertex -1.1922653 -2.9695965 0.5
    endloop
  endfacet
  facet normal 0.23107975 0.66873372 -0.70668053
    outer loop
      vertex -1.3785567 -3.433596 0
      vertex -0.89545284 -3.0721595 0.5
      vertex -1.0353674 -3.5521845 0
    endloop
  endfacet
  facet normal 0.23107975 0.66873372 -0.70668053
    outer loop
      vertex -1.3785567 -3.433596 0
      vertex -1.1922653 -2.9695965 0.5
      vertex -0.89545284 -3.0721595 0.5
    endloop
  endfacet
  facet normal 0.16441968 0.68816336 -0.70668053
    outer loop
      vertex -1.0353674 -3.5521845 0
      vertex -0.5900167 -3.145136 0.5
      vertex -0.68220681 -3.6365635 0
    endloop
  endfacet
  facet normal 0.16441968 0.68816336 -0.70668053
    outer loop
      vertex -1.0353674 -3.5521845 0
      vertex -0.89545284 -3.0721595 0.5
      vertex -0.5900167 -3.145136 0.5
    endloop
  endfacet
  facet normal 0.096176145 0.70096561 -0.70668053
    outer loop
      vertex -0.68220681 -3.6365635 0
      vertex -0.27889838 -3.187823 0.5
      vertex -0.32247625 -3.6859204 0
    endloop
  endfacet
  facet normal 0.096176145 0.70096561 -0.70668053
    outer loop
      vertex -0.68220681 -3.6365635 0
      vertex -0.5900167 -3.145136 0.5
      vertex -0.27889838 -3.187823 0.5
    endloop
  endfacet
  facet normal 0.027006387 0.70701718 -0.70668053
    outer loop
      vertex -0.32247625 -3.6859204 0
      vertex 0.034905893 -3.1998096 0.5
      vertex 0.040359939 -3.6997799 0
    endloop
  endfacet
  facet normal 0.027006387 0.70701718 -0.70668053
    outer loop
      vertex -0.32247625 -3.6859204 0
      vertex -0.27889838 -3.187823 0.5
      vertex 0.034905893 -3.1998096 0.5
    endloop
  endfacet
  facet normal -0.042423458 0.70625979 -0.70668053
    outer loop
      vertex 0.040359939 -3.6997799 0
      vertex 0.348374 -3.1809803 0.5
      vertex 0.40280744 -3.6780085 0
    endloop
  endfacet
  facet normal -0.042423458 0.70625979 -0.70668053
    outer loop
      vertex 0.040359939 -3.6997799 0
      vertex 0.034905893 -3.1998096 0.5
      vertex 0.348374 -3.1809803 0.5
    endloop
  endfacet
  facet normal -0.11144474 0.69870073 -0.70668053
    outer loop
      vertex 0.40280744 -3.6780085 0
      vertex 0.65848707 -3.1315164 0.5
      vertex 0.76137568 -3.6208158 0
    endloop
  endfacet
  facet normal -0.11144474 0.69870073 -0.70668053
    outer loop
      vertex 0.40280744 -3.6780085 0
      vertex 0.348374 -3.1809803 0.5
      vertex 0.65848707 -3.1315164 0.5
    endloop
  endfacet
  facet normal -0.17939275 0.6844128 -0.70668053
    outer loop
      vertex 0.76137568 -3.6208158 0
      vertex 0.96225856 -3.0518942 0.5
      vertex 1.1126115 -3.5287527 0
    endloop
  endfacet
  facet normal -0.17939275 0.6844128 -0.70668053
    outer loop
      vertex 0.76137568 -3.6208158 0
      vertex 0.65848707 -3.1315164 0.5
      vertex 0.96225856 -3.0518942 0.5
    endloop
  endfacet
  facet normal -0.24561311 0.6635336 -0.70668053
    outer loop
      vertex 1.1126115 -3.5287527 0
      vertex 1.256763 -2.9428807 0.5
      vertex 1.4531322 -3.4027058 0
    endloop
  endfacet
  facet normal -0.24561311 0.6635336 -0.70668053
    outer loop
      vertex 1.1126115 -3.5287527 0
      vertex 0.96225856 -3.0518942 0.5
      vertex 1.256763 -2.9428807 0.5
    endloop
  endfacet
  facet normal -0.30946808 0.63626421 -0.70668053
    outer loop
      vertex 1.4531322 -3.4027058 0
      vertex 1.5391641 -2.8055256 0.5
      vertex 1.7796584 -3.243889 0
    endloop
  endfacet
  facet normal -0.30946808 0.63626421 -0.70668053
    outer loop
      vertex 1.4531322 -3.4027058 0
      vertex 1.256763 -2.9428807 0.5
      vertex 1.5391641 -2.8055256 0.5
    endloop
  endfacet
  facet normal -0.37034271 0.60286724 -0.70668053
    outer loop
      vertex 1.7796584 -3.243889 0
      vertex 1.8067422 -2.6411518 0.5
      vertex 2.0890456 -3.0538318 0
    endloop
  endfacet
  facet normal -0.37034271 0.60286724 -0.70668053
    outer loop
      vertex 1.7796584 -3.243889 0
      vertex 1.5391641 -2.8055256 0.5
      vertex 1.8067422 -2.6411518 0.5
    endloop
  endfacet
  facet normal -0.42765073 0.56366434 -0.70668053
    outer loop
      vertex 2.0890456 -3.0538318 0
      vertex 2.0569204 -2.4513422 0.5
      vertex 2.3783142 -2.8343644 0
    endloop
  endfacet
  facet normal -0.42765073 0.56366434 -0.70668053
    outer loop
      vertex 2.0890456 -3.0538318 0
      vertex 1.8067422 -2.6411518 0.5
      vertex 2.0569204 -2.4513422 0.5
    endloop
  endfacet
  facet normal 0.049067674 -0.99879546 0
    outer loop
      vertex 9.7 -11.5 0.5
      vertex 9.8764309 -11.491333 0.5
      vertex 9.8764309 -11.491333 3
    endloop
  endfacet
  facet normal 0.049067674 -0.99879546 0
    outer loop
      vertex 9.7 -11.5 0.5
      vertex 9.8764309 -11.491333 3
      vertex 9.7 -11.5 3
    endloop
  endfacet
  facet normal 0.14673047 -0.98917651 0
    outer loop
      vertex 9.8764309 -11.491333 0.5
      vertex 10.051163 -11.465414 0.5
      vertex 10.051163 -11.465414 3
    endloop
  endfacet
  facet normal 0.14673047 -0.98917651 0
    outer loop
      vertex 9.8764309 -11.491333 0.5
      vertex 10.051163 -11.465414 3
      vertex 9.8764309 -11.491333 3
    endloop
  endfacet
  facet normal 0.24298018 -0.97003125 0
    outer loop
      vertex 10.051163 -11.465414 0.5
      vertex 10.222512 -11.422493 0.5
      vertex 10.222512 -11.422493 3
    endloop
  endfacet
  facet normal 0.24298018 -0.97003125 0
    outer loop
      vertex 10.051163 -11.465414 0.5
      vertex 10.222512 -11.422493 3
      vertex 10.051163 -11.465414 3
    endloop
  endfacet
  facet normal 0.33688985 -0.94154407 0
    outer loop
      vertex 10.222512 -11.422493 0.5
      vertex 10.38883 -11.362983 0.5
      vertex 10.38883 -11.362983 3
    endloop
  endfacet
  facet normal 0.33688985 -0.94154407 0
    outer loop
      vertex 10.222512 -11.422493 0.5
      vertex 10.38883 -11.362983 3
      vertex 10.222512 -11.422493 3
    endloop
  endfacet
  facet normal 0.42755509 -0.90398929 0
    outer loop
      vertex 10.38883 -11.362983 0.5
      vertex 10.548514 -11.287458 0.5
      vertex 10.548514 -11.287458 3
    endloop
  endfacet
  facet normal 0.42755509 -0.90398929 0
    outer loop
      vertex 10.38883 -11.362983 0.5
      vertex 10.548514 -11.287458 3
      vertex 10.38883 -11.362983 3
    endloop
  endfacet
  facet normal 0.51410274 -0.85772861 0
    outer loop
      vertex 10.548514 -11.287458 0.5
      vertex 10.700026 -11.196645 0.5
      vertex 10.700026 -11.196645 3
    endloop
  endfacet
  facet normal 0.51410274 -0.85772861 0
    outer loop
      vertex 10.548514 -11.287458 0.5
      vertex 10.700026 -11.196645 3
      vertex 10.548514 -11.287458 3
    endloop
  endfacet
  facet normal 0.5956993 -0.80320753 0
    outer loop
      vertex 10.700026 -11.196645 0.5
      vertex 10.841908 -11.091419 0.5
      vertex 10.841908 -11.091419 3
    endloop
  endfacet
  facet normal 0.5956993 -0.80320753 0
    outer loop
      vertex 10.700026 -11.196645 0.5
      vertex 10.841908 -11.091419 3
      vertex 10.700026 -11.196645 3
    endloop
  endfacet
  facet normal 0.67155895 -0.74095113 0
    outer loop
      vertex 10.841908 -11.091419 0.5
      vertex 10.972792 -10.972792 0.5
      vertex 10.972792 -10.972792 3
    endloop
  endfacet
  facet normal 0.67155895 -0.74095113 0
    outer loop
      vertex 10.841908 -11.091419 0.5
      vertex 10.972792 -10.972792 3
      vertex 10.841908 -11.091419 3
    endloop
  endfacet
  facet normal 0.74095113 -0.67155895 0
    outer loop
      vertex 10.972792 -10.972792 0.5
      vertex 11.091419 -10.841908 0.5
      vertex 11.091419 -10.841908 3
    endloop
  endfacet
  facet normal 0.74095113 -0.67155895 0
    outer loop
      vertex 10.972792 -10.972792 0.5
      vertex 11.091419 -10.841908 3
      vertex 10.972792 -10.972792 3
    endloop
  endfacet
  facet normal 0.80320753 -0.5956993 0
    outer loop
      vertex 11.091419 -10.841908 0.5
      vertex 11.196645 -10.700026 0.5
      vertex 11.196645 -10.700026 3
    endloop
  endfacet
  facet normal 0.80320753 -0.5956993 0
    outer loop
      vertex 11.091419 -10.841908 0.5
      vertex 11.196645 -10.700026 3
      vertex 11.091419 -10.841908 3
    endloop
  endfacet
  facet normal 0.85772861 -0.51410274 0
    outer loop
      vertex 11.196645 -10.700026 0.5
      vertex 11.287458 -10.548514 0.5
      vertex 11.287458 -10.548514 3
    endloop
  endfacet
  facet normal 0.85772861 -0.51410274 0
    outer loop
      vertex 11.196645 -10.700026 0.5
      vertex 11.287458 -10.548514 3
      vertex 11.196645 -10.700026 3
    endloop
  endfacet
  facet normal 0.90398929 -0.42755509 0
    outer loop
      vertex 11.287458 -10.548514 0.5
      vertex 11.362983 -10.38883 0.5
      vertex 11.362983 -10.38883 3
    endloop
  endfacet
  facet normal 0.90398929 -0.42755509 0
    outer loop
      vertex 11.287458 -10.548514 0.5
      vertex 11.362983 -10.38883 3
      vertex 11.287458 -10.548514 3
    endloop
  endfacet
  facet normal 0.94154407 -0.33688985 0
    outer loop
      vertex 11.362983 -10.38883 0.5
      vertex 11.422493 -10.222512 0.5
      vertex 11.422493 -10.222512 3
    endloop
  endfacet
  facet normal 0.94154407 -0.33688985 0
    outer loop
      vertex 11.362983 -10.38883 0.5
      vertex 11.422493 -10.222512 3
      vertex 11.362983 -10.38883 3
    endloop
  endfacet
  facet normal 0.97003125 -0.24298018 0
    outer loop
      vertex 11.422493 -10.222512 0.5
      vertex 11.465414 -10.051163 0.5
      vertex 11.465414 -10.051163 3
    endloop
  endfacet
  facet normal 0.97003125 -0.24298018 0
    outer loop
      vertex 11.422493 -10.222512 0.5
      vertex 11.465414 -10.051163 3
      vertex 11.422493 -10.222512 3
    endloop
  endfacet
  facet normal 0.98917651 -0.14673047 0
    outer loop
      vertex 11.465414 -10.051163 0.5
      vertex 11.491333 -9.8764309 0.5
      vertex 11.491333 -9.8764309 3
    endloop
  endfacet
  facet normal 0.98917651 -0.14673047 0
    outer loop
      vertex 11.465414 -10.051163 0.5
      vertex 11.491333 -9.8764309 3
      vertex 11.465414 -10.051163 3
    endloop
  endfacet
  facet normal 0.9999999 -0.00044275135 0
    outer loop
      vertex 11.491333 -9.8764309 0.5
      vertex 11.5 9.7 0.5
      vertex 11.5 9.7 3
    endloop
  endfacet
  facet normal 0.9999999 -0.00044275135 0
    outer loop
      vertex 11.491333 -9.8764309 0.5
      vertex 11.5 9.7 3
      vertex 11.491333 -9.8764309 3
    endloop
  endfacet
  facet normal 0.99879546 0.049067674 0
    outer loop
      vertex 11.5 9.7 0.5
      vertex 11.491333 9.8764309 0.5
      vertex 11.491333 9.8764309 3
    endloop
  endfacet
  facet normal 0.99879546 0.049067674 -0
    outer loop
      vertex 11.5 9.7 0.5
      vertex 11.491333 9.8764309 3
      vertex 11.5 9.7 3
    endloop
  endfacet
  facet normal 0.98917651 0.14673047 0
    outer loop
      vertex 11.491333 9.8764309 0.5
      vertex 11.465414 10.051163 0.5
      vertex 11.465414 10.051163 3
    endloop
  endfacet
  facet normal 0.98917651 0.14673047 -0
    outer loop
      vertex 11.491333 9.8764309 0.5
      vertex 11.465414 10.051163 3
      vertex 11.491333 9.8764309 3
    endloop
  endfacet
  facet normal 0.97003125 0.24298018 0
    outer loop
      vertex 11.465414 10.051163 0.5
      vertex 11.422493 10.222512 0.5
      vertex 11.422493 10.222512 3
    endloop
  endfacet
  facet normal 0.97003125 0.24298018 -0
    outer loop
      vertex 11.465414 10.051163 0.5
      vertex 11.422493 10.222512 3
      vertex 11.465414 10.051163 3
    endloop
  endfacet
  facet normal 0.94154407 0.33688985 0
    outer loop
      vertex 11.422493 10.222512 0.5
      vertex 11.362983 10.38883 0.5
      vertex 11.362983 10.38883 3
    endloop
  endfacet
  facet normal 0.94154407 0.33688985 -0
    outer loop
      vertex 11.422493 10.222512 0.5
      vertex 11.362983 10.38883 3
      vertex 11.422493 10.222512 3
    endloop
  endfacet
  facet normal 0.90398929 0.42755509 0
    outer loop
      vertex 11.362983 10.38883 0.5
      vertex 11.287458 10.548514 0.5
      vertex 11.287458 10.548514 3
    endloop
  endfacet
  facet normal 0.90398929 0.42755509 -0
    outer loop
      vertex 11.362983 10.38883 0.5
      vertex 11.287458 10.548514 3
      vertex 11.362983 10.38883 3
    endloop
  endfacet
  facet normal 0.85772861 0.51410274 0
    outer loop
      vertex 11.287458 10.548514 0.5
      vertex 11.196645 10.700026 0.5
      vertex 11.196645 10.700026 3
    endloop
  endfacet
  facet normal 0.85772861 0.51410274 -0
    outer loop
      vertex 11.287458 10.548514 0.5
      vertex 11.196645 10.700026 3
      vertex 11.287458 10.548514 3
    endloop
  endfacet
  facet normal 0.80320753 0.5956993 0
    outer loop
      vertex 11.196645 10.700026 0.5
      vertex 11.091419 10.841908 0.5
      vertex 11.091419 10.841908 3
    endloop
  endfacet
  facet normal 0.80320753 0.5956993 -0
    outer loop
      vertex 11.196645 10.700026 0.5
      vertex 11.091419 10.841908 3
      vertex 11.196645 10.700026 3
    endloop
  endfacet
  facet normal 0.74095113 0.67155895 0
    outer loop
      vertex 11.091419 10.841908 0.5
      vertex 10.972792 10.972792 0.5
      vertex 10.972792 10.972792 3
    endloop
  endfacet
  facet normal 0.74095113 0.67155895 -0
    outer loop
      vertex 11.091419 10.841908 0.5
      vertex 10.972792 10.972792 3
      vertex 11.091419 10.841908 3
    endloop
  endfacet
  facet normal 0.67155895 0.74095113 0
    outer loop
      vertex 10.972792 10.972792 0.5
      vertex 10.841908 11.091419 0.5
      vertex 10.841908 11.091419 3
    endloop
  endfacet
  facet normal 0.67155895 0.74095113 -0
    outer loop
      vertex 10.972792 10.972792 0.5
      vertex 10.841908 11.091419 3
      vertex 10.972792 10.972792 3
    endloop
  endfacet
  facet normal 0.5956993 0.80320753 0
    outer loop
      vertex 10.841908 11.091419 0.5
      vertex 10.700026 11.196645 0.5
      vertex 10.700026 11.196645 3
    endloop
  endfacet
  facet normal 0.5956993 0.80320753 -0
    outer loop
      vertex 10.841908 11.091419 0.5
      vertex 10.700026 11.196645 3
      vertex 10.841908 11.091419 3
    endloop
  endfacet
  facet normal 0.51410274 0.85772861 0
    outer loop
      vertex 10.700026 11.196645 0.5
      vertex 10.548514 11.287458 0.5
      vertex 10.548514 11.287458 3
    endloop
  endfacet
  facet normal 0.51410274 0.85772861 -0
    outer loop
      vertex 10.700026 11.196645 0.5
      vertex 10.548514 11.287458 3
      vertex 10.700026 11.196645 3
    endloop
  endfacet
  facet normal 0.42755509 0.90398929 0
    outer loop
      vertex 10.548514 11.287458 0.5
      vertex 10.38883 11.362983 0.5
      vertex 10.38883 11.362983 3
    endloop
  endfacet
  facet normal 0.42755509 0.90398929 -0
    outer loop
      vertex 10.548514 11.287458 0.5
      vertex 10.38883 11.362983 3
      vertex 10.548514 11.287458 3
    endloop
  endfacet
  facet normal 0.33688985 0.94154407 0
    outer loop
      vertex 10.38883 11.362983 0.5
      vertex 10.222512 11.422493 0.5
      vertex 10.222512 11.422493 3
    endloop
  endfacet
  facet normal 0.33688985 0.94154407 -0
    outer loop
      vertex 10.38883 11.362983 0.5
      vertex 10.222512 11.422493 3
      vertex 10.38883 11.362983 3
    endloop
  endfacet
  facet normal 0.24298018 0.97003125 0
    outer loop
      vertex 10.222512 11.422493 0.5
      vertex 10.051163 11.465414 0.5
      vertex 10.051163 11.465414 3
    endloop
  endfacet
  facet normal 0.24298018 0.97003125 -0
    outer loop
      vertex 10.222512 11.422493 0.5
      vertex 10.051163 11.465414 3
      vertex 10.222512 11.422493 3
    endloop
  endfacet
  facet normal 0.14673047 0.98917651 0
    outer loop
      vertex 10.051163 11.465414 0.5
      vertex 9.8764309 11.491333 0.5
      vertex 9.8764309 11.491333 3
    endloop
  endfacet
  facet normal 0.14673047 0.98917651 -0
    outer loop
      vertex 10.051163 11.465414 0.5
      vertex 9.8764309 11.491333 3
      vertex 10.051163 11.465414 3
    endloop
  endfacet
  facet normal 0.00044275135 0.9999999 0
    outer loop
      vertex 9.8764309 11.491333 0.5
      vertex -9.7 11.5 0.5
      vertex -9.7 11.5 3
    endloop
  endfacet
  facet normal 0.00044275135 0.9999999 -0
    outer loop
      vertex 9.8764309 11.491333 0.5
      vertex -9.7 11.5 3
      vertex 9.8764309 11.491333 3
    endloop
  endfacet
  facet normal -0.049067674 0.99879546 0
    outer loop
      vertex -9.7 11.5 0.5
      vertex -9.8764309 11.491333 0.5
      vertex -9.8764309 11.491333 3
    endloop
  endfacet
  facet normal -0.049067674 0.99879546 0
    outer loop
      vertex -9.7 11.5 0.5
      vertex -9.8764309 11.491333 3
      vertex -9.7 11.5 3
    endloop
  endfacet
  facet normal -0.14673047 0.98917651 0
    outer loop
      vertex -9.8764309 11.491333 0.5
      vertex -10.051163 11.465414 0.5
      vertex -10.051163 11.465414 3
    endloop
  endfacet
  facet normal -0.14673047 0.98917651 0
    outer loop
      vertex -9.8764309 11.491333 0.5
      vertex -10.051163 11.465414 3
      vertex -9.8764309 11.491333 3
    endloop
  endfacet
  facet normal -0.24298018 0.97003125 0
    outer loop
      vertex -10.051163 11.465414 0.5
      vertex -10.222512 11.422493 0.5
      vertex -10.222512 11.422493 3
    endloop
  endfacet
  facet normal -0.24298018 0.97003125 0
    outer loop
      vertex -10.051163 11.465414 0.5
      vertex -10.222512 11.422493 3
      vertex -10.051163 11.465414 3
    endloop
  endfacet
  facet normal -0.33688985 0.94154407 0
    outer loop
      vertex -10.222512 11.422493 0.5
      vertex -10.38883 11.362983 0.5
      vertex -10.38883 11.362983 3
    endloop
  endfacet
  facet normal -0.33688985 0.94154407 0
    outer loop
      vertex -10.222512 11.422493 0.5
      vertex -10.38883 11.362983 3
      vertex -10.222512 11.422493 3
    endloop
  endfacet
  facet normal -0.42755509 0.90398929 0
    outer loop
      vertex -10.38883 11.362983 0.5
      vertex -10.548514 11.287458 0.5
      vertex -10.548514 11.287458 3
    endloop
  endfacet
  facet normal -0.42755509 0.90398929 0
    outer loop
      vertex -10.38883 11.362983 0.5
      vertex -10.548514 11.287458 3
      vertex -10.38883 11.362983 3
    endloop
  endfacet
  facet normal -0.51410274 0.85772861 0
    outer loop
      vertex -10.548514 11.287458 0.5
      vertex -10.700026 11.196645 0.5
      vertex -10.700026 11.196645 3
    endloop
  endfacet
  facet normal -0.51410274 0.85772861 0
    outer loop
      vertex -10.548514 11.287458 0.5
      vertex -10.700026 11.196645 3
      vertex -10.548514 11.287458 3
    endloop
  endfacet
  facet normal -0.5956993 0.80320753 0
    outer loop
      vertex -10.700026 11.196645 0.5
      vertex -10.841908 11.091419 0.5
      vertex -10.841908 11.091419 3
    endloop
  endfacet
  facet normal -0.5956993 0.80320753 0
    outer loop
      vertex -10.700026 11.196645 0.5
      vertex -10.841908 11.091419 3
      vertex -10.700026 11.196645 3
    endloop
  endfacet
  facet normal -0.67155895 0.74095113 0
    outer loop
      vertex -10.841908 11.091419 0.5
      vertex -10.972792 10.972792 0.5
      vertex -10.972792 10.972792 3
    endloop
  endfacet
  facet normal -0.67155895 0.74095113 0
    outer loop
      vertex -10.841908 11.091419 0.5
      vertex -10.972792 10.972792 3
      vertex -10.841908 11.091419 3
    endloop
  endfacet
  facet normal -0.74095113 0.67155895 0
    outer loop
      vertex -10.972792 10.972792 0.5
      vertex -11.091419 10.841908 0.5
      vertex -11.091419 10.841908 3
    endloop
  endfacet
  facet normal -0.74095113 0.67155895 0
    outer loop
      vertex -10.972792 10.972792 0.5
      vertex -11.091419 10.841908 3
      vertex -10.972792 10.972792 3
    endloop
  endfacet
  facet normal -0.80320753 0.5956993 0
    outer loop
      vertex -11.091419 10.841908 0.5
      vertex -11.196645 10.700026 0.5
      vertex -11.196645 10.700026 3
    endloop
  endfacet
  facet normal -0.80320753 0.5956993 0
    outer loop
      vertex -11.091419 10.841908 0.5
      vertex -11.196645 10.700026 3
      vertex -11.091419 10.841908 3
    endloop
  endfacet
  facet normal -0.85772861 0.51410274 0
    outer loop
      vertex -11.196645 10.700026 0.5
      vertex -11.287458 10.548514 0.5
      vertex -11.287458 10.548514 3
    endloop
  endfacet
  facet normal -0.85772861 0.51410274 0
    outer loop
      vertex -11.196645 10.700026 0.5
      vertex -11.287458 10.548514 3
      vertex -11.196645 10.700026 3
    endloop
  endfacet
  facet normal -0.90398929 0.42755509 0
    outer loop
      vertex -11.287458 10.548514 0.5
      vertex -11.362983 10.38883 0.5
      vertex -11.362983 10.38883 3
    endloop
  endfacet
  facet normal -0.90398929 0.42755509 0
    outer loop
      vertex -11.287458 10.548514 0.5
      vertex -11.362983 10.38883 3
      vertex -11.287458 10.548514 3
    endloop
  endfacet
  facet normal -0.94154407 0.33688985 0
    outer loop
      vertex -11.362983 10.38883 0.5
      vertex -11.422493 10.222512 0.5
      vertex -11.422493 10.222512 3
    endloop
  endfacet
  facet normal -0.94154407 0.33688985 0
    outer loop
      vertex -11.362983 10.38883 0.5
      vertex -11.422493 10.222512 3
      vertex -11.362983 10.38883 3
    endloop
  endfacet
  facet normal -0.97003125 0.24298018 0
    outer loop
      vertex -11.422493 10.222512 0.5
      vertex -11.465414 10.051163 0.5
      vertex -11.465414 10.051163 3
    endloop
  endfacet
  facet normal -0.97003125 0.24298018 0
    outer loop
      vertex -11.422493 10.222512 0.5
      vertex -11.465414 10.051163 3
      vertex -11.422493 10.222512 3
    endloop
  endfacet
  facet normal -0.98917651 0.14673047 0
    outer loop
      vertex -11.465414 10.051163 0.5
      vertex -11.491333 9.8764309 0.5
      vertex -11.491333 9.8764309 3
    endloop
  endfacet
  facet normal -0.98917651 0.14673047 0
    outer loop
      vertex -11.465414 10.051163 0.5
      vertex -11.491333 9.8764309 3
      vertex -11.465414 10.051163 3
    endloop
  endfacet
  facet normal -0.9999999 0.00044275135 0
    outer loop
      vertex -11.491333 9.8764309 0.5
      vertex -11.5 -9.7 0.5
      vertex -11.5 -9.7 3
    endloop
  endfacet
  facet normal -0.9999999 0.00044275135 0
    outer loop
      vertex -11.491333 9.8764309 0.5
      vertex -11.5 -9.7 3
      vertex -11.491333 9.8764309 3
    endloop
  endfacet
  facet normal -0.99879546 -0.049067674 0
    outer loop
      vertex -11.5 -9.7 0.5
      vertex -11.491333 -9.8764309 0.5
      vertex -11.491333 -9.8764309 3
    endloop
  endfacet
  facet normal -0.99879546 -0.049067674 0
    outer loop
      vertex -11.5 -9.7 0.5
      vertex -11.491333 -9.8764309 3
      vertex -11.5 -9.7 3
    endloop
  endfacet
  facet normal -0.98917651 -0.14673047 0
    outer loop
      vertex -11.491333 -9.8764309 0.5
      vertex -11.465414 -10.051163 0.5
      vertex -11.465414 -10.051163 3
    endloop
  endfacet
  facet normal -0.98917651 -0.14673047 0
    outer loop
      vertex -11.491333 -9.8764309 0.5
      vertex -11.465414 -10.051163 3
      vertex -11.491333 -9.8764309 3
    endloop
  endfacet
  facet normal -0.97003125 -0.24298018 0
    outer loop
      vertex -11.465414 -10.051163 0.5
      vertex -11.422493 -10.222512 0.5
      vertex -11.422493 -10.222512 3
    endloop
  endfacet
  facet normal -0.97003125 -0.24298018 0
    outer loop
      vertex -11.465414 -10.051163 0.5
      vertex -11.422493 -10.222512 3
      vertex -11.465414 -10.051163 3
    endloop
  endfacet
  facet normal -0.94154407 -0.33688985 0
    outer loop
      vertex -11.422493 -10.222512 0.5
      vertex -11.362983 -10.38883 0.5
      vertex -11.362983 -10.38883 3
    endloop
  endfacet
  facet normal -0.94154407 -0.33688985 0
    outer loop
      vertex -11.422493 -10.222512 0.5
      vertex -11.362983 -10.38883 3
      vertex -11.422493 -10.222512 3
    endloop
  endfacet
  facet normal -0.90398929 -0.42755509 0
    outer loop
      vertex -11.362983 -10.38883 0.5
      vertex -11.287458 -10.548514 0.5
      vertex -11.287458 -10.548514 3
    endloop
  endfacet
  facet normal -0.90398929 -0.42755509 0
    outer loop
      vertex -11.362983 -10.38883 0.5
      vertex -11.287458 -10.548514 3
      vertex -11.362983 -10.38883 3
    endloop
  endfacet
  facet normal -0.85772861 -0.51410274 0
    outer loop
      vertex -11.287458 -10.548514 0.5
      vertex -11.196645 -10.700026 0.5
      vertex -11.196645 -10.700026 3
    endloop
  endfacet
  facet normal -0.85772861 -0.51410274 0
    outer loop
      vertex -11.287458 -10.548514 0.5
      vertex -11.196645 -10.700026 3
      vertex -11.287458 -10.548514 3
    endloop
  endfacet
  facet normal -0.80320753 -0.5956993 0
    outer loop
      vertex -11.196645 -10.700026 0.5
      vertex -11.091419 -10.841908 0.5
      vertex -11.091419 -10.841908 3
    endloop
  endfacet
  facet normal -0.80320753 -0.5956993 0
    outer loop
      vertex -11.196645 -10.700026 0.5
      vertex -11.091419 -10.841908 3
      vertex -11.196645 -10.700026 3
    endloop
  endfacet
  facet normal -0.74095113 -0.67155895 0
    outer loop
      vertex -11.091419 -10.841908 0.5
      vertex -10.972792 -10.972792 0.5
      vertex -10.972792 -10.972792 3
    endloop
  endfacet
  facet normal -0.74095113 -0.67155895 0
    outer loop
      vertex -11.091419 -10.841908 0.5
      vertex -10.972792 -10.972792 3
      vertex -11.091419 -10.841908 3
    endloop
  endfacet
  facet normal -0.67155895 -0.74095113 0
    outer loop
      vertex -10.972792 -10.972792 0.5
      vertex -10.841908 -11.091419 0.5
      vertex -10.841908 -11.091419 3
    endloop
  endfacet
  facet normal -0.67155895 -0.74095113 0
    outer loop
      vertex -10.972792 -10.972792 0.5
      vertex -10.841908 -11.091419 3
      vertex -10.972792 -10.972792 3
    endloop
  endfacet
  facet normal -0.5956993 -0.80320753 0
    outer loop
      vertex -10.841908 -11.091419 0.5
      vertex -10.700026 -11.196645 0.5
      vertex -10.700026 -11.196645 3
    endloop
  endfacet
  facet normal -0.5956993 -0.80320753 0
    outer loop
      vertex -10.841908 -11.091419 0.5
      vertex -10.700026 -11.196645 3
      vertex -10.841908 -11.091419 3
    endloop
  endfacet
  facet normal -0.51410274 -0.85772861 0
    outer loop
      vertex -10.700026 -11.196645 0.5
      vertex -10.548514 -11.287458 0.5
      vertex -10.548514 -11.287458 3
    endloop
  endfacet
  facet normal -0.51410274 -0.85772861 0
    outer loop
      vertex -10.700026 -11.196645 0.5
      vertex -10.548514 -11.287458 3
      vertex -10.700026 -11.196645 3
    endloop
  endfacet
  facet normal -0.42755509 -0.90398929 0
    outer loop
      vertex -10.548514 -11.287458 0.5
      vertex -10.38883 -11.362983 0.5
      vertex -10.38883 -11.362983 3
    endloop
  endfacet
  facet normal -0.42755509 -0.90398929 0
    outer loop
      vertex -10.548514 -11.287458 0.5
      vertex -10.38883 -11.362983 3
      vertex -10.548514 -11.287458 3
    endloop
  endfacet
  facet normal -0.33688985 -0.94154407 0
    outer loop
      vertex -10.38883 -11.362983 0.5
      vertex -10.222512 -11.422493 0.5
      vertex -10.222512 -11.422493 3
    endloop
  endfacet
  facet normal -0.33688985 -0.94154407 0
    outer loop
      vertex -10.38883 -11.362983 0.5
      vertex -10.222512 -11.422493 3
      vertex -10.38883 -11.362983 3
    endloop
  endfacet
  facet normal -0.24298018 -0.97003125 0
    outer loop
      vertex -10.222512 -11.422493 0.5
      vertex -10.051163 -11.465414 0.5
      vertex -10.051163 -11.465414 3
    endloop
  endfacet
  facet normal -0.24298018 -0.97003125 0
    outer loop
      vertex -10.222512 -11.422493 0.5
      vertex -10.051163 -11.465414 3
      vertex -10.222512 -11.422493 3
    endloop
  endfacet
  facet normal -0.14673047 -0.98917651 0
    outer loop
      vertex -10.051163 -11.465414 0.5
      vertex -9.8764309 -11.491333 0.5
      vertex -9.8764309 -11.491333 3
    endloop
  endfacet
  facet normal -0.14673047 -0.98917651 0
    outer loop
      vertex -10.051163 -11.465414 0.5
      vertex -9.8764309 -11.491333 3
      vertex -10.051163 -11.465414 3
    endloop
  endfacet
  facet normal -0.00044275135 -0.9999999 0
    outer loop
      vertex -9.8764309 -11.491333 0.5
      vertex 9.7 -11.5 0.5
      vertex 9.7 -11.5 3
    endloop
  endfacet
  facet normal -0.00044275135 -0.9999999 0
    outer loop
      vertex -9.8764309 -11.491333 0.5
      vertex 9.7 -11.5 3
      vertex -9.8764309 -11.491333 3
    endloop
  endfacet
  facet normal -0.67960136 0.73358162 0
    outer loop
      vertex 2.0569204 -2.4513422 0.5
      vertex 2.2872893 -2.2379249 3
      vertex 2.2872893 -2.2379249 0.5
    endloop
  endfacet
  facet normal -0.67960136 0.73358162 0
    outer loop
      vertex 2.0569204 -2.4513422 0.5
      vertex 2.0569204 -2.4513422 3
      vertex 2.2872893 -2.2379249 3
    endloop
  endfacet
  facet normal -0.74823247 0.66343664 0
    outer loop
      vertex 2.2872893 -2.2379249 0.5
      vertex 2.4956303 -2.0029551 3
      vertex 2.4956303 -2.0029551 0.5
    endloop
  endfacet
  facet normal -0.74823247 0.66343664 0
    outer loop
      vertex 2.2872893 -2.2379249 0.5
      vertex 2.2872893 -2.2379249 3
      vertex 2.4956303 -2.0029551 3
    endloop
  endfacet
  facet normal -0.80965769 0.5869024 0
    outer loop
      vertex 2.4956303 -2.0029551 0.5
      vertex 2.6799371 -1.7486958 3
      vertex 2.6799371 -1.7486958 0.5
    endloop
  endfacet
  facet normal -0.80965769 0.5869024 0
    outer loop
      vertex 2.4956303 -2.0029551 0.5
      vertex 2.4956303 -2.0029551 3
      vertex 2.6799371 -1.7486958 3
    endloop
  endfacet
  facet normal -0.86328546 0.50471598 0
    outer loop
      vertex 2.6799371 -1.7486958 0.5
      vertex 2.8384347 -1.4775956 3
      vertex 2.8384347 -1.4775956 0.5
    endloop
  endfacet
  facet normal -0.86328546 0.50471598 0
    outer loop
      vertex 2.6799371 -1.7486958 0.5
      vertex 2.6799371 -1.7486958 3
      vertex 2.8384347 -1.4775956 3
    endloop
  endfacet
  facet normal -0.90859932 0.41766886 0
    outer loop
      vertex 2.8384347 -1.4775956 0.5
      vertex 2.9695965 -1.1922653 3
      vertex 2.9695965 -1.1922653 0.5
    endloop
  endfacet
  facet normal -0.90859932 0.41766886 0
    outer loop
      vertex 2.8384347 -1.4775956 0.5
      vertex 2.8384347 -1.4775956 3
      vertex 2.9695965 -1.1922653 3
    endloop
  endfacet
  facet normal -0.94516287 0.32659936 0
    outer loop
      vertex 2.9695965 -1.1922653 0.5
      vertex 3.0721595 -0.89545284 3
      vertex 3.0721595 -0.89545284 0.5
    endloop
  endfacet
  facet normal -0.94516287 0.32659936 0
    outer loop
      vertex 2.9695965 -1.1922653 0.5
      vertex 2.9695965 -1.1922653 3
      vertex 3.0721595 -0.89545284 3
    endloop
  endfacet
  facet normal -0.97262399 0.23238453 0
    outer loop
      vertex 3.0721595 -0.89545284 0.5
      vertex 3.145136 -0.5900167 3
      vertex 3.145136 -0.5900167 0.5
    endloop
  endfacet
  facet normal -0.97262399 0.23238453 0
    outer loop
      vertex 3.0721595 -0.89545284 0.5
      vertex 3.0721595 -0.89545284 3
      vertex 3.145136 -0.5900167 3
    endloop
  endfacet
  facet normal -0.99071821 0.13593172 0
    outer loop
      vertex 3.145136 -0.5900167 0.5
      vertex 3.187823 -0.27889838 3
      vertex 3.187823 -0.27889838 0.5
    endloop
  endfacet
  facet normal -0.99071821 0.13593172 0
    outer loop
      vertex 3.145136 -0.5900167 0.5
      vertex 3.145136 -0.5900167 3
      vertex 3.187823 -0.27889838 3
    endloop
  endfacet
  facet normal -0.99927127 0.038169803 0
    outer loop
      vertex 3.187823 -0.27889838 0.5
      vertex 3.1998096 0.034905893 3
      vertex 3.1998096 0.034905893 0.5
    endloop
  endfacet
  facet normal -0.99927127 0.038169803 0
    outer loop
      vertex 3.187823 -0.27889838 0.5
      vertex 3.187823 -0.27889838 3
      vertex 3.1998096 0.034905893 3
    endloop
  endfacet
  facet normal -0.9982008 -0.059959707 0
    outer loop
      vertex 3.1998096 0.034905893 0.5
      vertex 3.1809803 0.348374 3
      vertex 3.1809803 0.348374 0.5
    endloop
  endfacet
  facet normal -0.9982008 -0.059959707 0
    outer loop
      vertex 3.1998096 0.034905893 0.5
      vertex 3.1998096 0.034905893 3
      vertex 3.1809803 0.348374 3
    endloop
  endfacet
  facet normal -0.98751711 -0.15751177 0
    outer loop
      vertex 3.1809803 0.348374 0.5
      vertex 3.1315164 0.65848707 3
      vertex 3.1315164 0.65848707 0.5
    endloop
  endfacet
  facet normal -0.98751711 -0.15751177 0
    outer loop
      vertex 3.1809803 0.348374 0.5
      vertex 3.1809803 0.348374 3
      vertex 3.1315164 0.65848707 3
    endloop
  endfacet
  facet normal -0.96732309 -0.25354691 0
    outer loop
      vertex 3.1315164 0.65848707 0.5
      vertex 3.0518942 0.96225856 3
      vertex 3.0518942 0.96225856 0.5
    endloop
  endfacet
  facet normal -0.96732309 -0.25354691 0
    outer loop
      vertex 3.1315164 0.65848707 0.5
      vertex 3.1315164 0.65848707 3
      vertex 3.0518942 0.96225856 3
    endloop
  endfacet
  facet normal -0.93781322 -0.34714026 0
    outer loop
      vertex 3.0518942 0.96225856 0.5
      vertex 2.9428807 1.256763 3
      vertex 2.9428807 1.256763 0.5
    endloop
  endfacet
  facet normal -0.93781322 -0.34714026 0
    outer loop
      vertex 3.0518942 0.96225856 0.5
      vertex 3.0518942 0.96225856 3
      vertex 2.9428807 1.256763 3
    endloop
  endfacet
  facet normal -0.8992717 -0.43739045 0
    outer loop
      vertex 2.9428807 1.256763 0.5
      vertex 2.8055256 1.5391641 3
      vertex 2.8055256 1.5391641 0.5
    endloop
  endfacet
  facet normal -0.8992717 -0.43739045 0
    outer loop
      vertex 2.9428807 1.256763 0.5
      vertex 2.9428807 1.256763 3
      vertex 2.8055256 1.5391641 3
    endloop
  endfacet
  facet normal -0.8520697 -0.52342834 0
    outer loop
      vertex 2.8055256 1.5391641 0.5
      vertex 2.6411518 1.8067422 3
      vertex 2.6411518 1.8067422 0.5
    endloop
  endfacet
  facet normal -0.8520697 -0.52342834 0
    outer loop
      vertex 2.8055256 1.5391641 0.5
      vertex 2.8055256 1.5391641 3
      vertex 2.6411518 1.8067422 3
    endloop
  endfacet
  facet normal -0.7966618 -0.60442532 0
    outer loop
      vertex 2.6411518 1.8067422 0.5
      vertex 2.4513422 2.0569204 3
      vertex 2.4513422 2.0569204 0.5
    endloop
  endfacet
  facet normal -0.7966618 -0.60442532 0
    outer loop
      vertex 2.6411518 1.8067422 0.5
      vertex 2.6411518 1.8067422 3
      vertex 2.4513422 2.0569204 3
    endloop
  endfacet
  facet normal -0.73358162 -0.67960136 0
    outer loop
      vertex 2.4513422 2.0569204 0.5
      vertex 2.2379249 2.2872893 3
      vertex 2.2379249 2.2872893 0.5
    endloop
  endfacet
  facet normal -0.73358162 -0.67960136 0
    outer loop
      vertex 2.4513422 2.0569204 0.5
      vertex 2.4513422 2.0569204 3
      vertex 2.2379249 2.2872893 3
    endloop
  endfacet
  facet normal -0.66343664 -0.74823247 0
    outer loop
      vertex 2.2379249 2.2872893 0.5
      vertex 2.0029551 2.4956303 3
      vertex 2.0029551 2.4956303 0.5
    endloop
  endfacet
  facet normal -0.66343664 -0.74823247 0
    outer loop
      vertex 2.2379249 2.2872893 0.5
      vertex 2.2379249 2.2872893 3
      vertex 2.0029551 2.4956303 3
    endloop
  endfacet
  facet normal -0.5869024 -0.80965769 0
    outer loop
      vertex 2.0029551 2.4956303 0.5
      vertex 1.7486958 2.6799371 3
      vertex 1.7486958 2.6799371 0.5
    endloop
  endfacet
  facet normal -0.5869024 -0.80965769 0
    outer loop
      vertex 2.0029551 2.4956303 0.5
      vertex 2.0029551 2.4956303 3
      vertex 1.7486958 2.6799371 3
    endloop
  endfacet
  facet normal -0.50471598 -0.86328546 0
    outer loop
      vertex 1.7486958 2.6799371 0.5
      vertex 1.4775956 2.8384347 3
      vertex 1.4775956 2.8384347 0.5
    endloop
  endfacet
  facet normal -0.50471598 -0.86328546 0
    outer loop
      vertex 1.7486958 2.6799371 0.5
      vertex 1.7486958 2.6799371 3
      vertex 1.4775956 2.8384347 3
    endloop
  endfacet
  facet normal -0.41766886 -0.90859932 0
    outer loop
      vertex 1.4775956 2.8384347 0.5
      vertex 1.1922653 2.9695965 3
      vertex 1.1922653 2.9695965 0.5
    endloop
  endfacet
  facet normal -0.41766886 -0.90859932 0
    outer loop
      vertex 1.4775956 2.8384347 0.5
      vertex 1.4775956 2.8384347 3
      vertex 1.1922653 2.9695965 3
    endloop
  endfacet
  facet normal -0.32659936 -0.94516287 0
    outer loop
      vertex 1.1922653 2.9695965 0.5
      vertex 0.89545284 3.0721595 3
      vertex 0.89545284 3.0721595 0.5
    endloop
  endfacet
  facet normal -0.32659936 -0.94516287 0
    outer loop
      vertex 1.1922653 2.9695965 0.5
      vertex 1.1922653 2.9695965 3
      vertex 0.89545284 3.0721595 3
    endloop
  endfacet
  facet normal -0.23238453 -0.97262399 0
    outer loop
      vertex 0.89545284 3.0721595 0.5
      vertex 0.5900167 3.145136 3
      vertex 0.5900167 3.145136 0.5
    endloop
  endfacet
  facet normal -0.23238453 -0.97262399 0
    outer loop
      vertex 0.89545284 3.0721595 0.5
      vertex 0.89545284 3.0721595 3
      vertex 0.5900167 3.145136 3
    endloop
  endfacet
  facet normal -0.13593172 -0.99071821 0
    outer loop
      vertex 0.5900167 3.145136 0.5
      vertex 0.27889838 3.187823 3
      vertex 0.27889838 3.187823 0.5
    endloop
  endfacet
  facet normal -0.13593172 -0.99071821 0
    outer loop
      vertex 0.5900167 3.145136 0.5
      vertex 0.5900167 3.145136 3
      vertex 0.27889838 3.187823 3
    endloop
  endfacet
  facet normal -0.038169803 -0.99927127 0
    outer loop
      vertex 0.27889838 3.187823 0.5
      vertex -0.034905893 3.1998096 3
      vertex -0.034905893 3.1998096 0.5
    endloop
  endfacet
  facet normal -0.038169803 -0.99927127 0
    outer loop
      vertex 0.27889838 3.187823 0.5
      vertex 0.27889838 3.187823 3
      vertex -0.034905893 3.1998096 3
    endloop
  endfacet
  facet normal 0.059959707 -0.9982008 0
    outer loop
      vertex -0.034905893 3.1998096 0.5
      vertex -0.348374 3.1809803 3
      vertex -0.348374 3.1809803 0.5
    endloop
  endfacet
  facet normal 0.059959707 -0.9982008 0
    outer loop
      vertex -0.034905893 3.1998096 0.5
      vertex -0.034905893 3.1998096 3
      vertex -0.348374 3.1809803 3
    endloop
  endfacet
  facet normal 0.15751177 -0.98751711 0
    outer loop
      vertex -0.348374 3.1809803 0.5
      vertex -0.65848707 3.1315164 3
      vertex -0.65848707 3.1315164 0.5
    endloop
  endfacet
  facet normal 0.15751177 -0.98751711 0
    outer loop
      vertex -0.348374 3.1809803 0.5
      vertex -0.348374 3.1809803 3
      vertex -0.65848707 3.1315164 3
    endloop
  endfacet
  facet normal 0.25354691 -0.96732309 0
    outer loop
      vertex -0.65848707 3.1315164 0.5
      vertex -0.96225856 3.0518942 3
      vertex -0.96225856 3.0518942 0.5
    endloop
  endfacet
  facet normal 0.25354691 -0.96732309 0
    outer loop
      vertex -0.65848707 3.1315164 0.5
      vertex -0.65848707 3.1315164 3
      vertex -0.96225856 3.0518942 3
    endloop
  endfacet
  facet normal 0.34714026 -0.93781322 0
    outer loop
      vertex -0.96225856 3.0518942 0.5
      vertex -1.256763 2.9428807 3
      vertex -1.256763 2.9428807 0.5
    endloop
  endfacet
  facet normal 0.34714026 -0.93781322 0
    outer loop
      vertex -0.96225856 3.0518942 0.5
      vertex -0.96225856 3.0518942 3
      vertex -1.256763 2.9428807 3
    endloop
  endfacet
  facet normal 0.43739045 -0.8992717 0
    outer loop
      vertex -1.256763 2.9428807 0.5
      vertex -1.5391641 2.8055256 3
      vertex -1.5391641 2.8055256 0.5
    endloop
  endfacet
  facet normal 0.43739045 -0.8992717 0
    outer loop
      vertex -1.256763 2.9428807 0.5
      vertex -1.256763 2.9428807 3
      vertex -1.5391641 2.8055256 3
    endloop
  endfacet
  facet normal 0.52342834 -0.8520697 0
    outer loop
      vertex -1.5391641 2.8055256 0.5
      vertex -1.8067422 2.6411518 3
      vertex -1.8067422 2.6411518 0.5
    endloop
  endfacet
  facet normal 0.52342834 -0.8520697 0
    outer loop
      vertex -1.5391641 2.8055256 0.5
      vertex -1.5391641 2.8055256 3
      vertex -1.8067422 2.6411518 3
    endloop
  endfacet
  facet normal 0.60442532 -0.7966618 0
    outer loop
      vertex -1.8067422 2.6411518 0.5
      vertex -2.0569204 2.4513422 3
      vertex -2.0569204 2.4513422 0.5
    endloop
  endfacet
  facet normal 0.60442532 -0.7966618 0
    outer loop
      vertex -1.8067422 2.6411518 0.5
      vertex -1.8067422 2.6411518 3
      vertex -2.0569204 2.4513422 3
    endloop
  endfacet
  facet normal 0.67960136 -0.73358162 0
    outer loop
      vertex -2.0569204 2.4513422 0.5
      vertex -2.2872893 2.2379249 3
      vertex -2.2872893 2.2379249 0.5
    endloop
  endfacet
  facet normal 0.67960136 -0.73358162 0
    outer loop
      vertex -2.0569204 2.4513422 0.5
      vertex -2.0569204 2.4513422 3
      vertex -2.2872893 2.2379249 3
    endloop
  endfacet
  facet normal 0.74823247 -0.66343664 0
    outer loop
      vertex -2.2872893 2.2379249 0.5
      vertex -2.4956303 2.0029551 3
      vertex -2.4956303 2.0029551 0.5
    endloop
  endfacet
  facet normal 0.74823247 -0.66343664 0
    outer loop
      vertex -2.2872893 2.2379249 0.5
      vertex -2.2872893 2.2379249 3
      vertex -2.4956303 2.0029551 3
    endloop
  endfacet
  facet normal 0.80965769 -0.5869024 0
    outer loop
      vertex -2.4956303 2.0029551 0.5
      vertex -2.6799371 1.7486958 3
      vertex -2.6799371 1.7486958 0.5
    endloop
  endfacet
  facet normal 0.80965769 -0.5869024 0
    outer loop
      vertex -2.4956303 2.0029551 0.5
      vertex -2.4956303 2.0029551 3
      vertex -2.6799371 1.7486958 3
    endloop
  endfacet
  facet normal 0.86328546 -0.50471598 0
    outer loop
      vertex -2.6799371 1.7486958 0.5
      vertex -2.8384347 1.4775956 3
      vertex -2.8384347 1.4775956 0.5
    endloop
  endfacet
  facet normal 0.86328546 -0.50471598 0
    outer loop
      vertex -2.6799371 1.7486958 0.5
      vertex -2.6799371 1.7486958 3
      vertex -2.8384347 1.4775956 3
    endloop
  endfacet
  facet normal 0.90859932 -0.41766886 0
    outer loop
      vertex -2.8384347 1.4775956 0.5
      vertex -2.9695965 1.1922653 3
      vertex -2.9695965 1.1922653 0.5
    endloop
  endfacet
  facet normal 0.90859932 -0.41766886 0
    outer loop
      vertex -2.8384347 1.4775956 0.5
      vertex -2.8384347 1.4775956 3
      vertex -2.9695965 1.1922653 3
    endloop
  endfacet
  facet normal 0.94516287 -0.32659936 0
    outer loop
      vertex -2.9695965 1.1922653 0.5
      vertex -3.0721595 0.89545284 3
      vertex -3.0721595 0.89545284 0.5
    endloop
  endfacet
  facet normal 0.94516287 -0.32659936 0
    outer loop
      vertex -2.9695965 1.1922653 0.5
      vertex -2.9695965 1.1922653 3
      vertex -3.0721595 0.89545284 3
    endloop
  endfacet
  facet normal 0.97262399 -0.23238453 0
    outer loop
      vertex -3.0721595 0.89545284 0.5
      vertex -3.145136 0.5900167 3
      vertex -3.145136 0.5900167 0.5
    endloop
  endfacet
  facet normal 0.97262399 -0.23238453 0
    outer loop
      vertex -3.0721595 0.89545284 0.5
      vertex -3.0721595 0.89545284 3
      vertex -3.145136 0.5900167 3
    endloop
  endfacet
  facet normal 0.99071821 -0.13593172 0
    outer loop
      vertex -3.145136 0.5900167 0.5
      vertex -3.187823 0.27889838 3
      vertex -3.187823 0.27889838 0.5
    endloop
  endfacet
  facet normal 0.99071821 -0.13593172 0
    outer loop
      vertex -3.145136 0.5900167 0.5
      vertex -3.145136 0.5900167 3
      vertex -3.187823 0.27889838 3
    endloop
  endfacet
  facet normal 0.99927127 -0.038169803 0
    outer loop
      vertex -3.187823 0.27889838 0.5
      vertex -3.1998096 -0.034905893 3
      vertex -3.1998096 -0.034905893 0.5
    endloop
  endfacet
  facet normal 0.99927127 -0.038169803 0
    outer loop
      vertex -3.187823 0.27889838 0.5
      vertex -3.187823 0.27889838 3
      vertex -3.1998096 -0.034905893 3
    endloop
  endfacet
  facet normal 0.9982008 0.059959707 0
    outer loop
      vertex -3.1998096 -0.034905893 0.5
      vertex -3.1809803 -0.348374 3
      vertex -3.1809803 -0.348374 0.5
    endloop
  endfacet
  facet normal 0.9982008 0.059959707 -0
    outer loop
      vertex -3.1998096 -0.034905893 0.5
      vertex -3.1998096 -0.034905893 3
      vertex -3.1809803 -0.348374 3
    endloop
  endfacet
  facet normal 0.98751711 0.15751177 0
    outer loop
      vertex -3.1809803 -0.348374 0.5
      vertex -3.1315164 -0.65848707 3
      vertex -3.1315164 -0.65848707 0.5
    endloop
  endfacet
  facet normal 0.98751711 0.15751177 -0
    outer loop
      vertex -3.1809803 -0.348374 0.5
      vertex -3.1809803 -0.348374 3
      vertex -3.1315164 -0.65848707 3
    endloop
  endfacet
  facet normal 0.96732309 0.25354691 0
    outer loop
      vertex -3.1315164 -0.65848707 0.5
      vertex -3.0518942 -0.96225856 3
      vertex -3.0518942 -0.96225856 0.5
    endloop
  endfacet
  facet normal 0.96732309 0.25354691 -0
    outer loop
      vertex -3.1315164 -0.65848707 0.5
      vertex -3.1315164 -0.65848707 3
      vertex -3.0518942 -0.96225856 3
    endloop
  endfacet
  facet normal 0.93781322 0.34714026 0
    outer loop
      vertex -3.0518942 -0.96225856 0.5
      vertex -2.9428807 -1.256763 3
      vertex -2.9428807 -1.256763 0.5
    endloop
  endfacet
  facet normal 0.93781322 0.34714026 -0
    outer loop
      vertex -3.0518942 -0.96225856 0.5
      vertex -3.0518942 -0.96225856 3
      vertex -2.9428807 -1.256763 3
    endloop
  endfacet
  facet normal 0.8992717 0.43739045 0
    outer loop
      vertex -2.9428807 -1.256763 0.5
      vertex -2.8055256 -1.5391641 3
      vertex -2.8055256 -1.5391641 0.5
    endloop
  endfacet
  facet normal 0.8992717 0.43739045 -0
    outer loop
      vertex -2.9428807 -1.256763 0.5
      vertex -2.9428807 -1.256763 3
      vertex -2.8055256 -1.5391641 3
    endloop
  endfacet
  facet normal 0.8520697 0.52342834 0
    outer loop
      vertex -2.8055256 -1.5391641 0.5
      vertex -2.6411518 -1.8067422 3
      vertex -2.6411518 -1.8067422 0.5
    endloop
  endfacet
  facet normal 0.8520697 0.52342834 -0
    outer loop
      vertex -2.8055256 -1.5391641 0.5
      vertex -2.8055256 -1.5391641 3
      vertex -2.6411518 -1.8067422 3
    endloop
  endfacet
  facet normal 0.7966618 0.60442532 0
    outer loop
      vertex -2.6411518 -1.8067422 0.5
      vertex -2.4513422 -2.0569204 3
      vertex -2.4513422 -2.0569204 0.5
    endloop
  endfacet
  facet normal 0.7966618 0.60442532 -0
    outer loop
      vertex -2.6411518 -1.8067422 0.5
      vertex -2.6411518 -1.8067422 3
      vertex -2.4513422 -2.0569204 3
    endloop
  endfacet
  facet normal 0.73358162 0.67960136 0
    outer loop
      vertex -2.4513422 -2.0569204 0.5
      vertex -2.2379249 -2.2872893 3
      vertex -2.2379249 -2.2872893 0.5
    endloop
  endfacet
  facet normal 0.73358162 0.67960136 -0
    outer loop
      vertex -2.4513422 -2.0569204 0.5
      vertex -2.4513422 -2.0569204 3
      vertex -2.2379249 -2.2872893 3
    endloop
  endfacet
  facet normal 0.66343664 0.74823247 0
    outer loop
      vertex -2.2379249 -2.2872893 0.5
      vertex -2.0029551 -2.4956303 3
      vertex -2.0029551 -2.4956303 0.5
    endloop
  endfacet
  facet normal 0.66343664 0.74823247 -0
    outer loop
      vertex -2.2379249 -2.2872893 0.5
      vertex -2.2379249 -2.2872893 3
      vertex -2.0029551 -2.4956303 3
    endloop
  endfacet
  facet normal 0.5869024 0.80965769 0
    outer loop
      vertex -2.0029551 -2.4956303 0.5
      vertex -1.7486958 -2.6799371 3
      vertex -1.7486958 -2.6799371 0.5
    endloop
  endfacet
  facet normal 0.5869024 0.80965769 -0
    outer loop
      vertex -2.0029551 -2.4956303 0.5
      vertex -2.0029551 -2.4956303 3
      vertex -1.7486958 -2.6799371 3
    endloop
  endfacet
  facet normal 0.50471598 0.86328546 0
    outer loop
      vertex -1.7486958 -2.6799371 0.5
      vertex -1.4775956 -2.8384347 3
      vertex -1.4775956 -2.8384347 0.5
    endloop
  endfacet
  facet normal 0.50471598 0.86328546 -0
    outer loop
      vertex -1.7486958 -2.6799371 0.5
      vertex -1.7486958 -2.6799371 3
      vertex -1.4775956 -2.8384347 3
    endloop
  endfacet
  facet normal 0.41766886 0.90859932 0
    outer loop
      vertex -1.4775956 -2.8384347 0.5
      vertex -1.1922653 -2.9695965 3
      vertex -1.1922653 -2.9695965 0.5
    endloop
  endfacet
  facet normal 0.41766886 0.90859932 -0
    outer loop
      vertex -1.4775956 -2.8384347 0.5
      vertex -1.4775956 -2.8384347 3
      vertex -1.1922653 -2.9695965 3
    endloop
  endfacet
  facet normal 0.32659936 0.94516287 0
    outer loop
      vertex -1.1922653 -2.9695965 0.5
      vertex -0.89545284 -3.0721595 3
      vertex -0.89545284 -3.0721595 0.5
    endloop
  endfacet
  facet normal 0.32659936 0.94516287 -0
    outer loop
      vertex -1.1922653 -2.9695965 0.5
      vertex -1.1922653 -2.9695965 3
      vertex -0.89545284 -3.0721595 3
    endloop
  endfacet
  facet normal 0.23238453 0.97262399 0
    outer loop
      vertex -0.89545284 -3.0721595 0.5
      vertex -0.5900167 -3.145136 3
      vertex -0.5900167 -3.145136 0.5
    endloop
  endfacet
  facet normal 0.23238453 0.97262399 -0
    outer loop
      vertex -0.89545284 -3.0721595 0.5
      vertex -0.89545284 -3.0721595 3
      vertex -0.5900167 -3.145136 3
    endloop
  endfacet
  facet normal 0.13593172 0.99071821 0
    outer loop
      vertex -0.5900167 -3.145136 0.5
      vertex -0.27889838 -3.187823 3
      vertex -0.27889838 -3.187823 0.5
    endloop
  endfacet
  facet normal 0.13593172 0.99071821 -0
    outer loop
      vertex -0.5900167 -3.145136 0.5
      vertex -0.5900167 -3.145136 3
      vertex -0.27889838 -3.187823 3
    endloop
  endfacet
  facet normal 0.038169803 0.99927127 0
    outer loop
      vertex -0.27889838 -3.187823 0.5
      vertex 0.034905893 -3.1998096 3
      vertex 0.034905893 -3.1998096 0.5
    endloop
  endfacet
  facet normal 0.038169803 0.99927127 -0
    outer loop
      vertex -0.27889838 -3.187823 0.5
      vertex -0.27889838 -3.187823 3
      vertex 0.034905893 -3.1998096 3
    endloop
  endfacet
  facet normal -0.059959707 0.9982008 0
    outer loop
      vertex 0.034905893 -3.1998096 0.5
      vertex 0.348374 -3.1809803 3
      vertex 0.348374 -3.1809803 0.5
    endloop
  endfacet
  facet normal -0.059959707 0.9982008 0
    outer loop
      vertex 0.034905893 -3.1998096 0.5
      vertex 0.034905893 -3.1998096 3
      vertex 0.348374 -3.1809803 3
    endloop
  endfacet
  facet normal -0.15751177 0.98751711 0
    outer loop
      vertex 0.348374 -3.1809803 0.5
      vertex 0.65848707 -3.1315164 3
      vertex 0.65848707 -3.1315164 0.5
    endloop
  endfacet
  facet normal -0.15751177 0.98751711 0
    outer loop
      vertex 0.348374 -3.1809803 0.5
      vertex 0.348374 -3.1809803 3
      vertex 0.65848707 -3.1315164 3
    endloop
  endfacet
  facet normal -0.25354691 0.96732309 0
    outer loop
      vertex 0.65848707 -3.1315164 0.5
      vertex 0.96225856 -3.0518942 3
      vertex 0.96225856 -3.0518942 0.5
    endloop
  endfacet
  facet normal -0.25354691 0.96732309 0
    outer loop
      vertex 0.65848707 -3.1315164 0.5
      vertex 0.65848707 -3.1315164 3
      vertex 0.96225856 -3.0518942 3
    endloop
  endfacet
  facet normal -0.34714026 0.93781322 0
    outer loop
      vertex 0.96225856 -3.0518942 0.5
      vertex 1.256763 -2.9428807 3
      vertex 1.256763 -2.9428807 0.5
    endloop
  endfacet
  facet normal -0.34714026 0.93781322 0
    outer loop
      vertex 0.96225856 -3.0518942 0.5
      vertex 0.96225856 -3.0518942 3
      vertex 1.256763 -2.9428807 3
    endloop
  endfacet
  facet normal -0.43739045 0.8992717 0
    outer loop
      vertex 1.256763 -2.9428807 0.5
      vertex 1.5391641 -2.8055256 3
      vertex 1.5391641 -2.8055256 0.5
    endloop
  endfacet
  facet normal -0.43739045 0.8992717 0
    outer loop
      vertex 1.256763 -2.9428807 0.5
      vertex 1.256763 -2.9428807 3
      vertex 1.5391641 -2.8055256 3
    endloop
  endfacet
  facet normal -0.52342834 0.8520697 0
    outer loop
      vertex 1.5391641 -2.8055256 0.5
      vertex 1.8067422 -2.6411518 3
      vertex 1.8067422 -2.6411518 0.5
    endloop
  endfacet
  facet normal -0.52342834 0.8520697 0
    outer loop
      vertex 1.5391641 -2.8055256 0.5
      vertex 1.5391641 -2.8055256 3
      vertex 1.8067422 -2.6411518 3
    endloop
  endfacet
  facet normal -0.60442532 0.7966618 0
    outer loop
      vertex 1.8067422 -2.6411518 0.5
      vertex 2.0569204 -2.4513422 3
      vertex 2.0569204 -2.4513422 0.5
    endloop
  endfacet
  facet normal -0.60442532 0.7966618 0
    outer loop
      vertex 1.8067422 -2.6411518 0.5
      vertex 1.8067422 -2.6411518 3
      vertex 2.0569204 -2.4513422 3
    endloop
  endfacet
  facet normal 0 -0 1
    outer loop
      vertex 9.7 -11.5 3
      vertex 9.8764309 -11.491333 3
      vertex 7.4970257 -8.8427771 3
    endloop
  endfacet
  facet normal 0 0 1
    outer loop
      vertex 9.7 -11.5 3
      vertex 7.4970257 -8.8427771 3
      vertex 7.35 -8.85 3
    endloop
  endfacet
  facet normal 0 -0 1
    outer loop
      vertex 9.8764309 -11.491333 3
      vertex 10.051163 -11.465414 3
      vertex 7.6426355 -8.8211779 3
    endloop
  endfacet
  facet normal 0 0 1
    outer loop
      vertex 9.8764309 -11.491333 3
      vertex 7.6426355 -8.8211779 3
      vertex 7.4970257 -8.8427771 3
    endloop
  endfacet
  facet normal 0 -0 1
    outer loop
      vertex 10.051163 -11.465414 3
      vertex 10.222512 -11.422493 3
      vertex 7.785427 -8.7854105 3
    endloop
  endfacet
  facet normal 0 0 1
    outer loop
      vertex 10.051163 -11.465414 3
      vertex 7.785427 -8.7854105 3
      vertex 7.6426355 -8.8211779 3
    endloop
  endfacet
  facet normal 0 -0 1
    outer loop
      vertex 10.222512 -11.422493 3
      vertex 10.38883 -11.362983 3
      vertex 7.9240251 -8.7358193 3
    endloop
  endfacet
  facet normal 0 0 1
    outer loop
      vertex 10.222512 -11.422493 3
      vertex 7.9240251 -8.7358193 3
      vertex 7.785427 -8.7854105 3
    endloop
  endfacet
  facet normal 0 -0 1
    outer loop
      vertex 10.38883 -11.362983 3
      vertex 10.548514 -11.287458 3
      vertex 8.0570951 -8.6728819 3
    endloop
  endfacet
  facet normal 0 0 1
    outer loop
      vertex 10.38883 -11.362983 3
      vertex 8.0570951 -8.6728819 3
      vertex 7.9240251 -8.7358193 3
    endloop
  endfacet
  facet normal 0 -0 1
    outer loop
      vertex 10.548514 -11.287458 3
      vertex 10.700026 -11.196645 3
      vertex 8.1833553 -8.5972044 3
    endloop
  endfacet
  facet normal 0 0 1
    outer loop
      vertex 10.548514 -11.287458 3
      vertex 8.1833553 -8.5972044 3
      vertex 8.0570951 -8.6728819 3
    endloop
  endfacet
  facet normal 0 -0 1
    outer loop
      vertex 10.700026 -11.196645 3
      vertex 10.841908 -11.091419 3
      vertex 8.3015899 -8.5095157 3
    endloop
  endfacet
  facet normal 0 0 1
    outer loop
      vertex 10.700026 -11.196645 3
      vertex 8.3015899 -8.5095157 3
      vertex 8.1833553 -8.5972044 3
    endloop
  endfacet
  facet normal 0 -0 1
    outer loop
      vertex 10.841908 -11.091419 3
      vertex 10.972792 -10.972792 3
      vertex 8.4106602 -8.4106602 3
    endloop
  endfacet
  facet normal 0 0 1
    outer loop
      vertex 10.841908 -11.091419 3
      vertex 8.4106602 -8.4106602 3
      vertex 8.3015899 -8.5095157 3
    endloop
  endfacet
  facet normal 0 -0 1
    outer loop
      vertex 10.972792 -10.972792 3
      vertex 11.091419 -10.841908 3
      vertex 8.5095157 -8.3015899 3
    endloop
  endfacet
  facet normal 0 0 1
    outer loop
      vertex 10.972792 -10.972792 3
      vertex 8.5095157 -8.3015899 3
      vertex 8.4106602 -8.4106602 3
    endloop
  endfacet
  facet normal 0 -0 1
    outer loop
      vertex 11.091419 -10.841908 3
      vertex 11.196645 -10.700026 3
      vertex 8.5972044 -8.1833553 3
    endloop
  endfacet
  facet normal 0 0 1
    outer loop
      vertex 11.091419 -10.841908 3
      vertex 8.5972044 -8.1833553 3
      vertex 8.5095157 -8.3015899 3
    endloop
  endfacet
  facet normal 0 -0 1
    outer loop
      vertex 11.196645 -10.700026 3
      vertex 11.287458 -10.548514 3
      vertex 8.6728819 -8.0570951 3
    endloop
  endfacet
  facet normal 0 0 1
    outer loop
      vertex 11.196645 -10.700026 3
      vertex 8.6728819 -8.0570951 3
      vertex 8.5972044 -8.1833553 3
    endloop
  endfacet
  facet normal 0 -0 1
    outer loop
      vertex 11.287458 -10.548514 3
      vertex 11.362983 -10.38883 3
      vertex 8.7358193 -7.9240251 3
    endloop
  endfacet
  facet normal 0 0 1
    outer loop
      vertex 11.287458 -10.548514 3
      vertex 8.7358193 -7.9240251 3
      vertex 8.6728819 -8.0570951 3
    endloop
  endfacet
  facet normal 0 -0 1
    outer loop
      vertex 11.362983 -10.38883 3
      vertex 11.422493 -10.222512 3
      vertex 8.7854105 -7.785427 3
    endloop
  endfacet
  facet normal 0 0 1
    outer loop
      vertex 11.362983 -10.38883 3
      vertex 8.7854105 -7.785427 3
      vertex 8.7358193 -7.9240251 3
    endloop
  endfacet
  facet normal 0 -0 1
    outer loop
      vertex 11.422493 -10.222512 3
      vertex 11.465414 -10.051163 3
      vertex 8.8211779 -7.6426355 3
    endloop
  endfacet
  facet normal 0 0 1
    outer loop
      vertex 11.422493 -10.222512 3
      vertex 8.8211779 -7.6426355 3
      vertex 8.7854105 -7.785427 3
    endloop
  endfacet
  facet normal 0 -0 1
    outer loop
      vertex 11.465414 -10.051163 3
      vertex 11.491333 -9.8764309 3
      vertex 8.8427771 -7.4970257 3
    endloop
  endfacet
  facet normal 0 0 1
    outer loop
      vertex 11.465414 -10.051163 3
      vertex 8.8427771 -7.4970257 3
      vertex 8.8211779 -7.6426355 3
    endloop
  endfacet
  facet normal 0 -0 1
    outer loop
      vertex 11.491333 -9.8764309 3
      vertex 11.5 9.7 3
      vertex 8.85 7.35 3
    endloop
  endfacet
  facet normal 0 0 1
    outer loop
      vertex 11.491333 -9.8764309 3
      vertex 8.85 7.35 3
      vertex 8.8427771 -7.4970257 3
    endloop
  endfacet
  facet normal 0 0 1
    outer loop
      vertex 11.5 9.7 3
      vertex 11.491333 9.8764309 3
      vertex 8.8427771 7.4970257 3
    endloop
  endfacet
  facet normal 0 0 1
    outer loop
      vertex 11.5 9.7 3
      vertex 8.8427771 7.4970257 3
      vertex 8.85 7.35 3
    endloop
  endfacet
  facet normal 0 0 1
    outer loop
      vertex 11.491333 9.8764309 3
      vertex 11.465414 10.051163 3
      vertex 8.8211779 7.6426355 3
    endloop
  endfacet
  facet normal 0 0 1
    outer loop
      vertex 11.491333 9.8764309 3
      vertex 8.8211779 7.6426355 3
      vertex 8.8427771 7.4970257 3
    endloop
  endfacet
  facet normal 0 0 1
    outer loop
      vertex 11.465414 10.051163 3
      vertex 11.422493 10.222512 3
      vertex 8.7854105 7.785427 3
    endloop
  endfacet
  facet normal 0 0 1
    outer loop
      vertex 11.465414 10.051163 3
      vertex 8.7854105 7.785427 3
      vertex 8.8211779 7.6426355 3
    endloop
  endfacet
  facet normal 0 0 1
    outer loop
      vertex 11.422493 10.222512 3
      vertex 11.362983 10.38883 3
      vertex 8.7358193 7.9240251 3
    endloop
  endfacet
  facet normal 0 0 1
    outer loop
      vertex 11.422493 10.222512 3
      vertex 8.7358193 7.9240251 3
      vertex 8.7854105 7.785427 3
    endloop
  endfacet
  facet normal 0 0 1
    outer loop
      vertex 11.362983 10.38883 3
      vertex 11.287458 10.548514 3
      vertex 8.6728819 8.0570951 3
    endloop
  endfacet
  facet normal 0 0 1
    outer loop
      vertex 11.362983 10.38883 3
      vertex 8.6728819 8.0570951 3
      vertex 8.7358193 7.9240251 3
    endloop
  endfacet
  facet normal 0 0 1
    outer loop
      vertex 11.287458 10.548514 3
      vertex 11.196645 10.700026 3
      vertex 8.5972044 8.1833553 3
    endloop
  endfacet
  facet normal 0 0 1
    outer loop
      vertex 11.287458 10.548514 3
      vertex 8.5972044 8.1833553 3
      vertex 8.6728819 8.0570951 3
    endloop
  endfacet
  facet normal 0 0 1
    outer loop
      vertex 11.196645 10.700026 3
      vertex 11.091419 10.841908 3
      vertex 8.5095157 8.3015899 3
    endloop
  endfacet
  facet normal 0 0 1
    outer loop
      vertex 11.196645 10.700026 3
      vertex 8.5095157 8.3015899 3
      vertex 8.5972044 8.1833553 3
    endloop
  endfacet
  facet normal 0 0 1
    outer loop
      vertex 11.091419 10.841908 3
      vertex 10.972792 10.972792 3
      vertex 8.4106602 8.4106602 3
    endloop
  endfacet
  facet normal 0 0 1
    outer loop
      vertex 11.091419 10.841908 3
      vertex 8.4106602 8.4106602 3
      vertex 8.5095157 8.3015899 3
    endloop
  endfacet
  facet normal 0 0 1
    outer loop
      vertex 10.972792 10.972792 3
      vertex 10.841908 11.091419 3
      vertex 8.3015899 8.5095157 3
    endloop
  endfacet
  facet normal 0 0 1
    outer loop
      vertex 10.972792 10.972792 3
      vertex 8.3015899 8.5095157 3
      vertex 8.4106602 8.4106602 3
    endloop
  endfacet
  facet normal 0 0 1
    outer loop
      vertex 10.841908 11.091419 3
      vertex 10.700026 11.196645 3
      vertex 8.1833553 8.5972044 3
    endloop
  endfacet
  facet normal 0 0 1
    outer loop
      vertex 10.841908 11.091419 3
      vertex 8.1833553 8.5972044 3
      vertex 8.3015899 8.5095157 3
    endloop
  endfacet
  facet normal 0 0 1
    outer loop
      vertex 10.700026 11.196645 3
      vertex 10.548514 11.287458 3
      vertex 8.0570951 8.6728819 3
    endloop
  endfacet
  facet normal 0 0 1
    outer loop
      vertex 10.700026 11.196645 3
      vertex 8.0570951 8.6728819 3
      vertex 8.1833553 8.5972044 3
    endloop
  endfacet
  facet normal 0 0 1
    outer loop
      vertex 10.548514 11.287458 3
      vertex 10.38883 11.362983 3
      vertex 7.9240251 8.7358193 3
    endloop
  endfacet
  facet normal 0 0 1
    outer loop
      vertex 10.548514 11.287458 3
      vertex 7.9240251 8.7358193 3
      vertex 8.0570951 8.6728819 3
    endloop
  endfacet
  facet normal 0 0 1
    outer loop
      vertex 10.38883 11.362983 3
      vertex 10.222512 11.422493 3
      vertex 7.785427 8.7854105 3
    endloop
  endfacet
  facet normal 0 0 1
    outer loop
      vertex 10.38883 11.362983 3
      vertex 7.785427 8.7854105 3
      vertex 7.9240251 8.7358193 3
    endloop
  endfacet
  facet normal 0 0 1
    outer loop
      vertex 10.222512 11.422493 3
      vertex 10.051163 11.465414 3
      vertex 7.6426355 8.8211779 3
    endloop
  endfacet
  facet normal 0 0 1
    outer loop
      vertex 10.222512 11.422493 3
      vertex 7.6426355 8.8211779 3
      vertex 7.785427 8.7854105 3
    endloop
  endfacet
  facet normal 0 0 1
    outer loop
      vertex 10.051163 11.465414 3
      vertex 9.8764309 11.491333 3
      vertex 7.4970257 8.8427771 3
    endloop
  endfacet
  facet normal 0 0 1
    outer loop
      vertex 10.051163 11.465414 3
      vertex 7.4970257 8.8427771 3
      vertex 7.6426355 8.8211779 3
    endloop
  endfacet
  facet normal 0 0 1
    outer loop
      vertex 9.8764309 11.491333 3
      vertex -9.7 11.5 3
      vertex -7.35 8.85 3
    endloop
  endfacet
  facet normal 0 0 1
    outer loop
      vertex 9.8764309 11.491333 3
      vertex -7.35 8.85 3
      vertex 7.4970257 8.8427771 3
    endloop
  endfacet
  facet normal 0 0 1
    outer loop
      vertex -9.7 11.5 3
      vertex -9.8764309 11.491333 3
      vertex -7.4970257 8.8427771 3
    endloop
  endfacet
  facet normal 0 0 1
    outer loop
      vertex -9.7 11.5 3
      vertex -7.4970257 8.8427771 3
      vertex -7.35 8.85 3
    endloop
  endfacet
  facet normal 0 0 1
    outer loop
      vertex -9.8764309 11.491333 3
      vertex -10.051163 11.465414 3
      vertex -7.6426355 8.8211779 3
    endloop
  endfacet
  facet normal 0 0 1
    outer loop
      vertex -9.8764309 11.491333 3
      vertex -7.6426355 8.8211779 3
      vertex -7.4970257 8.8427771 3
    endloop
  endfacet
  facet normal 0 0 1
    outer loop
      vertex -10.051163 11.465414 3
      vertex -10.222512 11.422493 3
      vertex -7.785427 8.7854105 3
    endloop
  endfacet
  facet normal 0 0 1
    outer loop
      vertex -10.051163 11.465414 3
      vertex -7.785427 8.7854105 3
      vertex -7.6426355 8.8211779 3
    endloop
  endfacet
  facet normal 0 0 1
    outer loop
      vertex -10.222512 11.422493 3
      vertex -10.38883 11.362983 3
      vertex -7.9240251 8.7358193 3
    endloop
  endfacet
  facet normal 0 0 1
    outer loop
      vertex -10.222512 11.422493 3
      vertex -7.9240251 8.7358193 3
      vertex -7.785427 8.7854105 3
    endloop
  endfacet
  facet normal 0 0 1
    outer loop
      vertex -10.38883 11.362983 3
      vertex -10.548514 11.287458 3
      vertex -8.0570951 8.6728819 3
    endloop
  endfacet
  facet normal 0 0 1
    outer loop
      vertex -10.38883 11.362983 3
      vertex -8.0570951 8.6728819 3
      vertex -7.9240251 8.7358193 3
    endloop
  endfacet
  facet normal 0 0 1
    outer loop
      vertex -10.548514 11.287458 3
      vertex -10.700026 11.196645 3
      vertex -8.1833553 8.5972044 3
    endloop
  endfacet
  facet normal 0 0 1
    outer loop
      vertex -10.548514 11.287458 3
      vertex -8.1833553 8.5972044 3
      vertex -8.0570951 8.6728819 3
    endloop
  endfacet
  facet normal 0 0 1
    outer loop
      vertex -10.700026 11.196645 3
      vertex -10.841908 11.091419 3
      vertex -8.3015899 8.5095157 3
    endloop
  endfacet
  facet normal 0 0 1
    outer loop
      vertex -10.700026 11.196645 3
      vertex -8.3015899 8.5095157 3
      vertex -8.1833553 8.5972044 3
    endloop
  endfacet
  facet normal 0 0 1
    outer loop
      vertex -10.841908 11.091419 3
      vertex -10.972792 10.972792 3
      vertex -8.4106602 8.4106602 3
    endloop
  endfacet
  facet normal 0 0 1
    outer loop
      vertex -10.841908 11.091419 3
      vertex -8.4106602 8.4106602 3
      vertex -8.3015899 8.5095157 3
    endloop
  endfacet
  facet normal 0 0 1
    outer loop
      vertex -10.972792 10.972792 3
      vertex -11.091419 10.841908 3
      vertex -8.5095157 8.3015899 3
    endloop
  endfacet
  facet normal 0 0 1
    outer loop
      vertex -10.972792 10.972792 3
      vertex -8.5095157 8.3015899 3
      vertex -8.4106602 8.4106602 3
    endloop
  endfacet
  facet normal 0 0 1
    outer loop
      vertex -11.091419 10.841908 3
      vertex -11.196645 10.700026 3
      vertex -8.5972044 8.1833553 3
    endloop
  endfacet
  facet normal 0 0 1
    outer loop
      vertex -11.091419 10.841908 3
      vertex -8.5972044 8.1833553 3
      vertex -8.5095157 8.3015899 3
    endloop
  endfacet
  facet normal 0 0 1
    outer loop
      vertex -11.196645 10.700026 3
      vertex -11.287458 10.548514 3
      vertex -8.6728819 8.0570951 3
    endloop
  endfacet
  facet normal 0 0 1
    outer loop
      vertex -11.196645 10.700026 3
      vertex -8.6728819 8.0570951 3
      vertex -8.5972044 8.1833553 3
    endloop
  endfacet
  facet normal 0 0 1
    outer loop
      vertex -11.287458 10.548514 3
      vertex -11.362983 10.38883 3
      vertex -8.7358193 7.9240251 3
    endloop
  endfacet
  facet normal 0 0 1
    outer loop
      vertex -11.287458 10.548514 3
      vertex -8.7358193 7.9240251 3
      vertex -8.6728819 8.0570951 3
    endloop
  endfacet
  facet normal 0 0 1
    outer loop
      vertex -11.362983 10.38883 3
      vertex -11.422493 10.222512 3
      vertex -8.7854105 7.785427 3
    endloop
  endfacet
  facet normal 0 0 1
    outer loop
      vertex -11.362983 10.38883 3
      vertex -8.7854105 7.785427 3
      vertex -8.7358193 7.9240251 3
    endloop
  endfacet
  facet normal 0 0 1
    outer loop
      vertex -11.422493 10.222512 3
      vertex -11.465414 10.051163 3
      vertex -8.8211779 7.6426355 3
    endloop
  endfacet
  facet normal 0 0 1
    outer loop
      vertex -11.422493 10.222512 3
      vertex -8.8211779 7.6426355 3
      vertex -8.7854105 7.785427 3
    endloop
  endfacet
  facet normal 0 0 1
    outer loop
      vertex -11.465414 10.051163 3
      vertex -11.491333 9.8764309 3
      vertex -8.8427771 7.4970257 3
    endloop
  endfacet
  facet normal 0 0 1
    outer loop
      vertex -11.465414 10.051163 3
      vertex -8.8427771 7.4970257 3
      vertex -8.8211779 7.6426355 3
    endloop
  endfacet
  facet normal 0 0 1
    outer loop
      vertex -11.491333 9.8764309 3
      vertex -11.5 -9.7 3
      vertex -8.85 -7.35 3
    endloop
  endfacet
  facet normal 0 0 1
    outer loop
      vertex -11.491333 9.8764309 3
      vertex -8.85 -7.35 3
      vertex -8.8427771 7.4970257 3
    endloop
  endfacet
  facet normal -0 0 1
    outer loop
      vertex -11.5 -9.7 3
      vertex -11.491333 -9.8764309 3
      vertex -8.8427771 -7.4970257 3
    endloop
  endfacet
  facet normal 0 0 1
    outer loop
      vertex -11.5 -9.7 3
      vertex -8.8427771 -7.4970257 3
      vertex -8.85 -7.35 3
    endloop
  endfacet
  facet normal -0 0 1
    outer loop
      vertex -11.491333 -9.8764309 3
      vertex -11.465414 -10.051163 3
      vertex -8.8211779 -7.6426355 3
    endloop
  endfacet
  facet normal 0 0 1
    outer loop
      vertex -11.491333 -9.8764309 3
      vertex -8.8211779 -7.6426355 3
      vertex -8.8427771 -7.4970257 3
    endloop
  endfacet
  facet normal -0 0 1
    outer loop
      vertex -11.465414 -10.051163 3
      vertex -11.422493 -10.222512 3
      vertex -8.7854105 -7.785427 3
    endloop
  endfacet
  facet normal 0 0 1
    outer loop
      vertex -11.465414 -10.051163 3
      vertex -8.7854105 -7.785427 3
      vertex -8.8211779 -7.6426355 3
    endloop
  endfacet
  facet normal -0 0 1
    outer loop
      vertex -11.422493 -10.222512 3
      vertex -11.362983 -10.38883 3
      vertex -8.7358193 -7.9240251 3
    endloop
  endfacet
  facet normal 0 0 1
    outer loop
      vertex -11.422493 -10.222512 3
      vertex -8.7358193 -7.9240251 3
      vertex -8.7854105 -7.785427 3
    endloop
  endfacet
  facet normal -0 0 1
    outer loop
      vertex -11.362983 -10.38883 3
      vertex -11.287458 -10.548514 3
      vertex -8.6728819 -8.0570951 3
    endloop
  endfacet
  facet normal 0 0 1
    outer loop
      vertex -11.362983 -10.38883 3
      vertex -8.6728819 -8.0570951 3
      vertex -8.7358193 -7.9240251 3
    endloop
  endfacet
  facet normal -0 0 1
    outer loop
      vertex -11.287458 -10.548514 3
      vertex -11.196645 -10.700026 3
      vertex -8.5972044 -8.1833553 3
    endloop
  endfacet
  facet normal 0 0 1
    outer loop
      vertex -11.287458 -10.548514 3
      vertex -8.5972044 -8.1833553 3
      vertex -8.6728819 -8.0570951 3
    endloop
  endfacet
  facet normal -0 0 1
    outer loop
      vertex -11.196645 -10.700026 3
      vertex -11.091419 -10.841908 3
      vertex -8.5095157 -8.3015899 3
    endloop
  endfacet
  facet normal 0 0 1
    outer loop
      vertex -11.196645 -10.700026 3
      vertex -8.5095157 -8.3015899 3
      vertex -8.5972044 -8.1833553 3
    endloop
  endfacet
  facet normal -0 0 1
    outer loop
      vertex -11.091419 -10.841908 3
      vertex -10.972792 -10.972792 3
      vertex -8.4106602 -8.4106602 3
    endloop
  endfacet
  facet normal 0 0 1
    outer loop
      vertex -11.091419 -10.841908 3
      vertex -8.4106602 -8.4106602 3
      vertex -8.5095157 -8.3015899 3
    endloop
  endfacet
  facet normal -0 0 1
    outer loop
      vertex -10.972792 -10.972792 3
      vertex -10.841908 -11.091419 3
      vertex -8.3015899 -8.5095157 3
    endloop
  endfacet
  facet normal 0 0 1
    outer loop
      vertex -10.972792 -10.972792 3
      vertex -8.3015899 -8.5095157 3
      vertex -8.4106602 -8.4106602 3
    endloop
  endfacet
  facet normal -0 0 1
    outer loop
      vertex -10.841908 -11.091419 3
      vertex -10.700026 -11.196645 3
      vertex -8.1833553 -8.5972044 3
    endloop
  endfacet
  facet normal 0 0 1
    outer loop
      vertex -10.841908 -11.091419 3
      vertex -8.1833553 -8.5972044 3
      vertex -8.3015899 -8.5095157 3
    endloop
  endfacet
  facet normal -0 0 1
    outer loop
      vertex -10.700026 -11.196645 3
      vertex -10.548514 -11.287458 3
      vertex -8.0570951 -8.6728819 3
    endloop
  endfacet
  facet normal 0 0 1
    outer loop
      vertex -10.700026 -11.196645 3
      vertex -8.0570951 -8.6728819 3
      vertex -8.1833553 -8.5972044 3
    endloop
  endfacet
  facet normal -0 0 1
    outer loop
      vertex -10.548514 -11.287458 3
      vertex -10.38883 -11.362983 3
      vertex -7.9240251 -8.7358193 3
    endloop
  endfacet
  facet normal 0 0 1
    outer loop
      vertex -10.548514 -11.287458 3
      vertex -7.9240251 -8.7358193 3
      vertex -8.0570951 -8.6728819 3
    endloop
  endfacet
  facet normal -0 0 1
    outer loop
      vertex -10.38883 -11.362983 3
      vertex -10.222512 -11.422493 3
      vertex -7.785427 -8.7854105 3
    endloop
  endfacet
  facet normal 0 0 1
    outer loop
      vertex -10.38883 -11.362983 3
      vertex -7.785427 -8.7854105 3
      vertex -7.9240251 -8.7358193 3
    endloop
  endfacet
  facet normal -0 0 1
    outer loop
      vertex -10.222512 -11.422493 3
      vertex -10.051163 -11.465414 3
      vertex -7.6426355 -8.8211779 3
    endloop
  endfacet
  facet normal 0 0 1
    outer loop
      vertex -10.222512 -11.422493 3
      vertex -7.6426355 -8.8211779 3
      vertex -7.785427 -8.7854105 3
    endloop
  endfacet
  facet normal -0 0 1
    outer loop
      vertex -10.051163 -11.465414 3
      vertex -9.8764309 -11.491333 3
      vertex -7.4970257 -8.8427771 3
    endloop
  endfacet
  facet normal 0 0 1
    outer loop
      vertex -10.051163 -11.465414 3
      vertex -7.4970257 -8.8427771 3
      vertex -7.6426355 -8.8211779 3
    endloop
  endfacet
  facet normal -0 0 1
    outer loop
      vertex -9.8764309 -11.491333 3
      vertex 9.7 -11.5 3
      vertex 7.35 -8.85 3
    endloop
  endfacet
  facet normal 0 0 1
    outer loop
      vertex -9.8764309 -11.491333 3
      vertex 7.35 -8.85 3
      vertex -7.4970257 -8.8427771 3
    endloop
  endfacet
  facet normal 0.049067674 -0.99879546 0
    outer loop
      vertex 7.35 -8.85 3
      vertex 7.4970257 -8.8427771 3
      vertex 7.4970257 -8.8427771 42
    endloop
  endfacet
  facet normal 0.049067674 -0.99879546 0
    outer loop
      vertex 7.35 -8.85 3
      vertex 7.4970257 -8.8427771 42
      vertex 7.35 -8.85 42
    endloop
  endfacet
  facet normal 0.14673047 -0.98917651 0
    outer loop
      vertex 7.4970257 -8.8427771 3
      vertex 7.6426355 -8.8211779 3
      vertex 7.6426355 -8.8211779 42
    endloop
  endfacet
  facet normal 0.14673047 -0.98917651 0
    outer loop
      vertex 7.4970257 -8.8427771 3
      vertex 7.6426355 -8.8211779 42
      vertex 7.4970257 -8.8427771 42
    endloop
  endfacet
  facet normal 0.24298018 -0.97003125 0
    outer loop
      vertex 7.6426355 -8.8211779 3
      vertex 7.785427 -8.7854105 3
      vertex 7.785427 -8.7854105 42
    endloop
  endfacet
  facet normal 0.24298018 -0.97003125 0
    outer loop
      vertex 7.6426355 -8.8211779 3
      vertex 7.785427 -8.7854105 42
      vertex 7.6426355 -8.8211779 42
    endloop
  endfacet
  facet normal 0.33688985 -0.94154407 0
    outer loop
      vertex 7.785427 -8.7854105 3
      vertex 7.9240251 -8.7358193 3
      vertex 7.9240251 -8.7358193 42
    endloop
  endfacet
  facet normal 0.33688985 -0.94154407 0
    outer loop
      vertex 7.785427 -8.7854105 3
      vertex 7.9240251 -8.7358193 42
      vertex 7.785427 -8.7854105 42
    endloop
  endfacet
  facet normal 0.42755509 -0.90398929 0
    outer loop
      vertex 7.9240251 -8.7358193 3
      vertex 8.0570951 -8.6728819 3
      vertex 8.0570951 -8.6728819 42
    endloop
  endfacet
  facet normal 0.42755509 -0.90398929 0
    outer loop
      vertex 7.9240251 -8.7358193 3
      vertex 8.0570951 -8.6728819 42
      vertex 7.9240251 -8.7358193 42
    endloop
  endfacet
  facet normal 0.51410274 -0.85772861 0
    outer loop
      vertex 8.0570951 -8.6728819 3
      vertex 8.1833553 -8.5972044 3
      vertex 8.1833553 -8.5972044 42
    endloop
  endfacet
  facet normal 0.51410274 -0.85772861 0
    outer loop
      vertex 8.0570951 -8.6728819 3
      vertex 8.1833553 -8.5972044 42
      vertex 8.0570951 -8.6728819 42
    endloop
  endfacet
  facet normal 0.5956993 -0.80320753 0
    outer loop
      vertex 8.1833553 -8.5972044 3
      vertex 8.3015899 -8.5095157 3
      vertex 8.3015899 -8.5095157 42
    endloop
  endfacet
  facet normal 0.5956993 -0.80320753 0
    outer loop
      vertex 8.1833553 -8.5972044 3
      vertex 8.3015899 -8.5095157 42
      vertex 8.1833553 -8.5972044 42
    endloop
  endfacet
  facet normal 0.67155895 -0.74095113 0
    outer loop
      vertex 8.3015899 -8.5095157 3
      vertex 8.4106602 -8.4106602 3
      vertex 8.4106602 -8.4106602 42
    endloop
  endfacet
  facet normal 0.67155895 -0.74095113 0
    outer loop
      vertex 8.3015899 -8.5095157 3
      vertex 8.4106602 -8.4106602 42
      vertex 8.3015899 -8.5095157 42
    endloop
  endfacet
  facet normal 0.74095113 -0.67155895 0
    outer loop
      vertex 8.4106602 -8.4106602 3
      vertex 8.5095157 -8.3015899 3
      vertex 8.5095157 -8.3015899 42
    endloop
  endfacet
  facet normal 0.74095113 -0.67155895 0
    outer loop
      vertex 8.4106602 -8.4106602 3
      vertex 8.5095157 -8.3015899 42
      vertex 8.4106602 -8.4106602 42
    endloop
  endfacet
  facet normal 0.80320753 -0.5956993 0
    outer loop
      vertex 8.5095157 -8.3015899 3
      vertex 8.5972044 -8.1833553 3
      vertex 8.5972044 -8.1833553 42
    endloop
  endfacet
  facet normal 0.80320753 -0.5956993 0
    outer loop
      vertex 8.5095157 -8.3015899 3
      vertex 8.5972044 -8.1833553 42
      vertex 8.5095157 -8.3015899 42
    endloop
  endfacet
  facet normal 0.85772861 -0.51410274 0
    outer loop
      vertex 8.5972044 -8.1833553 3
      vertex 8.6728819 -8.0570951 3
      vertex 8.6728819 -8.0570951 42
    endloop
  endfacet
  facet normal 0.85772861 -0.51410274 0
    outer loop
      vertex 8.5972044 -8.1833553 3
      vertex 8.6728819 -8.0570951 42
      vertex 8.5972044 -8.1833553 42
    endloop
  endfacet
  facet normal 0.90398929 -0.42755509 0
    outer loop
      vertex 8.6728819 -8.0570951 3
      vertex 8.7358193 -7.9240251 3
      vertex 8.7358193 -7.9240251 42
    endloop
  endfacet
  facet normal 0.90398929 -0.42755509 0
    outer loop
      vertex 8.6728819 -8.0570951 3
      vertex 8.7358193 -7.9240251 42
      vertex 8.6728819 -8.0570951 42
    endloop
  endfacet
  facet normal 0.94154407 -0.33688985 0
    outer loop
      vertex 8.7358193 -7.9240251 3
      vertex 8.7854105 -7.785427 3
      vertex 8.7854105 -7.785427 42
    endloop
  endfacet
  facet normal 0.94154407 -0.33688985 0
    outer loop
      vertex 8.7358193 -7.9240251 3
      vertex 8.7854105 -7.785427 42
      vertex 8.7358193 -7.9240251 42
    endloop
  endfacet
  facet normal 0.97003125 -0.24298018 0
    outer loop
      vertex 8.7854105 -7.785427 3
      vertex 8.8211779 -7.6426355 3
      vertex 8.8211779 -7.6426355 42
    endloop
  endfacet
  facet normal 0.97003125 -0.24298018 0
    outer loop
      vertex 8.7854105 -7.785427 3
      vertex 8.8211779 -7.6426355 42
      vertex 8.7854105 -7.785427 42
    endloop
  endfacet
  facet normal 0.98917651 -0.14673047 0
    outer loop
      vertex 8.8211779 -7.6426355 3
      vertex 8.8427771 -7.4970257 3
      vertex 8.8427771 -7.4970257 42
    endloop
  endfacet
  facet normal 0.98917651 -0.14673047 0
    outer loop
      vertex 8.8211779 -7.6426355 3
      vertex 8.8427771 -7.4970257 42
      vertex 8.8211779 -7.6426355 42
    endloop
  endfacet
  facet normal 0.99999988 -0.00048648863 0
    outer loop
      vertex 8.8427771 -7.4970257 3
      vertex 8.85 7.35 3
      vertex 8.85 7.35 42
    endloop
  endfacet
  facet normal 0.99999988 -0.00048648863 0
    outer loop
      vertex 8.8427771 -7.4970257 3
      vertex 8.85 7.35 42
      vertex 8.8427771 -7.4970257 42
    endloop
  endfacet
  facet normal 0.99879546 0.049067674 0
    outer loop
      vertex 8.85 7.35 3
      vertex 8.8427771 7.4970257 3
      vertex 8.8427771 7.4970257 42
    endloop
  endfacet
  facet normal 0.99879546 0.049067674 -0
    outer loop
      vertex 8.85 7.35 3
      vertex 8.8427771 7.4970257 42
      vertex 8.85 7.35 42
    endloop
  endfacet
  facet normal 0.98917651 0.14673047 0
    outer loop
      vertex 8.8427771 7.4970257 3
      vertex 8.8211779 7.6426355 3
      vertex 8.8211779 7.6426355 42
    endloop
  endfacet
  facet normal 0.98917651 0.14673047 -0
    outer loop
      vertex 8.8427771 7.4970257 3
      vertex 8.8211779 7.6426355 42
      vertex 8.8427771 7.4970257 42
    endloop
  endfacet
  facet normal 0.97003125 0.24298018 0
    outer loop
      vertex 8.8211779 7.6426355 3
      vertex 8.7854105 7.785427 3
      vertex 8.7854105 7.785427 42
    endloop
  endfacet
  facet normal 0.97003125 0.24298018 -0
    outer loop
      vertex 8.8211779 7.6426355 3
      vertex 8.7854105 7.785427 42
      vertex 8.8211779 7.6426355 42
    endloop
  endfacet
  facet normal 0.94154407 0.33688985 0
    outer loop
      vertex 8.7854105 7.785427 3
      vertex 8.7358193 7.9240251 3
      vertex 8.7358193 7.9240251 42
    endloop
  endfacet
  facet normal 0.94154407 0.33688985 -0
    outer loop
      vertex 8.7854105 7.785427 3
      vertex 8.7358193 7.9240251 42
      vertex 8.7854105 7.785427 42
    endloop
  endfacet
  facet normal 0.90398929 0.42755509 0
    outer loop
      vertex 8.7358193 7.9240251 3
      vertex 8.6728819 8.0570951 3
      vertex 8.6728819 8.0570951 42
    endloop
  endfacet
  facet normal 0.90398929 0.42755509 -0
    outer loop
      vertex 8.7358193 7.9240251 3
      vertex 8.6728819 8.0570951 42
      vertex 8.7358193 7.9240251 42
    endloop
  endfacet
  facet normal 0.85772861 0.51410274 0
    outer loop
      vertex 8.6728819 8.0570951 3
      vertex 8.5972044 8.1833553 3
      vertex 8.5972044 8.1833553 42
    endloop
  endfacet
  facet normal 0.85772861 0.51410274 -0
    outer loop
      vertex 8.6728819 8.0570951 3
      vertex 8.5972044 8.1833553 42
      vertex 8.6728819 8.0570951 42
    endloop
  endfacet
  facet normal 0.80320753 0.5956993 0
    outer loop
      vertex 8.5972044 8.1833553 3
      vertex 8.5095157 8.3015899 3
      vertex 8.5095157 8.3015899 42
    endloop
  endfacet
  facet normal 0.80320753 0.5956993 -0
    outer loop
      vertex 8.5972044 8.1833553 3
      vertex 8.5095157 8.3015899 42
      vertex 8.5972044 8.1833553 42
    endloop
  endfacet
  facet normal 0.74095113 0.67155895 0
    outer loop
      vertex 8.5095157 8.3015899 3
      vertex 8.4106602 8.4106602 3
      vertex 8.4106602 8.4106602 42
    endloop
  endfacet
  facet normal 0.74095113 0.67155895 -0
    outer loop
      vertex 8.5095157 8.3015899 3
      vertex 8.4106602 8.4106602 42
      vertex 8.5095157 8.3015899 42
    endloop
  endfacet
  facet normal 0.67155895 0.74095113 0
    outer loop
      vertex 8.4106602 8.4106602 3
      vertex 8.3015899 8.5095157 3
      vertex 8.3015899 8.5095157 42
    endloop
  endfacet
  facet normal 0.67155895 0.74095113 -0
    outer loop
      vertex 8.4106602 8.4106602 3
      vertex 8.3015899 8.5095157 42
      vertex 8.4106602 8.4106602 42
    endloop
  endfacet
  facet normal 0.5956993 0.80320753 0
    outer loop
      vertex 8.3015899 8.5095157 3
      vertex 8.1833553 8.5972044 3
      vertex 8.1833553 8.5972044 42
    endloop
  endfacet
  facet normal 0.5956993 0.80320753 -0
    outer loop
      vertex 8.3015899 8.5095157 3
      vertex 8.1833553 8.5972044 42
      vertex 8.3015899 8.5095157 42
    endloop
  endfacet
  facet normal 0.51410274 0.85772861 0
    outer loop
      vertex 8.1833553 8.5972044 3
      vertex 8.0570951 8.6728819 3
      vertex 8.0570951 8.6728819 42
    endloop
  endfacet
  facet normal 0.51410274 0.85772861 -0
    outer loop
      vertex 8.1833553 8.5972044 3
      vertex 8.0570951 8.6728819 42
      vertex 8.1833553 8.5972044 42
    endloop
  endfacet
  facet normal 0.42755509 0.90398929 0
    outer loop
      vertex 8.0570951 8.6728819 3
      vertex 7.9240251 8.7358193 3
      vertex 7.9240251 8.7358193 42
    endloop
  endfacet
  facet normal 0.42755509 0.90398929 -0
    outer loop
      vertex 8.0570951 8.6728819 3
      vertex 7.9240251 8.7358193 42
      vertex 8.0570951 8.6728819 42
    endloop
  endfacet
  facet normal 0.33688985 0.94154407 0
    outer loop
      vertex 7.9240251 8.7358193 3
      vertex 7.785427 8.7854105 3
      vertex 7.785427 8.7854105 42
    endloop
  endfacet
  facet normal 0.33688985 0.94154407 -0
    outer loop
      vertex 7.9240251 8.7358193 3
      vertex 7.785427 8.7854105 42
      vertex 7.9240251 8.7358193 42
    endloop
  endfacet
  facet normal 0.24298018 0.97003125 0
    outer loop
      vertex 7.785427 8.7854105 3
      vertex 7.6426355 8.8211779 3
      vertex 7.6426355 8.8211779 42
    endloop
  endfacet
  facet normal 0.24298018 0.97003125 -0
    outer loop
      vertex 7.785427 8.7854105 3
      vertex 7.6426355 8.8211779 42
      vertex 7.785427 8.7854105 42
    endloop
  endfacet
  facet normal 0.14673047 0.98917651 0
    outer loop
      vertex 7.6426355 8.8211779 3
      vertex 7.4970257 8.8427771 3
      vertex 7.4970257 8.8427771 42
    endloop
  endfacet
  facet normal 0.14673047 0.98917651 -0
    outer loop
      vertex 7.6426355 8.8211779 3
      vertex 7.4970257 8.8427771 42
      vertex 7.6426355 8.8211779 42
    endloop
  endfacet
  facet normal 0.00048648863 0.99999988 0
    outer loop
      vertex 7.4970257 8.8427771 3
      vertex -7.35 8.85 3
      vertex -7.35 8.85 42
    endloop
  endfacet
  facet normal 0.00048648863 0.99999988 -0
    outer loop
      vertex 7.4970257 8.8427771 3
      vertex -7.35 8.85 42
      vertex 7.4970257 8.8427771 42
    endloop
  endfacet
  facet normal -0.049067674 0.99879546 0
    outer loop
      vertex -7.35 8.85 3
      vertex -7.4970257 8.8427771 3
      vertex -7.4970257 8.8427771 42
    endloop
  endfacet
  facet normal -0.049067674 0.99879546 0
    outer loop
      vertex -7.35 8.85 3
      vertex -7.4970257 8.8427771 42
      vertex -7.35 8.85 42
    endloop
  endfacet
  facet normal -0.14673047 0.98917651 0
    outer loop
      vertex -7.4970257 8.8427771 3
      vertex -7.6426355 8.8211779 3
      vertex -7.6426355 8.8211779 42
    endloop
  endfacet
  facet normal -0.14673047 0.98917651 0
    outer loop
      vertex -7.4970257 8.8427771 3
      vertex -7.6426355 8.8211779 42
      vertex -7.4970257 8.8427771 42
    endloop
  endfacet
  facet normal -0.24298018 0.97003125 0
    outer loop
      vertex -7.6426355 8.8211779 3
      vertex -7.785427 8.7854105 3
      vertex -7.785427 8.7854105 42
    endloop
  endfacet
  facet normal -0.24298018 0.97003125 0
    outer loop
      vertex -7.6426355 8.8211779 3
      vertex -7.785427 8.7854105 42
      vertex -7.6426355 8.8211779 42
    endloop
  endfacet
  facet normal -0.33688985 0.94154407 0
    outer loop
      vertex -7.785427 8.7854105 3
      vertex -7.9240251 8.7358193 3
      vertex -7.9240251 8.7358193 42
    endloop
  endfacet
  facet normal -0.33688985 0.94154407 0
    outer loop
      vertex -7.785427 8.7854105 3
      vertex -7.9240251 8.7358193 42
      vertex -7.785427 8.7854105 42
    endloop
  endfacet
  facet normal -0.42755509 0.90398929 0
    outer loop
      vertex -7.9240251 8.7358193 3
      vertex -8.0570951 8.6728819 3
      vertex -8.0570951 8.6728819 42
    endloop
  endfacet
  facet normal -0.42755509 0.90398929 0
    outer loop
      vertex -7.9240251 8.7358193 3
      vertex -8.0570951 8.6728819 42
      vertex -7.9240251 8.7358193 42
    endloop
  endfacet
  facet normal -0.51410274 0.85772861 0
    outer loop
      vertex -8.0570951 8.6728819 3
      vertex -8.1833553 8.5972044 3
      vertex -8.1833553 8.5972044 42
    endloop
  endfacet
  facet normal -0.51410274 0.85772861 0
    outer loop
      vertex -8.0570951 8.6728819 3
      vertex -8.1833553 8.5972044 42
      vertex -8.0570951 8.6728819 42
    endloop
  endfacet
  facet normal -0.5956993 0.80320753 0
    outer loop
      vertex -8.1833553 8.5972044 3
      vertex -8.3015899 8.5095157 3
      vertex -8.3015899 8.5095157 42
    endloop
  endfacet
  facet normal -0.5956993 0.80320753 0
    outer loop
      vertex -8.1833553 8.5972044 3
      vertex -8.3015899 8.5095157 42
      vertex -8.1833553 8.5972044 42
    endloop
  endfacet
  facet normal -0.67155895 0.74095113 0
    outer loop
      vertex -8.3015899 8.5095157 3
      vertex -8.4106602 8.4106602 3
      vertex -8.4106602 8.4106602 42
    endloop
  endfacet
  facet normal -0.67155895 0.74095113 0
    outer loop
      vertex -8.3015899 8.5095157 3
      vertex -8.4106602 8.4106602 42
      vertex -8.3015899 8.5095157 42
    endloop
  endfacet
  facet normal -0.74095113 0.67155895 0
    outer loop
      vertex -8.4106602 8.4106602 3
      vertex -8.5095157 8.3015899 3
      vertex -8.5095157 8.3015899 42
    endloop
  endfacet
  facet normal -0.74095113 0.67155895 0
    outer loop
      vertex -8.4106602 8.4106602 3
      vertex -8.5095157 8.3015899 42
      vertex -8.4106602 8.4106602 42
    endloop
  endfacet
  facet normal -0.80320753 0.5956993 0
    outer loop
      vertex -8.5095157 8.3015899 3
      vertex -8.5972044 8.1833553 3
      vertex -8.5972044 8.1833553 42
    endloop
  endfacet
  facet normal -0.80320753 0.5956993 0
    outer loop
      vertex -8.5095157 8.3015899 3
      vertex -8.5972044 8.1833553 42
      vertex -8.5095157 8.3015899 42
    endloop
  endfacet
  facet normal -0.85772861 0.51410274 0
    outer loop
      vertex -8.5972044 8.1833553 3
      vertex -8.6728819 8.0570951 3
      vertex -8.6728819 8.0570951 42
    endloop
  endfacet
  facet normal -0.85772861 0.51410274 0
    outer loop
      vertex -8.5972044 8.1833553 3
      vertex -8.6728819 8.0570951 42
      vertex -8.5972044 8.1833553 42
    endloop
  endfacet
  facet normal -0.90398929 0.42755509 0
    outer loop
      vertex -8.6728819 8.0570951 3
      vertex -8.7358193 7.9240251 3
      vertex -8.7358193 7.9240251 42
    endloop
  endfacet
  facet normal -0.90398929 0.42755509 0
    outer loop
      vertex -8.6728819 8.0570951 3
      vertex -8.7358193 7.9240251 42
      vertex -8.6728819 8.0570951 42
    endloop
  endfacet
  facet normal -0.94154407 0.33688985 0
    outer loop
      vertex -8.7358193 7.9240251 3
      vertex -8.7854105 7.785427 3
      vertex -8.7854105 7.785427 42
    endloop
  endfacet
  facet normal -0.94154407 0.33688985 0
    outer loop
      vertex -8.7358193 7.9240251 3
      vertex -8.7854105 7.785427 42
      vertex -8.7358193 7.9240251 42
    endloop
  endfacet
  facet normal -0.97003125 0.24298018 0
    outer loop
      vertex -8.7854105 7.785427 3
      vertex -8.8211779 7.6426355 3
      vertex -8.8211779 7.6426355 42
    endloop
  endfacet
  facet normal -0.97003125 0.24298018 0
    outer loop
      vertex -8.7854105 7.785427 3
      vertex -8.8211779 7.6426355 42
      vertex -8.7854105 7.785427 42
    endloop
  endfacet
  facet normal -0.98917651 0.14673047 0
    outer loop
      vertex -8.8211779 7.6426355 3
      vertex -8.8427771 7.4970257 3
      vertex -8.8427771 7.4970257 42
    endloop
  endfacet
  facet normal -0.98917651 0.14673047 0
    outer loop
      vertex -8.8211779 7.6426355 3
      vertex -8.8427771 7.4970257 42
      vertex -8.8211779 7.6426355 42
    endloop
  endfacet
  facet normal -0.99999988 0.00048648863 0
    outer loop
      vertex -8.8427771 7.4970257 3
      vertex -8.85 -7.35 3
      vertex -8.85 -7.35 42
    endloop
  endfacet
  facet normal -0.99999988 0.00048648863 0
    outer loop
      vertex -8.8427771 7.4970257 3
      vertex -8.85 -7.35 42
      vertex -8.8427771 7.4970257 42
    endloop
  endfacet
  facet normal -0.99879546 -0.049067674 0
    outer loop
      vertex -8.85 -7.35 3
      vertex -8.8427771 -7.4970257 3
      vertex -8.8427771 -7.4970257 42
    endloop
  endfacet
  facet normal -0.99879546 -0.049067674 0
    outer loop
      vertex -8.85 -7.35 3
      vertex -8.8427771 -7.4970257 42
      vertex -8.85 -7.35 42
    endloop
  endfacet
  facet normal -0.98917651 -0.14673047 0
    outer loop
      vertex -8.8427771 -7.4970257 3
      vertex -8.8211779 -7.6426355 3
      vertex -8.8211779 -7.6426355 42
    endloop
  endfacet
  facet normal -0.98917651 -0.14673047 0
    outer loop
      vertex -8.8427771 -7.4970257 3
      vertex -8.8211779 -7.6426355 42
      vertex -8.8427771 -7.4970257 42
    endloop
  endfacet
  facet normal -0.97003125 -0.24298018 0
    outer loop
      vertex -8.8211779 -7.6426355 3
      vertex -8.7854105 -7.785427 3
      vertex -8.7854105 -7.785427 42
    endloop
  endfacet
  facet normal -0.97003125 -0.24298018 0
    outer loop
      vertex -8.8211779 -7.6426355 3
      vertex -8.7854105 -7.785427 42
      vertex -8.8211779 -7.6426355 42
    endloop
  endfacet
  facet normal -0.94154407 -0.33688985 0
    outer loop
      vertex -8.7854105 -7.785427 3
      vertex -8.7358193 -7.9240251 3
      vertex -8.7358193 -7.9240251 42
    endloop
  endfacet
  facet normal -0.94154407 -0.33688985 0
    outer loop
      vertex -8.7854105 -7.785427 3
      vertex -8.7358193 -7.9240251 42
      vertex -8.7854105 -7.785427 42
    endloop
  endfacet
  facet normal -0.90398929 -0.42755509 0
    outer loop
      vertex -8.7358193 -7.9240251 3
      vertex -8.6728819 -8.0570951 3
      vertex -8.6728819 -8.0570951 42
    endloop
  endfacet
  facet normal -0.90398929 -0.42755509 0
    outer loop
      vertex -8.7358193 -7.9240251 3
      vertex -8.6728819 -8.0570951 42
      vertex -8.7358193 -7.9240251 42
    endloop
  endfacet
  facet normal -0.85772861 -0.51410274 0
    outer loop
      vertex -8.6728819 -8.0570951 3
      vertex -8.5972044 -8.1833553 3
      vertex -8.5972044 -8.1833553 42
    endloop
  endfacet
  facet normal -0.85772861 -0.51410274 0
    outer loop
      vertex -8.6728819 -8.0570951 3
      vertex -8.5972044 -8.1833553 42
      vertex -8.6728819 -8.0570951 42
    endloop
  endfacet
  facet normal -0.80320753 -0.5956993 0
    outer loop
      vertex -8.5972044 -8.1833553 3
      vertex -8.5095157 -8.3015899 3
      vertex -8.5095157 -8.3015899 42
    endloop
  endfacet
  facet normal -0.80320753 -0.5956993 0
    outer loop
      vertex -8.5972044 -8.1833553 3
      vertex -8.5095157 -8.3015899 42
      vertex -8.5972044 -8.1833553 42
    endloop
  endfacet
  facet normal -0.74095113 -0.67155895 0
    outer loop
      vertex -8.5095157 -8.3015899 3
      vertex -8.4106602 -8.4106602 3
      vertex -8.4106602 -8.4106602 42
    endloop
  endfacet
  facet normal -0.74095113 -0.67155895 0
    outer loop
      vertex -8.5095157 -8.3015899 3
      vertex -8.4106602 -8.4106602 42
      vertex -8.5095157 -8.3015899 42
    endloop
  endfacet
  facet normal -0.67155895 -0.74095113 0
    outer loop
      vertex -8.4106602 -8.4106602 3
      vertex -8.3015899 -8.5095157 3
      vertex -8.3015899 -8.5095157 42
    endloop
  endfacet
  facet normal -0.67155895 -0.74095113 0
    outer loop
      vertex -8.4106602 -8.4106602 3
      vertex -8.3015899 -8.5095157 42
      vertex -8.4106602 -8.4106602 42
    endloop
  endfacet
  facet normal -0.5956993 -0.80320753 0
    outer loop
      vertex -8.3015899 -8.5095157 3
      vertex -8.1833553 -8.5972044 3
      vertex -8.1833553 -8.5972044 42
    endloop
  endfacet
  facet normal -0.5956993 -0.80320753 0
    outer loop
      vertex -8.3015899 -8.5095157 3
      vertex -8.1833553 -8.5972044 42
      vertex -8.3015899 -8.5095157 42
    endloop
  endfacet
  facet normal -0.51410274 -0.85772861 0
    outer loop
      vertex -8.1833553 -8.5972044 3
      vertex -8.0570951 -8.6728819 3
      vertex -8.0570951 -8.6728819 42
    endloop
  endfacet
  facet normal -0.51410274 -0.85772861 0
    outer loop
      vertex -8.1833553 -8.5972044 3
      vertex -8.0570951 -8.6728819 42
      vertex -8.1833553 -8.5972044 42
    endloop
  endfacet
  facet normal -0.42755509 -0.90398929 0
    outer loop
      vertex -8.0570951 -8.6728819 3
      vertex -7.9240251 -8.7358193 3
      vertex -7.9240251 -8.7358193 42
    endloop
  endfacet
  facet normal -0.42755509 -0.90398929 0
    outer loop
      vertex -8.0570951 -8.6728819 3
      vertex -7.9240251 -8.7358193 42
      vertex -8.0570951 -8.6728819 42
    endloop
  endfacet
  facet normal -0.33688985 -0.94154407 0
    outer loop
      vertex -7.9240251 -8.7358193 3
      vertex -7.785427 -8.7854105 3
      vertex -7.785427 -8.7854105 42
    endloop
  endfacet
  facet normal -0.33688985 -0.94154407 0
    outer loop
      vertex -7.9240251 -8.7358193 3
      vertex -7.785427 -8.7854105 42
      vertex -7.9240251 -8.7358193 42
    endloop
  endfacet
  facet normal -0.24298018 -0.97003125 0
    outer loop
      vertex -7.785427 -8.7854105 3
      vertex -7.6426355 -8.8211779 3
      vertex -7.6426355 -8.8211779 42
    endloop
  endfacet
  facet normal -0.24298018 -0.97003125 0
    outer loop
      vertex -7.785427 -8.7854105 3
      vertex -7.6426355 -8.8211779 42
      vertex -7.785427 -8.7854105 42
    endloop
  endfacet
  facet normal -0.14673047 -0.98917651 0
    outer loop
      vertex -7.6426355 -8.8211779 3
      vertex -7.4970257 -8.8427771 3
      vertex -7.4970257 -8.8427771 42
    endloop
  endfacet
  facet normal -0.14673047 -0.98917651 0
    outer loop
      vertex -7.6426355 -8.8211779 3
      vertex -7.4970257 -8.8427771 42
      vertex -7.6426355 -8.8211779 42
    endloop
  endfacet
  facet normal -0.00048648863 -0.99999988 0
    outer loop
      vertex -7.4970257 -8.8427771 3
      vertex 7.35 -8.85 3
      vertex 7.35 -8.85 42
    endloop
  endfacet
  facet normal -0.00048648863 -0.99999988 0
    outer loop
      vertex -7.4970257 -8.8427771 3
      vertex 7.35 -8.85 42
      vertex -7.4970257 -8.8427771 42
    endloop
  endfacet
  facet normal -0.67960136 0.73358162 0
    outer loop
      vertex 2.0569204 -2.4513422 3
      vertex 2.2872893 -2.2379249 10.5
      vertex 2.2872893 -2.2379249 3
    endloop
  endfacet
  facet normal -0.67960136 0.73358162 0
    outer loop
      vertex 2.0569204 -2.4513422 3
      vertex 2.0569204 -2.4513422 10.5
      vertex 2.2872893 -2.2379249 10.5
    endloop
  endfacet
  facet normal -0.74823247 0.66343664 0
    outer loop
      vertex 2.2872893 -2.2379249 3
      vertex 2.4956303 -2.0029551 10.5
      vertex 2.4956303 -2.0029551 3
    endloop
  endfacet
  facet normal -0.74823247 0.66343664 0
    outer loop
      vertex 2.2872893 -2.2379249 3
      vertex 2.2872893 -2.2379249 10.5
      vertex 2.4956303 -2.0029551 10.5
    endloop
  endfacet
  facet normal -0.80965769 0.5869024 0
    outer loop
      vertex 2.4956303 -2.0029551 3
      vertex 2.6799371 -1.7486958 10.5
      vertex 2.6799371 -1.7486958 3
    endloop
  endfacet
  facet normal -0.80965769 0.5869024 0
    outer loop
      vertex 2.4956303 -2.0029551 3
      vertex 2.4956303 -2.0029551 10.5
      vertex 2.6799371 -1.7486958 10.5
    endloop
  endfacet
  facet normal -0.86328546 0.50471598 0
    outer loop
      vertex 2.6799371 -1.7486958 3
      vertex 2.8384347 -1.4775956 10.5
      vertex 2.8384347 -1.4775956 3
    endloop
  endfacet
  facet normal -0.86328546 0.50471598 0
    outer loop
      vertex 2.6799371 -1.7486958 3
      vertex 2.6799371 -1.7486958 10.5
      vertex 2.8384347 -1.4775956 10.5
    endloop
  endfacet
  facet normal -0.90859932 0.41766886 0
    outer loop
      vertex 2.8384347 -1.4775956 3
      vertex 2.9695965 -1.1922653 10.5
      vertex 2.9695965 -1.1922653 3
    endloop
  endfacet
  facet normal -0.90859932 0.41766886 0
    outer loop
      vertex 2.8384347 -1.4775956 3
      vertex 2.8384347 -1.4775956 10.5
      vertex 2.9695965 -1.1922653 10.5
    endloop
  endfacet
  facet normal -0.94516287 0.32659936 0
    outer loop
      vertex 2.9695965 -1.1922653 3
      vertex 3.0721595 -0.89545284 10.5
      vertex 3.0721595 -0.89545284 3
    endloop
  endfacet
  facet normal -0.94516287 0.32659936 0
    outer loop
      vertex 2.9695965 -1.1922653 3
      vertex 2.9695965 -1.1922653 10.5
      vertex 3.0721595 -0.89545284 10.5
    endloop
  endfacet
  facet normal -0.97262399 0.23238453 0
    outer loop
      vertex 3.0721595 -0.89545284 3
      vertex 3.145136 -0.5900167 10.5
      vertex 3.145136 -0.5900167 3
    endloop
  endfacet
  facet normal -0.97262399 0.23238453 0
    outer loop
      vertex 3.0721595 -0.89545284 3
      vertex 3.0721595 -0.89545284 10.5
      vertex 3.145136 -0.5900167 10.5
    endloop
  endfacet
  facet normal -0.99071821 0.13593172 0
    outer loop
      vertex 3.145136 -0.5900167 3
      vertex 3.187823 -0.27889838 10.5
      vertex 3.187823 -0.27889838 3
    endloop
  endfacet
  facet normal -0.99071821 0.13593172 0
    outer loop
      vertex 3.145136 -0.5900167 3
      vertex 3.145136 -0.5900167 10.5
      vertex 3.187823 -0.27889838 10.5
    endloop
  endfacet
  facet normal -0.99927127 0.038169803 0
    outer loop
      vertex 3.187823 -0.27889838 3
      vertex 3.1998096 0.034905893 10.5
      vertex 3.1998096 0.034905893 3
    endloop
  endfacet
  facet normal -0.99927127 0.038169803 0
    outer loop
      vertex 3.187823 -0.27889838 3
      vertex 3.187823 -0.27889838 10.5
      vertex 3.1998096 0.034905893 10.5
    endloop
  endfacet
  facet normal -0.9982008 -0.059959707 0
    outer loop
      vertex 3.1998096 0.034905893 3
      vertex 3.1809803 0.348374 10.5
      vertex 3.1809803 0.348374 3
    endloop
  endfacet
  facet normal -0.9982008 -0.059959707 0
    outer loop
      vertex 3.1998096 0.034905893 3
      vertex 3.1998096 0.034905893 10.5
      vertex 3.1809803 0.348374 10.5
    endloop
  endfacet
  facet normal -0.98751711 -0.15751177 0
    outer loop
      vertex 3.1809803 0.348374 3
      vertex 3.1315164 0.65848707 10.5
      vertex 3.1315164 0.65848707 3
    endloop
  endfacet
  facet normal -0.98751711 -0.15751177 0
    outer loop
      vertex 3.1809803 0.348374 3
      vertex 3.1809803 0.348374 10.5
      vertex 3.1315164 0.65848707 10.5
    endloop
  endfacet
  facet normal -0.96732309 -0.25354691 0
    outer loop
      vertex 3.1315164 0.65848707 3
      vertex 3.0518942 0.96225856 10.5
      vertex 3.0518942 0.96225856 3
    endloop
  endfacet
  facet normal -0.96732309 -0.25354691 0
    outer loop
      vertex 3.1315164 0.65848707 3
      vertex 3.1315164 0.65848707 10.5
      vertex 3.0518942 0.96225856 10.5
    endloop
  endfacet
  facet normal -0.93781322 -0.34714026 0
    outer loop
      vertex 3.0518942 0.96225856 3
      vertex 2.9428807 1.256763 10.5
      vertex 2.9428807 1.256763 3
    endloop
  endfacet
  facet normal -0.93781322 -0.34714026 0
    outer loop
      vertex 3.0518942 0.96225856 3
      vertex 3.0518942 0.96225856 10.5
      vertex 2.9428807 1.256763 10.5
    endloop
  endfacet
  facet normal -0.8992717 -0.43739045 0
    outer loop
      vertex 2.9428807 1.256763 3
      vertex 2.8055256 1.5391641 10.5
      vertex 2.8055256 1.5391641 3
    endloop
  endfacet
  facet normal -0.8992717 -0.43739045 0
    outer loop
      vertex 2.9428807 1.256763 3
      vertex 2.9428807 1.256763 10.5
      vertex 2.8055256 1.5391641 10.5
    endloop
  endfacet
  facet normal -0.8520697 -0.52342834 0
    outer loop
      vertex 2.8055256 1.5391641 3
      vertex 2.6411518 1.8067422 10.5
      vertex 2.6411518 1.8067422 3
    endloop
  endfacet
  facet normal -0.8520697 -0.52342834 0
    outer loop
      vertex 2.8055256 1.5391641 3
      vertex 2.8055256 1.5391641 10.5
      vertex 2.6411518 1.8067422 10.5
    endloop
  endfacet
  facet normal -0.7966618 -0.60442532 0
    outer loop
      vertex 2.6411518 1.8067422 3
      vertex 2.4513422 2.0569204 10.5
      vertex 2.4513422 2.0569204 3
    endloop
  endfacet
  facet normal -0.7966618 -0.60442532 0
    outer loop
      vertex 2.6411518 1.8067422 3
      vertex 2.6411518 1.8067422 10.5
      vertex 2.4513422 2.0569204 10.5
    endloop
  endfacet
  facet normal -0.73358162 -0.67960136 0
    outer loop
      vertex 2.4513422 2.0569204 3
      vertex 2.2379249 2.2872893 10.5
      vertex 2.2379249 2.2872893 3
    endloop
  endfacet
  facet normal -0.73358162 -0.67960136 0
    outer loop
      vertex 2.4513422 2.0569204 3
      vertex 2.4513422 2.0569204 10.5
      vertex 2.2379249 2.2872893 10.5
    endloop
  endfacet
  facet normal -0.66343664 -0.74823247 0
    outer loop
      vertex 2.2379249 2.2872893 3
      vertex 2.0029551 2.4956303 10.5
      vertex 2.0029551 2.4956303 3
    endloop
  endfacet
  facet normal -0.66343664 -0.74823247 0
    outer loop
      vertex 2.2379249 2.2872893 3
      vertex 2.2379249 2.2872893 10.5
      vertex 2.0029551 2.4956303 10.5
    endloop
  endfacet
  facet normal -0.5869024 -0.80965769 0
    outer loop
      vertex 2.0029551 2.4956303 3
      vertex 1.7486958 2.6799371 10.5
      vertex 1.7486958 2.6799371 3
    endloop
  endfacet
  facet normal -0.5869024 -0.80965769 0
    outer loop
      vertex 2.0029551 2.4956303 3
      vertex 2.0029551 2.4956303 10.5
      vertex 1.7486958 2.6799371 10.5
    endloop
  endfacet
  facet normal -0.50471598 -0.86328546 0
    outer loop
      vertex 1.7486958 2.6799371 3
      vertex 1.4775956 2.8384347 10.5
      vertex 1.4775956 2.8384347 3
    endloop
  endfacet
  facet normal -0.50471598 -0.86328546 0
    outer loop
      vertex 1.7486958 2.6799371 3
      vertex 1.7486958 2.6799371 10.5
      vertex 1.4775956 2.8384347 10.5
    endloop
  endfacet
  facet normal -0.41766886 -0.90859932 0
    outer loop
      vertex 1.4775956 2.8384347 3
      vertex 1.1922653 2.9695965 10.5
      vertex 1.1922653 2.9695965 3
    endloop
  endfacet
  facet normal -0.41766886 -0.90859932 0
    outer loop
      vertex 1.4775956 2.8384347 3
      vertex 1.4775956 2.8384347 10.5
      vertex 1.1922653 2.9695965 10.5
    endloop
  endfacet
  facet normal -0.32659936 -0.94516287 0
    outer loop
      vertex 1.1922653 2.9695965 3
      vertex 0.89545284 3.0721595 10.5
      vertex 0.89545284 3.0721595 3
    endloop
  endfacet
  facet normal -0.32659936 -0.94516287 0
    outer loop
      vertex 1.1922653 2.9695965 3
      vertex 1.1922653 2.9695965 10.5
      vertex 0.89545284 3.0721595 10.5
    endloop
  endfacet
  facet normal -0.23238453 -0.97262399 0
    outer loop
      vertex 0.89545284 3.0721595 3
      vertex 0.5900167 3.145136 10.5
      vertex 0.5900167 3.145136 3
    endloop
  endfacet
  facet normal -0.23238453 -0.97262399 0
    outer loop
      vertex 0.89545284 3.0721595 3
      vertex 0.89545284 3.0721595 10.5
      vertex 0.5900167 3.145136 10.5
    endloop
  endfacet
  facet normal -0.13593172 -0.99071821 0
    outer loop
      vertex 0.5900167 3.145136 3
      vertex 0.27889838 3.187823 10.5
      vertex 0.27889838 3.187823 3
    endloop
  endfacet
  facet normal -0.13593172 -0.99071821 0
    outer loop
      vertex 0.5900167 3.145136 3
      vertex 0.5900167 3.145136 10.5
      vertex 0.27889838 3.187823 10.5
    endloop
  endfacet
  facet normal -0.038169803 -0.99927127 0
    outer loop
      vertex 0.27889838 3.187823 3
      vertex -0.034905893 3.1998096 10.5
      vertex -0.034905893 3.1998096 3
    endloop
  endfacet
  facet normal -0.038169803 -0.99927127 0
    outer loop
      vertex 0.27889838 3.187823 3
      vertex 0.27889838 3.187823 10.5
      vertex -0.034905893 3.1998096 10.5
    endloop
  endfacet
  facet normal 0.059959707 -0.9982008 0
    outer loop
      vertex -0.034905893 3.1998096 3
      vertex -0.348374 3.1809803 10.5
      vertex -0.348374 3.1809803 3
    endloop
  endfacet
  facet normal 0.059959707 -0.9982008 0
    outer loop
      vertex -0.034905893 3.1998096 3
      vertex -0.034905893 3.1998096 10.5
      vertex -0.348374 3.1809803 10.5
    endloop
  endfacet
  facet normal 0.15751177 -0.98751711 0
    outer loop
      vertex -0.348374 3.1809803 3
      vertex -0.65848707 3.1315164 10.5
      vertex -0.65848707 3.1315164 3
    endloop
  endfacet
  facet normal 0.15751177 -0.98751711 0
    outer loop
      vertex -0.348374 3.1809803 3
      vertex -0.348374 3.1809803 10.5
      vertex -0.65848707 3.1315164 10.5
    endloop
  endfacet
  facet normal 0.25354691 -0.96732309 0
    outer loop
      vertex -0.65848707 3.1315164 3
      vertex -0.96225856 3.0518942 10.5
      vertex -0.96225856 3.0518942 3
    endloop
  endfacet
  facet normal 0.25354691 -0.96732309 0
    outer loop
      vertex -0.65848707 3.1315164 3
      vertex -0.65848707 3.1315164 10.5
      vertex -0.96225856 3.0518942 10.5
    endloop
  endfacet
  facet normal 0.34714026 -0.93781322 0
    outer loop
      vertex -0.96225856 3.0518942 3
      vertex -1.256763 2.9428807 10.5
      vertex -1.256763 2.9428807 3
    endloop
  endfacet
  facet normal 0.34714026 -0.93781322 0
    outer loop
      vertex -0.96225856 3.0518942 3
      vertex -0.96225856 3.0518942 10.5
      vertex -1.256763 2.9428807 10.5
    endloop
  endfacet
  facet normal 0.43739045 -0.8992717 0
    outer loop
      vertex -1.256763 2.9428807 3
      vertex -1.5391641 2.8055256 10.5
      vertex -1.5391641 2.8055256 3
    endloop
  endfacet
  facet normal 0.43739045 -0.8992717 0
    outer loop
      vertex -1.256763 2.9428807 3
      vertex -1.256763 2.9428807 10.5
      vertex -1.5391641 2.8055256 10.5
    endloop
  endfacet
  facet normal 0.52342834 -0.8520697 0
    outer loop
      vertex -1.5391641 2.8055256 3
      vertex -1.8067422 2.6411518 10.5
      vertex -1.8067422 2.6411518 3
    endloop
  endfacet
  facet normal 0.52342834 -0.8520697 0
    outer loop
      vertex -1.5391641 2.8055256 3
      vertex -1.5391641 2.8055256 10.5
      vertex -1.8067422 2.6411518 10.5
    endloop
  endfacet
  facet normal 0.60442532 -0.7966618 0
    outer loop
      vertex -1.8067422 2.6411518 3
      vertex -2.0569204 2.4513422 10.5
      vertex -2.0569204 2.4513422 3
    endloop
  endfacet
  facet normal 0.60442532 -0.7966618 0
    outer loop
      vertex -1.8067422 2.6411518 3
      vertex -1.8067422 2.6411518 10.5
      vertex -2.0569204 2.4513422 10.5
    endloop
  endfacet
  facet normal 0.67960136 -0.73358162 0
    outer loop
      vertex -2.0569204 2.4513422 3
      vertex -2.2872893 2.2379249 10.5
      vertex -2.2872893 2.2379249 3
    endloop
  endfacet
  facet normal 0.67960136 -0.73358162 0
    outer loop
      vertex -2.0569204 2.4513422 3
      vertex -2.0569204 2.4513422 10.5
      vertex -2.2872893 2.2379249 10.5
    endloop
  endfacet
  facet normal 0.74823247 -0.66343664 0
    outer loop
      vertex -2.2872893 2.2379249 3
      vertex -2.4956303 2.0029551 10.5
      vertex -2.4956303 2.0029551 3
    endloop
  endfacet
  facet normal 0.74823247 -0.66343664 0
    outer loop
      vertex -2.2872893 2.2379249 3
      vertex -2.2872893 2.2379249 10.5
      vertex -2.4956303 2.0029551 10.5
    endloop
  endfacet
  facet normal 0.80965769 -0.5869024 0
    outer loop
      vertex -2.4956303 2.0029551 3
      vertex -2.6799371 1.7486958 10.5
      vertex -2.6799371 1.7486958 3
    endloop
  endfacet
  facet normal 0.80965769 -0.5869024 0
    outer loop
      vertex -2.4956303 2.0029551 3
      vertex -2.4956303 2.0029551 10.5
      vertex -2.6799371 1.7486958 10.5
    endloop
  endfacet
  facet normal 0.86328546 -0.50471598 0
    outer loop
      vertex -2.6799371 1.7486958 3
      vertex -2.8384347 1.4775956 10.5
      vertex -2.8384347 1.4775956 3
    endloop
  endfacet
  facet normal 0.86328546 -0.50471598 0
    outer loop
      vertex -2.6799371 1.7486958 3
      vertex -2.6799371 1.7486958 10.5
      vertex -2.8384347 1.4775956 10.5
    endloop
  endfacet
  facet normal 0.90859932 -0.41766886 0
    outer loop
      vertex -2.8384347 1.4775956 3
      vertex -2.9695965 1.1922653 10.5
      vertex -2.9695965 1.1922653 3
    endloop
  endfacet
  facet normal 0.90859932 -0.41766886 0
    outer loop
      vertex -2.8384347 1.4775956 3
      vertex -2.8384347 1.4775956 10.5
      vertex -2.9695965 1.1922653 10.5
    endloop
  endfacet
  facet normal 0.94516287 -0.32659936 0
    outer loop
      vertex -2.9695965 1.1922653 3
      vertex -3.0721595 0.89545284 10.5
      vertex -3.0721595 0.89545284 3
    endloop
  endfacet
  facet normal 0.94516287 -0.32659936 0
    outer loop
      vertex -2.9695965 1.1922653 3
      vertex -2.9695965 1.1922653 10.5
      vertex -3.0721595 0.89545284 10.5
    endloop
  endfacet
  facet normal 0.97262399 -0.23238453 0
    outer loop
      vertex -3.0721595 0.89545284 3
      vertex -3.145136 0.5900167 10.5
      vertex -3.145136 0.5900167 3
    endloop
  endfacet
  facet normal 0.97262399 -0.23238453 0
    outer loop
      vertex -3.0721595 0.89545284 3
      vertex -3.0721595 0.89545284 10.5
      vertex -3.145136 0.5900167 10.5
    endloop
  endfacet
  facet normal 0.99071821 -0.13593172 0
    outer loop
      vertex -3.145136 0.5900167 3
      vertex -3.187823 0.27889838 10.5
      vertex -3.187823 0.27889838 3
    endloop
  endfacet
  facet normal 0.99071821 -0.13593172 0
    outer loop
      vertex -3.145136 0.5900167 3
      vertex -3.145136 0.5900167 10.5
      vertex -3.187823 0.27889838 10.5
    endloop
  endfacet
  facet normal 0.99927127 -0.038169803 0
    outer loop
      vertex -3.187823 0.27889838 3
      vertex -3.1998096 -0.034905893 10.5
      vertex -3.1998096 -0.034905893 3
    endloop
  endfacet
  facet normal 0.99927127 -0.038169803 0
    outer loop
      vertex -3.187823 0.27889838 3
      vertex -3.187823 0.27889838 10.5
      vertex -3.1998096 -0.034905893 10.5
    endloop
  endfacet
  facet normal 0.9982008 0.059959707 0
    outer loop
      vertex -3.1998096 -0.034905893 3
      vertex -3.1809803 -0.348374 10.5
      vertex -3.1809803 -0.348374 3
    endloop
  endfacet
  facet normal 0.9982008 0.059959707 -0
    outer loop
      vertex -3.1998096 -0.034905893 3
      vertex -3.1998096 -0.034905893 10.5
      vertex -3.1809803 -0.348374 10.5
    endloop
  endfacet
  facet normal 0.98751711 0.15751177 0
    outer loop
      vertex -3.1809803 -0.348374 3
      vertex -3.1315164 -0.65848707 10.5
      vertex -3.1315164 -0.65848707 3
    endloop
  endfacet
  facet normal 0.98751711 0.15751177 -0
    outer loop
      vertex -3.1809803 -0.348374 3
      vertex -3.1809803 -0.348374 10.5
      vertex -3.1315164 -0.65848707 10.5
    endloop
  endfacet
  facet normal 0.96732309 0.25354691 0
    outer loop
      vertex -3.1315164 -0.65848707 3
      vertex -3.0518942 -0.96225856 10.5
      vertex -3.0518942 -0.96225856 3
    endloop
  endfacet
  facet normal 0.96732309 0.25354691 -0
    outer loop
      vertex -3.1315164 -0.65848707 3
      vertex -3.1315164 -0.65848707 10.5
      vertex -3.0518942 -0.96225856 10.5
    endloop
  endfacet
  facet normal 0.93781322 0.34714026 0
    outer loop
      vertex -3.0518942 -0.96225856 3
      vertex -2.9428807 -1.256763 10.5
      vertex -2.9428807 -1.256763 3
    endloop
  endfacet
  facet normal 0.93781322 0.34714026 -0
    outer loop
      vertex -3.0518942 -0.96225856 3
      vertex -3.0518942 -0.96225856 10.5
      vertex -2.9428807 -1.256763 10.5
    endloop
  endfacet
  facet normal 0.8992717 0.43739045 0
    outer loop
      vertex -2.9428807 -1.256763 3
      vertex -2.8055256 -1.5391641 10.5
      vertex -2.8055256 -1.5391641 3
    endloop
  endfacet
  facet normal 0.8992717 0.43739045 -0
    outer loop
      vertex -2.9428807 -1.256763 3
      vertex -2.9428807 -1.256763 10.5
      vertex -2.8055256 -1.5391641 10.5
    endloop
  endfacet
  facet normal 0.8520697 0.52342834 0
    outer loop
      vertex -2.8055256 -1.5391641 3
      vertex -2.6411518 -1.8067422 10.5
      vertex -2.6411518 -1.8067422 3
    endloop
  endfacet
  facet normal 0.8520697 0.52342834 -0
    outer loop
      vertex -2.8055256 -1.5391641 3
      vertex -2.8055256 -1.5391641 10.5
      vertex -2.6411518 -1.8067422 10.5
    endloop
  endfacet
  facet normal 0.7966618 0.60442532 0
    outer loop
      vertex -2.6411518 -1.8067422 3
      vertex -2.4513422 -2.0569204 10.5
      vertex -2.4513422 -2.0569204 3
    endloop
  endfacet
  facet normal 0.7966618 0.60442532 -0
    outer loop
      vertex -2.6411518 -1.8067422 3
      vertex -2.6411518 -1.8067422 10.5
      vertex -2.4513422 -2.0569204 10.5
    endloop
  endfacet
  facet normal 0.73358162 0.67960136 0
    outer loop
      vertex -2.4513422 -2.0569204 3
      vertex -2.2379249 -2.2872893 10.5
      vertex -2.2379249 -2.2872893 3
    endloop
  endfacet
  facet normal 0.73358162 0.67960136 -0
    outer loop
      vertex -2.4513422 -2.0569204 3
      vertex -2.4513422 -2.0569204 10.5
      vertex -2.2379249 -2.2872893 10.5
    endloop
  endfacet
  facet normal 0.66343664 0.74823247 0
    outer loop
      vertex -2.2379249 -2.2872893 3
      vertex -2.0029551 -2.4956303 10.5
      vertex -2.0029551 -2.4956303 3
    endloop
  endfacet
  facet normal 0.66343664 0.74823247 -0
    outer loop
      vertex -2.2379249 -2.2872893 3
      vertex -2.2379249 -2.2872893 10.5
      vertex -2.0029551 -2.4956303 10.5
    endloop
  endfacet
  facet normal 0.5869024 0.80965769 0
    outer loop
      vertex -2.0029551 -2.4956303 3
      vertex -1.7486958 -2.6799371 10.5
      vertex -1.7486958 -2.6799371 3
    endloop
  endfacet
  facet normal 0.5869024 0.80965769 -0
    outer loop
      vertex -2.0029551 -2.4956303 3
      vertex -2.0029551 -2.4956303 10.5
      vertex -1.7486958 -2.6799371 10.5
    endloop
  endfacet
  facet normal 0.50471598 0.86328546 0
    outer loop
      vertex -1.7486958 -2.6799371 3
      vertex -1.4775956 -2.8384347 10.5
      vertex -1.4775956 -2.8384347 3
    endloop
  endfacet
  facet normal 0.50471598 0.86328546 -0
    outer loop
      vertex -1.7486958 -2.6799371 3
      vertex -1.7486958 -2.6799371 10.5
      vertex -1.4775956 -2.8384347 10.5
    endloop
  endfacet
  facet normal 0.41766886 0.90859932 0
    outer loop
      vertex -1.4775956 -2.8384347 3
      vertex -1.1922653 -2.9695965 10.5
      vertex -1.1922653 -2.9695965 3
    endloop
  endfacet
  facet normal 0.41766886 0.90859932 -0
    outer loop
      vertex -1.4775956 -2.8384347 3
      vertex -1.4775956 -2.8384347 10.5
      vertex -1.1922653 -2.9695965 10.5
    endloop
  endfacet
  facet normal 0.32659936 0.94516287 0
    outer loop
      vertex -1.1922653 -2.9695965 3
      vertex -0.89545284 -3.0721595 10.5
      vertex -0.89545284 -3.0721595 3
    endloop
  endfacet
  facet normal 0.32659936 0.94516287 -0
    outer loop
      vertex -1.1922653 -2.9695965 3
      vertex -1.1922653 -2.9695965 10.5
      vertex -0.89545284 -3.0721595 10.5
    endloop
  endfacet
  facet normal 0.23238453 0.97262399 0
    outer loop
      vertex -0.89545284 -3.0721595 3
      vertex -0.5900167 -3.145136 10.5
      vertex -0.5900167 -3.145136 3
    endloop
  endfacet
  facet normal 0.23238453 0.97262399 -0
    outer loop
      vertex -0.89545284 -3.0721595 3
      vertex -0.89545284 -3.0721595 10.5
      vertex -0.5900167 -3.145136 10.5
    endloop
  endfacet
  facet normal 0.13593172 0.99071821 0
    outer loop
      vertex -0.5900167 -3.145136 3
      vertex -0.27889838 -3.187823 10.5
      vertex -0.27889838 -3.187823 3
    endloop
  endfacet
  facet normal 0.13593172 0.99071821 -0
    outer loop
      vertex -0.5900167 -3.145136 3
      vertex -0.5900167 -3.145136 10.5
      vertex -0.27889838 -3.187823 10.5
    endloop
  endfacet
  facet normal 0.038169803 0.99927127 0
    outer loop
      vertex -0.27889838 -3.187823 3
      vertex 0.034905893 -3.1998096 10.5
      vertex 0.034905893 -3.1998096 3
    endloop
  endfacet
  facet normal 0.038169803 0.99927127 -0
    outer loop
      vertex -0.27889838 -3.187823 3
      vertex -0.27889838 -3.187823 10.5
      vertex 0.034905893 -3.1998096 10.5
    endloop
  endfacet
  facet normal -0.059959707 0.9982008 0
    outer loop
      vertex 0.034905893 -3.1998096 3
      vertex 0.348374 -3.1809803 10.5
      vertex 0.348374 -3.1809803 3
    endloop
  endfacet
  facet normal -0.059959707 0.9982008 0
    outer loop
      vertex 0.034905893 -3.1998096 3
      vertex 0.034905893 -3.1998096 10.5
      vertex 0.348374 -3.1809803 10.5
    endloop
  endfacet
  facet normal -0.15751177 0.98751711 0
    outer loop
      vertex 0.348374 -3.1809803 3
      vertex 0.65848707 -3.1315164 10.5
      vertex 0.65848707 -3.1315164 3
    endloop
  endfacet
  facet normal -0.15751177 0.98751711 0
    outer loop
      vertex 0.348374 -3.1809803 3
      vertex 0.348374 -3.1809803 10.5
      vertex 0.65848707 -3.1315164 10.5
    endloop
  endfacet
  facet normal -0.25354691 0.96732309 0
    outer loop
      vertex 0.65848707 -3.1315164 3
      vertex 0.96225856 -3.0518942 10.5
      vertex 0.96225856 -3.0518942 3
    endloop
  endfacet
  facet normal -0.25354691 0.96732309 0
    outer loop
      vertex 0.65848707 -3.1315164 3
      vertex 0.65848707 -3.1315164 10.5
      vertex 0.96225856 -3.0518942 10.5
    endloop
  endfacet
  facet normal -0.34714026 0.93781322 0
    outer loop
      vertex 0.96225856 -3.0518942 3
      vertex 1.256763 -2.9428807 10.5
      vertex 1.256763 -2.9428807 3
    endloop
  endfacet
  facet normal -0.34714026 0.93781322 0
    outer loop
      vertex 0.96225856 -3.0518942 3
      vertex 0.96225856 -3.0518942 10.5
      vertex 1.256763 -2.9428807 10.5
    endloop
  endfacet
  facet normal -0.43739045 0.8992717 0
    outer loop
      vertex 1.256763 -2.9428807 3
      vertex 1.5391641 -2.8055256 10.5
      vertex 1.5391641 -2.8055256 3
    endloop
  endfacet
  facet normal -0.43739045 0.8992717 0
    outer loop
      vertex 1.256763 -2.9428807 3
      vertex 1.256763 -2.9428807 10.5
      vertex 1.5391641 -2.8055256 10.5
    endloop
  endfacet
  facet normal -0.52342834 0.8520697 0
    outer loop
      vertex 1.5391641 -2.8055256 3
      vertex 1.8067422 -2.6411518 10.5
      vertex 1.8067422 -2.6411518 3
    endloop
  endfacet
  facet normal -0.52342834 0.8520697 0
    outer loop
      vertex 1.5391641 -2.8055256 3
      vertex 1.5391641 -2.8055256 10.5
      vertex 1.8067422 -2.6411518 10.5
    endloop
  endfacet
  facet normal -0.60442532 0.7966618 0
    outer loop
      vertex 1.8067422 -2.6411518 3
      vertex 2.0569204 -2.4513422 10.5
      vertex 2.0569204 -2.4513422 3
    endloop
  endfacet
  facet normal -0.60442532 0.7966618 0
    outer loop
      vertex 1.8067422 -2.6411518 3
      vertex 1.8067422 -2.6411518 10.5
      vertex 2.0569204 -2.4513422 10.5
    endloop
  endfacet
  facet normal 0 0 -1
    outer loop
      vertex 0 0 10.5
      vertex 2.2872893 -2.2379249 10.5
      vertex 2.0569204 -2.4513422 10.5
    endloop
  endfacet
  facet normal 0 0 -1
    outer loop
      vertex 0 0 10.5
      vertex 2.4956303 -2.0029551 10.5
      vertex 2.2872893 -2.2379249 10.5
    endloop
  endfacet
  facet normal 0 0 -1
    outer loop
      vertex 0 0 10.5
      vertex 2.6799371 -1.7486958 10.5
      vertex 2.4956303 -2.0029551 10.5
    endloop
  endfacet
  facet normal 0 0 -1
    outer loop
      vertex 0 0 10.5
      vertex 2.8384347 -1.4775956 10.5
      vertex 2.6799371 -1.7486958 10.5
    endloop
  endfacet
  facet normal 0 0 -1
    outer loop
      vertex 0 0 10.5
      vertex 2.9695965 -1.1922653 10.5
      vertex 2.8384347 -1.4775956 10.5
    endloop
  endfacet
  facet normal 0 0 -1
    outer loop
      vertex 0 0 10.5
      vertex 3.0721595 -0.89545284 10.5
      vertex 2.9695965 -1.1922653 10.5
    endloop
  endfacet
  facet normal 0 0 -1
    outer loop
      vertex 0 0 10.5
      vertex 3.145136 -0.5900167 10.5
      vertex 3.0721595 -0.89545284 10.5
    endloop
  endfacet
  facet normal 0 0 -1
    outer loop
      vertex 0 0 10.5
      vertex 3.187823 -0.27889838 10.5
      vertex 3.145136 -0.5900167 10.5
    endloop
  endfacet
  facet normal 0 0 -1
    outer loop
      vertex 0 0 10.5
      vertex 3.1998096 0.034905893 10.5
      vertex 3.187823 -0.27889838 10.5
    endloop
  endfacet
  facet normal 0 0 -1
    outer loop
      vertex 0 0 10.5
      vertex 3.1809803 0.348374 10.5
      vertex 3.1998096 0.034905893 10.5
    endloop
  endfacet
  facet normal 0 0 -1
    outer loop
      vertex 0 0 10.5
      vertex 3.1315164 0.65848707 10.5
      vertex 3.1809803 0.348374 10.5
    endloop
  endfacet
  facet normal 0 0 -1
    outer loop
      vertex 0 0 10.5
      vertex 3.0518942 0.96225856 10.5
      vertex 3.1315164 0.65848707 10.5
    endloop
  endfacet
  facet normal 0 0 -1
    outer loop
      vertex 0 0 10.5
      vertex 2.9428807 1.256763 10.5
      vertex 3.0518942 0.96225856 10.5
    endloop
  endfacet
  facet normal 0 0 -1
    outer loop
      vertex 0 0 10.5
      vertex 2.8055256 1.5391641 10.5
      vertex 2.9428807 1.256763 10.5
    endloop
  endfacet
  facet normal 0 0 -1
    outer loop
      vertex 0 0 10.5
      vertex 2.6411518 1.8067422 10.5
      vertex 2.8055256 1.5391641 10.5
    endloop
  endfacet
  facet normal 0 0 -1
    outer loop
      vertex 0 0 10.5
      vertex 2.4513422 2.0569204 10.5
      vertex 2.6411518 1.8067422 10.5
    endloop
  endfacet
  facet normal 0 0 -1
    outer loop
      vertex 0 0 10.5
      vertex 2.2379249 2.2872893 10.5
      vertex 2.4513422 2.0569204 10.5
    endloop
  endfacet
  facet normal 0 0 -1
    outer loop
      vertex 0 0 10.5
      vertex 2.0029551 2.4956303 10.5
      vertex 2.2379249 2.2872893 10.5
    endloop
  endfacet
  facet normal 0 0 -1
    outer loop
      vertex 0 0 10.5
      vertex 1.7486958 2.6799371 10.5
      vertex 2.0029551 2.4956303 10.5
    endloop
  endfacet
  facet normal 0 0 -1
    outer loop
      vertex 0 0 10.5
      vertex 1.4775956 2.8384347 10.5
      vertex 1.7486958 2.6799371 10.5
    endloop
  endfacet
  facet normal 0 0 -1
    outer loop
      vertex 0 0 10.5
      vertex 1.1922653 2.9695965 10.5
      vertex 1.4775956 2.8384347 10.5
    endloop
  endfacet
  facet normal 0 0 -1
    outer loop
      vertex 0 0 10.5
      vertex 0.89545284 3.0721595 10.5
      vertex 1.1922653 2.9695965 10.5
    endloop
  endfacet
  facet normal 0 0 -1
    outer loop
      vertex 0 0 10.5
      vertex 0.5900167 3.145136 10.5
      vertex 0.89545284 3.0721595 10.5
    endloop
  endfacet
  facet normal 0 0 -1
    outer loop
      vertex 0 0 10.5
      vertex 0.27889838 3.187823 10.5
      vertex 0.5900167 3.145136 10.5
    endloop
  endfacet
  facet normal 0 0 -1
    outer loop
      vertex 0 0 10.5
      vertex -0.034905893 3.1998096 10.5
      vertex 0.27889838 3.187823 10.5
    endloop
  endfacet
  facet normal 0 0 -1
    outer loop
      vertex 0 0 10.5
      vertex -0.348374 3.1809803 10.5
      vertex -0.034905893 3.1998096 10.5
    endloop
  endfacet
  facet normal 0 0 -1
    outer loop
      vertex 0 0 10.5
      vertex -0.65848707 3.1315164 10.5
      vertex -0.348374 3.1809803 10.5
    endloop
  endfacet
  facet normal 0 0 -1
    outer loop
      vertex 0 0 10.5
      vertex -0.96225856 3.0518942 10.5
      vertex -0.65848707 3.1315164 10.5
    endloop
  endfacet
  facet normal 0 0 -1
    outer loop
      vertex 0 0 10.5
      vertex -1.256763 2.9428807 10.5
      vertex -0.96225856 3.0518942 10.5
    endloop
  endfacet
  facet normal 0 0 -1
    outer loop
      vertex 0 0 10.5
      vertex -1.5391641 2.8055256 10.5
      vertex -1.256763 2.9428807 10.5
    endloop
  endfacet
  facet normal 0 0 -1
    outer loop
      vertex 0 0 10.5
      vertex -1.8067422 2.6411518 10.5
      vertex -1.5391641 2.8055256 10.5
    endloop
  endfacet
  facet normal 0 0 -1
    outer loop
      vertex 0 0 10.5
      vertex -2.0569204 2.4513422 10.5
      vertex -1.8067422 2.6411518 10.5
    endloop
  endfacet
  facet normal 0 0 -1
    outer loop
      vertex 0 0 10.5
      vertex -2.2872893 2.2379249 10.5
      vertex -2.0569204 2.4513422 10.5
    endloop
  endfacet
  facet normal 0 0 -1
    outer loop
      vertex 0 0 10.5
      vertex -2.4956303 2.0029551 10.5
      vertex -2.2872893 2.2379249 10.5
    endloop
  endfacet
  facet normal 0 0 -1
    outer loop
      vertex 0 0 10.5
      vertex -2.6799371 1.7486958 10.5
      vertex -2.4956303 2.0029551 10.5
    endloop
  endfacet
  facet normal 0 0 -1
    outer loop
      vertex 0 0 10.5
      vertex -2.8384347 1.4775956 10.5
      vertex -2.6799371 1.7486958 10.5
    endloop
  endfacet
  facet normal 0 0 -1
    outer loop
      vertex 0 0 10.5
      vertex -2.9695965 1.1922653 10.5
      vertex -2.8384347 1.4775956 10.5
    endloop
  endfacet
  facet normal 0 0 -1
    outer loop
      vertex 0 0 10.5
      vertex -3.0721595 0.89545284 10.5
      vertex -2.9695965 1.1922653 10.5
    endloop
  endfacet
  facet normal 0 0 -1
    outer loop
      vertex 0 0 10.5
      vertex -3.145136 0.5900167 10.5
      vertex -3.0721595 0.89545284 10.5
    endloop
  endfacet
  facet normal 0 0 -1
    outer loop
      vertex 0 0 10.5
      vertex -3.187823 0.27889838 10.5
      vertex -3.145136 0.5900167 10.5
    endloop
  endfacet
  facet normal -0 0 -1
    outer loop
      vertex 0 0 10.5
      vertex -3.1998096 -0.034905893 10.5
      vertex -3.187823 0.27889838 10.5
    endloop
  endfacet
  facet normal 0 0 -1
    outer loop
      vertex 0 0 10.5
      vertex -3.1809803 -0.348374 10.5
      vertex -3.1998096 -0.034905893 10.5
    endloop
  endfacet
  facet normal 0 0 -1
    outer loop
      vertex 0 0 10.5
      vertex -3.1315164 -0.65848707 10.5
      vertex -3.1809803 -0.348374 10.5
    endloop
  endfacet
  facet normal 0 0 -1
    outer loop
      vertex 0 0 10.5
      vertex -3.0518942 -0.96225856 10.5
      vertex -3.1315164 -0.65848707 10.5
    endloop
  endfacet
  facet normal 0 0 -1
    outer loop
      vertex 0 0 10.5
      vertex -2.9428807 -1.256763 10.5
      vertex -3.0518942 -0.96225856 10.5
    endloop
  endfacet
  facet normal 0 0 -1
    outer loop
      vertex 0 0 10.5
      vertex -2.8055256 -1.5391641 10.5
      vertex -2.9428807 -1.256763 10.5
    endloop
  endfacet
  facet normal 0 0 -1
    outer loop
      vertex 0 0 10.5
      vertex -2.6411518 -1.8067422 10.5
      vertex -2.8055256 -1.5391641 10.5
    endloop
  endfacet
  facet normal 0 0 -1
    outer loop
      vertex 0 0 10.5
      vertex -2.4513422 -2.0569204 10.5
      vertex -2.6411518 -1.8067422 10.5
    endloop
  endfacet
  facet normal 0 0 -1
    outer loop
      vertex 0 0 10.5
      vertex -2.2379249 -2.2872893 10.5
      vertex -2.4513422 -2.0569204 10.5
    endloop
  endfacet
  facet normal 0 0 -1
    outer loop
      vertex 0 0 10.5
      vertex -2.0029551 -2.4956303 10.5
      vertex -2.2379249 -2.2872893 10.5
    endloop
  endfacet
  facet normal 0 0 -1
    outer loop
      vertex 0 0 10.5
      vertex -1.7486958 -2.6799371 10.5
      vertex -2.0029551 -2.4956303 10.5
    endloop
  endfacet
  facet normal 0 0 -1
    outer loop
      vertex 0 0 10.5
      vertex -1.4775956 -2.8384347 10.5
      vertex -1.7486958 -2.6799371 10.5
    endloop
  endfacet
  facet normal 0 0 -1
    outer loop
      vertex 0 0 10.5
      vertex -1.1922653 -2.9695965 10.5
      vertex -1.4775956 -2.8384347 10.5
    endloop
  endfacet
  facet normal 0 0 -1
    outer loop
      vertex 0 0 10.5
      vertex -0.89545284 -3.0721595 10.5
      vertex -1.1922653 -2.9695965 10.5
    endloop
  endfacet
  facet normal 0 0 -1
    outer loop
      vertex 0 0 10.5
      vertex -0.5900167 -3.145136 10.5
      vertex -0.89545284 -3.0721595 10.5
    endloop
  endfacet
  facet normal 0 0 -1
    outer loop
      vertex 0 0 10.5
      vertex -0.27889838 -3.187823 10.5
      vertex -0.5900167 -3.145136 10.5
    endloop
  endfacet
  facet normal 0 -0 -1
    outer loop
      vertex 0 0 10.5
      vertex 0.034905893 -3.1998096 10.5
      vertex -0.27889838 -3.187823 10.5
    endloop
  endfacet
  facet normal 0 0 -1
    outer loop
      vertex 0 0 10.5
      vertex 0.348374 -3.1809803 10.5
      vertex 0.034905893 -3.1998096 10.5
    endloop
  endfacet
  facet normal 0 0 -1
    outer loop
      vertex 0 0 10.5
      vertex 0.65848707 -3.1315164 10.5
      vertex 0.348374 -3.1809803 10.5
    endloop
  endfacet
  facet normal 0 0 -1
    outer loop
      vertex 0 0 10.5
      vertex 0.96225856 -3.0518942 10.5
      vertex 0.65848707 -3.1315164 10.5
    endloop
  endfacet
  facet normal 0 0 -1
    outer loop
      vertex 0 0 10.5
      vertex 1.256763 -2.9428807 10.5
      vertex 0.96225856 -3.0518942 10.5
    endloop
  endfacet
  facet normal 0 0 -1
    outer loop
      vertex 0 0 10.5
      vertex 1.5391641 -2.8055256 10.5
      vertex 1.256763 -2.9428807 10.5
    endloop
  endfacet
  facet normal 0 0 -1
    outer loop
      vertex 0 0 10.5
      vertex 1.8067422 -2.6411518 10.5
      vertex 1.5391641 -2.8055256 10.5
    endloop
  endfacet
  facet normal 0 0 -1
    outer loop
      vertex 0 0 10.5
      vertex 2.0569204 -2.4513422 10.5
      vertex 1.8067422 -2.6411518 10.5
    endloop
  endfacet
  facet normal 0.034167828 -0.69550211 0.7177112
    outer loop
      vertex 7.35 -8.85 42
      vertex 7.4970257 -8.8427771 42
      vertex 6.8127197 -7.8444624 43
    endloop
  endfacet
  facet normal 0.034167828 -0.69550211 0.7177112
    outer loop
      vertex 7.35 -8.85 42
      vertex 6.8127197 -7.8444624 43
      vertex 6.7 -7.85 43
    endloop
  endfacet
  facet normal 0.099297248 -0.66940767 0.73622919
    outer loop
      vertex 7.4970257 -8.8427771 42
      vertex 7.6426355 -8.8211779 42
      vertex 6.9243539 -7.8279031 43
    endloop
  endfacet
  facet normal 0.099297248 -0.66940767 0.73622919
    outer loop
      vertex 7.4970257 -8.8427771 42
      vertex 6.9243539 -7.8279031 43
      vertex 6.8127197 -7.8444624 43
    endloop
  endfacet
  facet normal 0.16038643 -0.64029852 0.75119504
    outer loop
      vertex 7.6426355 -8.8211779 42
      vertex 7.785427 -8.7854105 42
      vertex 7.0338274 -7.8004814 43
    endloop
  endfacet
  facet normal 0.16038643 -0.64029852 0.75119504
    outer loop
      vertex 7.6426355 -8.8211779 42
      vertex 7.0338274 -7.8004814 43
      vertex 6.9243539 -7.8279031 43
    endloop
  endfacet
  facet normal 0.2177464 -0.60856042 0.763047
    outer loop
      vertex 7.785427 -8.7854105 42
      vertex 7.9240251 -8.7358193 42
      vertex 7.1400859 -7.7624615 43
    endloop
  endfacet
  facet normal 0.2177464 -0.60856042 0.763047
    outer loop
      vertex 7.785427 -8.7854105 42
      vertex 7.1400859 -7.7624615 43
      vertex 7.0338274 -7.8004814 43
    endloop
  endfacet
  facet normal 0.27169366 -0.57444798 0.77213475
    outer loop
      vertex 7.9240251 -8.7358193 42
      vertex 8.0570951 -8.6728819 42
      vertex 7.2421062 -7.7142095 43
    endloop
  endfacet
  facet normal 0.27169366 -0.57444798 0.77213475
    outer loop
      vertex 7.9240251 -8.7358193 42
      vertex 7.2421062 -7.7142095 43
      vertex 7.1400859 -7.7624615 43
    endloop
  endfacet
  facet normal 0.32252925 -0.53810755 0.77872662
    outer loop
      vertex 8.0570951 -8.6728819 42
      vertex 8.1833553 -8.5972044 42
      vertex 7.3389058 -7.6561901 43
    endloop
  endfacet
  facet normal 0.32252925 -0.53810755 0.77872662
    outer loop
      vertex 8.0570951 -8.6728819 42
      vertex 7.3389058 -7.6561901 43
      vertex 7.2421062 -7.7142095 43
    endloop
  endfacet
  facet normal 0.37052538 -0.49959565 0.78301669
    outer loop
      vertex 8.1833553 -8.5972044 42
      vertex 8.3015899 -8.5095157 42
      vertex 7.4295523 -7.588962 43
    endloop
  endfacet
  facet normal 0.37052538 -0.49959565 0.78301669
    outer loop
      vertex 8.1833553 -8.5972044 42
      vertex 7.4295523 -7.588962 43
      vertex 7.3389058 -7.6561901 43
    endloop
  endfacet
  facet normal 0.4159166 -0.45889325 0.7851308
    outer loop
      vertex 8.3015899 -8.5095157 42
      vertex 8.4106602 -8.4106602 42
      vertex 7.5131728 -7.5131728 43
    endloop
  endfacet
  facet normal 0.4159166 -0.45889325 0.7851308
    outer loop
      vertex 8.3015899 -8.5095157 42
      vertex 7.5131728 -7.5131728 43
      vertex 7.4295523 -7.588962 43
    endloop
  endfacet
  facet normal 0.45889325 -0.4159166 0.7851308
    outer loop
      vertex 8.4106602 -8.4106602 42
      vertex 8.5095157 -8.3015899 42
      vertex 7.588962 -7.4295523 43
    endloop
  endfacet
  facet normal 0.45889325 -0.4159166 0.7851308
    outer loop
      vertex 8.4106602 -8.4106602 42
      vertex 7.588962 -7.4295523 43
      vertex 7.5131728 -7.5131728 43
    endloop
  endfacet
  facet normal 0.49959565 -0.37052538 0.78301669
    outer loop
      vertex 8.5095157 -8.3015899 42
      vertex 8.5972044 -8.1833553 42
      vertex 7.6561901 -7.3389058 43
    endloop
  endfacet
  facet normal 0.49959565 -0.37052538 0.78301669
    outer loop
      vertex 8.5095157 -8.3015899 42
      vertex 7.6561901 -7.3389058 43
      vertex 7.588962 -7.4295523 43
    endloop
  endfacet
  facet normal 0.53810755 -0.32252925 0.77872662
    outer loop
      vertex 8.5972044 -8.1833553 42
      vertex 8.6728819 -8.0570951 42
      vertex 7.7142095 -7.2421062 43
    endloop
  endfacet
  facet normal 0.53810755 -0.32252925 0.77872662
    outer loop
      vertex 8.5972044 -8.1833553 42
      vertex 7.7142095 -7.2421062 43
      vertex 7.6561901 -7.3389058 43
    endloop
  endfacet
  facet normal 0.57444798 -0.27169366 0.77213475
    outer loop
      vertex 8.6728819 -8.0570951 42
      vertex 8.7358193 -7.9240251 42
      vertex 7.7624615 -7.1400859 43
    endloop
  endfacet
  facet normal 0.57444798 -0.27169366 0.77213475
    outer loop
      vertex 8.6728819 -8.0570951 42
      vertex 7.7624615 -7.1400859 43
      vertex 7.7142095 -7.2421062 43
    endloop
  endfacet
  facet normal 0.60856042 -0.2177464 0.763047
    outer loop
      vertex 8.7358193 -7.9240251 42
      vertex 8.7854105 -7.785427 42
      vertex 7.8004814 -7.0338274 43
    endloop
  endfacet
  facet normal 0.60856042 -0.2177464 0.763047
    outer loop
      vertex 8.7358193 -7.9240251 42
      vertex 7.8004814 -7.0338274 43
      vertex 7.7624615 -7.1400859 43
    endloop
  endfacet
  facet normal 0.64029852 -0.16038643 0.75119504
    outer loop
      vertex 8.7854105 -7.785427 42
      vertex 8.8211779 -7.6426355 42
      vertex 7.8279031 -6.9243539 43
    endloop
  endfacet
  facet normal 0.64029852 -0.16038643 0.75119504
    outer loop
      vertex 8.7854105 -7.785427 42
      vertex 7.8279031 -6.9243539 43
      vertex 7.8004814 -7.0338274 43
    endloop
  endfacet
  facet normal 0.66940767 -0.099297248 0.73622919
    outer loop
      vertex 8.8211779 -7.6426355 42
      vertex 8.8427771 -7.4970257 42
      vertex 7.8444624 -6.8127197 43
    endloop
  endfacet
  facet normal 0.66940767 -0.099297248 0.73622919
    outer loop
      vertex 8.8211779 -7.6426355 42
      vertex 7.8444624 -6.8127197 43
      vertex 7.8279031 -6.9243539 43
    endloop
  endfacet
  facet normal 0.70721855 -0.00034405382 0.70699491
    outer loop
      vertex 8.8427771 -7.4970257 42
      vertex 8.85 7.35 42
      vertex 7.85 6.7 43
    endloop
  endfacet
  facet normal 0.70760364 -0.00028997868 0.70660952
    outer loop
      vertex 8.8427771 -7.4970257 42
      vertex 7.85 6.7 43
      vertex 7.8444624 -6.8127197 43
    endloop
  endfacet
  facet normal 0.69550211 0.034167828 0.7177112
    outer loop
      vertex 8.85 7.35 42
      vertex 8.8427771 7.4970257 42
      vertex 7.8444624 6.8127197 43
    endloop
  endfacet
  facet normal 0.69550211 0.034167828 0.7177112
    outer loop
      vertex 8.85 7.35 42
      vertex 7.8444624 6.8127197 43
      vertex 7.85 6.7 43
    endloop
  endfacet
  facet normal 0.66940767 0.099297248 0.73622919
    outer loop
      vertex 8.8427771 7.4970257 42
      vertex 8.8211779 7.6426355 42
      vertex 7.8279031 6.9243539 43
    endloop
  endfacet
  facet normal 0.66940767 0.099297248 0.73622919
    outer loop
      vertex 8.8427771 7.4970257 42
      vertex 7.8279031 6.9243539 43
      vertex 7.8444624 6.8127197 43
    endloop
  endfacet
  facet normal 0.64029852 0.16038643 0.75119504
    outer loop
      vertex 8.8211779 7.6426355 42
      vertex 8.7854105 7.785427 42
      vertex 7.8004814 7.0338274 43
    endloop
  endfacet
  facet normal 0.64029852 0.16038643 0.75119504
    outer loop
      vertex 8.8211779 7.6426355 42
      vertex 7.8004814 7.0338274 43
      vertex 7.8279031 6.9243539 43
    endloop
  endfacet
  facet normal 0.60856042 0.2177464 0.763047
    outer loop
      vertex 8.7854105 7.785427 42
      vertex 8.7358193 7.9240251 42
      vertex 7.7624615 7.1400859 43
    endloop
  endfacet
  facet normal 0.60856042 0.2177464 0.763047
    outer loop
      vertex 8.7854105 7.785427 42
      vertex 7.7624615 7.1400859 43
      vertex 7.8004814 7.0338274 43
    endloop
  endfacet
  facet normal 0.57444798 0.27169366 0.77213475
    outer loop
      vertex 8.7358193 7.9240251 42
      vertex 8.6728819 8.0570951 42
      vertex 7.7142095 7.2421062 43
    endloop
  endfacet
  facet normal 0.57444798 0.27169366 0.77213475
    outer loop
      vertex 8.7358193 7.9240251 42
      vertex 7.7142095 7.2421062 43
      vertex 7.7624615 7.1400859 43
    endloop
  endfacet
  facet normal 0.53810755 0.32252925 0.77872662
    outer loop
      vertex 8.6728819 8.0570951 42
      vertex 8.5972044 8.1833553 42
      vertex 7.6561901 7.3389058 43
    endloop
  endfacet
  facet normal 0.53810755 0.32252925 0.77872662
    outer loop
      vertex 8.6728819 8.0570951 42
      vertex 7.6561901 7.3389058 43
      vertex 7.7142095 7.2421062 43
    endloop
  endfacet
  facet normal 0.49959565 0.37052538 0.78301669
    outer loop
      vertex 8.5972044 8.1833553 42
      vertex 8.5095157 8.3015899 42
      vertex 7.588962 7.4295523 43
    endloop
  endfacet
  facet normal 0.49959565 0.37052538 0.78301669
    outer loop
      vertex 8.5972044 8.1833553 42
      vertex 7.588962 7.4295523 43
      vertex 7.6561901 7.3389058 43
    endloop
  endfacet
  facet normal 0.45889325 0.4159166 0.7851308
    outer loop
      vertex 8.5095157 8.3015899 42
      vertex 8.4106602 8.4106602 42
      vertex 7.5131728 7.5131728 43
    endloop
  endfacet
  facet normal 0.45889325 0.4159166 0.7851308
    outer loop
      vertex 8.5095157 8.3015899 42
      vertex 7.5131728 7.5131728 43
      vertex 7.588962 7.4295523 43
    endloop
  endfacet
  facet normal 0.4159166 0.45889325 0.7851308
    outer loop
      vertex 8.4106602 8.4106602 42
      vertex 8.3015899 8.5095157 42
      vertex 7.4295523 7.588962 43
    endloop
  endfacet
  facet normal 0.4159166 0.45889325 0.7851308
    outer loop
      vertex 8.4106602 8.4106602 42
      vertex 7.4295523 7.588962 43
      vertex 7.5131728 7.5131728 43
    endloop
  endfacet
  facet normal 0.37052538 0.49959565 0.78301669
    outer loop
      vertex 8.3015899 8.5095157 42
      vertex 8.1833553 8.5972044 42
      vertex 7.3389058 7.6561901 43
    endloop
  endfacet
  facet normal 0.37052538 0.49959565 0.78301669
    outer loop
      vertex 8.3015899 8.5095157 42
      vertex 7.3389058 7.6561901 43
      vertex 7.4295523 7.588962 43
    endloop
  endfacet
  facet normal 0.32252925 0.53810755 0.77872662
    outer loop
      vertex 8.1833553 8.5972044 42
      vertex 8.0570951 8.6728819 42
      vertex 7.2421062 7.7142095 43
    endloop
  endfacet
  facet normal 0.32252925 0.53810755 0.77872662
    outer loop
      vertex 8.1833553 8.5972044 42
      vertex 7.2421062 7.7142095 43
      vertex 7.3389058 7.6561901 43
    endloop
  endfacet
  facet normal 0.27169366 0.57444798 0.77213475
    outer loop
      vertex 8.0570951 8.6728819 42
      vertex 7.9240251 8.7358193 42
      vertex 7.1400859 7.7624615 43
    endloop
  endfacet
  facet normal 0.27169366 0.57444798 0.77213475
    outer loop
      vertex 8.0570951 8.6728819 42
      vertex 7.1400859 7.7624615 43
      vertex 7.2421062 7.7142095 43
    endloop
  endfacet
  facet normal 0.2177464 0.60856042 0.763047
    outer loop
      vertex 7.9240251 8.7358193 42
      vertex 7.785427 8.7854105 42
      vertex 7.0338274 7.8004814 43
    endloop
  endfacet
  facet normal 0.2177464 0.60856042 0.763047
    outer loop
      vertex 7.9240251 8.7358193 42
      vertex 7.0338274 7.8004814 43
      vertex 7.1400859 7.7624615 43
    endloop
  endfacet
  facet normal 0.16038643 0.64029852 0.75119504
    outer loop
      vertex 7.785427 8.7854105 42
      vertex 7.6426355 8.8211779 42
      vertex 6.9243539 7.8279031 43
    endloop
  endfacet
  facet normal 0.16038643 0.64029852 0.75119504
    outer loop
      vertex 7.785427 8.7854105 42
      vertex 6.9243539 7.8279031 43
      vertex 7.0338274 7.8004814 43
    endloop
  endfacet
  facet normal 0.099297248 0.66940767 0.73622919
    outer loop
      vertex 7.6426355 8.8211779 42
      vertex 7.4970257 8.8427771 42
      vertex 6.8127197 7.8444624 43
    endloop
  endfacet
  facet normal 0.099297248 0.66940767 0.73622919
    outer loop
      vertex 7.6426355 8.8211779 42
      vertex 6.8127197 7.8444624 43
      vertex 6.9243539 7.8279031 43
    endloop
  endfacet
  facet normal 0.00034405382 0.70721855 0.70699491
    outer loop
      vertex 7.4970257 8.8427771 42
      vertex -7.35 8.85 42
      vertex -6.7 7.85 43
    endloop
  endfacet
  facet normal 0.00028997868 0.70760364 0.70660952
    outer loop
      vertex 7.4970257 8.8427771 42
      vertex -6.7 7.85 43
      vertex 6.8127197 7.8444624 43
    endloop
  endfacet
  facet normal -0.034167828 0.69550211 0.7177112
    outer loop
      vertex -7.35 8.85 42
      vertex -7.4970257 8.8427771 42
      vertex -6.8127197 7.8444624 43
    endloop
  endfacet
  facet normal -0.034167828 0.69550211 0.7177112
    outer loop
      vertex -7.35 8.85 42
      vertex -6.8127197 7.8444624 43
      vertex -6.7 7.85 43
    endloop
  endfacet
  facet normal -0.099297248 0.66940767 0.73622919
    outer loop
      vertex -7.4970257 8.8427771 42
      vertex -7.6426355 8.8211779 42
      vertex -6.9243539 7.8279031 43
    endloop
  endfacet
  facet normal -0.099297248 0.66940767 0.73622919
    outer loop
      vertex -7.4970257 8.8427771 42
      vertex -6.9243539 7.8279031 43
      vertex -6.8127197 7.8444624 43
    endloop
  endfacet
  facet normal -0.16038643 0.64029852 0.75119504
    outer loop
      vertex -7.6426355 8.8211779 42
      vertex -7.785427 8.7854105 42
      vertex -7.0338274 7.8004814 43
    endloop
  endfacet
  facet normal -0.16038643 0.64029852 0.75119504
    outer loop
      vertex -7.6426355 8.8211779 42
      vertex -7.0338274 7.8004814 43
      vertex -6.9243539 7.8279031 43
    endloop
  endfacet
  facet normal -0.2177464 0.60856042 0.763047
    outer loop
      vertex -7.785427 8.7854105 42
      vertex -7.9240251 8.7358193 42
      vertex -7.1400859 7.7624615 43
    endloop
  endfacet
  facet normal -0.2177464 0.60856042 0.763047
    outer loop
      vertex -7.785427 8.7854105 42
      vertex -7.1400859 7.7624615 43
      vertex -7.0338274 7.8004814 43
    endloop
  endfacet
  facet normal -0.27169366 0.57444798 0.77213475
    outer loop
      vertex -7.9240251 8.7358193 42
      vertex -8.0570951 8.6728819 42
      vertex -7.2421062 7.7142095 43
    endloop
  endfacet
  facet normal -0.27169366 0.57444798 0.77213475
    outer loop
      vertex -7.9240251 8.7358193 42
      vertex -7.2421062 7.7142095 43
      vertex -7.1400859 7.7624615 43
    endloop
  endfacet
  facet normal -0.32252925 0.53810755 0.77872662
    outer loop
      vertex -8.0570951 8.6728819 42
      vertex -8.1833553 8.5972044 42
      vertex -7.3389058 7.6561901 43
    endloop
  endfacet
  facet normal -0.32252925 0.53810755 0.77872662
    outer loop
      vertex -8.0570951 8.6728819 42
      vertex -7.3389058 7.6561901 43
      vertex -7.2421062 7.7142095 43
    endloop
  endfacet
  facet normal -0.37052538 0.49959565 0.78301669
    outer loop
      vertex -8.1833553 8.5972044 42
      vertex -8.3015899 8.5095157 42
      vertex -7.4295523 7.588962 43
    endloop
  endfacet
  facet normal -0.37052538 0.49959565 0.78301669
    outer loop
      vertex -8.1833553 8.5972044 42
      vertex -7.4295523 7.588962 43
      vertex -7.3389058 7.6561901 43
    endloop
  endfacet
  facet normal -0.4159166 0.45889325 0.7851308
    outer loop
      vertex -8.3015899 8.5095157 42
      vertex -8.4106602 8.4106602 42
      vertex -7.5131728 7.5131728 43
    endloop
  endfacet
  facet normal -0.4159166 0.45889325 0.7851308
    outer loop
      vertex -8.3015899 8.5095157 42
      vertex -7.5131728 7.5131728 43
      vertex -7.4295523 7.588962 43
    endloop
  endfacet
  facet normal -0.45889325 0.4159166 0.7851308
    outer loop
      vertex -8.4106602 8.4106602 42
      vertex -8.5095157 8.3015899 42
      vertex -7.588962 7.4295523 43
    endloop
  endfacet
  facet normal -0.45889325 0.4159166 0.7851308
    outer loop
      vertex -8.4106602 8.4106602 42
      vertex -7.588962 7.4295523 43
      vertex -7.5131728 7.5131728 43
    endloop
  endfacet
  facet normal -0.49959565 0.37052538 0.78301669
    outer loop
      vertex -8.5095157 8.3015899 42
      vertex -8.5972044 8.1833553 42
      vertex -7.6561901 7.3389058 43
    endloop
  endfacet
  facet normal -0.49959565 0.37052538 0.78301669
    outer loop
      vertex -8.5095157 8.3015899 42
      vertex -7.6561901 7.3389058 43
      vertex -7.588962 7.4295523 43
    endloop
  endfacet
  facet normal -0.53810755 0.32252925 0.77872662
    outer loop
      vertex -8.5972044 8.1833553 42
      vertex -8.6728819 8.0570951 42
      vertex -7.7142095 7.2421062 43
    endloop
  endfacet
  facet normal -0.53810755 0.32252925 0.77872662
    outer loop
      vertex -8.5972044 8.1833553 42
      vertex -7.7142095 7.2421062 43
      vertex -7.6561901 7.3389058 43
    endloop
  endfacet
  facet normal -0.57444798 0.27169366 0.77213475
    outer loop
      vertex -8.6728819 8.0570951 42
      vertex -8.7358193 7.9240251 42
      vertex -7.7624615 7.1400859 43
    endloop
  endfacet
  facet normal -0.57444798 0.27169366 0.77213475
    outer loop
      vertex -8.6728819 8.0570951 42
      vertex -7.7624615 7.1400859 43
      vertex -7.7142095 7.2421062 43
    endloop
  endfacet
  facet normal -0.60856042 0.2177464 0.763047
    outer loop
      vertex -8.7358193 7.9240251 42
      vertex -8.7854105 7.785427 42
      vertex -7.8004814 7.0338274 43
    endloop
  endfacet
  facet normal -0.60856042 0.2177464 0.763047
    outer loop
      vertex -8.7358193 7.9240251 42
      vertex -7.8004814 7.0338274 43
      vertex -7.7624615 7.1400859 43
    endloop
  endfacet
  facet normal -0.64029852 0.16038643 0.75119504
    outer loop
      vertex -8.7854105 7.785427 42
      vertex -8.8211779 7.6426355 42
      vertex -7.8279031 6.9243539 43
    endloop
  endfacet
  facet normal -0.64029852 0.16038643 0.75119504
    outer loop
      vertex -8.7854105 7.785427 42
      vertex -7.8279031 6.9243539 43
      vertex -7.8004814 7.0338274 43
    endloop
  endfacet
  facet normal -0.66940767 0.099297248 0.73622919
    outer loop
      vertex -8.8211779 7.6426355 42
      vertex -8.8427771 7.4970257 42
      vertex -7.8444624 6.8127197 43
    endloop
  endfacet
  facet normal -0.66940767 0.099297248 0.73622919
    outer loop
      vertex -8.8211779 7.6426355 42
      vertex -7.8444624 6.8127197 43
      vertex -7.8279031 6.9243539 43
    endloop
  endfacet
  facet normal -0.70721855 0.00034405382 0.70699491
    outer loop
      vertex -8.8427771 7.4970257 42
      vertex -8.85 -7.35 42
      vertex -7.85 -6.7 43
    endloop
  endfacet
  facet normal -0.70760364 0.00028997868 0.70660952
    outer loop
      vertex -8.8427771 7.4970257 42
      vertex -7.85 -6.7 43
      vertex -7.8444624 6.8127197 43
    endloop
  endfacet
  facet normal -0.69550211 -0.034167828 0.7177112
    outer loop
      vertex -8.85 -7.35 42
      vertex -8.8427771 -7.4970257 42
      vertex -7.8444624 -6.8127197 43
    endloop
  endfacet
  facet normal -0.69550211 -0.034167828 0.7177112
    outer loop
      vertex -8.85 -7.35 42
      vertex -7.8444624 -6.8127197 43
      vertex -7.85 -6.7 43
    endloop
  endfacet
  facet normal -0.66940767 -0.099297248 0.73622919
    outer loop
      vertex -8.8427771 -7.4970257 42
      vertex -8.8211779 -7.6426355 42
      vertex -7.8279031 -6.9243539 43
    endloop
  endfacet
  facet normal -0.66940767 -0.099297248 0.73622919
    outer loop
      vertex -8.8427771 -7.4970257 42
      vertex -7.8279031 -6.9243539 43
      vertex -7.8444624 -6.8127197 43
    endloop
  endfacet
  facet normal -0.64029852 -0.16038643 0.75119504
    outer loop
      vertex -8.8211779 -7.6426355 42
      vertex -8.7854105 -7.785427 42
      vertex -7.8004814 -7.0338274 43
    endloop
  endfacet
  facet normal -0.64029852 -0.16038643 0.75119504
    outer loop
      vertex -8.8211779 -7.6426355 42
      vertex -7.8004814 -7.0338274 43
      vertex -7.8279031 -6.9243539 43
    endloop
  endfacet
  facet normal -0.60856042 -0.2177464 0.763047
    outer loop
      vertex -8.7854105 -7.785427 42
      vertex -8.7358193 -7.9240251 42
      vertex -7.7624615 -7.1400859 43
    endloop
  endfacet
  facet normal -0.60856042 -0.2177464 0.763047
    outer loop
      vertex -8.7854105 -7.785427 42
      vertex -7.7624615 -7.1400859 43
      vertex -7.8004814 -7.0338274 43
    endloop
  endfacet
  facet normal -0.57444798 -0.27169366 0.77213475
    outer loop
      vertex -8.7358193 -7.9240251 42
      vertex -8.6728819 -8.0570951 42
      vertex -7.7142095 -7.2421062 43
    endloop
  endfacet
  facet normal -0.57444798 -0.27169366 0.77213475
    outer loop
      vertex -8.7358193 -7.9240251 42
      vertex -7.7142095 -7.2421062 43
      vertex -7.7624615 -7.1400859 43
    endloop
  endfacet
  facet normal -0.53810755 -0.32252925 0.77872662
    outer loop
      vertex -8.6728819 -8.0570951 42
      vertex -8.5972044 -8.1833553 42
      vertex -7.6561901 -7.3389058 43
    endloop
  endfacet
  facet normal -0.53810755 -0.32252925 0.77872662
    outer loop
      vertex -8.6728819 -8.0570951 42
      vertex -7.6561901 -7.3389058 43
      vertex -7.7142095 -7.2421062 43
    endloop
  endfacet
  facet normal -0.49959565 -0.37052538 0.78301669
    outer loop
      vertex -8.5972044 -8.1833553 42
      vertex -8.5095157 -8.3015899 42
      vertex -7.588962 -7.4295523 43
    endloop
  endfacet
  facet normal -0.49959565 -0.37052538 0.78301669
    outer loop
      vertex -8.5972044 -8.1833553 42
      vertex -7.588962 -7.4295523 43
      vertex -7.6561901 -7.3389058 43
    endloop
  endfacet
  facet normal -0.45889325 -0.4159166 0.7851308
    outer loop
      vertex -8.5095157 -8.3015899 42
      vertex -8.4106602 -8.4106602 42
      vertex -7.5131728 -7.5131728 43
    endloop
  endfacet
  facet normal -0.45889325 -0.4159166 0.7851308
    outer loop
      vertex -8.5095157 -8.3015899 42
      vertex -7.5131728 -7.5131728 43
      vertex -7.588962 -7.4295523 43
    endloop
  endfacet
  facet normal -0.4159166 -0.45889325 0.7851308
    outer loop
      vertex -8.4106602 -8.4106602 42
      vertex -8.3015899 -8.5095157 42
      vertex -7.4295523 -7.588962 43
    endloop
  endfacet
  facet normal -0.4159166 -0.45889325 0.7851308
    outer loop
      vertex -8.4106602 -8.4106602 42
      vertex -7.4295523 -7.588962 43
      vertex -7.5131728 -7.5131728 43
    endloop
  endfacet
  facet normal -0.37052538 -0.49959565 0.78301669
    outer loop
      vertex -8.3015899 -8.5095157 42
      vertex -8.1833553 -8.5972044 42
      vertex -7.3389058 -7.6561901 43
    endloop
  endfacet
  facet normal -0.37052538 -0.49959565 0.78301669
    outer loop
      vertex -8.3015899 -8.5095157 42
      vertex -7.3389058 -7.6561901 43
      vertex -7.4295523 -7.588962 43
    endloop
  endfacet
  facet normal -0.32252925 -0.53810755 0.77872662
    outer loop
      vertex -8.1833553 -8.5972044 42
      vertex -8.0570951 -8.6728819 42
      vertex -7.2421062 -7.7142095 43
    endloop
  endfacet
  facet normal -0.32252925 -0.53810755 0.77872662
    outer loop
      vertex -8.1833553 -8.5972044 42
      vertex -7.2421062 -7.7142095 43
      vertex -7.3389058 -7.6561901 43
    endloop
  endfacet
  facet normal -0.27169366 -0.57444798 0.77213475
    outer loop
      vertex -8.0570951 -8.6728819 42
      vertex -7.9240251 -8.7358193 42
      vertex -7.1400859 -7.7624615 43
    endloop
  endfacet
  facet normal -0.27169366 -0.57444798 0.77213475
    outer loop
      vertex -8.0570951 -8.6728819 42
      vertex -7.1400859 -7.7624615 43
      vertex -7.2421062 -7.7142095 43
    endloop
  endfacet
  facet normal -0.2177464 -0.60856042 0.763047
    outer loop
      vertex -7.9240251 -8.7358193 42
      vertex -7.785427 -8.7854105 42
      vertex -7.0338274 -7.8004814 43
    endloop
  endfacet
  facet normal -0.2177464 -0.60856042 0.763047
    outer loop
      vertex -7.9240251 -8.7358193 42
      vertex -7.0338274 -7.8004814 43
      vertex -7.1400859 -7.7624615 43
    endloop
  endfacet
  facet normal -0.16038643 -0.64029852 0.75119504
    outer loop
      vertex -7.785427 -8.7854105 42
      vertex -7.6426355 -8.8211779 42
      vertex -6.9243539 -7.8279031 43
    endloop
  endfacet
  facet normal -0.16038643 -0.64029852 0.75119504
    outer loop
      vertex -7.785427 -8.7854105 42
      vertex -6.9243539 -7.8279031 43
      vertex -7.0338274 -7.8004814 43
    endloop
  endfacet
  facet normal -0.099297248 -0.66940767 0.73622919
    outer loop
      vertex -7.6426355 -8.8211779 42
      vertex -7.4970257 -8.8427771 42
      vertex -6.8127197 -7.8444624 43
    endloop
  endfacet
  facet normal -0.099297248 -0.66940767 0.73622919
    outer loop
      vertex -7.6426355 -8.8211779 42
      vertex -6.8127197 -7.8444624 43
      vertex -6.9243539 -7.8279031 43
    endloop
  endfacet
  facet normal -0.00034405382 -0.70721855 0.70699491
    outer loop
      vertex -7.4970257 -8.8427771 42
      vertex 7.35 -8.85 42
      vertex 6.7 -7.85 43
    endloop
  endfacet
  facet normal -0.00028997868 -0.70760364 0.70660952
    outer loop
      vertex -7.4970257 -8.8427771 42
      vertex 6.7 -7.85 43
      vertex -6.8127197 -7.8444624 43
    endloop
  endfacet
  facet normal 0 0 1
    outer loop
      vertex 0 0 43
      vertex 6.7 -7.85 43
      vertex 6.8127197 -7.8444624 43
    endloop
  endfacet
  facet normal 0 0 1
    outer loop
      vertex 0 0 43
      vertex 6.8127197 -7.8444624 43
      vertex 6.9243539 -7.8279031 43
    endloop
  endfacet
  facet normal 0 0 1
    outer loop
      vertex 0 0 43
      vertex 6.9243539 -7.8279031 43
      vertex 7.0338274 -7.8004814 43
    endloop
  endfacet
  facet normal 0 0 1
    outer loop
      vertex 0 0 43
      vertex 7.0338274 -7.8004814 43
      vertex 7.1400859 -7.7624615 43
    endloop
  endfacet
  facet normal 0 0 1
    outer loop
      vertex 0 0 43
      vertex 7.1400859 -7.7624615 43
      vertex 7.2421062 -7.7142095 43
    endloop
  endfacet
  facet normal 0 0 1
    outer loop
      vertex 0 0 43
      vertex 7.2421062 -7.7142095 43
      vertex 7.3389058 -7.6561901 43
    endloop
  endfacet
  facet normal 0 0 1
    outer loop
      vertex 0 0 43
      vertex 7.3389058 -7.6561901 43
      vertex 7.4295523 -7.588962 43
    endloop
  endfacet
  facet normal 0 0 1
    outer loop
      vertex 0 0 43
      vertex 7.4295523 -7.588962 43
      vertex 7.5131728 -7.5131728 43
    endloop
  endfacet
  facet normal 0 0 1
    outer loop
      vertex 0 0 43
      vertex 7.5131728 -7.5131728 43
      vertex 7.588962 -7.4295523 43
    endloop
  endfacet
  facet normal 0 0 1
    outer loop
      vertex 0 0 43
      vertex 7.588962 -7.4295523 43
      vertex 7.6561901 -7.3389058 43
    endloop
  endfacet
  facet normal 0 0 1
    outer loop
      vertex 0 0 43
      vertex 7.6561901 -7.3389058 43
      vertex 7.7142095 -7.2421062 43
    endloop
  endfacet
  facet normal 0 0 1
    outer loop
      vertex 0 0 43
      vertex 7.7142095 -7.2421062 43
      vertex 7.7624615 -7.1400859 43
    endloop
  endfacet
  facet normal 0 0 1
    outer loop
      vertex 0 0 43
      vertex 7.7624615 -7.1400859 43
      vertex 7.8004814 -7.0338274 43
    endloop
  endfacet
  facet normal 0 0 1
    outer loop
      vertex 0 0 43
      vertex 7.8004814 -7.0338274 43
      vertex 7.8279031 -6.9243539 43
    endloop
  endfacet
  facet normal 0 0 1
    outer loop
      vertex 0 0 43
      vertex 7.8279031 -6.9243539 43
      vertex 7.8444624 -6.8127197 43
    endloop
  endfacet
  facet normal -0 0 1
    outer loop
      vertex 0 0 43
      vertex 7.8444624 -6.8127197 43
      vertex 7.85 6.7 43
    endloop
  endfacet
  facet normal 0 0 1
    outer loop
      vertex 0 0 43
      vertex 7.85 6.7 43
      vertex 7.8444624 6.8127197 43
    endloop
  endfacet
  facet normal 0 0 1
    outer loop
      vertex 0 0 43
      vertex 7.8444624 6.8127197 43
      vertex 7.8279031 6.9243539 43
    endloop
  endfacet
  facet normal 0 0 1
    outer loop
      vertex 0 0 43
      vertex 7.8279031 6.9243539 43
      vertex 7.8004814 7.0338274 43
    endloop
  endfacet
  facet normal 0 0 1
    outer loop
      vertex 0 0 43
      vertex 7.8004814 7.0338274 43
      vertex 7.7624615 7.1400859 43
    endloop
  endfacet
  facet normal 0 0 1
    outer loop
      vertex 0 0 43
      vertex 7.7624615 7.1400859 43
      vertex 7.7142095 7.2421062 43
    endloop
  endfacet
  facet normal 0 0 1
    outer loop
      vertex 0 0 43
      vertex 7.7142095 7.2421062 43
      vertex 7.6561901 7.3389058 43
    endloop
  endfacet
  facet normal 0 0 1
    outer loop
      vertex 0 0 43
      vertex 7.6561901 7.3389058 43
      vertex 7.588962 7.4295523 43
    endloop
  endfacet
  facet normal 0 0 1
    outer loop
      vertex 0 0 43
      vertex 7.588962 7.4295523 43
      vertex 7.5131728 7.5131728 43
    endloop
  endfacet
  facet normal 0 0 1
    outer loop
      vertex 0 0 43
      vertex 7.5131728 7.5131728 43
      vertex 7.4295523 7.588962 43
    endloop
  endfacet
  facet normal 0 0 1
    outer loop
      vertex 0 0 43
      vertex 7.4295523 7.588962 43
      vertex 7.3389058 7.6561901 43
    endloop
  endfacet
  facet normal 0 0 1
    outer loop
      vertex 0 0 43
      vertex 7.3389058 7.6561901 43
      vertex 7.2421062 7.7142095 43
    endloop
  endfacet
  facet normal 0 0 1
    outer loop
      vertex 0 0 43
      vertex 7.2421062 7.7142095 43
      vertex 7.1400859 7.7624615 43
    endloop
  endfacet
  facet normal 0 0 1
    outer loop
      vertex 0 0 43
      vertex 7.1400859 7.7624615 43
      vertex 7.0338274 7.8004814 43
    endloop
  endfacet
  facet normal 0 0 1
    outer loop
      vertex 0 0 43
      vertex 7.0338274 7.8004814 43
      vertex 6.9243539 7.8279031 43
    endloop
  endfacet
  facet normal 0 0 1
    outer loop
      vertex 0 0 43
      vertex 6.9243539 7.8279031 43
      vertex 6.8127197 7.8444624 43
    endloop
  endfacet
  facet normal 0 -0 1
    outer loop
      vertex 0 0 43
      vertex 6.8127197 7.8444624 43
      vertex -6.7 7.85 43
    endloop
  endfacet
  facet normal 0 0 1
    outer loop
      vertex 0 0 43
      vertex -6.7 7.85 43
      vertex -6.8127197 7.8444624 43
    endloop
  endfacet
  facet normal 0 0 1
    outer loop
      vertex 0 0 43
      vertex -6.8127197 7.8444624 43
      vertex -6.9243539 7.8279031 43
    endloop
  endfacet
  facet normal 0 0 1
    outer loop
      vertex 0 0 43
      vertex -6.9243539 7.8279031 43
      vertex -7.0338274 7.8004814 43
    endloop
  endfacet
  facet normal 0 0 1
    outer loop
      vertex 0 0 43
      vertex -7.0338274 7.8004814 43
      vertex -7.1400859 7.7624615 43
    endloop
  endfacet
  facet normal 0 0 1
    outer loop
      vertex 0 0 43
      vertex -7.1400859 7.7624615 43
      vertex -7.2421062 7.7142095 43
    endloop
  endfacet
  facet normal 0 0 1
    outer loop
      vertex 0 0 43
      vertex -7.2421062 7.7142095 43
      vertex -7.3389058 7.6561901 43
    endloop
  endfacet
  facet normal 0 0 1
    outer loop
      vertex 0 0 43
      vertex -7.3389058 7.6561901 43
      vertex -7.4295523 7.588962 43
    endloop
  endfacet
  facet normal 0 0 1
    outer loop
      vertex 0 0 43
      vertex -7.4295523 7.588962 43
      vertex -7.5131728 7.5131728 43
    endloop
  endfacet
  facet normal 0 0 1
    outer loop
      vertex 0 0 43
      vertex -7.5131728 7.5131728 43
      vertex -7.588962 7.4295523 43
    endloop
  endfacet
  facet normal 0 0 1
    outer loop
      vertex 0 0 43
      vertex -7.588962 7.4295523 43
      vertex -7.6561901 7.3389058 43
    endloop
  endfacet
  facet normal 0 0 1
    outer loop
      vertex 0 0 43
      vertex -7.6561901 7.3389058 43
      vertex -7.7142095 7.2421062 43
    endloop
  endfacet
  facet normal 0 0 1
    outer loop
      vertex 0 0 43
      vertex -7.7142095 7.2421062 43
      vertex -7.7624615 7.1400859 43
    endloop
  endfacet
  facet normal 0 0 1
    outer loop
      vertex 0 0 43
      vertex -7.7624615 7.1400859 43
      vertex -7.8004814 7.0338274 43
    endloop
  endfacet
  facet normal 0 0 1
    outer loop
      vertex 0 0 43
      vertex -7.8004814 7.0338274 43
      vertex -7.8279031 6.9243539 43
    endloop
  endfacet
  facet normal 0 0 1
    outer loop
      vertex 0 0 43
      vertex -7.8279031 6.9243539 43
      vertex -7.8444624 6.8127197 43
    endloop
  endfacet
  facet normal 0 0 1
    outer loop
      vertex 0 0 43
      vertex -7.8444624 6.8127197 43
      vertex -7.85 -6.7 43
    endloop
  endfacet
  facet normal 0 0 1
    outer loop
      vertex 0 0 43
      vertex -7.85 -6.7 43
      vertex -7.8444624 -6.8127197 43
    endloop
  endfacet
  facet normal 0 0 1
    outer loop
      vertex 0 0 43
      vertex -7.8444624 -6.8127197 43
      vertex -7.8279031 -6.9243539 43
    endloop
  endfacet
  facet normal 0 0 1
    outer loop
      vertex 0 0 43
      vertex -7.8279031 -6.9243539 43
      vertex -7.8004814 -7.0338274 43
    endloop
  endfacet
  facet normal 0 0 1
    outer loop
      vertex 0 0 43
      vertex -7.8004814 -7.0338274 43
      vertex -7.7624615 -7.1400859 43
    endloop
  endfacet
  facet normal 0 0 1
    outer loop
      vertex 0 0 43
      vertex -7.7624615 -7.1400859 43
      vertex -7.7142095 -7.2421062 43
    endloop
  endfacet
  facet normal 0 0 1
    outer loop
      vertex 0 0 43
      vertex -7.7142095 -7.2421062 43
      vertex -7.6561901 -7.3389058 43
    endloop
  endfacet
  facet normal 0 0 1
    outer loop
      vertex 0 0 43
      vertex -7.6561901 -7.3389058 43
      vertex -7.588962 -7.4295523 43
    endloop
  endfacet
  facet normal 0 0 1
    outer loop
      vertex 0 0 43
      vertex -7.588962 -7.4295523 43
      vertex -7.5131728 -7.5131728 43
    endloop
  endfacet
  facet normal 0 0 1
    outer loop
      vertex 0 0 43
      vertex -7.5131728 -7.5131728 43
      vertex -7.4295523 -7.588962 43
    endloop
  endfacet
  facet normal 0 0 1
    outer loop
      vertex 0 0 43
      vertex -7.4295523 -7.588962 43
      vertex -7.3389058 -7.6561901 43
    endloop
  endfacet
  facet normal 0 0 1
    outer loop
      vertex 0 0 43
      vertex -7.3389058 -7.6561901 43
      vertex -7.2421062 -7.7142095 43
    endloop
  endfacet
  facet normal 0 0 1
    outer loop
      vertex 0 0 43
      vertex -7.2421062 -7.7142095 43
      vertex -7.1400859 -7.7624615 43
    endloop
  endfacet
  facet normal 0 0 1
    outer loop
      vertex 0 0 43
      vertex -7.1400859 -7.7624615 43
      vertex -7.0338274 -7.8004814 43
    endloop
  endfacet
  facet normal 0 0 1
    outer loop
      vertex 0 0 43
      vertex -7.0338274 -7.8004814 43
      vertex -6.9243539 -7.8279031 43
    endloop
  endfacet
  facet normal 0 0 1
    outer loop
      vertex 0 0 43
      vertex -6.9243539 -7.8279031 43
      vertex -6.8127197 -7.8444624 43
    endloop
  endfacet
  facet normal 0 0 1
    outer loop
      vertex 0 0 43
      vertex -6.8127197 -7.8444624 43
      vertex 6.7 -7.85 43
    endloop
  endfacet
endsolid ac_support_insert_17.7mm_ASA-CF.stl
