
[1m== dataset (schema, provenance, date gates, licenses, staleness, publish)[0m

Confidence across 12146 attributes in 373 structure(s):
  attested      591    4.9%  ##
  inferred     2668   22.0%  #########
  reconstructed 8887   73.2%  #############################

  watch list: 1 entry(ies) rest on no source record [billy_caldwell_house] — each says why
  ground claims: 41 graded statement(s) in the terrain specs, held to the citation and reasoning rules and shown in the Evidence panel; 0 inferred without recorded reasoning
  ground geometry check: 51 stated figure(s) the terrain generator does not read, each declaring what the ground does instead; 9 of them owe docs/LIBERTIES.md an admission
  restated-in-code check: 4 figure(s) the ground agrees with and does not read, each held against the half it restates; 3 of them are prose about an algorithm and are checked only for the presence of the line they describe
  evidence ladder: 5212 graded claim(s) held to the 6-rung ladder in data/source.schema.json — tiers 5+ never sole evidence for documented, never an outline; 18 documented on later scholarship alone
  transcription declarations: 11 source(s) derive their rung from the document they carry and 2 page(s) were read and reprint none; 105 page(s) at tier 4 or weaker date their own retrieval and declare nothing — unread rather than wrong, and the queue in docs/ROADMAP.md § S5 (baptisthistoryhomepage.json, berrien_eben_griswold.json, buck_pioneer_milwaukee.json, buffalo_nehemiah_case.json and 101 more)
  residents: 824 household(s), 848 person(s) (117 attested, 731 inferred, 0 reconstructed); 55 linked to a structure, 448 NOT recorded as certainly present on the scene date, 8 flagged review_required
  scene 1835 (1835-07-01): 372 structure(s) included, 1 excluded by date [cook_county_courthouse_1835]
  geometry check: 46 attribute(s) the archetypes do not read, each declaring what the mesh does instead
  drawn_by check: 1 phase(s) drawn by another layer, each with a record that exists, is fetched, and has no mesh left behind it
  ground contact: 3 structure(s) do not reach the terrain under them, 3 declaring it
  liberties coverage: 4489 value(s) owed an admission — 4417 invented, 37 stated and not built, 3 standing off the ground, 32 invented in the ground itself — claimed by 1071 declaration(s) in docs/LIBERTIES.md
  placement derivations: 373 declared, 11 constraint(s) recomputed from data/traces/street_control.json
  sidecar contract: 39 field(s) read across 9 renderer module(s), all present in the compiled sidecars
  sidecar contract: 2 top-level field(s) compiled and never read by the renderer (archetype, scene) — dead weight or an unshipped claim, not an error either way
  derived contract: sidecars/*/terrain.json — 16 field(s) read by ground.js, 7 declared internal, 19 emitted
  derived contract: sidecars/*/exclusions.json — 20 field(s) read by exclusions.js, 2 declared internal, 19 emitted
  derived contract: liberties.json — 19 field(s) read by liberties.js, 5 declared internal, 21 emitted
  derived contract: a read is a name, not a render — the smoke pins the rendered text for the claims that carry one
  source surface: 22 schema field(s) partitioned, 8 visitor-facing, 10 key(s) on a compiled citation
  flora extents: 48636 land sample(s), 16569 water, 10 unzoned (0.0%) — unzoned ground is planted with NOTHING, never a default community
  flora: 10 zone(s), 155 species record(s); 39 documented claim(s) rest only on sources no agent has retrieved (verified false) — real citations, unread
  fauna: 10 zone(s), 139 species record(s); 40 present and NOT SEEN (audible, trace or imperceptible), 15 recorded as absent or withheld — liberty L2 in the data (of 139 with an attested presence)
  param check: 371 phase(s) resolved
  license check: 736 generated (manifest-tracked), 1 authored/third-party asset(s)
  stale check: 368 asset(s) match their inputs, 0 stale; schemes resolved-params-v3 / resolved-spec-v3, manifest blender 4.5.3
  bake-reach check: 366 committed asset(s) a scene can rebuild
  site check: published tree 27.43 MB of 32 MB budget
  site check: 20 flora file(s) published
  WARN  source berrien_eben_griswold.json: website source without archived_url — several key hosts for this project return 503/403 intermittently; a citation that cannot be re-read is not a citation
  WARN  source buck_pioneer_milwaukee.json: website source without archived_url — several key hosts for this project return 503/403 intermittently; a citation that cannot be re-read is not a citation
  WARN  source buffalo_nehemiah_case.json: website source without archived_url — several key hosts for this project return 503/403 intermittently; a citation that cannot be re-read is not a citation
  WARN  source catholic_chicago_st_cyr_1833.json: website source without archived_url — several key hosts for this project return 503/403 intermittently; a citation that cannot be re-read is not a citation
  WARN  source caton_atlantic_chicago_1893.json: website source without archived_url — several key hosts for this project return 503/403 intermittently; a citation that cannot be re-read is not a citation
  WARN  source chicagology_chicago_brick.json: website source without archived_url — several key hosts for this project return 503/403 intermittently; a citation that cannot be re-read is not a citation
  WARN  source chicagology_wolf_point_walters.json: website source without archived_url — several key hosts for this project return 503/403 intermittently; a citation that cannot be re-read is not a citation
  WARN  source chm_bartlett_diaries.json: website source without archived_url — several key hosts for this project return 503/403 intermittently; a citation that cannot be re-read is not a citation
  WARN  source chm_eliza_chappel.json: website source without archived_url — several key hosts for this project return 503/403 intermittently; a citation that cannot be re-read is not a citation
  WARN  source chm_george_snow_assessor.json: website source without archived_url — several key hosts for this project return 503/403 intermittently; a citation that cannot be re-read is not a citation
  WARN  source chm_ira_couch_portrait.json: website source without archived_url — several key hosts for this project return 503/403 intermittently; a citation that cannot be re-read is not a citation
  WARN  source chm_thomas_owen_papers.json: website source without archived_url — several key hosts for this project return 503/403 intermittently; a citation that cannot be re-read is not a citation
  WARN  source cpl_augustus_garrett_biography.json: website source without archived_url — several key hosts for this project return 503/403 intermittently; a citation that cannot be re-read is not a citation
  WARN  source cpl_buckner_stith_morris_biography 2.json: website source without archived_url — several key hosts for this project return 503/403 intermittently; a citation that cannot be re-read is not a citation
  WARN  source cpl_buckner_stith_morris_biography.json: website source without archived_url — several key hosts for this project return 503/403 intermittently; a citation that cannot be re-read is not a citation
  WARN  source cpl_james_curtiss_biography.json: website source without archived_url — several key hosts for this project return 503/403 intermittently; a citation that cannot be re-read is not a citation
  WARN  source cpl_john_s_wright_papers.json: website source without archived_url — several key hosts for this project return 503/403 intermittently; a citation that cannot be re-read is not a citation
  WARN  source cpn_beaubien_family.json: website source without archived_url — several key hosts for this project return 503/403 intermittently; a citation that cannot be re-read is not a citation
  WARN  source cpn_madore_beaubien.json: website source without archived_url — several key hosts for this project return 503/403 intermittently; a citation that cannot be re-read is not a citation
  WARN  source dalton_1840_chicago_census_index.json: website source without archived_url — several key hosts for this project return 503/403 intermittently; a citation that cannot be re-read is not a citation
  WARN  source desplaines_gardner_brooks.json: website source without archived_url — several key hosts for this project return 503/403 intermittently; a citation that cannot be re-read is not a citation
  WARN  source drloih_chicago_name.json: website source without archived_url — several key hosts for this project return 503/403 intermittently; a citation that cannot be re-read is not a citation
  WARN  source drloih_hotels.json: website source without archived_url — several key hosts for this project return 503/403 intermittently; a citation that cannot be re-read is not a citation
  WARN  source drloih_wolf_point.json: website source without archived_url — several key hosts for this project return 503/403 intermittently; a citation that cannot be re-read is not a citation
  WARN  source dunlap_alva_dunlap_history.json: website source without archived_url — several key hosts for this project return 503/403 intermittently; a citation that cannot be re-read is not a citation
  WARN  source dupage_constant_abbott.json: website source without archived_url — several key hosts for this project return 503/403 intermittently; a citation that cannot be re-read is not a citation
  WARN  source elgin_history_gifford.json: website source without archived_url — several key hosts for this project return 503/403 intermittently; a citation that cannot be re-read is not a citation
  WARN  source encyclopedia_chicago_balloon_frame.json: website source without archived_url — several key hosts for this project return 503/403 intermittently; a citation that cannot be re-read is not a citation
  WARN  source encyclopedia_chicago_biographical_index_d 2.json: website source without archived_url — several key hosts for this project return 503/403 intermittently; a citation that cannot be re-read is not a citation
  WARN  source encyclopedia_chicago_biographical_index_d.json: website source without archived_url — several key hosts for this project return 503/403 intermittently; a citation that cannot be re-read is not a citation
  WARN  source encyclopedia_chicago_biographical_p.json: website source without archived_url — several key hosts for this project return 503/403 intermittently; a citation that cannot be re-read is not a citation
  WARN  source encyclopedia_chicago_church_architecture.json: website source without archived_url — several key hosts for this project return 503/403 intermittently; a citation that cannot be re-read is not a citation
  WARN  source encyclopedia_chicago_food_processing.json: website source without archived_url — several key hosts for this project return 503/403 intermittently; a citation that cannot be re-read is not a citation
  WARN  source encyclopedia_chicago_frederick_thomas.json: website source without archived_url — several key hosts for this project return 503/403 intermittently; a citation that cannot be re-read is not a citation
  WARN  source encyclopedia_chicago_mark_beaubien.json: website source without archived_url — several key hosts for this project return 503/403 intermittently; a citation that cannot be re-read is not a citation
  WARN  source encyclopedia_chicago_medical_pharmaceutical 2.json: website source without archived_url — several key hosts for this project return 503/403 intermittently; a citation that cannot be re-read is not a citation
  WARN  source encyclopedia_chicago_medical_pharmaceutical.json: website source without archived_url — several key hosts for this project return 503/403 intermittently; a citation that cannot be re-read is not a citation
  WARN  source encyclopedia_chicago_newspapers.json: website source without archived_url — several key hosts for this project return 503/403 intermittently; a citation that cannot be re-read is not a citation
  WARN  source encyclopedia_chicago_potawatomis.json: website source without archived_url — several key hosts for this project return 503/403 intermittently; a citation that cannot be re-read is not a citation
  WARN  source first_presbyterian_chicago_1833_1913.json: website source without archived_url — several key hosts for this project return 503/403 intermittently; a citation that cannot be re-read is not a citation
  WARN  source fpdcc_ecosystems.json: website source without archived_url — several key hosts for this project return 503/403 intermittently; a citation that cannot be re-read is not a citation
  WARN  source goodman_history_cook_county_early.json: website source without archived_url — several key hosts for this project return 503/403 intermittently; a citation that cannot be re-read is not a citation
  WARN  source goodman_history_cook_county_hamilton.json: website source without archived_url — several key hosts for this project return 503/403 intermittently; a citation that cannot be re-read is not a citation
  WARN  source hmdb_butterfield_trail.json: website source without archived_url — several key hosts for this project return 503/403 intermittently; a citation that cannot be re-read is not a citation
  WARN  source idnr_tallgrass_plantlist.json: website source without archived_url — several key hosts for this project return 503/403 intermittently; a citation that cannot be re-read is not a citation
  WARN  source illinois_courts_caton_biography.json: website source without archived_url — several key hosts for this project return 503/403 intermittently; a citation that cannot be re-read is not a citation
  WARN  source illinois_wildflowers.json: website source without archived_url — several key hosts for this project return 503/403 intermittently; a citation that cannot be re-read is not a citation
  WARN  source im_canal_albert_dow.json: website source without archived_url — several key hosts for this project return 503/403 intermittently; a citation that cannot be re-read is not a citation
  WARN  source indiana_absalom_reel_1834.json: website source without archived_url — several key hosts for this project return 503/403 intermittently; a citation that cannot be re-read is not a citation
  WARN  source indigenous_chicago_alexander_robinson.json: website source without archived_url — several key hosts for this project return 503/403 intermittently; a citation that cannot be re-read is not a citation
  WARN  source ingale_early_chicago_reminiscence.json: website source without archived_url — several key hosts for this project return 503/403 intermittently; a citation that cannot be re-read is not a citation
  WARN  source jsp_illinois_statutes_gale_imprint.json: website source without archived_url — several key hosts for this project return 503/403 intermittently; a citation that cannot be re-read is not a citation
  WARN  source jsp_russel_heacock_plat.json: website source without archived_url — several key hosts for this project return 503/403 intermittently; a citation that cannot be re-read is not a citation
  WARN  source kane_geneva_andrew_miles.json: website source without archived_url — several key hosts for this project return 503/403 intermittently; a citation that cannot be re-read is not a citation
  WARN  source kaneville_amanda_miner.json: website source without archived_url — several key hosts for this project return 503/403 intermittently; a citation that cannot be re-read is not a citation
  WARN  source lasalle_thomas_covell.json: website source without archived_url — several key hosts for this project return 503/403 intermittently; a citation that cannot be re-read is not a citation
  WARN  source loc_mantowoc_benjamin_jones.json: website source without archived_url — several key hosts for this project return 503/403 intermittently; a citation that cannot be re-read is not a citation
  WARN  source mclean_history_jesse_w_fell 2.json: website source without archived_url — several key hosts for this project return 503/403 intermittently; a citation that cannot be re-read is not a citation
  WARN  source mclean_history_jesse_w_fell.json: website source without archived_url — several key hosts for this project return 503/403 intermittently; a citation that cannot be re-read is not a citation
  WARN  source michigan_frederick_curtenius.json: website source without archived_url — several key hosts for this project return 503/403 intermittently; a citation that cannot be re-read is not a citation
  WARN  source michigan_hh_comstock_history.json: website source without archived_url — several key hosts for this project return 503/403 intermittently; a citation that cannot be re-read is not a citation
  WARN  source migenweb_clark_albee_grand_haven.json: website source without archived_url — several key hosts for this project return 503/403 intermittently; a citation that cannot be re-read is not a citation
  WARN  source mnfi_open_dunes.json: website source without archived_url — several key hosts for this project return 503/403 intermittently; a citation that cannot be re-read is not a citation
  WARN  source norris_chicago_directory_1843.json: website source without archived_url — several key hosts for this project return 503/403 intermittently; a citation that cannot be re-read is not a citation
  WARN  source nps_bailly_homestead.json: website source without archived_url — several key hosts for this project return 503/403 intermittently; a citation that cannot be re-read is not a citation
  WARN  source nwchicago_elijah_wentworth.json: website source without archived_url — several key hosts for this project return 503/403 intermittently; a citation that cannot be re-read is not a citation
  WARN  source ohio_firelands_rouse_bly.json: website source without archived_url — several key hosts for this project return 503/403 intermittently; a citation that cannot be re-read is not a citation
  WARN  source okstate_treaty_chicago_1833.json: website source without archived_url — several key hosts for this project return 503/403 intermittently; a citation that cannot be re-read is not a citation
  WARN  source pal_chicago_incorporation_1835.json: website source without archived_url — several key hosts for this project return 503/403 intermittently; a citation that cannot be re-read is not a citation
  WARN  source pal_gholson_kercheval.json: website source without archived_url — several key hosts for this project return 503/403 intermittently; a citation that cannot be re-read is not a citation
  WARN  source pal_giles_spring.json: website source without archived_url — several key hosts for this project return 503/403 intermittently; a citation that cannot be re-read is not a citation
  WARN  source pal_john_harris_kinzie.json: website source without archived_url — several key hosts for this project return 503/403 intermittently; a citation that cannot be re-read is not a citation
  WARN  source pal_thomas_owen_house.json: website source without archived_url — several key hosts for this project return 503/403 intermittently; a citation that cannot be re-read is not a citation
  WARN  source papers_abraham_lincoln_clinton 2.json: website source without archived_url — several key hosts for this project return 503/403 intermittently; a citation that cannot be re-read is not a citation
  WARN  source papers_abraham_lincoln_clinton.json: website source without archived_url — several key hosts for this project return 503/403 intermittently; a citation that cannot be re-read is not a citation
  WARN  source papers_abraham_lincoln_james_h_collins 2.json: website source without archived_url — several key hosts for this project return 503/403 intermittently; a citation that cannot be re-read is not a citation
  WARN  source papers_abraham_lincoln_james_h_collins.json: website source without archived_url — several key hosts for this project return 503/403 intermittently; a citation that cannot be re-read is not a citation
  WARN  source plainfield_john_temple_report.json: website source without archived_url — several key hosts for this project return 503/403 intermittently; a citation that cannot be re-read is not a citation
  WARN  source porter_curtis_parkes.json: website source without archived_url — several key hosts for this project return 503/403 intermittently; a citation that cannot be re-read is not a citation
  WARN  source presbyterian_history_jeremiah_porter.json: website source without archived_url — several key hosts for this project return 503/403 intermittently; a citation that cannot be re-read is not a citation
  WARN  source rochester_porter_chappel_marriage.json: website source without archived_url — several key hosts for this project return 503/403 intermittently; a citation that cannot be re-read is not a citation
  WARN  source rockford_first_settlers_1835.json: website source without archived_url — several key hosts for this project return 503/403 intermittently; a citation that cannot be re-read is not a citation
  WARN  source talcott_chester_house_1835.json: website source without archived_url — several key hosts for this project return 503/403 intermittently; a citation that cannot be re-read is not a citation
  WARN  source treaty_chicago_1833_statutes.json: website source without archived_url — several key hosts for this project return 503/403 intermittently; a citation that cannot be re-read is not a citation
  WARN  source tsaha_joseph_chadwick.json: website source without archived_url — several key hosts for this project return 503/403 intermittently; a citation that cannot be re-read is not a citation
  WARN  source uiuc_daniel_elston_papers.json: website source without archived_url — several key hosts for this project return 503/403 intermittently; a citation that cannot be re-read is not a citation
  WARN  source warrenville_ezra_galusha.json: website source without archived_url — several key hosts for this project return 503/403 intermittently; a citation that cannot be re-read is not a citation
  WARN  source wheeling_history_timothy_titcomb.json: website source without archived_url — several key hosts for this project return 503/403 intermittently; a citation that cannot be re-read is not a citation
  WARN  source whiteside_elam_tuller.json: website source without archived_url — several key hosts for this project return 503/403 intermittently; a citation that cannot be re-read is not a citation
  WARN  source whs_alson_felch.json: website source without archived_url — several key hosts for this project return 503/403 intermittently; a citation that cannot be re-read is not a citation
  WARN  source whs_elihu_filer_house.json: website source without archived_url — several key hosts for this project return 503/403 intermittently; a citation that cannot be re-read is not a citation
  WARN  source whs_kinzie_agency_house.json: website source without archived_url — several key hosts for this project return 503/403 intermittently; a citation that cannot be re-read is not a citation
  WARN  source wilcox_v_jackson_1839.json: website source without archived_url — several key hosts for this project return 503/403 intermittently; a citation that cannot be re-read is not a citation
  WARN  source will_george_makepeace.json: website source without archived_url — several key hosts for this project return 503/403 intermittently; a citation that cannot be re-read is not a citation
  WARN  source wttw_ira_couch.json: website source without archived_url — several key hosts for this project return 503/403 intermittently; a citation that cannot be re-read is not a citation
  WARN  schema: jsonschema not installed; skipping schema pass (pip install jsonschema). Semantic checks still ran.
  WARN  structure beaubien_barn/converted_1817: documented_range spans 19 years and is not documented — Chicago changed fast in this period; narrow it to what is attested rather than widening it to pass
  WARN  structure blacksmith_shop_state_st/log_1823: documented_range spans 13 years and is not documented — Chicago changed fast in this period; narrow it to what is attested rather than widening it to pass
  WARN  structure chicago_lighthouse_1832/tower_1832: documented_range spans 27 years and is not documented — Chicago changed fast in this period; narrow it to what is attested rather than widening it to pass
  WARN  structure cobweb_castle/log_1820: documented_range spans 16 years and is not documented — Chicago changed fast in this period; narrow it to what is attested rather than widening it to pass
  WARN  structure fort_dearborn_artillery_house/log_1816: documented_range spans 40 years and is not documented — Chicago changed fast in this period; narrow it to what is attested rather than widening it to pass
  WARN  structure fort_dearborn_barracks/log_1816: documented_range spans 40 years and is not documented — Chicago changed fast in this period; narrow it to what is attested rather than widening it to pass
  WARN  structure fort_dearborn_blockhouse/log_1816: documented_range spans 40 years and is not documented — Chicago changed fast in this period; narrow it to what is attested rather than widening it to pass
  WARN  structure fort_dearborn_commandants_quarters/brick_1816: documented_range spans 40 years and is not documented — Chicago changed fast in this period; narrow it to what is attested rather than widening it to pass
  WARN  structure fort_dearborn_garrison_garden/fence_1816: documented_range spans 20 years and is not documented — Chicago changed fast in this period; narrow it to what is attested rather than widening it to pass
  WARN  structure fort_dearborn_guard_house/log_1816: documented_range spans 40 years and is not documented — Chicago changed fast in this period; narrow it to what is attested rather than widening it to pass
  WARN  structure fort_dearborn_magazine/brick_1816: documented_range spans 40 years and is not documented — Chicago changed fast in this period; narrow it to what is attested rather than widening it to pass
  WARN  structure fort_dearborn_officers_quarters/log_1816: documented_range spans 40 years and is not documented — Chicago changed fast in this period; narrow it to what is attested rather than widening it to pass
  WARN  structure fort_dearborn_palisade/picket_1816: documented_range spans 33 years and is not documented — Chicago changed fast in this period; narrow it to what is attested rather than widening it to pass
  WARN  structure fort_dearborn_parade/parade_1816: documented_range spans 40 years and is not documented — Chicago changed fast in this period; narrow it to what is attested rather than widening it to pass
  WARN  structure fort_dearborn_root_house/cellar_1816: documented_range spans 20 years and is not documented — Chicago changed fast in this period; narrow it to what is attested rather than widening it to pass
  WARN  structure fort_dearborn_store_house/log_1816: documented_range spans 40 years and is not documented — Chicago changed fast in this period; narrow it to what is attested rather than widening it to pass
  WARN  structure fort_dearborn_sutlers_store/log_1816: documented_range spans 40 years and is not documented — Chicago changed fast in this period; narrow it to what is attested rather than widening it to pass
  WARN  structure jb_beaubien_homestead/factory_1817: documented_range spans 19 years and is not documented — Chicago changed fast in this period; narrow it to what is attested rather than widening it to pass
  WARN  evidence ladder: 18 documented value(s) rest on no source at tier 3 or better — later scholarship only, with no period document, eyewitness recollection or compilation from testimony behind them: ground e1834_harbor_cut surface_materials.south_division east of State St, ground e1834_harbor_cut surface_materials.south_division west of State St, structure chicago_lighthouse_1832/tower_1832 form.lantern, structure cook_county_courthouse_1835 function and 14 more. Either the values are over-graded or the sources are under-tiered; both are research, and regrading a confidence stales a mesh. See docs/STATUS.md § 43
  WARN  resident household hh_davis_john: arrival '1835' at 'year' precision straddles the scene date 1835-07-01 - the household may or may not have been here. Narrow the precision if the evidence allows, and say so in the note if it does not
  WARN  resident household hh_haddock_edward: arrival '1835' at 'year' precision straddles the scene date 1835-07-01 - the household may or may not have been here. Narrow the precision if the evidence allows, and say so in the note if it does not
  FAIL  source cpl_buckner_stith_morris_biography 2.json: id 'cpl_buckner_stith_morris_biography' does not match filename stem
  FAIL  source dupage_history_david_brookins 2.json: id 'dupage_history_david_brookins' does not match filename stem
  FAIL  source encyclopedia_chicago_biographical_index_d 2.json: id 'encyclopedia_chicago_biographical_index_d' does not match filename stem
  FAIL  source encyclopedia_chicago_medical_pharmaceutical 2.json: id 'encyclopedia_chicago_medical_pharmaceutical' does not match filename stem
  FAIL  source lasalle_history_james_mcfadden 2.json: id 'lasalle_history_james_mcfadden' does not match filename stem
  FAIL  source mclean_history_jesse_w_fell 2.json: id 'mclean_history_jesse_w_fell' does not match filename stem
  FAIL  source mower_history_alanson_vaughan 2.json: id 'mower_history_alanson_vaughan' does not match filename stem
  FAIL  source papers_abraham_lincoln_clinton 2.json: id 'papers_abraham_lincoln_clinton' does not match filename stem
  FAIL  source papers_abraham_lincoln_james_h_collins 2.json: id 'papers_abraham_lincoln_james_h_collins' does not match filename stem
  FAIL  structure recon_1835_blk_south_water_lasalle_a1_14: id does not match filename stem 'recon_1835_blk_south_water_lasalle_a1_14 2'
  FAIL  structure recon_1835_blk_south_water_lasalle_a2_15: id does not match filename stem 'recon_1835_blk_south_water_lasalle_a2_15 2'
  FAIL  structure recon_1835_blk_south_water_lasalle_c3_13: id does not match filename stem 'recon_1835_blk_south_water_lasalle_c3_13 2'
  FAIL  structure recon_1835_blk_south_water_lasalle_d1_08: id does not match filename stem 'recon_1835_blk_south_water_lasalle_d1_08 2'
  FAIL  structure recon_1835_blk_south_water_lasalle_d2_09: id does not match filename stem 'recon_1835_blk_south_water_lasalle_d2_09 2'
  FAIL  source andreas_history_chicago_william_p_cleaveland.json: graded tier 2 (near-primary recollection) while dating its own retrieval ('accessed 2026-09-02') — a rung at or above 3 belongs to a document, not to a page that reprints one, so declare the document in `transcribes`
  FAIL  source kane_history_gideon_young_naperville.json: graded tier 2 (near-primary recollection) while dating its own retrieval ('accessed 2026-09-02') — a rung at or above 3 belongs to a document, not to a page that reprints one, so declare the document in `transcribes`
  FAIL  source michigan_city_history_william_teall.json: graded tier 2 (near-primary recollection) while dating its own retrieval ('accessed 2026-09-02') — a rung at or above 3 belongs to a document, not to a page that reprints one, so declare the document in `transcribes`
  FAIL  source rockford_history_charles_works.json: graded tier 2 (near-primary recollection) while dating its own retrieval ('accessed 2026-09-02') — a rung at or above 3 belongs to a document, not to a page that reprints one, so declare the document in `transcribes`
  FAIL  source ushouse_james_h_woodworth.json: graded tier 1 (period/eyewitness) while dating its own retrieval ('accessed 2026-09-02') — a rung at or above 3 belongs to a document, not to a page that reprints one, so declare the document in `transcribes`
  FAIL  source ushouse_john_reynolds_illinois.json: graded tier 2 (near-primary recollection) while dating its own retrieval ('accessed 2026-09-02') — a rung at or above 3 belongs to a document, not to a page that reprints one, so declare the document in `transcribes`
  FAIL  licenses: assets/gltf/recon_1835_blk_south_water_lasalle_a1_14__inferred_1835 2.glb is not in assets/manifest.json — no recorded bake produced it
  FAIL  licenses: assets/gltf/recon_1835_blk_south_water_lasalle_d3_10__inferred_1835 2.glb is not in assets/manifest.json — no recorded bake produced it
  FAIL  licenses: assets/web/recon_1835_blk_south_water_lasalle_d1_08__inferred_1835 2.glb is not in assets/manifest.json — no recorded bake produced it
  FAIL  licenses: assets/web/recon_1835_blk_south_water_lasalle_d3_10__inferred_1835 2.glb is not in assets/manifest.json — no recorded bake produced it
  FAIL  stale: assets/gltf/recon_1835_blk_south_water_lasalle_a1_14__inferred_1835 2.glb is not in manifest.json — it was not produced by a tracked bake
  FAIL  stale: assets/gltf/recon_1835_blk_south_water_lasalle_d3_10__inferred_1835 2.glb is not in manifest.json — it was not produced by a tracked bake

FAIL  26 error(s), 117 warning(s)
[31m   ^ dataset (schema, provenance, date gates, licenses, staleness, publish) failed[0m

[1m== validator self-tests[0m
validator tests

test_date_gate_excludes_later_building:
  pass  1836 building excluded from an 1835 scene
  pass  date gate produces no error for a legitimate exclusion

test_overlapping_phases_are_an_error:
  pass  two phases covering one scene date is a hard error

test_epoch_must_cover_scene_date:
  pass  scene date outside its terrain epoch is an error
  pass  unresolvable terrain epoch is an error

test_review_required_blocks_release:
  pass  review_required blocks a scene from being released

test_a_flagged_household_blocks_release:
  pass  a flagged household blocks a scene from being released
  pass  a flagged PERSON blocks a scene from being released
  pass  an unflagged household does not block release

test_exclusions_cannot_contradict_the_dataset:
  pass  a structure both excluded and resolving into the scene is an error

test_an_exclusion_expires_at_its_own_earliest_scene:
  pass  an 1837 building is legitimately excluded from an 1835 scene
  pass  the same entry excluded from its own earliest scene is an error

test_exclusions_carry_a_reason_and_a_citation_that_resolves:
  pass  a named, reasoned, cited exclusion passes
  pass  a citation that resolves in no source record is an error
  pass  excluding a structure with no citation at all is an error
  pass  an exclusion with no stated reason is a deletion, and an error

test_the_watch_list_stops_a_promotion_it_only_used_to_ask_for:
  pass  an open question on an inferred claim passes
  pass  the same claim promoted to documented is an error
  pass  an entry in the dataset that does not name the claim carrying the doubt fails
  pass  carried_by naming a phase the record does not have is an error
  pass  carried_by naming something that is not a graded claim is an error
  pass  declaring in_dataset with no such record is an error
  pass  a committed record the entry still calls unbuilt is an error
  pass  a citation that resolves in no source record is an error
  pass  no sources and no stated reason for having none is an error
  pass  no sources WITH the reason stated passes
  pass  a dossier file that is not committed is an error
  pass  a dossier anchor that is not in the file is an error
  pass  an entry with no question at all is an error
  pass  an id that is both excluded and an open question is an error
  pass  carried_by naming a claim the provenance card renders no section for is an error
  pass  carried_by naming a block that carries no confidence of its own is an error
  pass  carried_by naming the footprint, which the card does render, passes
  pass  every claim the map pairs with a card section is one the card reads

test_confidence_contract:
  pass  documented without a source is an error
  pass  documented citing an unresolvable source is an error
  pass  derived without stated reasoning is an error
  pass  derived with reasoning passes
  pass  inferred citing the source that bounds it is fine
  pass  inferred without stated reasoning is still an error

test_wide_range_rule_targets_guesses_not_facts:
  pass  a documented 20-year span does not warn (the Sauganash stood that long)
  pass  an undocumented 40-year span warns
  pass  a reversed range is an error

test_presence_is_held_to_the_confidence_contract:
  pass  a documented span with no source is an error
  pass  a documented span citing a resolving source passes
  pass  an inferred span with reasoning and no source passes

test_the_card_is_fed_the_claims_it_renders:
  pass  the 1835 scene has sidecars to check
  pass  the card reads documented_range
  pass  every 1835 sidecar carries documented_range
  pass  the card reads change_note
  pass  every 1835 sidecar carries change_note
  pass  the card reads placement.position_note
  pass  every 1835 sidecar carries placement.position_note
  pass  the card reads placement.position_sources
  pass  every 1835 sidecar carries placement.position_sources
  pass  the card reads placement.position_confidence
  pass  every 1835 sidecar carries placement.position_confidence
  pass  every 1835 sidecar states a dated span and how sure it is

test_liberties_cover_inferred_inventions:
  pass  an inferred footprint with no liberty at all is an error
  pass  an inferred position with no liberty at all is an error
  pass  claiming the footprint and the placement satisfies the check
  pass  prose about footprints and placement does not cover them — only a claim does
  pass  the error says which liberties do name the building
  pass  the error shows the Covers token that would fix it
  pass  a phase-scoped claim does not silently cover a sibling phase
  pass  a structure-scoped claim covers every phase that drew that aspect
  pass  a claim against a structure that does not exist is an error
  pass  a claim against a phase that does not exist is an error
  pass  claiming an invention that the data no longer contains is an error
  pass  the same claim under Resolved is not an error — evidence is allowed to arrive
  pass  an empty liberties file is an error, not a silent pass

test_liberties_cover_invented_form:
  pass  an inferred form attribute with no claim is an error
  pass  owning up to the geometry does not cover what the record says the building was
  pass  the error shows the form token that would fix it
  pass  claiming the form attribute satisfies the check
  pass  a documented form attribute is never required to be claimed
  pass  claiming an attribute that is not inferred is an error

test_geometry_declaration_is_required_for_unread_attributes:
  pass  an attribute the archetype never reads must declare what the mesh does
  pass  an attribute the archetype does read needs no declaration
  pass  declaring geometry on an attribute the archetype builds is an error
  pass  admitting to omitting a value the record says is false is an error
  pass  a rejected reading declares record_only and passes
  pass  a geometry state outside the vocabulary is an error
  pass  an archetype with no declared CONSUMED set is skipped, not indicted

test_liberties_cover_omissions_and_simplifications:
  pass  an attested feature the mesh omits with no liberty is an error
  pass  a value a fixed default stands in for is an error too
  pass  the error says the model does not show what the record states
  pass  a rejected reading owes no admission
  pass  an attribute the archetype builds owes no admission
  pass  claiming both discharges them
  pass  claiming to have omitted something that is built is an error
  pass  with no CONSUMED map the omission rule reports nothing rather than guessing

test_liberties_cover_what_the_ground_invents:
  pass  an inferred bank face with no liberty at all is an error
  pass  an inferred swale with no liberty at all is an error
  pass  the error quotes the token that would discharge it
  pass  a documented ground claim owes no admission
  pass  claiming both ground inventions satisfies the check
  pass  a claim against another epoch does not discharge this one's invention
  pass  and the claim against an epoch that is not committed is itself an error
  pass  claiming to have invented a documented ground claim is an error
  pass  a resolved entry may keep a claim the evidence has settled
  pass  a claim on a block the spec does not grade is an error
  pass  a ground admission does not cover a building's invented outline
  pass  and the ground's own claims stay discharged while it fails
  pass  with no terrain index the ground rule reports nothing rather than guessing

test_the_checked_ground_is_the_ground_on_the_panel:
  pass  the index is built off the compiler the panel renders from
  pass  a zone added to the spec is owed an admission the day it appears
  pass  and the gate demands it by name

test_the_committed_ground_admits_to_everything_it_invents:
  pass  the committed terrain states inventions a visitor walks on
  pass  and docs/LIBERTIES.md admits to every one of them

test_archetypes_declare_what_they_consume:
  pass  every params module declares a CONSUMED set
  pass  the shipped archetypes are covered
  pass  the sets name real parameters, not prose

test_consumed_attributes_actually_reach_the_parameters:
  pass  every consumed attribute the records state changes the parameters
  pass  the check had real attributes to exercise
  pass  an attribute the resolver ignores does not move the parameters
  pass  an attribute the resolver reads does

test_covers_field_parses_to_claims:
  pass  a two-segment token covers the structure, not one phase
  pass  a three-segment token names its phase
  pass  well-formed tokens report no problems
  pass  a form token keeps its prefix as part of the aspect
  pass  a form token without a phase covers the structure
  pass  well-formed form tokens report no problems
  pass  a terrain token parses into the terrain domain, not into a structure
  pass  a ground claim keeps the group its id carries
  pass  well-formed terrain tokens report no problems
  pass  both domains round-trip to the text the document wrote
  pass  a terrain token without an epoch is reported, not read as a structure
  pass  a terrain token naming no claim is reported
  pass  an aspect outside the vocabulary is reported
  pass  a bare structure id is reported
  pass  prose in a Covers field is reported, not silently parsed
  pass  a Covers field that claims nothing is reported

test_mesh_input_hash_tracks_geometry_not_prose:
  pass  rewriting a note does not make a mesh stale
  pass  a geometry declaration does not make a mesh stale
  pass  adding a source citation does not make a mesh stale
  pass  the phase's own prose does not make a mesh stale
  pass  a value the archetype reads makes the mesh stale
  pass  a confidence change makes the mesh stale, because it is shaded into the geometry
  pass  a redrawn footprint makes the mesh stale
  pass  renaming an attribute to the name the archetype reads is a rebuild
  pass  the derived properties are inside the hash

test_manifest_declares_the_scheme_the_generators_compute:
  pass  the committed manifest was stamped under the current scheme

test_ground_contact_measures_the_whole_outline:
  pass  a building on flat ground lands
  pass  a building whose far corner hangs over a drop does not land

test_ground_contact_tolerance_is_the_step_up_rule:
  pass  a step a person could take is not a finding
  pass  a step a person could not take is

test_ground_contact_of_a_crossing_is_its_deck:
  pass  a deck 2.22 m over banks 1.0 m high does not land
  pass  the same deck at bank height lands, and the water between is not counted

test_ground_contact_declaration_is_checked_both_ways:
  pass  a structure standing off the ground and saying nothing is an error
  pass  declaring it satisfies the check
  pass  declaring it while sitting on the ground is an error too
  pass  a state with no reasoning is an error

test_ground_contact_owes_the_liberties_document_an_entry:
  pass  a structure that reaches no ground and no liberty saying so is an error
  pass  claiming it satisfies the check
  pass  claiming a landing that is fine is an over-claim

test_the_renderer_cannot_read_a_sidecar_field_the_compiler_never_writes:
  pass  a field the compiler writes is read without complaint
  pass  a field no sidecar carries is caught
  pass  a name bound to a sidecar block is followed into its fields
  pass  resolution stops at a value rather than reading into it
  pass  reusing a name bound to a value cannot invent a missing field
  pass  a chain read straight off record.sidecar needs no binding
  pass  a field named in a comment is not a read of it
  pass  the scan still finds the renderer's real reads
  pass  the popup asks the sidecar whether the building was here
  pass  and no longer asks it whether the mesh is a placeholder

test_the_ground_is_held_to_the_rules_a_record_answers_to:
  pass  a cited documented claim passes
  pass  a citation that resolves in no source record is an error
  pass  documented with no source is an error, as it is on a record
  pass  a land elevation claiming to be documented is an error
  pass  inferred with no reasoning is an error, as it is on a record
  pass  inferred with reasoning passes
  pass  a zone nobody has heard of is checked the day it is added

test_the_panel_shows_what_the_spec_grades:
  pass  the committed spec yields claims
  pass  the water plane is documented and the bank face is not
  pass  a block that grades itself under another key is not dropped
  pass  a claim carries the spec's own figures and not its geometry
  pass  the compiled ground doc carries the spec's caveat verbatim
  pass  and the relief a visitor is told about is measured, not asserted

test_writing_a_ground_claims_reasoning_costs_no_bake:
  pass  the committed spec really does carry prose (else this proves nothing)
  pass  and none of it survives into the input document
  pass  the copy hashes the same as the epoch it was copied from
  pass  rewriting every note, caveat and citation in the spec changes it
  pass  ...and the ground does not go stale for it
  pass  nor for a note rewritten on a traced bank line
  pass  moving the bank face by a metre DOES stale the ground
  pass  and a zone nobody had heard of is a mesh input the day it is added

test_the_ground_must_say_what_it_does_not_build:
  pass  a stated figure the generator never reads, undeclared, is an error
  pass  a figure the generator does read owes no declaration
  pass  and a declared one is accepted
  pass  a declaration outside the vocabulary is an error
  pass  declaring an omission over a figure the ground IS built from is an error
  pass  a graded block CONSUMED says nothing about is an error, not a pass

test_an_unbuilt_ground_figure_owes_the_document_an_admission:
  pass  a soil the ground is not made of, unclaimed, is an error
  pass  a record_only figure owes the document nothing
  pass  claiming it satisfies the check
  pass  claiming a block that is neither invented nor unbuilt is still an error

test_declared_terrain_reads_are_real_reads:
  pass  every key declared consumed is actually read by the generator
  pass  the scan can tell the difference (it is a regex, so prove it can fail)

test_terrain_prose_is_not_read_by_the_generator:
  pass  no generator reads a key the terrain hash strips
  pass  the scan can see a read at all (it is a regex, so prove it fires)

test_a_restatement_is_held_to_the_half_it_restates:
  pass  a crest that stopped matching the level the ramp is built to is an error
  pass  and agreeing passes
  pass  a water surface the committed ground does not have is an error
  pass  and the committed zero passes
  pass  declaring the state with no named second half is an error
  pass  a restatement declared as something that owes nothing is an error

test_a_prose_restatement_is_pinned_to_the_line_it_describes:
  pass  the ease-out the spec describes is in the generator
  pass  a line that is not there is an error
  pass  a phrase that lives only in a comment does not satisfy the scan
  pass  stripping comments leaves string literals alone
  pass  and leaves the line structure where it was

test_a_placement_is_recomputed_from_its_control:
  pass  a corner lot standing on both frontages passes
  pass  the same building 3 m off its frontage is an error
  pass  a building rotated onto its lot passes
  pass  the unrotated origin at the same coordinate is an error
  pass  coordinates with no derivation at all is an error
  pass  not_derivable without a reason is an error
  pass  not_derivable WITH a reason passes
  pass  a control that does not resolve is an error
  pass  a kerb on the wrong axis of its street is an error
  pass  control with no node ids and no stated gap is an error
  pass  the same control saying so passes
  pass  node ids with no street names to re-derive the set from is an error
  pass  node ids with no lat/lon is an error
  pass  a deck landing on both traced banks passes
  pass  a deck a metre short of the bank is an error
  pass  a variance from control that is not the declared one is an error
  pass  a declared variance with nothing explaining it is an error

test_the_module_is_held_to_the_sheets_it_was_measured_off:
  pass  a measurement whose metres come out of its pixels passes
  pass  a width edited away from its own pixels is an error
  pass  a summary that no longer matches its readings is an error
  pass  a source the measurement cites and the repository does not have is an error
  pass  a corridor with less open ground in it than a block face is an error
  pass  a corridor committed without the reading that classified it is an error
  pass  a corridor whose shorter boundary stops before a block face is an error
  pass  a file that states no method cannot hold its corridors to one
  pass  a corridor named after the street its control lands on passes
  pass  a name whose offset does not come back out of the pixels is an error
  pass  a name given to a corridor further off than the method allows is an error
  pass  a corridor named after a street that runs ALONG the traverse is an error
  pass  a name resting on control the repository does not have is an error
  pass  a control point moved since it was measured is an error
  pass  a datum exposure priced against a pixel that has moved is an error
  pass  a module the sheets exclude is an error even when the file is otherwise clean

test_the_ladder_is_read_from_the_schema_and_covers_every_rung:
  pass  every rung the schema validates has words for it
  pass  the rungs read as the schema writes them
  pass  a ladder missing a rung the schema accepts raises

test_a_documented_value_may_not_rest_on_a_retrospective_alone:
  pass  documented on a tier-5 reconstruction alone is an error
  pass  a second retrospective is not corroboration up the ladder
  pass  a period source with a retrospective cross-check is not an error
  pass  a retrospective may still carry a value to inferred

test_an_outline_is_not_traced_from_a_picture:
  pass  an inferred footprint citing a tier-5 picture is an error
  pass  a position from the same map is not an error

test_a_source_may_not_declare_a_use_its_rung_does_not_support:
  pass  asset_use geometry on a tier-5 source is an error

test_documented_on_later_scholarship_alone_is_counted_not_failed:
  pass  documented on tier 4 alone warns rather than fails
  pass  and it is counted and named
  pass  a compilation from pioneer testimony clears it

test_the_ground_is_held_to_the_same_ladder:
  pass  a documented ground claim on a tier-5 source alone is an error

test_the_card_says_what_a_tier_is:
  pass  a joined citation carries its rung in words
  pass  the committed sidecar ships the label the card renders

test_a_rung_belongs_to_a_document_not_to_the_page_that_reprints_it:
  pass  a page claiming a testimony rung and declaring nothing is an error
  pass  the same page at tier 4 is unread rather than wrong
  pass  and it is counted rather than ignored
  pass  declaring the document it carries clears it

test_the_tier_is_derived_from_the_declaration_and_not_typed_beside_it:
  pass  a rung better than anything it transcribes is an error
  pass  and so is a rung worse than one, because apparatus does not go here
  pass  the best rung is what the record claims

test_a_declaration_says_what_the_document_carries:
  pass  a declaration naming no claim is an error
  pass  and a document dated by when we fetched it is not placed on the ladder at all

test_a_page_that_was_read_and_reprints_nothing_says_so:
  pass  a page read and found to carry nothing is not an error
  pass  and it is counted apart from the unread ones
  pass  a testimony rung over a page that reprints nothing is an error
  pass  and a page cannot both reprint a document and reprint none
  pass  a record that IS its document is describing the wrong page

test_a_record_that_dates_a_document_needs_no_declaration:
  pass  a record dating its document rather than its fetch is outside the rule

test_a_field_written_for_a_reader_has_to_reach_one:
  pass  the well-formed case passes
  pass  a schema field in neither half of the partition fails
  pass  and a partition naming a field the schema dropped fails too
  pass  a visitor-facing field no compiled citation carries fails
  pass  a visitor field no record carries yet is not an error
  pass  a citation shipping a field declared internal fails
  pass  a field compiled into the citation and never rendered fails
  pass  a field named only in a comment is not rendered

test_a_derived_document_is_an_interface_too:
  pass  the well-formed case passes
  pass  a field compiled and never read fails
  pass  a declared root reading a field the document lacks fails
  pass  a field declared internal that the module does read fails
  pass  a partition naming a field the compiler dropped fails
  pass  a field named only in a comment is not rendered
  pass  a root bound where the document has nothing fails
  pass  the shape is unioned over every committed copy

test_a_resident_who_arrived_after_the_scene_date_is_not_in_the_scene:
  pass  an arrival after the scene date is an error
  pass  a year-precision arrival wholly after the scene date is an error
  pass  an arrival straddling the scene date warns rather than fails
  pass  an arrival before the scene date passes

test_the_accuracy_grade_is_a_closed_vocabulary_and_recommended_is_gone:
  pass  a grade of 'recommended' names the rename
  pass  an unknown grade is an error
  pass  grade 'attested' is accepted
  pass  grade 'inferred' is accepted
  pass  grade 'reconstructed' is accepted
  pass  a reconstructed person without a name_basis is an error
  pass  an invented name cannot claim to be attested
  pass  an attested person may not carry a name_basis

test_each_grade_owes_what_it_claims:
  pass  a documented person with no source is an error
  pass  a person citing an unresolvable source is an error
  pass  a derived person with no reasoning is an error
  pass  an inferred person with no reasoning is an error
  pass  an inferred person citing a source warns

test_a_resident_points_at_a_real_building_or_at_nothing:
  pass  works_at naming a structure that does not exist is an error
  pass  a person-level link is held to the same rule
  pass  a null link with no note is an error
  pass  a null link with a note passes

test_a_household_is_a_household:
  pass  two heads is an error
  pass  a head who is not in the household is an error
  pass  the same person id in two households is an error
  pass  an occupation outside the period-correct vocabulary is an error

test_presence_and_the_removal_flag_are_claims_that_owe_reasoning:
  pass  an uncertain presence with no note is an error
  pass  a presence outside the vocabulary is an error
  pass  a household touching the removal must block release

test_the_residents_manifest_cannot_drift_from_its_records:
  pass  a manifest head disagreeing with the record is an error
  pass  a manifest person count disagreeing with the records is an error
  pass  a manifest grade tally disagreeing with the record is an error
  pass  a manifest that under-declares the arrival precisions is an error
  pass  a manifest entry pointing at a missing file is an error
  pass  a researched-and-excluded person owes a reason, a note and resolving sources

test_a_species_says_which_side_of_the_waterline_it_stands_on:
  pass  the cattail as recorded is legal
  pass  an emergent that does not say where it roots is an error
  pass  a substrate outside the published vocabulary is an error
  pass  a floating-leaved aquatic is legal in a zone that reaches the water
  pass  the same aquatic in a zone that never reaches water is an error
  pass  a water buffer that starts on the bank does not count as water either

test_real_dataset_passes:
  FAIL  the committed dataset validates clean — elongs to a document, not to a page that reprints one, so declare the document in `transcribes`
  FAIL  source ushouse_john_reynolds_illinois.json: graded tier 2 (near-primary recollection) while dating its own retrieval ('accessed 2026-09-02') — a rung at or above 3 belongs to a document, not to a page that reprints one, so declare the document in `transcribes`

FAIL  20 error(s), 117 warning(s)


FAIL — 1 check(s) failed: the committed dataset validates clean
[31m   ^ validator self-tests failed[0m

[1m== no committed file carries a conflict marker[0m
  ok    no conflict marker in any of 5527 tracked file(s) under chicago/4d and site/chicago/4d

[1m== …and its own assertions still fire when broken[0m

[1m== …and its own assertions still fire when broken[0m
  ok    an opening marker is caught
  ok    a closing marker is caught
  ok    a bare divider is caught
  ok    a divider with trailing whitespace is still caught
  ok    a markdown heading underline is NOT a marker
  ok    a table rule is NOT a marker
  ok    an indented divider is NOT a marker
  ok    prose mentioning a marker mid-line is NOT caught
  ok    this file does not trip its own scan

SELF-TEST PASS

[1m== inferred infill records match the 665-roof programme[0m
verified 48 inferred anonymous South Division records (40 principal, 8 ancillary)

[1m== North Division initial parcel matches its reviewed recipe[0m
verified 60 inferred anonymous North Division records (45 principal, 15 ancillary)

[1m== West Division approaches parcel matches its recipe[0m
verified 20 inferred anonymous West Division records (15 principal, 5 ancillary); 35 held for terrain west of E -300 m

[1m== platted block parcels match their recipe and the committed lots[0m
PLATTED BLOCK INFILL DRIFT
  - data/structures/recon_1835_blk_south_water_lasalle_a1_14 2.json is not in any block recipe
  - data/structures/recon_1835_blk_south_water_lasalle_a2_15 2.json is not in any block recipe
  - data/structures/recon_1835_blk_south_water_lasalle_c3_13 2.json is not in any block recipe
  - data/structures/recon_1835_blk_south_water_lasalle_d1_08 2.json is not in any block recipe
  - data/structures/recon_1835_blk_south_water_lasalle_d2_09 2.json is not in any block recipe
[31m   ^ platted block parcels match their recipe and the committed lots failed[0m

[1m== inferred households, adoptions and their buildings match the programme[0m
INFERRED HOUSEHOLD PROGRAMME DRIFT
  - data/residents/households/hh_inf_baker_south_01.json is missing
  - data/residents/households/hh_inf_barber_surgeon_south_01.json is missing
  - data/residents/households/hh_inf_blacksmith_north_02.json is missing
  - data/residents/households/hh_inf_blacksmith_south_01.json is missing
  - data/residents/households/hh_inf_blacksmith_west_03.json is missing
  - data/residents/households/hh_inf_boarding_house_keeper_north_01.json is missing
  - data/residents/households/hh_inf_boarding_house_keeper_north_02.json is missing
  - data/residents/households/hh_inf_boarding_house_keeper_north_03.json is missing
  - data/residents/households/hh_inf_boatman_north_01.json is missing
  - data/residents/households/hh_inf_boatman_north_02.json is missing
  - data/residents/households/hh_inf_boatman_north_03.json is missing
  - data/residents/households/hh_inf_brickmaker_north_01.json is missing
  - data/residents/households/hh_inf_butcher_south_01.json is missing
  - data/residents/households/hh_inf_carpenter_north_05.json is missing
  - data/residents/households/hh_inf_carpenter_north_06.json is missing
  - data/residents/households/hh_inf_carpenter_north_07.json is missing
  - data/residents/households/hh_inf_carpenter_north_08.json is missing
  - data/residents/households/hh_inf_carpenter_north_09.json is missing
  - data/residents/households/hh_inf_carpenter_north_10.json is missing
  - data/residents/households/hh_inf_carpenter_south_01.json is missing
  - data/residents/households/hh_inf_carpenter_south_02.json is missing
  - data/residents/households/hh_inf_carpenter_south_03.json is missing
  - data/residents/households/hh_inf_carpenter_south_04.json is missing
  - data/residents/households/hh_inf_carpenter_south_11.json is missing
  - data/residents/households/hh_inf_carpenter_south_12.json is missing
  - data/residents/households/hh_inf_carpenter_south_13.json is missing
  - data/residents/households/hh_inf_carpenter_south_14.json is missing
  - data/residents/households/hh_inf_carpenter_south_15.json is missing
  - data/residents/households/hh_inf_carpenter_south_16.json is missing
  - data/residents/households/hh_inf_carpenter_south_17.json is missing
  - data/residents/households/hh_inf_carpenter_south_18.json is missing
  - data/residents/households/hh_inf_carpenter_south_19.json is missing
  - data/residents/households/hh_inf_carpenter_south_20.json is missing
  - data/residents/households/hh_inf_clerk_north_03.json is missing
  - data/residents/households/hh_inf_clerk_south_01.json is missing
  - data/residents/households/hh_inf_clerk_south_02.json is missing
  - data/residents/households/hh_inf_cooper_north_04.json has drifted from the household programme
  - data/residents/households/hh_inf_cooper_south_01.json is missing
  - data/residents/households/hh_inf_cooper_south_02.json is missing
  - data/residents/households/hh_inf_cooper_south_03.json is missing
  - data/residents/households/hh_inf_domestic_north_01.json is missing
  - data/residents/households/hh_inf_domestic_north_02.json is missing
  - data/residents/households/hh_inf_domestic_north_03.json is missing
  - data/residents/households/hh_inf_domestic_north_04.json is missing
  - data/residents/households/hh_inf_drover_south_01.json is missing
  - data/residents/households/hh_inf_grocer_north_03.json is missing
  - data/residents/households/hh_inf_grocer_south_01.json is missing
  - data/residents/households/hh_inf_grocer_south_02.json is missing
  - data/residents/households/hh_inf_grocer_west_04.json is missing
  - data/residents/households/hh_inf_gunsmith_south_01.json is missing
  - data/residents/households/hh_inf_harness_maker_south_01.json is missing
  - data/residents/households/hh_inf_joiner_north_02.json has drifted from the household programme
  - data/residents/households/hh_inf_joiner_south_01.json is missing
  - data/residents/households/hh_inf_labourer_north_03.json is missing
  - data/residents/households/hh_inf_labourer_north_04.json is missing
  - data/residents/households/hh_inf_labourer_north_05.json is missing
  - data/residents/households/hh_inf_labourer_north_06.json is missing
  - data/residents/households/hh_inf_labourer_north_07.json is missing
  - data/residents/households/hh_inf_labourer_north_08.json is missing
  - data/residents/households/hh_inf_labourer_north_09.json is missing
  - data/residents/households/hh_inf_labourer_north_10.json is missing
  - data/residents/households/hh_inf_labourer_south_01.json is missing
  - data/residents/households/hh_inf_labourer_south_02.json is missing
  - data/residents/households/hh_inf_labourer_south_13.json is missing
  - data/residents/households/hh_inf_labourer_south_15.json is missing
  - data/residents/households/hh_inf_labourer_south_16.json is missing
  - data/residents/households/hh_inf_labourer_south_17.json is missing
  - data/residents/households/hh_inf_labourer_south_18.json is missing
  - data/residents/households/hh_inf_labourer_south_19.json is missing
  - data/residents/households/hh_inf_labourer_south_20.json is missing
  - data/residents/households/hh_inf_labourer_south_21.json is missing
  - data/residents/households/hh_inf_labourer_south_22.json is missing
  - data/residents/households/hh_inf_labourer_south_23.json is missing
  - data/residents/households/hh_inf_labourer_west_11.json is missing
  - data/residents/households/hh_inf_labourer_west_12.json is missing
  - data/residents/households/hh_inf_labourer_west_14.json is missing
  - data/residents/households/hh_inf_laundress_north_02.json is missing
  - data/residents/households/hh_inf_laundress_north_03.json is missing
  - data/residents/households/hh_inf_laundress_south_01.json is missing
  - data/residents/households/hh_inf_mason_north_03.json is missing
  - data/residents/households/hh_inf_mason_north_04.json is missing
  - data/residents/households/hh_inf_mason_south_01.json is missing
  - data/residents/households/hh_inf_mason_south_02.json is missing
  - data/residents/households/hh_inf_packer_south_01.json is missing
  - data/residents/households/hh_inf_painter_north_01.json is missing
  - data/residents/households/hh_inf_physician_south_01.json has drifted from the household programme
  - data/residents/households/hh_inf_plasterer_south_01.json is missing
  - data/residents/households/hh_inf_sawyer_south_01.json is missing
  - data/residents/households/hh_inf_sawyer_south_02.json is missing
  - data/residents/households/hh_inf_shoemaker_north_03.json is missing
  - data/residents/households/hh_inf_shoemaker_south_01.json is missing
  - data/residents/households/hh_inf_shoemaker_south_02.json is missing
  - data/residents/households/hh_inf_tailor_north_02.json has drifted from the household programme
  - data/residents/households/hh_inf_tailor_south_01.json is missing
  - data/residents/households/hh_inf_tavern_keeper_north_01.json has drifted from the household programme
  - data/residents/households/hh_inf_teamster_north_02.json is missing
  - data/residents/households/hh_inf_teamster_north_03.json is missing
  - data/residents/households/hh_inf_teamster_north_04.json is missing
  - data/residents/households/hh_inf_teamster_south_01.json is missing
  - data/residents/households/hh_inf_teamster_west_05.json is missing
  - data/residents/households/hh_inf_wheelwright_west_01.json is missing
  - data/residents/index.json has drifted from the household programme
  - data/structures/inf_artisan_dwelling_west_a.json has drifted from the household programme
  - data/structures/inf_artisan_dwelling_west_b.json has drifted from the household programme
  - data/structures/inf_bakery_lake.json has drifted from the household programme
  - data/structures/inf_barber_shop.json has drifted from the household programme
  - data/structures/inf_blacksmith_shop_west.json has drifted from the household programme
  - data/structures/inf_boatman_cabin_north.json has drifted from the household programme
  - data/structures/inf_brickmaker_dwelling_north.json has drifted from the household programme
  - data/structures/inf_butcher_market.json has drifted from the household programme
  - data/structures/inf_carpenter_dwelling_north.json has drifted from the household programme
  - data/structures/inf_cooperage_south.json has drifted from the household programme
  - data/structures/inf_cooperage_south_branch.json has drifted from the household programme
  - data/structures/inf_grocery_west.json has drifted from the household programme
  - data/structures/inf_gunsmith_shop.json has drifted from the household programme
  - data/structures/inf_harness_shop.json has drifted from the household programme
  - data/structures/inf_labourer_shanty_north_a.json has drifted from the household programme
  - data/structures/inf_labourer_shanty_north_b.json has drifted from the household programme
  - data/structures/inf_labourer_shanty_west_a.json has drifted from the household programme
  - data/structures/inf_labourer_shanty_west_b.json has drifted from the household programme
  - data/structures/inf_laundry_north.json has drifted from the household programme
  - data/structures/inf_mason_dwelling_north.json has drifted from the household programme
  - data/structures/inf_packer_dwelling.json has drifted from the household programme
  - data/structures/inf_sawpit_shed.json has drifted from the household programme
  - data/structures/inf_sawyer_dwelling_a.json has drifted from the household programme
  - data/structures/inf_sawyer_dwelling_b.json has drifted from the household programme
  - data/structures/inf_shoemaker_shop.json has drifted from the household programme
  - data/structures/inf_tailor_shop.json has drifted from the household programme
  - data/structures/inf_teamster_dwelling_south.json has drifted from the household programme
  - data/structures/inf_teamster_dwelling_west.json has drifted from the household programme
  - data/structures/inf_teamster_stable_west.json has drifted from the household programme
  - data/structures/inf_wheelwright_shop_west.json has drifted from the household programme
[31m   ^ inferred households, adoptions and their buildings match the programme failed[0m

[1m== inferred placeholder GLBs match their records[0m
verified 0 flagged placeholder GLBs; 245 superseded by a canonical bake

[1m== every clapboard wall's stock re-derives from its deal[0m
verified: 26 named frame building(s) carry a stock; 4 stocks in the set
  town: 170 clapboard wall(s); 31 of 308 pairs standing within 60 m share a stock (10.1%)

[1m== the platted block and lot grid re-derives from the module[0m
verified 19 platted blocks (144 lots, 5 omitted)

[1m== …and a block whose rows have crossed is refused rather than emitted[0m
  ok:    as committed — South Water Street's committed centreline stops 24 m short of this block
  fires: the closure the ruling asks for — South Water Street and Lake Street have crossed by this block's west corner — their platted corridors overlap by 14.9 m there, so what lies between them is not a block
  ok:    blk_south_water_franklin still builds (9168 m2)
  ok:    the ground, not the line — South Water carried as far north at Market as the committed waterline (local N -71.0) allows leaves 2.8 m between it and Lake Street
SELF-TEST PASS — the crossed-corner refusal fires on the case that produced it, and the ground says why (4 cases)

[1m== the dooryard garden pickets re-derive from the rule that chose their lots[0m
verified 13 dooryard garden plots on platted house lots (5 lot(s) refused for want of room)

[1m== the lot-line yard fences re-derive from the rule that chose their lots and types[0m
verified 116 fenced lot(s) of 125 improved (28 board, 28 picket, 60 split rail) in 287 run(s); 9 lot(s) refused for want of room

[1m== the dooryard plantings re-derive from the rule that dealt their stems[0m
verified 128 dooryard stems across 62 of 148 dwellings (135 refusal(s) for want of room)

[1m== the planted poplar rows re-derive from the rule that chose their greens[0m
verified 2 planted row(s), 8 stems, across 148 dwellings (2 named refusal(s))

[1m== the business signboards re-derive from the rule that chose their frontages[0m
verified 36 business signs (7 frontage(s) refused with a reason)

[1m== the yard goods re-derive from the rule that chose their frontages[0m
verified 158 object(s) on 28 trading frontage(s), 64 wagon(s) (60 of them the town's), 1 bench(es) and 1 shed(s) (4 frontage(s) and 40 wagon stand(s) refused with a reason)

[1m== the building material re-derives from the rule that chose the lots[0m
LOT BUILDING MATERIAL DRIFT
  - data/yard/lot_building_material.json has drifted from the rule in tools/generate_lot_building_material.py
[31m   ^ the building material re-derives from the rule that chose the lots failed[0m

[1m== the fort apron re-derives from the palisade it is measured off[0m
verified the fort apron: 4 band(s) 12.0 m wide outside the palisade, 4 assertion(s) holding

[1m== the fort wood re-derives from the palisade and the apron it stands off[0m
verified 11 stems of salix_nigra at 9.3-11.4 m, 13 of 24 grid points refused

[1m== no stack in the town is painted the colour of the roof it passes through[0m
OK: all 243 stacks in the town stand clear of their roof in a material of their own.

[1m== every stack is carried eighteen inches above its roof, as the by-law of 5 August 1835 requires[0m
OK: all 243 stack(s) on 221 building(s) clear eighteen inches above their own roof, per the by-law of 5 August 1835 § 18.

[1m== …and its own assertions still fire when broken[0m
  ok   : a stack exactly on the ordinance's floor passes
  fires: a stack a millimetre under it fails
  fires: a stack level with its own roof fails
  fires: one short stack among compliant ones still fails
  ok   : the floor is eighteen inches exactly (0.4572 m)
SELF-TEST PASS — the ordinance gate fires when broken (4 cases)

[1m== the river wharves re-derive from the records that state a dock[0m
verified 7 river wharf/wharves (1 frontage(s) refused with a reason)
  ok    a frontage in open water is drawn
          least 1.2 m over 14 station(s)
  ok    CLAUSE 6: a face that runs onto dry ground at its end is refused
          its deck's face would stand on dry ground: the bed rises to 0.35 m ABOVE the water plane 5.5 m from the face's centre, because the bank bends away fro
  ok    CLAUSE 6: and a dry patch BETWEEN the reported three is refused too
          its deck's face would stand on dry ground: the bed rises to 0.35 m ABOVE the water plane 4.5 m from the face's centre, because the bank bends away fro
  ok    CLAUSE 5: a face off the modelled ground is refused
          its face falls outside the modelled ground 5.5 m from its centre, so the depth at it cannot be measured and the wharf is not drawn.
  ok    CLAUSE 4b: a deck running past the trace's end is refused
          its frontage lies beyond the traced 1834 bank line, so part of its deck would stand off bank nobody traced. The dock statement stands; the landing is 
  ok    CLAUSE 2: a dock graded outside the confidence model is refused
          its dock is graded 'probably', which is not a grade this project's confidence model has. A statement this layer cannot classify is a statement it does
  ok    CLAUSE 1: a record that states no dock is not a candidate
          not a candidate
  ok    CLAUSE 3b: a bank that runs nowhere near the wall is not its frontage
          no traced bank stands in front of its river wall — nothing within the deck's own run of the wall's line — so there is no frontage here for a landing t
  ok    CLAUSE 5b: a face afloat but under the working depth is refused
          the modelled channel gives only 0.30 m of water under its face 6.5 m from the centre, under the 0.50 m this layer requires of a working landing. Its f
  ok    and the three reported points read that bed as open water, which is why the run is sampled at 1 m
WHARF CLAUSES PASS

[1m== the case T-0059 was withdrawn on still holds[0m
generator half: 9 of 9 drawn layers owe one, for 1 renderer; the cheapest route into the bake re-stales 0 committed mesh(es), the shared ones 368

[1m== the frontage works re-derive from the rule that chose their walls[0m
verified 5 frontage record(s): 90 walk/crossing run(s), 35 street-lining fence run(s) and 18 post(s) (83 refusal(s) stated)

[1m== the street edge's cross-street faces enumerate as the plat says[0m
  ok   the shipped tuple lays only east-west faces
  ok   the seven cross streets have 34 platted faces
  ok   naming the cross streets does not disturb the east-west faces
  ok   no skipped block is enumerated
  ok   Canal and Clinton are not covered
  ok   an east face stands on its street's west side
  ok   a west face stands on its street's east side
  ok   both sides of every covered cross street are found
  ok   market east side is ordered by northing
  ok   market west side is ordered by northing
  ok   franklin east side is ordered by northing
  ok   franklin west side is ordered by northing
  ok   wells east side is ordered by northing
  ok   wells west side is ordered by northing
  ok   lasalle east side is ordered by northing
  ok   lasalle west side is ordered by northing
  ok   clark east side is ordered by northing
  ok   clark west side is ordered by northing
  ok   dearborn east side is ordered by northing
  ok   dearborn west side is ordered by northing
  ok   state east side is ordered by northing
  ok   state west side is ordered by northing
  ok   blk_randolph_clark west face looks across its street
  ok   blk_lake_clark west face looks across its street
  ok   blk_south_water_clark west face looks across its street
  ok   blk_randolph_lasalle east face looks across its street
  ok   blk_lake_lasalle east face looks across its street
  ok   blk_south_water_lasalle east face looks across its street
  ok   blk_randolph_dearborn west face looks across its street
  ok   blk_lake_dearborn west face looks across its street
  ok   blk_south_water_dearborn west face looks across its street
  ok   blk_randolph_clark east face looks across its street
  ok   blk_lake_clark east face looks across its street
  ok   blk_south_water_clark east face looks across its street
  ok   blk_randolph_franklin west face looks across its street
  ok   blk_lake_franklin west face looks across its street
  ok   blk_south_water_franklin west face looks across its street
  ok   blk_randolph_market east face looks across its street
  ok   blk_lake_market east face looks across its street
  ok   blk_randolph_lasalle west face looks across its street
  ok   blk_lake_lasalle west face looks across its street
  ok   blk_south_water_lasalle west face looks across its street
  ok   blk_randolph_wells east face looks across its street
  ok   blk_lake_wells east face looks across its street
  ok   blk_south_water_wells east face looks across its street
  ok   blk_randolph_market west face looks across its street
  ok   blk_lake_market west face looks across its street
  ok   blk_randolph_dearborn east face looks across its street
  ok   blk_lake_dearborn east face looks across its street
  ok   blk_south_water_dearborn east face looks across its street
  ok   blk_randolph_wells west face looks across its street
  ok   blk_lake_wells west face looks across its street
  ok   blk_south_water_wells west face looks across its street
  ok   blk_randolph_franklin east face looks across its street
  ok   blk_lake_franklin east face looks across its street
  ok   blk_south_water_franklin east face looks across its street
  ok   no platted lot fronts a cross street

frontage face enumeration OK — 36 east-west faces, 34 cross-street faces over 7 cross streets

[1m== …and those assertions still fire when the enumeration is broken[0m
SELF-TEST: the cross-street faces are withheld; the counts must fire.
  ok   the shipped tuple lays only east-west faces
  FAIL the seven cross streets have 34 platted faces — got 0
  ok   naming the cross streets does not disturb the east-west faces
  ok   no skipped block is enumerated
  ok   Canal and Clinton are not covered
  ok   an east face stands on its street's west side
  ok   a west face stands on its street's east side
  FAIL both sides of every covered cross street are found — Market and State are the town's outer edges and front on one side only
  ok   clark east side is ordered by northing
  ok   clark west side is ordered by northing
  ok   no platted lot fronts a cross street

2 check(s) FAILED
self-test OK — the assertions fire when the enumeration is wrong.

[1m== the 665-roof programme reconciles with the town that stands[0m
665 PROGRAMME DRIFT
  - data/reconstruction/1835_665_roof_programme.json is not what the committed structure records, the roof reconciliation and the authored target re-derive. Re-run tools/reconcile_665.py and commit the result alongside the records that moved it.
[31m   ^ the 665-roof programme reconciles with the town that stands failed[0m

[1m== no party-line run carries more roofs than the frontage it was dealt[0m
FAIL blk_south_water_lasalle north face: 9 run unit(s) and 0 roof(s) already standing on the 2 lot(s) it was dealt — 9 against a ceiling of 6
[31m   ^ no party-line run carries more roofs than the frontage it was dealt failed[0m

[1m== …and its own assertions still fire when broken[0m
  SELF-TEST FAIL: the committed town is inside every run's own frontage — saw ['blk_south_water_lasalle']
  fires: a run stands at exactly its own ceiling, so one roof is over it
  fires: a roof on blk_lake_clark lot 0 puts its run over the ceiling
  fires: …and it is over by exactly one roof: 4 against 3
  SELF-TEST FAIL: …and it is the only run the fixture breaks — saw ['blk_lake_clark', 'blk_south_water_lasalle']
  SELF-TEST FAIL: an empty injection leaves every run where it was — saw [3, 5, 3, 3, 6, 3, 3, 3, 2, 3, 9]
  fires: a roof listed twice on one lot is counted once
  fires: the town's idle dealt lots are classified
  fires: every idle lot reads empty, parcel or documented

SELF-TEST FAILED: 3 assertion(s) did not fire
[31m   ^ …and its own assertions still fire when broken failed[0m

[1m== a refused block is short of control, or was never a block[0m
block                       street           gap m    wet   of  class
blk_south_water_market      south_water         25      0    5  awaiting_control
blk_south_water_clinton     south_water        328     20   66  never_platted

  blk_south_water_market: south_water is 25 m away over dry ground. This block is really waiting on control.
  blk_south_water_clinton: south_water is 328 m away and 20 of 66 samples between them are water. The two are on opposite banks; no trace joins them.

BLOCK GATING PASS

[1m== no platted block stands off the modelled ground, and the south's blocker is the measured one[0m

SOUTHERN GROUND PASS

[1m== …and its own assertions still fire when broken[0m

  FAIL 1 committed platted block(s) stand off the modelled ground: blk_washington_clark. A block the plat emits is a block the schedule will deal roofs to, and every one of those placements dies in tools/generate_block_infill.py. Extend the terrain or withdraw the street control that emitted the block.

SOUTHERN GROUND FAIL

  FAIL the programme's stated southern coverage is not what the ground measures.
       land_south_of_committed_plat_ha: programme 0.0819, measured 4.0819
       Re-run tools/reconcile_665.py. If the terrain has reached further south, the roofs move with it.

SOUTHERN GROUND FAIL

SOUTHERN GROUND PASS

SELF-TEST PASS

[1m== the gate's town census re-derives from the roofs and the residents[0m
TOWN CENSUS DRIFT
  - data/town_census.json is not what the committed roof programme and residents layer re-derive, and the gate screen shows it. Re-run tools/town_census.py and commit the result alongside the records that moved it.
[31m   ^ the gate's town census re-derives from the roofs and the residents failed[0m

[1m== nothing unpermitted stands on reserved ground[0m
       ok   blk_randolph_lasalle  cook_county_courthouse_1835  1/4 corners in
       ok   blk_randolph_lasalle  estray_pen  4/4 corners in
       ok   blk_randolph_lasalle  log_jail  4/4 corners in
   3 structure(s) on reserved ground, 0 of them unpermitted

[1m== nothing unpermitted stands on refused ground, and the refusal still reaches it[0m
   The United States Reservation — 65.70 acres enclosed, 22.57 ha of it modelled land
          ok   beaubien_barn  4/4 corners in
          ok   chicago_lighthouse_1832  4/4 corners in
          ok   fort_dearborn_artillery_house  4/4 corners in
          ok   fort_dearborn_barracks  4/4 corners in
          ok   fort_dearborn_blockhouse  4/4 corners in
          ok   fort_dearborn_commandants_quarters  4/4 corners in
          ok   fort_dearborn_flagstaff  4/4 corners in
          ok   fort_dearborn_garrison_garden  4/4 corners in
          ok   fort_dearborn_guard_house  4/4 corners in
          ok   fort_dearborn_magazine  4/4 corners in
          ok   fort_dearborn_officers_quarters  4/4 corners in
          ok   fort_dearborn_palisade  4/4 corners in
          ok   fort_dearborn_parade  4/4 corners in
          ok   fort_dearborn_root_house  4/4 corners in
          ok   fort_dearborn_store_house  4/4 corners in
          ok   fort_dearborn_sutlers_store  4/4 corners in
          ok   jb_beaubien_homestead  4/4 corners in
          ok   south_pier  1/4 corners in
   The sand bar across the river mouth — 24.03 acres enclosed, 9.53 ha of it modelled land
          ok   south_pier  2/4 corners in
   32.10 ha refused of 121.13 ha of modelled land above the water surface — 26.5 %
   under-coverage: 0 cell(s) of modelled land outside both regions

[1m== the south bank at the Dearborn reach still carries no ground outside its own street[0m

[1m== …and its own assertions still fire when broken[0m
   3 assertions fire

[1m== every deferred in-town water feature is dated against the scene[0m
in-town water: 3 deferred feature(s), each dated against 1835-07-01 with a resolving source or recorded reasoning

[1m== the slough crossing spans open water, and nothing else stands in the cut[0m
slough_log_bridge: 3.30 m of open water under an 8.0 m span, abutments dry, the reach to the river unbroken, nothing damming the course, nothing else rooted in the cut
lasalle_slough_crossing: 5.55 m of open water under an 12.0 m span, abutments dry, the reach to the river unbroken, nothing damming the course, nothing else rooted in the cut
north_water_slough_crossing: 6.65 m of open water under an 12.0 m span, abutments dry, the reach to the river unbroken, nothing damming the course, nothing else rooted in the cut

[1m== no water stands on the public square, and its sward is the one the dossier names[0m
   the public square, 10976 m2, sampled at 0.5 m (43885 samples, one per 0.25 m2)
   ground        +2.84 to +2.96 ft above the water surface (mean +2.90)
   relief        1.49 in across the whole block, against +/-0.10 ft of declared micro-relief
   WET FRACTION  0.0 %  (0 of 43885 samples at or below the water)
   the dossier's bed  +1.0 to +2.0 ft — the committed ground stands 0.84 to 1.96 ft over it
   the square's drain heads 34.4 m off the block edge, outside it
   sedge meadow  100.0 % of the block
   no water is modelled on the public square, and nothing gives it a shape

[1m== no building has newly been drawn standing in a platted street[0m

[1m== …and its absolute assertion still fires when a generated roof is put in a street[0m
  ok    physicians_office reads as the layer its own record declares — inferred_household / inferred_household
  ok    …and read from its NAME it was research — the fault, reproduced — research
  ok    …so this test distinguishes the fix from the fault — the two readings differ
  ok    across all 368 committed records the name and the record disagree on exactly one — physicians_office
  ok    plat_occupancy.researched_ids is the research layer of the same map — 92 documented
  ok    …and every record lands in a named layer — research — 92
  ok    …and every record lands in a named layer — inferred_household — 31
  ok    …and every record lands in a named layer — reconstruction — 245
  ok    an id carrying no committed record is refused, not read off its prefix — KeyError
  ok    the committed tree passes the absolute assertion — clean
  ok    …and physicians_office laps no corridor today, so nothing in the tree moves under the fix — clear
  ok    a reconstruction roof moved onto the Lake Street centreline is caught by the absolute assertion — recon_1835_blk_lake_clark_a3_04 — 1 generated roof(s) lap a platted corridor, which the placement gate refuses by construction: recon_1835_blk_lake_clark_a3_04:inferred_1835
  ok    physicians_office moved onto the same centreline is caught by the absolute assertion — 1 generated roof(s) lap a platted corridor, which the placement gate refuses by construction: physicians_office:inferred_1835
  ok    …and read from its NAME the absolute assertion never fires for it — the gate's reach, before the fix — no absolute failure; only the ratchet
  ok    …which left it to the RATCHET, and a ratchet can be re-baselined — physicians_office:inferred_1835 newly laps lake by 12.17 m

SELF-TEST PASS

[1m== north water street is still the line its own derivation produces, and still dry[0m
north_water: derived line committed, 24 bends, one in water and it is north_water_slough_crossing's deck midpoint
  clearance: the open reach clears 11.5 m, and the two ends 5.0 m -- the terminus at the fork and the crossing's approaches (T-0372)

[1m== …and its own assertions still fire when broken[0m
  fires: the open reach walked south, 1 m toward the water
  fires: the west terminus walked south, 1 m toward the water
  fires: the crossing's east approach walked south, 3 m toward the water
  fires: 13 exempt probe(s) are under the open reach's 11.5 m floor, so the two windows are what let the committed line stand
  ok:    both windows end where they are declared to (6 edge cases)
SELF-TEST PASS — the clearance rule refuses every tier, and its two exemptions are the ones holding the committed line up (5 cases)

[1m== a block face carries one street line, across every generator that builds on it[0m
   38 frontage record(s) across 10 block face(s), and every face is one street line. Party walls close from both sides.

[1m== …and its own assertions still fire when broken[0m
  ok    a face built on one line, with its party wall closed, passes — clean
  ok    a SECOND setback on the same face is caught — blk_test north face carries 2 street lines (0.800, 1.500 m) — a street wall is one wall. b at 0.800 m; a at 1.500 m; b shares a party wall with a and their front walls are 0.700 m apart. One wall, from either side
  ok    a record that does not stand on the setback it states is caught — blk_test north face carries 2 street lines (1.500, 1.900 m) — a street wall is one wall. b at 1.500 m; a at 1.900 m; a states a 1.500 m setback on the north face of blk_test and its front wall stands 1.900 m off that line; b shares a party wall with a and their front walls are 0.400 m apart. One wall, from either side
  ok    a party wall whose other half declares no frontage is still measured, and a jog in it is caught — b shares a party wall with a and their front walls are 0.700 m apart. One wall, from either side
  ok    a 4 mm reading is rounding, not a second line — clean
  ok    the party wall T-0104 banked at 16 mm is no longer excused — recon_1835_south_d3_013 shares a party wall with inf_butcher_market and their front walls are 0.016 m apart. One wall, from either side
  ok    …and the same pair standing on one line is clean — clean

SELF-TEST PASS

[1m== no principal frontage is more uniform than the record it reconstructs[0m
no principal frontage is more uniform than its own record (3 principal street(s) measured)

[1m== …and its own assertion still fires when broken[0m
  the assertion, broken in memory against the committed corridors

  ok    both synthetic buildings land on a principal street line — 2 of 2
  ok    an all-frame invented row beside a documented LOG building is caught — South Water Street: the documented record puts 1 log building(s) on this street's line and the 1 invented one(s) standing there are all frame or plank. A reconstruction may not be more uniform than the record it reconstructs — the 1834 view of this frontage draws it as log AND frame, shoulder to shoulder
  ok    …and the same row with one log unit in it passes — clean
  ok    a street whose own record carries no log building asserts nothing — clean
  ok    an ordinary street is out of scope — the rule is about the business front — clean

SELF-TEST PASS

[1m== no block parcel stands a non-dwelling where the documented record puts none[0m
  5 block-parcel non-dwelling roof(s): every one on a frontage class the documented record carries, every commercial one on the street line

[1m== …and its own assertions still fire when broken[0m
  both assertions, broken in memory against the committed reading

  ok    the committed town passes both assertions — clean
  ok    no documented store, warehouse or workshop stands on a light street, which is what the first assertion rests on — C 0, F 0, I 4, T 1, W 0
  ok    a block-parcel store put on a light street is caught — recon_1835_blk_synthetic_c1_01 (C1) fronts washington, a light street, and no documented C building in this town stands on one — it would be the first
  ok    …and one left at a dwelling's typology setback is caught — recon_1835_blk_synthetic_c1_01 (C1) stands 5.0 m back, off the street line (2.71 m). A commercial roof stands on it
  ok    …and the same store on the better face, on the line, passes — clean

SELF-TEST PASS

[1m== no anonymous roof claims to be a public building, and the civic target is the ledger[0m
   no anonymous roof carries I1 or I3, and I2 holds at 1 (recon_1835_north_i2_015). The town's public buildings are named records, and the I3 target is the 3 of them that had a roof on the scene date.

[1m== …and its own assertions still fire when broken[0m
   ok    the committed dataset passes, so a break below is this test's own doing
   ok    the six-roof target this ticket corrected is caught
   ok    a target BELOW the ledger is caught too — it is not a ceiling
   ok    the court-house standing again on 1 July is caught
   ok    a civic roof quietly losing its roof is caught
   ok    a roof on the roofless estray pen is caught
   ok    dropping the land-office kind guard is caught
   ok    an exclusion re-dated back into the scene is caught
   ok    the old south 10 / north 1 apportionment is caught
   ok    a row total that no longer equals I1+I2+I3 is caught
SELF-TEST PASS

[1m== the group rows add up by division too, and every division over one declares it[0m

   the matrix adds up by group and by division; 39 of the 40 (group, division) cells hold roofs they have room for, and the 1 that does not is declared, at 1 roof(s).

[1m== …and its own assertions still fire when broken[0m
   ok    the committed dataset passes, so a break below is this test's own doing
   ok    a row whose divisions no longer sum to its own total is caught
   ok    ...and so is a division column that no longer equals its own target
   ok    the north half of the apportionment T-0032 corrected is caught
   ok    a new, undeclared division breach fails
   ok    a declared breach that GROWS fails — the ratchet only falls
   ok    a declaration that outlives its breach fails
   ok    ...and so does one left at a figure the breach has fallen below
   ok    T-0283's repair holds: the North's freight row is not over and carries no declaration
SELF-TEST PASS

[1m== the anonymous massings that claim a sampled band have one[0m
   parcel                                       roofs  plans  twins  eaves out  claims sampling
   phase1_south_mixed_blocks                       48     48      0          0  yes
   phase2_north_division_initial                   60     60      0          0  yes
   phase2_west_wolf_point_approaches               20     20      0          0  NO
   phase3_platted_block_lake_clark                  4      4      0          0  yes
   phase3_platted_block_lake_franklin               3      3      0          0  yes
   phase3_platted_block_lake_market                 7      7      0          0  yes
   phase3_platted_block_randolph_clark              8      8      0          0  yes
   phase3_platted_block_randolph_clinton            7      7      0          0  yes
   phase3_platted_block_randolph_dearborn           9      9      0          0  yes
   phase3_platted_block_randolph_dearborn_second_deal     4      4      0          0  yes
   phase3_platted_block_randolph_dearborn_third_deal     4      4      0          0  yes
   phase3_platted_block_randolph_franklin           8      8      0          0  yes
   phase3_platted_block_randolph_market             8      8      0          0  yes
   phase3_platted_block_randolph_market_second_deal     4      4      0          0  yes
   phase3_platted_block_randolph_wells             10     10      0          0  yes
   phase3_platted_block_south_water_clark           5      5      0          0  yes
   phase3_platted_block_south_water_dearborn        6      6      0          0  yes
   phase3_platted_block_south_water_franklin        7      7      0          0  yes
   phase3_platted_block_south_water_lasalle         7      7      0          0  yes
   phase3_platted_block_south_water_lasalle_second_deal    13      8      5          0  yes
   phase3_platted_block_south_water_wells           8      8      0          0  yes

   phase3_platted_block_south_water_lasalle_second_deal — owed to ROADMAP T-V1(b) and K25, both of which need the bake:
     5 of 13 roofs share a footprint AND an eave with another roof of their own family; 8 distinct massings in all

   MASSING VARIETY FAILURES
     - phase3_platted_block_south_water_lasalle_second_deal says its footprints are sampled deterministically inside the family band, and 5 of its 13 roofs were dealt a rectangle another roof of their own family already has
[31m   ^ the anonymous massings that claim a sampled band have one failed[0m

[1m== no reconstructed value is newly outside the band its own note cites[0m
   281 reconstructed records 250 inferred_anonymous, 31 inferred_household
   1286 value(s) tested against a machine-readable band, 5 outside it

   near = within one unit of the band's OWN edge: 1 ft for a footprint or an
   eave, one 1:12 step for a pitch, half a level for storeys. Near is not a
   pass — a note that cites a band it sits outside is wrong either way.

   field       tested  outside  of which near the edge
   footprint      281        2                       0
   eave           281        0                       0
   pitch          237        0                       0
   levels         206        3                       1
   roof_type      281        0                       0

   inferred_anonymous   levels       2
   inferred_household   footprint    2
   inferred_household   levels       1

   4 of 281 records carry at least one

   the second fault (K33): the same sentence on values the crosswalk does
   not speak to at all. Repaired 2026-08-15 and now ASSERTED, on every field
   that cites a band rather than only the prose ones — the instrument is a
   keyword, so a silence it reports is a floor and not an estimate.
   field            citing the band  of which the family says nothing
   bays                          73                                 0
   chimneys                      68                                 0
   construction                 281                                 0
   plan                          64                                 0
   cladding                      25                                 0
   gable_front                   25                                 0
   goods_door                    17                                 0
   goods_door_side               17                                 0
   shopfront                     24                                 0
   board_gap_m                   33                                 0
   door                          70                                 0
   door_side                     70                                 0
   paint                          8                                 0
   porch                         10                                 0

   every band citation in the dataset points at something the family authors.

   ratchet holds: 5 offender(s), exactly the committed census. This is not a pass mark — read it. K25(b) is the repair, and it needs a bake.

[1m== no reconstructed roof's ridge is newly outside its family band[0m
   281 reconstructed roof(s) modelled against a family ridge band; 0 outside it

[1m== every family's footprint, eave, pitch and ridge bands are satisfiable at once[0m
   31 family/roof-form combination(s) swept across the whole authored footprint band; 0 family(ies) with no reachable form
   6 family(ies) author no pitch band, so the ridge follows the generator's own type default and the specification claims nothing testable: A3, A4, A5, I3, W4, W5
   NOTE C1 as a shed: 231 of 441 footprints cannot reach ridge 15-20 ft, so the family's other roof form is the only one its own bands describe (first at 14.0x25.0 ft)
   NOTE F1 as a shed: 420 of 441 footprints cannot reach ridge 18-24 ft, so the family's other roof form is the only one its own bands describe (first at 18.0x32.9 ft)

   the shed offer — 9 family(ies) whose roof line names a SHED, against what this town deals them:
     family  dealt   unreachable as a shed   why not a shed
     A3      shed       0 of 441  ridge   8-10 ft   -
     A4      shed       0 of 441  ridge   9-13 ft   -
     A5      shed       0 of 441  ridge  10-15 ft   -
     C1      gable    231 of 441  ridge  15-20 ft   its own ridge band cannot carry one
     D2      shed       0 of 441  ridge  12-16 ft   -
     F1      gable    420 of 441  ridge  18-24 ft   its own ridge band cannot carry one
     F4      gable      0 of 441  ridge  17-24 ft   buildable; this town builds the gable (open-sided, so it falls across the short span)
     W4      gable      0 of 441  ridge  16-27 ft   buildable; this town builds the gable
     W5      gable    105 of 441  ridge  20-29 ft   its own ridge band cannot carry one
     the refusal is recorded on every committed record of C1, F1, W5

[1m== …and its own assertions still fire when broken[0m
  fires  a family dealt a shed its own ridge band cannot carry
  fires  the open-sided table drifting from the crosswalk entry
  fires  a refused family's record that does not carry the refusal
  fires  a parcel that grows its own copy of the shed set
  fires  a second parcel opting a second family out of the rule
  ok     the retyped-set scan sees the literal it is looking for
  ok     ...and does not see the shared call that replaced it
  ok     no parcel contains the literal today
  ok     the open-side scan reads F4's entry as open
  ok     ...and W5's 'open work bay' as not an open side
  ok     a refused family's note is generated, not typed: the sentence carries its own measured count
  ok     a family whose shed IS reachable gets no refusal sentence

SELF-TEST PASS

[1m== every family every parcel may deal builds, and every band claim is named[0m
   400 synthetic deals per family, through each parcel's own sampling and form rules

   block — platted blocks
   family  archetype          refused  off band
   A1      outbuilding              0         0
   A2      outbuilding              0         0
   A3      outbuilding              0         0
   A4      outbuilding              0         0
   A5      outbuilding              0         0
   C1      frame_storefront         0         0
   C2      frame_storefront         0         0
   C3      frame_storefront         0         0
   D1      log_dwelling             0         0
   D2      outbuilding              0         0
   D3      frame_dwelling           0         0
   D4      frame_dwelling           0         0
   D5      frame_dwelling           0         0
   D6      frame_dwelling           0         0
   D7      frame_dwelling           0         0
   F1      outbuilding              0         0
   F2      frame_storefront         0         0
   H1      frame_dwelling           0         0
   H2      frame_dwelling           0         0
   W1      outbuilding              0         0
   W2      outbuilding              0         0
   W3      outbuilding              0         0
   W4      outbuilding              0         0

   west — West Division approaches
   family  archetype          refused  off band
   A1      outbuilding              0         0
   A2      outbuilding              0         0
   A3      outbuilding              0         0
   A4      outbuilding              0         0
   A5      outbuilding              0         0
   C1      frame_storefront         0         0
   C2      frame_storefront         0         0
   D1      log_dwelling             0         0
   D2      outbuilding              0         0
   D3      frame_dwelling           0         0
   D4      frame_dwelling           0         0
   D5      frame_dwelling           0         0
   D6      frame_dwelling           0         0
   D7      frame_dwelling           0         0
   F1      outbuilding              0         0
   H1      frame_dwelling           0         0
   H2      frame_tavern             0         0
   W1      outbuilding              0         0
   W2      outbuilding              0         0
   W3      outbuilding              0         0
   W4      outbuilding              0         0
   W5      outbuilding              0         0

   infill — South Division mixed blocks
   family  archetype          refused  off band
   A1      outbuilding              0         0
   A2      outbuilding              0         0
   A3      outbuilding              0         0
   A4      outbuilding              0         0
   A5      outbuilding              0         0
   C1      frame_storefront         0         0
   C2      frame_storefront         0         0
   C3      frame_storefront         0         0
   D1      log_dwelling             0         0
   D2      outbuilding              0         0
   D3      frame_dwelling           0         0
   D4      frame_dwelling           0         0
   D5      frame_dwelling           0         0
   D6      frame_dwelling           0         0
   D7      frame_dwelling           0         0
   F1      outbuilding              0         0
   F2      frame_storefront         0         0
   W1      outbuilding              0         0
   W2      outbuilding              0         0
   W3      outbuilding              0         0
   W4      outbuilding              0         0

   household — inferred households
   family  archetype          refused  off band
   A2      outbuilding              0         0
   A5      outbuilding              0         0
   C1      frame_storefront         0         0
   C2      frame_storefront         0         0
   C3      frame_storefront         0         0
   D1      log_dwelling             0         0
   D2      outbuilding              0         0
   D3      frame_dwelling           0         0
   D4      frame_dwelling           0         0
   D5      frame_dwelling           0         0
   H1      log_dwelling             0         0
   W1      outbuilding              0         0
   W3      outbuilding              0         0
   W4      outbuilding              0         0
   W5      outbuilding              0         0

   every family every parcel may deal builds at every size its own band allows.

[1m== the standing constraint reaches every record that claims it[0m
standing constraint: 9 structure(s), 8 household(s), 0 person(s) carry review_required; 11 link(s) reach a building that carries it too; a scene marked released is refused for every one of them, and every one of them says in its own words what it is held for

[1m== no unresolved source is newly built into the town[0m
rights derivation: 59 geometry-bearing attribute(s) on 21 record(s) are built from a source whose rights are unresolved, 43 of them with no other support (16 graded attested); the population is banked and may not grow

[1m== …and its own assertions still fire when broken[0m
  fires  1 an unresolved source declaring a deriving use
  fires  2 a new geometry-bearing citation
  fires  3 a banked entry that left the data
  fires  4a a banked entry gaining an unresolved source
  fires  4b corroboration lost
SELF-TEST PASS

[1m== every flora and fauna figure is declared read or banked unread[0m
FAIL  residents/household:persons[].name_basis.confidence is declared a read of `the data no longer carries it` and the renderer does not contain it. A read-set that has stopped being true excuses every omission behind it — re-point the declaration at the expression that reads the field, or move the field to the unread bank with --update
FAIL  residents/household:persons[].name_basis.note is declared a read of `the data no longer carries it` and the renderer does not contain it. A read-set that has stopped being true excuses every omission behind it — re-point the declaration at the expression that reads the field, or move the field to the unread bank with --update
FAIL  residents/household:persons[].name_basis.value is declared a read of `the data no longer carries it` and the renderer does not contain it. A read-set that has stopped being true excuses every omission behind it — re-point the declaration at the expression that reads the field, or move the field to the unread bank with --update
FAIL  residents/manifest:households[].grades.reconstructed is declared a read of `the data no longer carries it` and the renderer does not contain it. A read-set that has stopped being true excuses every omission behind it — re-point the declaration at the expression that reads the field, or move the field to the unread bank with --update
FAIL  residents/household:persons[].biographical_evidence.age_on_1835_07_01.value.max is banked as reaching nothing and the renderer accesses it. Declare it mesh, shown or probe with the expression that reads it — a figure counted unread while it drives the scene is the map lying in the expensive direction
FAIL  residents/household:persons[].biographical_evidence.age_on_1835_07_01.value.min is banked as reaching nothing and the renderer accesses it. Declare it mesh, shown or probe with the expression that reads it — a figure counted unread while it drives the scene is the map lying in the expensive direction
FAIL  residents/household:persons[].resident_research.candidates[].assessment is banked as reaching nothing and the renderer accesses it. Declare it mesh, shown or probe with the expression that reads it — a figure counted unread while it drives the scene is the map lying in the expensive direction
FAIL  residents/household:persons[].resident_research.candidates[].basis is banked as reaching nothing and the renderer accesses it. Declare it mesh, shown or probe with the expression that reads it — a figure counted unread while it drives the scene is the map lying in the expensive direction
FAIL  residents/household:persons[].resident_research.candidates[].conflicts is banked as reaching nothing and the renderer accesses it. Declare it mesh, shown or probe with the expression that reads it — a figure counted unread while it drives the scene is the map lying in the expensive direction
FAIL  residents/household:persons[].resident_research.notes is banked as reaching nothing and the renderer accesses it. Declare it mesh, shown or probe with the expression that reads it — a figure counted unread while it drives the scene is the map lying in the expensive direction
FAIL  residents/household:persons[].resident_research.outcome is banked as reaching nothing and the renderer accesses it. Declare it mesh, shown or probe with the expression that reads it — a figure counted unread while it drives the scene is the map lying in the expensive direction
FAIL  residents/household:persons[].resident_research.reviewed_on is banked as reaching nothing and the renderer accesses it. Declare it mesh, shown or probe with the expression that reads it — a figure counted unread while it drives the scene is the map lying in the expensive direction
FAIL  residents/household:persons[].resident_research.summary is banked as reaching nothing and the renderer accesses it. Declare it mesh, shown or probe with the expression that reads it — a figure counted unread while it drives the scene is the map lying in the expensive direction
FAIL  residents/manifest:counts.projected_residents is banked as reaching nothing and the renderer accesses it. Declare it mesh, shown or probe with the expression that reads it — a figure counted unread while it drives the scene is the map lying in the expensive direction
FAIL  residents/household:persons[].biographical_evidence.age_on_1835_07_01.value.max is a figure on 2 record(s) that no renderer reads, and it is not in layer_reads_baseline.json. Wire it up, or bank it with --update in this commit and say in the message why a figure nobody builds is shipped to a browser
FAIL  residents/household:persons[].biographical_evidence.age_on_1835_07_01.value.min is a figure on 2 record(s) that no renderer reads, and it is not in layer_reads_baseline.json. Wire it up, or bank it with --update in this commit and say in the message why a figure nobody builds is shipped to a browser
FAIL  residents/household:persons[].biographical_evidence.birth_year.value is a figure on 2 record(s) that no renderer reads, and it is not in layer_reads_baseline.json. Wire it up, or bank it with --update in this commit and say in the message why a figure nobody builds is shipped to a browser
FAIL  residents/household:persons[].resident_research.asserted_identity is a figure on 611 record(s) that no renderer reads, and it is not in layer_reads_baseline.json. Wire it up, or bank it with --update in this commit and say in the message why a figure nobody builds is shipped to a browser
FAIL  residents/household:persons[].resident_research.candidate_ids is a figure on 58 record(s) that no renderer reads, and it is not in layer_reads_baseline.json. Wire it up, or bank it with --update in this commit and say in the message why a figure nobody builds is shipped to a browser
FAIL  residents/household:persons[].resident_research.candidates[].asserted is a figure on 48 record(s) that no renderer reads, and it is not in layer_reads_baseline.json. Wire it up, or bank it with --update in this commit and say in the message why a figure nobody builds is shipped to a browser
FAIL  residents/household:persons[].resident_research.candidates[].assessment is a figure on 13 record(s) that no renderer reads, and it is not in layer_reads_baseline.json. Wire it up, or bank it with --update in this commit and say in the message why a figure nobody builds is shipped to a browser
FAIL  residents/household:persons[].resident_research.candidates[].basis is a figure on 48 record(s) that no renderer reads, and it is not in layer_reads_baseline.json. Wire it up, or bank it with --update in this commit and say in the message why a figure nobody builds is shipped to a browser
FAIL  residents/household:persons[].resident_research.candidates[].candidate_id is a figure on 13 record(s) that no renderer reads, and it is not in layer_reads_baseline.json. Wire it up, or bank it with --update in this commit and say in the message why a figure nobody builds is shipped to a browser
FAIL  residents/household:persons[].resident_research.candidates[].conflicts is a figure on 48 record(s) that no renderer reads, and it is not in layer_reads_baseline.json. Wire it up, or bank it with --update in this commit and say in the message why a figure nobody builds is shipped to a browser
FAIL  residents/household:persons[].resident_research.evidence_against is a figure on 173 record(s) that no renderer reads, and it is not in layer_reads_baseline.json. Wire it up, or bank it with --update in this commit and say in the message why a figure nobody builds is shipped to a browser
FAIL  residents/household:persons[].resident_research.evidence_for is a figure on 311 record(s) that no renderer reads, and it is not in layer_reads_baseline.json. Wire it up, or bank it with --update in this commit and say in the message why a figure nobody builds is shipped to a browser
FAIL  residents/household:persons[].resident_research.notes is a figure on 311 record(s) that no renderer reads, and it is not in layer_reads_baseline.json. Wire it up, or bank it with --update in this commit and say in the message why a figure nobody builds is shipped to a browser
FAIL  residents/household:persons[].resident_research.outcome is a figure on 611 record(s) that no renderer reads, and it is not in layer_reads_baseline.json. Wire it up, or bank it with --update in this commit and say in the message why a figure nobody builds is shipped to a browser
FAIL  residents/household:persons[].resident_research.programme is a figure on 611 record(s) that no renderer reads, and it is not in layer_reads_baseline.json. Wire it up, or bank it with --update in this commit and say in the message why a figure nobody builds is shipped to a browser
FAIL  residents/household:persons[].resident_research.proposed_facts is a figure on 6 record(s) that no renderer reads, and it is not in layer_reads_baseline.json. Wire it up, or bank it with --update in this commit and say in the message why a figure nobody builds is shipped to a browser
FAIL  residents/household:persons[].resident_research.reviewed_on is a figure on 611 record(s) that no renderer reads, and it is not in layer_reads_baseline.json. Wire it up, or bank it with --update in this commit and say in the message why a figure nobody builds is shipped to a browser
FAIL  residents/household:persons[].resident_research.source_ids is a figure on 370 record(s) that no renderer reads, and it is not in layer_reads_baseline.json. Wire it up, or bank it with --update in this commit and say in the message why a figure nobody builds is shipped to a browser
FAIL  residents/household:persons[].resident_research.summary is a figure on 468 record(s) that no renderer reads, and it is not in layer_reads_baseline.json. Wire it up, or bank it with --update in this commit and say in the message why a figure nobody builds is shipped to a browser
FAIL  residents/household:persons[].resident_research.ticket is a figure on 611 record(s) that no renderer reads, and it is not in layer_reads_baseline.json. Wire it up, or bank it with --update in this commit and say in the message why a figure nobody builds is shipped to a browser
FAIL  residents/household:persons[].resident_subtype is a figure on 706 record(s) that no renderer reads, and it is not in layer_reads_baseline.json. Wire it up, or bank it with --update in this commit and say in the message why a figure nobody builds is shipped to a browser
FAIL  residents/manifest:counts.census_1840_linked is a figure on 1 record(s) that no renderer reads, and it is not in layer_reads_baseline.json. Wire it up, or bank it with --update in this commit and say in the message why a figure nobody builds is shipped to a browser
FAIL  residents/manifest:counts.projected_residents is a figure on 1 record(s) that no renderer reads, and it is not in layer_reads_baseline.json. Wire it up, or bank it with --update in this commit and say in the message why a figure nobody builds is shipped to a browser
FAIL  residents/manifest:counts.reconstructed_removed_in_2026_09_02_synthesis is a figure on 1 record(s) that no renderer reads, and it is not in layer_reads_baseline.json. Wire it up, or bank it with --update in this commit and say in the message why a figure nobody builds is shipped to a browser
FAIL  residents/manifest:households[].projected_resident is a figure on 706 record(s) that no renderer reads, and it is not in layer_reads_baseline.json. Wire it up, or bank it with --update in this commit and say in the message why a figure nobody builds is shipped to a browser
FAIL  residents/manifest:vocabulary.resident_subtypes is a figure on 1 record(s) that no renderer reads, and it is not in layer_reads_baseline.json. Wire it up, or bank it with --update in this commit and say in the message why a figure nobody builds is shipped to a browser
[31m   ^ every flora and fauna figure is declared read or banked unread failed[0m

[1m== …and its own assertions still fire when broken[0m
  fires  2 a read declaration the renderer no longer contains
  fires  3 an unread figure the renderer reads
  fires  4 a new figure nobody reads
  fires  5 a banked figure that left the data
  fires  3a the renderer opens a layer declared unread
  fires  3a a layer with declared reads that nothing opens
  ok     the comment stripper removes a line comment
  ok     the comment stripper keeps a string that looks like one
  ok     the comment stripper removes a block comment
  ok     the renderer text no longer contains the comment that names an unread field
  ok     the reverse scan sees a read it should see
  ok     the reverse scan does not see a field nobody reads
  ok     the parent-qualified form is used for an ambiguous leaf
  ok     the layer scan sees the layer the renderer does open
  ok     every declared layer is a layer this file walks
  ok     the layer scan does not see a layer a source does not open
SELF-TEST PASS

[1m== every flora record reaches the reader its figures are read by[0m
flora reach: 261 of 1916 (record, figure) pair(s) K42 calls read reach nothing, 2 record(s) reach no reader at all and 1 recorded flower(s) draw no head; all three populations are banked and none may grow

[1m== …and its own assertions still fire when broken[0m
  fires  1 a published form with no archetype
  fires  2 a role both readers claim
  fires  2 a record whose role the manifest does not publish
  fires  3 a new record that reaches no reader
  fires  3 a banked unrouted record that has left the data
  fires  3 a banked record whose reason moved
  fires  4 a read that newly reaches only part of its records
  fires  4 a banked partial read that has left the map
  fires  4 a banked partial read whose counts moved
  fires  5 a new recorded flower that draws no head
  fires  5 a banked headless flower that has left the data
  fires  the empty measurement, which must not pass
  ok     the Set scanner finds a cohort that is there
  ok     the Set scanner refuses a cohort that is not
  ok     the array scanner finds the zone list
  ok     the array scanner refuses a list that is not there
  ok     the object scanner finds a dispatch table
  ok     the object scanner refuses a table that is not there
  ok     the role guard is read off the source
  ok     the head archetype table is not empty
  ok     both readers are scanned as drawing heads
  ok     a reader with no head path at all scans False
  ok     a head table with no emitter is refused
  ok     an emitter with no head table is refused
  ok     the woody head table is read off trees.js
  ok     a routed record goes to the reader whose cohort holds it
  ok     a woody record outside TIMBER_ZONES reaches nothing
  ok     an unimplemented form reaches nothing
  ok     a role in no cohort reaches nothing
  ok     the two-scan figure reader sees the leaf both files read
  ok     …and the renamed local only the declaration can prove
SELF-TEST PASS

[1m== every routed woody record can be selected by something that places it[0m
planting reach: the woody planter sweeps the modelled field and reaches 98.4 % of the ground above its own dry floor (2.0 ha outside it, 40.2 ha swept and refused east of the documented limits); 0 routed woody species can be selected by no community mix; 3 of 29 mix weights sit outside every band their own community cites. All three are banked and none may worsen

[1m== …and its own assertions still fire when broken[0m
SELF-TEST — each case must FIRE
  fires  1 a third addTree call site this gate cannot read
  fires  2 the swept domain narrowed back to the old square
  fires  2 the timber's east limit carried to the lake
  fires  2 the planter reaching less ground than it did
  fires  2 the field extended east under a fixed planter
  fires  3 a species newly selectable by nothing
  fires  3 a banked unselectable species that has been placed
  fires  3b a placed species newly drawn with another's archetype
  fires  3b a banked substitution that has been given its own archetype
  fires  4 a zone newly routed to the timber reader
  fires  4 a banked zone whose extent moved onto the planter
  fires  5 a mix entry's weight edited and not re-banked — which is a stem count in the frame
  fires  5 a species added to a mix and not banked
  fires  5 a banked mix entry that has been removed
  fires  5 a record's band edited under an unchanged weight
  fires  5 a declared departure that used to sit inside its band
  fires  5 K45(b)'s prescribed ['platanus_occidentalis', 1] — admissible under K46's rule, and half the sycamores
  fires  K45(a) L113 backwards — the dune mix removed puts the poplars back in the unselectable bank
  …and the bank it was written about is now empty: 0 routed, archetyped, unselectable species, with z08_lakeshore's own extent box the declared box overlaps the swept domain and its three poplars planted by `dune`
  ok     the community scanner finds the five mixes
  ok     …and reads the gallery's edge mix as well as its mix
  ok     …and reads a multi-line mix to its END, not to its second entry
  ok     the community scanner refuses a renderer with no COMMUNITIES
  ok     the direct call site scan finds the point-bar thicket
  ok     the call sites are counted, not assumed
  ok     the planter's domain is derived from the field, not from a literal
  ok     the bound scanner refuses a loop that no longer sweeps the field
  ok     the bound scanner refuses a renderer with no planting steps
  ok     the east limits are read off the street data, not off the renderer
  ok     …and a communityAt that stopped applying them is refused
  ok     …and a renderer that stopped reading the street records is refused
  ok     flora.js's lattice is read as camera-centred
  ok     …and a lattice that stopped following the camera is refused
  ok     a species in a mix is selectable
  ok     a species in no mix is not
  ok     the weight scanner reads every mix entry in the file
  ok     …and reads a multi-line mix to its last weight, not to its second
  ok     …and each community's dossier still says which ZONE its weights came from
  ok     …and refuses a community that no longer says
  ok     …and each community's machine-readable `zones` agrees with that prose
  ok     …and refuses a community whose zones and dossier disagree
  ok     …and refuses a community that declares no zones at all
  ok     the departures scanner reads the three this file declares
  ok     TIMBER_ZONES is still a list a community's `zones` can name into
  ok     the archetype table and its fallback are read off the renderer
  ok     …and a fallback to an archetype that is not in the table is refused
  ok     the per-zone archetypes are read off the renderer
  ok     …and a renderer with no ARCHETYPE_BY_ZONE at all is refused
  ok     …and the community that plants from a zone's own archetypes is read
  ok     K46's rule is scanned out of the renderer, not assumed
  ok     …and a renderer that went back to overriding the literal is refused
  ok     …and one that stopped keeping the recorded band per zone is refused
  ok     …and one that stopped testing the weight against that band is refused
  ok     …and one that stopped reading `departures` is refused
  ok     the census can say `undeclared-departure`
  ok     …and `declared-departure` for the same weight once it is written down
  ok     …and `stale-departure` for one declared and no longer outside
  ok     …and `no-band-in-its-zones` when the cited zone records none
  ok     …and every committed entry is one of the two verdicts that may stand
  ok     the heightfield is the int16 grid this gate reads
SELF-TEST PASS

[1m== no body of far timber stands in the river[0m
  far timber, sampled every 2 m against the committed heightfield
  body                      samples  in water  unmodelled  worst depth   wet run
  south_branch_belt            2308         0        2308            —     0.0 m
  north_division_timber         459         0           0            —     0.0 m
  north_branch_belt            2513         8        2484      1.380 m    16.0 m
  main_stem_belt_east           136         0           0            —     0.0 m
  south_branch_grove           1345         0        1345            —     0.0 m
                                            8   (6137 samples lie outside the modelled field, where the mask cannot answer)
  PASS (ratchet) — 8 samples over water across 1 banked bodies, none new and none worse; the renderer clip keeps every one of them off the screen

[1m== …and its own assertions still fire when broken[0m
  fires: a polyline laid down the channel counts every sample wet
  fires: the North Side timber's own ground censuses dry
  fires: solveHorizon without the water clip
  fires: FAR_TIMBER renamed out from under the gate
  fires: trees.js and terrain.js carrying different waterlines
  PASS (ratchet) — 8 samples over water across 1 banked bodies, none new and none worse; the renderer clip keeps every one of them off the screen
  FAIL — the far-timber census disagrees with what is banked (ROADMAP R-BUG5)
    north_branch_belt got WORSE: 9 samples over water against 8 banked
  fires: a banked body whose fault grew
  FAIL — the far-timber census disagrees with what is banked (ROADMAP R-BUG5)
    unbanked is NEW: 9 of 9 samples over water, 9.0 m of 9.0 m, worst 1.000 m below the water surface
  fires: a body standing in water that nobody banked
  FAIL — the far-timber census disagrees with what is banked (ROADMAP R-BUG5)
    north_branch_belt is banked at 8 samples over water and now has none — drop it from far_timber_baseline.json in the commit that repaired it (--update)
  fires: a repair the baseline was not told about
  self-test: every assertion fires when broken

[1m== the South Water timber belt re-derives from the street it is cut from[0m
  the South Water belt, derived from `south_water` offset 12.192 m south and clipped at `wells` (E +329.3)
  7 points, 265.0 m of belt
  PASS — FAR_TIMBER.main_stem_belt_east is the derived line

[1m== the fort's stockade is still pointed[0m
  ok    the pickets are pointed — 0.312 m of head, 8.4 % of a 3.7 m picket
  ok    768 posts carry one apex each (3072 verts, 4 per post)
  ok    the point is CUT FROM the picket, not stacked on it — mesh 3.7 m against the record's 3.7 m (reconstructed)

[1m== …and its own assertions still fire when broken[0m
  passes: the committed master, unmodified
  fires: a stockade whose apexes sit at the shaft top
  fires: a head worn down under the fraction that reads at the wall
  fires: as many apex vertices as shoulders, which is a cap
  fires: a picket that grew by its own point
  self-test: every assertion fires when broken

[1m== Fort Dearborn's documented gates are shut[0m

[1m== …and its own assertions still fire when broken[0m
   ok    the committed mesh passes, so a break below is this test's own doing
   ok    a gate with no leaves at all is caught
   ok    the 0.90 m slot this file was written for is caught
   ok    a 30 mm gap — three times the tolerance — is caught
   ok    a leaf lying across the curtain is caught
   ok    a gap inside the tolerance is NOT called a fault

SELF-TEST PASS

[1m== p4_0 raises no work at either angle of the fort it draws[0m

[1m== …and its own assertions still fire when broken[0m
   ok    the plate and the record agree today (on the BANKED reading — no image library here)
   ok    a highest point at the east angle is caught
   ok    a highest point at the west angle is caught
   ok    a work rising at the drawn angle is caught
   ok    a corner work added at the north-east angle is caught
   ok    a corner work raised above the curtain is caught
   ok    the edge of the middle third is not a fault

SELF-TEST PASS

[1m== the ways the fort plates draw are still the ways the town was built to[0m

[1m== …and its own assertions still fire when broken[0m
   all 4 assertions fire when broken, and none fires on the committed tree (plate not re-read)

[1m== datum re-derivation[0m
SKIP: pyproj not installed (pip install pyproj); datum re-derivation not run

[1m== liberties derived from docs/LIBERTIES.md[0m
OK: 215 liberties, data/liberties.json matches its markdown

[1m== …and its own assertions still fire when broken[0m

[1m== …and its own assertions still fire when broken[0m
  ok    a standing entry compiles standing
  ok    a resolved entry that says what settled it compiles resolved
  ok    …and is not blamed for anything
  ok    an entry under Resolved saying nothing is NOT compiled resolved
  ok    …and the gate names it
  ok    a per-subject entry compiles per_subject
  ok    …and is not blamed for anything
  ok    a Resolved line outside the section does NOT exempt the entry
  ok    …and the gate names that too
  ok    the reader's order is standing, then per-subject, then resolved — and inside a group, the order the document was written in
  ok    a number taken by two entries is reported
  ok    …and the report names BOTH titles, so the newcomer can be told apart
  ok    a lettered sub-entry is NOT a duplicate of its parent
  ok    …and nothing is reported for the sub-entries
  ok    a heading the grammar rejects is reported rather than swallowed (line 9)
  ok    …and the entry it would have swallowed is named by line, not left to be searched for
  ok    …and it is the ONLY entry parsed, which is why the silence mattered
  ok    a scope whose count agrees with its enumeration compiles
  ok    …and is not blamed for anything
  ok    a count that has drifted from its enumeration is reported
  ok    …and the report names BOTH numbers, so it can be repaired without re-deriving the population by hand
  ok    …and the drifted entry still compiles the DECLARED count, so the next compile cannot absorb the drift into the derived file
  ok    an enumeration nothing derives is reported rather than believed
  ok    …and the report lists the enumerations that do exist
  ok    a Scope field written as prose is reported, not parsed into a count
  ok    the committed document misfiles nothing (11 settled, 204 still standing)
  ok    the committed document carries no duplicate number, across 215 entries including 9 lettered sub-entries (L4a, L31a, L31b, L31c, L31d, L31e, L31f, L31g, L36a)
  ok    …and every one of its 215 headings parses
  ok    every scope in the committed document resolves and its count agrees (L211 reaches 101, L214 reaches 727)

SELF-TEST PASS

[1m== sidecars derived from data/[0m
scene 1835: 372 sidecar(s), 23 researched exclusion(s), 42 ground claim(s), 7 fauna source(s), 16 flora source(s), 10 clamped plant layer(s), 149 resident source(s), 1 excluded by date (cook_county_courthouse_1835)
   DRIFT: data/sidecars/1835/inf_artisan_dwelling_west_a.json is not what the dataset compiles to
   DRIFT: data/sidecars/1835/inf_artisan_dwelling_west_b.json is not what the dataset compiles to
   DRIFT: data/sidecars/1835/inf_bakery_lake.json is not what the dataset compiles to
   DRIFT: data/sidecars/1835/inf_barber_shop.json is not what the dataset compiles to
   DRIFT: data/sidecars/1835/inf_blacksmith_shop_west.json is not what the dataset compiles to
   DRIFT: data/sidecars/1835/inf_boatman_cabin_north.json is not what the dataset compiles to
   DRIFT: data/sidecars/1835/inf_brickmaker_dwelling_north.json is not what the dataset compiles to
   DRIFT: data/sidecars/1835/inf_butcher_market.json is not what the dataset compiles to
   DRIFT: data/sidecars/1835/inf_carpenter_dwelling_north.json is not what the dataset compiles to
   DRIFT: data/sidecars/1835/inf_cooperage_south.json is not what the dataset compiles to
   DRIFT: data/sidecars/1835/inf_cooperage_south_branch.json is not what the dataset compiles to
   DRIFT: data/sidecars/1835/inf_grocery_west.json is not what the dataset compiles to
   DRIFT: data/sidecars/1835/inf_gunsmith_shop.json is not what the dataset compiles to
   DRIFT: data/sidecars/1835/inf_harness_shop.json is not what the dataset compiles to
   DRIFT: data/sidecars/1835/inf_labourer_shanty_north_a.json is not what the dataset compiles to
   DRIFT: data/sidecars/1835/inf_labourer_shanty_north_b.json is not what the dataset compiles to
   DRIFT: data/sidecars/1835/inf_labourer_shanty_west_a.json is not what the dataset compiles to
   DRIFT: data/sidecars/1835/inf_labourer_shanty_west_b.json is not what the dataset compiles to
   DRIFT: data/sidecars/1835/inf_laundry_north.json is not what the dataset compiles to
   DRIFT: data/sidecars/1835/inf_mason_dwelling_north.json is not what the dataset compiles to
   DRIFT: data/sidecars/1835/inf_packer_dwelling.json is not what the dataset compiles to
   DRIFT: data/sidecars/1835/inf_sawpit_shed.json is not what the dataset compiles to
   DRIFT: data/sidecars/1835/inf_sawyer_dwelling_a.json is not what the dataset compiles to
   DRIFT: data/sidecars/1835/inf_sawyer_dwelling_b.json is not what the dataset compiles to
   DRIFT: data/sidecars/1835/inf_shoemaker_shop.json is not what the dataset compiles to
   DRIFT: data/sidecars/1835/inf_tailor_shop.json is not what the dataset compiles to
   DRIFT: data/sidecars/1835/inf_teamster_dwelling_south.json is not what the dataset compiles to
   DRIFT: data/sidecars/1835/inf_teamster_dwelling_west.json is not what the dataset compiles to
   DRIFT: data/sidecars/1835/inf_teamster_stable_west.json is not what the dataset compiles to
   DRIFT: data/sidecars/1835/inf_wheelwright_shop_west.json is not what the dataset compiles to
   DRIFT: data/sidecars/1835/physicians_office.json is not what the dataset compiles to
   DRIFT: data/sidecars/1835/recon_1835_blk_lake_market_d1_05.json is not what the dataset compiles to
   DRIFT: data/sidecars/1835/recon_1835_blk_lake_market_d3_03.json is not what the dataset compiles to
   DRIFT: data/sidecars/1835/recon_1835_blk_randolph_clark_d1_06.json is not what the dataset compiles to
   DRIFT: data/sidecars/1835/recon_1835_blk_randolph_clinton_d1_03.json is not what the dataset compiles to
   DRIFT: data/sidecars/1835/recon_1835_blk_randolph_dearborn_d1_04.json is not what the dataset compiles to
   DRIFT: data/sidecars/1835/recon_1835_blk_randolph_dearborn_d3_01.json is not what the dataset compiles to
   DRIFT: data/sidecars/1835/recon_1835_blk_randolph_franklin_d1_06.json is not what the dataset compiles to
   DRIFT: data/sidecars/1835/recon_1835_blk_randolph_franklin_d3_04.json is not what the dataset compiles to
   DRIFT: data/sidecars/1835/recon_1835_blk_randolph_market_d3_04.json is not what the dataset compiles to
   DRIFT: data/sidecars/1835/recon_1835_blk_randolph_wells_d1_06.json is not what the dataset compiles to
   DRIFT: data/sidecars/1835/recon_1835_blk_randolph_wells_d3_05.json is not what the dataset compiles to
   DRIFT: data/sidecars/1835/recon_1835_blk_south_water_clark_d1_04.json is not what the dataset compiles to
   DRIFT: data/sidecars/1835/recon_1835_blk_south_water_clark_d3_03.json is not what the dataset compiles to
   DRIFT: data/sidecars/1835/recon_1835_blk_south_water_dearborn_d1_05.json is not what the dataset compiles to
   DRIFT: data/sidecars/1835/recon_1835_blk_south_water_dearborn_d3_03.json is not what the dataset compiles to
   DRIFT: data/sidecars/1835/recon_1835_blk_south_water_franklin_d1_04.json is not what the dataset compiles to
   DRIFT: data/sidecars/1835/recon_1835_blk_south_water_franklin_d3_03.json is not what the dataset compiles to
   DRIFT: data/sidecars/1835/recon_1835_blk_south_water_lasalle_d1_04.json is not what the dataset compiles to
   DRIFT: data/sidecars/1835/recon_1835_blk_south_water_lasalle_d3_03.json is not what the dataset compiles to
   DRIFT: data/sidecars/1835/recon_1835_blk_south_water_wells_d1_05.json is not what the dataset compiles to
   DRIFT: data/sidecars/1835/recon_1835_blk_south_water_wells_d3_04.json is not what the dataset compiles to
   DRIFT: data/sidecars/1835/recon_1835_north_a1_008.json is not what the dataset compiles to
   DRIFT: data/sidecars/1835/recon_1835_north_a1_032.json is not what the dataset compiles to
   DRIFT: data/sidecars/1835/recon_1835_north_a1_036.json is not what the dataset compiles to
   DRIFT: data/sidecars/1835/recon_1835_north_c1_020.json is not what the dataset compiles to
   DRIFT: data/sidecars/1835/recon_1835_north_c1_047.json is not what the dataset compiles to
   DRIFT: data/sidecars/1835/recon_1835_north_c2_027.json is not what the dataset compiles to
   DRIFT: data/sidecars/1835/recon_1835_north_d1_001.json is not what the dataset compiles to
   DRIFT: data/sidecars/1835/recon_1835_north_d1_013.json is not what the dataset compiles to
   DRIFT: data/sidecars/1835/recon_1835_north_d1_023.json is not what the dataset compiles to
   DRIFT: data/sidecars/1835/recon_1835_north_d1_053.json is not what the dataset compiles to
   DRIFT: data/sidecars/1835/recon_1835_north_d1_054.json is not what the dataset compiles to
   DRIFT: data/sidecars/1835/recon_1835_north_d1_060.json is not what the dataset compiles to
   DRIFT: data/sidecars/1835/recon_1835_north_d2_003.json is not what the dataset compiles to
   DRIFT: data/sidecars/1835/recon_1835_north_d2_014.json is not what the dataset compiles to
   DRIFT: data/sidecars/1835/recon_1835_north_d2_029.json is not what the dataset compiles to
   DRIFT: data/sidecars/1835/recon_1835_north_d2_046.json is not what the dataset compiles to
   DRIFT: data/sidecars/1835/recon_1835_north_d3_002.json is not what the dataset compiles to
   DRIFT: data/sidecars/1835/recon_1835_north_d3_006.json is not what the dataset compiles to
   DRIFT: data/sidecars/1835/recon_1835_north_d3_016.json is not what the dataset compiles to
   DRIFT: data/sidecars/1835/recon_1835_north_d3_024.json is not what the dataset compiles to
   DRIFT: data/sidecars/1835/recon_1835_north_d3_038.json is not what the dataset compiles to
   DRIFT: data/sidecars/1835/recon_1835_north_d3_042.json is not what the dataset compiles to
   DRIFT: data/sidecars/1835/recon_1835_north_d3_055.json is not what the dataset compiles to
   DRIFT: data/sidecars/1835/recon_1835_north_d4_004.json is not what the dataset compiles to
   DRIFT: data/sidecars/1835/recon_1835_north_d4_012.json is not what the dataset compiles to
   DRIFT: data/sidecars/1835/recon_1835_north_d4_017.json is not what the dataset compiles to
   DRIFT: data/sidecars/1835/recon_1835_north_d4_025.json is not what the dataset compiles to
   DRIFT: data/sidecars/1835/recon_1835_north_d4_039.json is not what the dataset compiles to
   DRIFT: data/sidecars/1835/recon_1835_north_d4_043.json is not what the dataset compiles to
   DRIFT: data/sidecars/1835/recon_1835_north_d4_056.json is not what the dataset compiles to
   DRIFT: data/sidecars/1835/recon_1835_north_d5_019.json is not what the dataset compiles to
   DRIFT: data/sidecars/1835/recon_1835_north_d5_026.json is not what the dataset compiles to
   DRIFT: data/sidecars/1835/recon_1835_north_d5_037.json is not what the dataset compiles to
   DRIFT: data/sidecars/1835/recon_1835_north_d5_041.json is not what the dataset compiles to
   DRIFT: data/sidecars/1835/recon_1835_north_d5_057.json is not what the dataset compiles to
   DRIFT: data/sidecars/1835/recon_1835_north_d6_021.json is not what the dataset compiles to
   DRIFT: data/sidecars/1835/recon_1835_north_d6_044.json is not what the dataset compiles to
   DRIFT: data/sidecars/1835/recon_1835_north_d7_031.json is not what the dataset compiles to
   DRIFT: data/sidecars/1835/recon_1835_north_f1_022.json is not what the dataset compiles to
   DRIFT: data/sidecars/1835/recon_1835_north_h1_007.json is not what the dataset compiles to
   DRIFT: data/sidecars/1835/recon_1835_north_h2_030.json is not what the dataset compiles to
   DRIFT: data/sidecars/1835/recon_1835_north_h3_045.json is not what the dataset compiles to
   DRIFT: data/sidecars/1835/recon_1835_north_t1_028.json is not what the dataset compiles to
   DRIFT: data/sidecars/1835/recon_1835_north_w1_018.json is not what the dataset compiles to
   DRIFT: data/sidecars/1835/recon_1835_north_w2_005.json is not what the dataset compiles to
   DRIFT: data/sidecars/1835/recon_1835_north_w5_040.json is not what the dataset compiles to
   DRIFT: data/sidecars/1835/recon_1835_south_a1_046.json is not what the dataset compiles to
   DRIFT: data/sidecars/1835/recon_1835_south_c1_003.json is not what the dataset compiles to
   DRIFT: data/sidecars/1835/recon_1835_south_c2_007.json is not what the dataset compiles to
   DRIFT: data/sidecars/1835/recon_1835_south_c2_036.json is not what the dataset compiles to
   DRIFT: data/sidecars/1835/recon_1835_south_c3_015.json is not what the dataset compiles to
   DRIFT: data/sidecars/1835/recon_1835_south_c3_037.json is not what the dataset compiles to
   DRIFT: data/sidecars/1835/recon_1835_south_d1_021.json is not what the dataset compiles to
   DRIFT: data/sidecars/1835/recon_1835_south_d1_033.json is not what the dataset compiles to
   DRIFT: data/sidecars/1835/recon_1835_south_d2_005.json is not what the dataset compiles to
   DRIFT: data/sidecars/1835/recon_1835_south_d2_024.json is not what the dataset compiles to
   DRIFT: data/sidecars/1835/recon_1835_south_d3_001.json is not what the dataset compiles to
   DRIFT: data/sidecars/1835/recon_1835_south_d3_008.json is not what the dataset compiles to
   DRIFT: data/sidecars/1835/recon_1835_south_d3_013.json is not what the dataset compiles to
   DRIFT: data/sidecars/1835/recon_1835_south_d3_017.json is not what the dataset compiles to
   DRIFT: data/sidecars/1835/recon_1835_south_d3_022.json is not what the dataset compiles to
   DRIFT: data/sidecars/1835/recon_1835_south_d3_027.json is not what the dataset compiles to
   DRIFT: data/sidecars/1835/recon_1835_south_d4_002.json is not what the dataset compiles to
   DRIFT: data/sidecars/1835/recon_1835_south_d4_006.json is not what the dataset compiles to
   DRIFT: data/sidecars/1835/recon_1835_south_d4_009.json is not what the dataset compiles to
   DRIFT: data/sidecars/1835/recon_1835_south_d4_014.json is not what the dataset compiles to
   DRIFT: data/sidecars/1835/recon_1835_south_d4_019.json is not what the dataset compiles to
   DRIFT: data/sidecars/1835/recon_1835_south_d4_025.json is not what the dataset compiles to
   DRIFT: data/sidecars/1835/recon_1835_south_d4_030.json is not what the dataset compiles to
   DRIFT: data/sidecars/1835/recon_1835_south_d5_004.json is not what the dataset compiles to
   DRIFT: data/sidecars/1835/recon_1835_south_d5_011.json is not what the dataset compiles to
   DRIFT: data/sidecars/1835/recon_1835_south_d5_016.json is not what the dataset compiles to
   DRIFT: data/sidecars/1835/recon_1835_south_d5_028.json is not what the dataset compiles to
   DRIFT: data/sidecars/1835/recon_1835_south_d5_034.json is not what the dataset compiles to
   DRIFT: data/sidecars/1835/recon_1835_south_d6_012.json is not what the dataset compiles to
   DRIFT: data/sidecars/1835/recon_1835_south_d6_020.json is not what the dataset compiles to
   DRIFT: data/sidecars/1835/recon_1835_south_d6_031.json is not what the dataset compiles to
   DRIFT: data/sidecars/1835/recon_1835_south_d7_035.json is not what the dataset compiles to
   DRIFT: data/sidecars/1835/recon_1835_south_f2_039.json is not what the dataset compiles to
   DRIFT: data/sidecars/1835/recon_1835_south_w1_023.json is not what the dataset compiles to
   DRIFT: data/sidecars/1835/recon_1835_south_w2_026.json is not what the dataset compiles to
   DRIFT: data/sidecars/1835/recon_1835_south_w3_029.json is not what the dataset compiles to
   DRIFT: data/sidecars/1835/recon_1835_south_w4_032.json is not what the dataset compiles to
   DRIFT: data/sidecars/1835/residents_sources.json is not what the dataset compiles to
136 derived file(s) disagree with the dataset — run: python3 tools/compile_scene.py --all
[31m   ^ sidecars derived from data/ failed[0m

[1m== every dossier link a card offers resolves[0m
   base: https://github.com/kevinrhaas/custom/blob/main/chicago/4d/
   330 card(s) link a dossier, all resolving; 37 link none
   no dossier written for 37 record(s):
     1835/beaubien_barn
     1835/brickyard_north_side
     1835/brown_boarding_house
     1835/chappel_infant_school
     1835/clybourn_cabins
     1835/clybourn_slaughterhouse
     1835/elston_soap_candle_manufactory
     1835/estray_pen
     1835/first_presbyterian_church
     1835/fort_dearborn_flagstaff
     1835/goss_cobb_saddlery
     1835/harmon_log_cabin
     1835/heacock_house_monroe
     1835/james_kinzie_house
     1835/john_holbrook_store
     1835/kinzie_hunter_warehouse
     1835/lasalle_slough_crossing
     1835/log_jail
     1835/mason_blacksmith_shop
     1835/newberry_dole_slaughterhouse_south_branch
     1835/newberry_dole_warehouse
     1835/north_bank_shed_dearborn_e1
     1835/north_bank_shed_dearborn_e2
     1835/north_bank_shed_dearborn_e3
     1835/north_bank_shed_dearborn_w
     1835/north_water_slough_crossing
     1835/pierce_blacksmith_shop
     1835/robert_kinzie_store
     1835/slough_log_bridge
     1835/st_marys_church
     1835/temple_building
     1835/temple_lake_st_building
     1835/watkins_school_house
     1835/western_hotel_stable
     1835/wolf_point_tavern_stable
     1835/wright_building_to_let_a
     1835/wright_building_to_let_b

[1m== renderer modules parse[0m
   39 module(s) parsed

[1m== the ground mesh still meets the heightfield the walker samples[0m
   terrain fit — e1834_harbor_cut, against the heightfield the walker samples

   mesh      vertices   compared   lattice     mean        rms         max |Δ|
   master      125577     125061   float          -0.0 mm     1.4 mm      2.5 mm
   shipped     125577     125061   78.1 mm         0.1 mm    23.0 mm     41.4 mm

   master within 30.0 mm: yes (2.5 mm); shipped derivative 41.4 mm off on a quantised lattice, conformed at load — see R-BUG3c
   shipped POSITION: 16-bit POSITION, which is what tools/web_derivatives.sh asks for (16) (lattice 78.1 mm)

[1m== the shipped ground stands where the master does, and inside the road lift[0m
   the shipped ground's vertices stand 0.0 mm from the master's in plan (lattice 78.1 mm)
   the drawn surface is within 22.0 mm of the field at all 259,689 sample points: yes (worst 7.0 mm at E -297.5 N -400.0)

[1m== the shrub keeps its recorded width and its shell is not see-through[0m
shipped: 64 sprays @ plate 1.000 — cover 51.3% (worst bearing 47.3%), stem cover 54.2%, reach 0.997 of the recorded half-width, plate 34.6 cm (3.5× a leaf), 136 triangles
GATE: PASS

[1m== changelog contract[0m
changelog contract OK — 440 entries (440 in the literal), latest v440

[1m== ticket queue[0m
   tickets.json mirrored to site/chicago/4d/ (T-0154)
ticket queue FAILED:
  - T-0426-a-shop-addressed-on-a-cross-street-improves-the-.md: DUPLICATE id T-0426 (also T-0426-a-shop-addressed-on-a-cross-street-improves-the- 2.md) — two branches each assigned it. `node tools/ticket.mjs restamp <file>` renumbers the younger one
  - T-0442-deep-research-pilot-for-75-real-named-residents.md: DUPLICATE id T-0442 (also T-0442-deep-research-pilot-for-75-real-named-residents 2.md) — two branches each assigned it. `node tools/ticket.mjs restamp <file>` renumbers the younger one
  - T-0449-four-south-water-frontage-entries-declare-lots-t.md: DUPLICATE id T-0449 (also T-0449-four-south-water-frontage-entries-declare-lots-t 2.md) — two branches each assigned it. `node tools/ticket.mjs restamp <file>` renumbers the younger one
  - T-0451-only-one-north-south-street-stands-north-of-the-.md: DUPLICATE id T-0451 (also T-0451-only-one-north-south-street-stands-north-of-the- 2.md) — two branches each assigned it. `node tools/ticket.mjs restamp <file>` renumbers the younger one
  - T-0453-the-river-banks-are-traced-from-wright-1834-and-.md: DUPLICATE id T-0453 (also T-0453-the-river-banks-are-traced-from-wright-1834-and- 2.md) — two branches each assigned it. `node tools/ticket.mjs restamp <file>` renumbers the younger one
  - T-0459-signboards-are-mounted-over-doors-and-windows-wh.md: DUPLICATE id T-0459 (also T-0459-signboards-are-mounted-over-doors-and-windows-wh 2.md) — two branches each assigned it. `node tools/ticket.mjs restamp <file>` renumbers the younger one
  - T-0460-the-plank-walk-meets-the-dirt-road-in-a-jagged-s.md: DUPLICATE id T-0460 (also T-0460-the-plank-walk-meets-the-dirt-road-in-a-jagged-s 2.md) — two branches each assigned it. `node tools/ticket.mjs restamp <file>` renumbers the younger one
  - T-0461-the-tremont-house-s-goods-are-laid-on-lot-7-whic.md: DUPLICATE id T-0461 (also T-0461-the-tremont-house-s-goods-are-laid-on-lot-7-whic 2.md) — two branches each assigned it. `node tools/ticket.mjs restamp <file>` renumbers the younger one
  - T-0464-extend-the-shared-south-terrain-from-madison-through-cermak.md: epic "SOUTH_TIME" is not one of RENDERING/TOWN/GROUND/FLORA/PIPELINE/META/PAPERS
  - T-0465-trace-the-south-branch-and-early-lakefront-through-the-expanded-field.md: epic "SOUTH_TIME" is not one of RENDERING/TOWN/GROUND/FLORA/PIPELINE/META/PAPERS
  - T-0466-build-a-south-terrain-tiling-and-culling-plan-for-a-four-kilometre-field.md: epic "SOUTH_TIME" is not one of RENDERING/TOWN/GROUND/FLORA/PIPELINE/META/PAPERS
  - T-0467-add-south-scene-camera-anchors-navigation-and-map-extents.md: epic "SOUTH_TIME" is not one of RENDERING/TOWN/GROUND/FLORA/PIPELINE/META/PAPERS
  - T-0468-create-an-e1812-natural-terrain-epoch-for-the-fort-dearborn-battle-landscape.md: epic "SOUTH_TIME" is not one of RENDERING/TOWN/GROUND/FLORA/PIPELINE/META/PAPERS
  - T-0469-reconstruct-the-first-fort-dearborn-complex-as-it-stood-in-august-1812.md: epic "SOUTH_TIME" is not one of RENDERING/TOWN/GROUND/FLORA/PIPELINE/META/PAPERS
  - T-0470-map-the-15-august-1812-evacuation-route-and-battle-location-confidence-zone.md: epic "SOUTH_TIME" is not one of RENDERING/TOWN/GROUND/FLORA/PIPELINE/META/PAPERS
  - T-0471-build-the-1812-lakeshore-prairie-vegetation-and-landscape-features.md: epic "SOUTH_TIME" is not one of RENDERING/TOWN/GROUND/FLORA/PIPELINE/META/PAPERS
  - T-0472-build-the-1812-interpretive-scene-with-indigenous-history-review-gates.md: epic "SOUTH_TIME" is not one of RENDERING/TOWN/GROUND/FLORA/PIPELINE/META/PAPERS
  - T-0473-create-an-1880s-south-side-terrain-and-urban-ground-epoch.md: epic "SOUTH_TIME" is not one of RENDERING/TOWN/GROUND/FLORA/PIPELINE/META/PAPERS
  - T-0474-reconstruct-the-1880s-prairie-avenue-street-parcel-and-service-grid.md: epic "SOUTH_TIME" is not one of RENDERING/TOWN/GROUND/FLORA/PIPELINE/META/PAPERS
  - T-0475-build-the-prairie-avenue-landmark-mansion-core.md: epic "SOUTH_TIME" is not one of RENDERING/TOWN/GROUND/FLORA/PIPELINE/META/PAPERS
  - T-0476-fill-the-1880s-prairie-avenue-corridor-with-documented-residences-and-outbuildings.md: epic "SOUTH_TIME" is not one of RENDERING/TOWN/GROUND/FLORA/PIPELINE/META/PAPERS
  - T-0477-build-the-1880s-prairie-avenue-streetscape-vegetation-and-urban-furniture.md: epic "SOUTH_TIME" is not one of RENDERING/TOWN/GROUND/FLORA/PIPELINE/META/PAPERS
  - T-0480-research-sixth-75-person-real-resident-cohort.md: state "closed" is not one of open/claimed/review/done/blocked-owner/blocked-tech/withdrawn/split
  - T-0481-research-seventh-75-person-real-resident-cohort.md: state "closed" is not one of open/claimed/review/done/blocked-owner/blocked-tech/withdrawn/split
  - T-0482-research-eighth-75-person-real-resident-cohort.md: state "closed" is not one of open/claimed/review/done/blocked-owner/blocked-tech/withdrawn/split
  - T-0485-research-eleventh-75-person-real-resident-cohort.md: state "closed" is not one of open/claimed/review/done/blocked-owner/blocked-tech/withdrawn/split
  - T-0487-adjudicate-complete-resident-research-corpus.md: effort L is in the queue — MORE THAN ONE RUN — must be split before it can be claimed. Run `node tools/ticket.mjs split T-0487 "first piece" "second piece"`; the children keep its place in the order.
  - T-0487-adjudicate-the-complete-resident-research-corpus.md: DUPLICATE id T-0487 (also T-0487-adjudicate-complete-resident-research-corpus.md) — two branches each assigned it. `node tools/ticket.mjs restamp <file>` renumbers the younger one
  - T-0488-promote-attested-resident-and-household-findings.md: effort L is in the queue — MORE THAN ONE RUN — must be split before it can be claimed. Run `node tools/ticket.mjs split T-0488 "first piece" "second piece"`; the children keep its place in the order.
  - T-0488-promote-attested-residents-households-and-occupations.md: DUPLICATE id T-0488 (also T-0488-promote-attested-resident-and-household-findings.md) — two branches each assigned it. `node tools/ticket.mjs restamp <file>` renumbers the younger one
  - T-0489-promote-inferred-projected-residents-and-retire-reconstructed-layer.md: DUPLICATE id T-0489 (also T-0489-integrate-reasonable-inferred-residents-and-households.md) — two branches each assigned it. `node tools/ticket.mjs restamp <file>` renumbers the younger one
  - T-0489-promote-inferred-projected-residents-and-retire-reconstructed-layer.md: effort L is in the queue — MORE THAN ONE RUN — must be split before it can be claimed. Run `node tools/ticket.mjs split T-0489 "first piece" "second piece"`; the children keep its place in the order.
  - T-0490-final-resident-citation-and-coverage-audit.md: DUPLICATE id T-0490 (also T-0490-audit-resident-household-census-synthesis-and-publish-summary.md) — two branches each assigned it. `node tools/ticket.mjs restamp <file>` renumbers the younger one
  - open ticket T-0463 is missing from QUEUE.md — append it, do not reorder
  - QUEUE.md line 251 labels T-0487 "Adjudicate the complete resident research corpus against newspaper and census evidence", but that ticket is titled "Adjudicate the complete resident research corpus into one identity master" — the ticket wins; rewrite the line as `T-0487 — Adjudicate the complete resident research corpus into one identity master`
  - QUEUE.md line 252 labels T-0488 "Promote attested resident and household findings from the adjudicated research corpus", but that ticket is titled "Promote attested residents, households, occupations and relationships into canonical data" — the ticket wins; rewrite the line as `T-0488 — Promote attested residents, households, occupations and relationships into canonical data`
  - QUEUE.md line 254 labels T-0490 "Audit the resident and household census synthesis and publish the evidence-based population summary", but that ticket is titled "Final resident, household and occupation citation and coverage audit" — the ticket wins; rewrite the line as `T-0490 — Final resident, household and occupation citation and coverage audit`
  - BOARD.md / tickets.json were stale — regenerated now; commit them (run `node tools/ticket.mjs board` before every merge, like the changelog stamp)
[31m   ^ ticket queue failed[0m

[1m== the shipped derivative still describes the master's building[0m
FAIL  assets/gltf/recon_1835_blk_south_water_lasalle_a1_14__inferred_1835 2.glb has no derivative in assets/web — the site cannot ship a building the bake did not compress
FAIL  assets/web/recon_1835_blk_south_water_lasalle_d1_08__inferred_1835 2.glb has no master in assets/gltf — the site ships geometry the dataset no longer describes
FAIL  recon_1835_blk_south_water_lasalle_d3_10__inferred_1835 2.glb: nothing records which master assets/web/recon_1835_blk_south_water_lasalle_d3_10__inferred_1835 2.glb was made from. tools/web_derivatives.sh writes manifest.web.json as it produces each derivative, so a file it does not appear in was written by something else — regenerate it with tools/web_derivatives.sh --only recon_1835_blk_south_water_lasalle_d3_10__inferred_1835 2.glb (K39)
[31m   ^ the shipped derivative still describes the master's building failed[0m

[1m== …and its own assertions still fire when broken[0m
SELF-TEST CANNOT RUN — the tree is not clean:
  assets/gltf/recon_1835_blk_south_water_lasalle_a1_14__inferred_1835 2.glb has no derivative in assets/web — the site cannot ship a building the bake did not compress
  assets/web/recon_1835_blk_south_water_lasalle_d1_08__inferred_1835 2.glb has no master in assets/gltf — the site ships geometry the dataset no longer describes
  recon_1835_blk_south_water_lasalle_d3_10__inferred_1835 2.glb: nothing records which master assets/web/recon_1835_blk_south_water_lasalle_d3_10__inferred_1835 2.glb was made from. tools/web_derivatives.sh writes manifest.web.json as it produces each derivative, so a file it does not appear in was written by something else — regenerate it with tools/web_derivatives.sh --only recon_1835_blk_south_water_lasalle_d3_10__inferred_1835 2.glb (K39)
[31m   ^ …and its own assertions still fire when broken failed[0m

[1m== a shipped occlusion texture carries occlusion, and the manifest agrees[0m
AO EXPORT PASS

[1m== …and its own assertions still fire when broken[0m

  -- the reader itself
  ok    PNG filter type 0 round-trips exactly
  ok    PNG filter type 1 round-trips exactly
  ok    PNG filter type 2 round-trips exactly
  ok    PNG filter type 3 round-trips exactly
  ok    PNG filter type 4 round-trips exactly
  ok    a known gradient reads back exactly — mean 0.029412 over 96 texels

  -- the build-time guard (assert_ao_survived_export), each arm broken
  ok    the shipped bug: a uniformly BLACK occlusion texture
          black.glb: the exported occlusion texture is UNIFORMLY 0.0000 over 64 texels (FULLY OCCLUDED under glTF — every asset built this way renders with its 
  ok    a uniformly WHITE one — a bake that did not arrive either
          white.glb: the exported occlusion texture is UNIFORMLY 1.0000 over 64 texels (unoccluded), while the bake read mean 0.2158. The bake is fine and the e
  ok    AO baked but the exporter declared no occlusionTexture
          none.glb: ambient occlusion was baked (mean 0.2158) but the exported file declares NO occlusionTexture on any of its materials — the exporter dropped 
  ok    real variation, but 30 % off the bake — the sRGB-curve failure
          good.glb: the exported occlusion mean is 0.0294 but the bake read 0.0382 — 23.1 % apart, over a 2 % tolerance. Occlusion is non-colour data in glTF, s
  ok    real variation agreeing with the bake — must PASS

  -- the manifest cross-check (--gate), each arm broken
  ok    manifest says baked_ao: true, the file carries none -> refused
  ok    manifest says baked_ao: false, the file carries one -> refused
  ok    a black occlusion texture, consistently recorded as true -> refused
  ok    a white occlusion texture, consistently recorded as true -> refused
  ok    manifest says true and the file carries real occlusion -> clean
  ok    manifest says false and the file carries none — today's town -> clean

AO EXPORT SELF-TEST PASS

[1m== published mirror matches its source[0m
published mirror: 1322 file(s) byte-identical to source, 378 transformed under 4 declared rule(s), 0 unmapped
  1x transformed — publish.sh writes it each run from the same BUILD_VERSION and BUILD_CT as the visible stamp
      e.g. build.json
      gate: tools/test_dev_preview.mjs reads it. Until 2026-08-15 it was written ONCE by hand and never again — this gate found it two days stale, claiming a version the mirror beside it did not have. That is the exact fault class this file exists for, found on its first run.
  375x transformed — gltf-transform meshopt derivative built by bake.sh from assets/gltf masters
      e.g. data/gltf/bates_auction_room__frame_1834.glb
      gate: R-BUG3c-b: check.sh asserts the committed master against the heightfield and REPORTS the derivative's FIT; the renderer conforms the ground to the field at load, so the drawn surface is the sampler by construction. Its POSITION BIT DEPTH is asserted rather than reported (T-0012): tools/measure_terrain_fit.mjs --gate recovers the depth from the shipped rungs and fails if it is coarser than tools/web_derivatives.sh asks for, because the derivative gate next door compares triangles, node identity, materials and a bounding box within four rungs and a bit-depth change moves none of them. This is the entry that cost three parcels — read #145 before adding another.
  1x transformed — publish.sh writes the mirror landing page once, if absent (`[ -f ] ||`), from a heredoc
      e.g. index.html
      gate: none, and it does not need one: it is a redirect stub with no claim in it. Recorded so that if it ever grows a claim, the absence of a gate is visible here.
  1x transformed — publish.sh stamps the build commit and its Central-time date into the gate overlay
      e.g. walk/index.html
      gate: tools/test_dev_preview.mjs asserts the stamp on the PUBLISHED form
published mirror FAILED:
  - data/residents/research_pilot 2.json is published but data/residents/research_pilot 2.json does not exist — the mirror carries a file the repository does not
  - data/sidecars/1835/recon_1835_blk_south_water_lasalle_a1_14 2.json is published but data/sidecars/1835/recon_1835_blk_south_water_lasalle_a1_14 2.json does not exist — the mirror carries a file the repository does not
  - data/sidecars/1835/recon_1835_blk_south_water_lasalle_a2_15 2.json is published but data/sidecars/1835/recon_1835_blk_south_water_lasalle_a2_15 2.json does not exist — the mirror carries a file the repository does not
  - data/sidecars/1835/recon_1835_blk_south_water_lasalle_c3_13 2.json is published but data/sidecars/1835/recon_1835_blk_south_water_lasalle_c3_13 2.json does not exist — the mirror carries a file the repository does not
  - data/sidecars/1835/recon_1835_blk_south_water_lasalle_d1_08 2.json is published but data/sidecars/1835/recon_1835_blk_south_water_lasalle_d1_08 2.json does not exist — the mirror carries a file the repository does not
  - data/sidecars/1835/recon_1835_blk_south_water_lasalle_d2_09 2.json is published but data/sidecars/1835/recon_1835_blk_south_water_lasalle_d2_09 2.json does not exist — the mirror carries a file the repository does not
  - data/sidecars/1835/recon_1835_blk_south_water_lasalle_d3_10 2.json is published but data/sidecars/1835/recon_1835_blk_south_water_lasalle_d3_10 2.json does not exist — the mirror carries a file the repository does not
  - data/sidecars/1835/recon_1835_blk_south_water_lasalle_d6_11 2.json is published but data/sidecars/1835/recon_1835_blk_south_water_lasalle_d6_11 2.json does not exist — the mirror carries a file the repository does not
  - data/sidecars/1835/recon_1835_blk_south_water_lasalle_d7_12 2.json is published but data/sidecars/1835/recon_1835_blk_south_water_lasalle_d7_12 2.json does not exist — the mirror carries a file the repository does not
[31m   ^ published mirror matches its source failed[0m

[1m== closing a ticket leaves the mirror fresh, and a stale one still fails[0m
ticket mirror — sandbox at /tmp/c4d-ticket-mirror-z5WmOf
  ok    a freshly published sandbox passes the mirror gate
  ok    the sandbox queue offers a ticket to close — T-0460
  ok    closing a ticket leaves the published mirror fresh — no remembered publish.sh needed
  ok    …and the mirror really is the closed board, not the old one — 237170 bytes
  ok    a hand-staled mirror still fails the gate — and it names tickets.json
  ok    a no-op regeneration does NOT launder that stale mirror — still red
  ok    and republishing clears it again
  ok    moving publish.sh's copy is refused by `ticket.mjs check` — and it names the reconciliation
ticket mirror OK

[1m== stamping the changelog leaves both mirrors fresh, and a stale one still fails[0m
changelog mirror — sandbox at /tmp/c4d-changelog-mirror-wPyBx4
  ok    a freshly published sandbox passes the mirror gate
  ok    stamping after publish.sh leaves both published mirrors fresh — no remembered publish.sh needed
  ok    …and the stamper said which paths it carried —    changelog.js mirrored to site/chicago/4d/js/changelog.js (T-0155);    changelog.js mirrored to site/chicago/4d/walk/js/changelog.js (T-0155)
  ok    …and the mirrors really are the stamped file, not the unstamped one — 369 bytes, v2 stamped
  ok    a hand-staled mirror still fails the gate — and it names changelog.js
  ok    a no-op re-stamp does NOT launder that stale mirror — still red
  ok    and republishing clears it again
  ok    the stamper does not create a mirror directory that publish.sh has not made — walk/ stayed absent
  ok    …while the mirror that DOES exist was still carried
  ok    stamp-changelog.mjs still declares PUBLISH_PINS
  ok    …and it names both published copies — cp -f renderers/web/js/changelog.js "$SITE/js/changelog.js" | cp -a renderers/web "$SITE/walk"
  ok    publish.sh still contains "cp -f renderers/web/js/changelog.js \"$SITE/js/changelog.js\"" — pinned
  ok    publish.sh still contains "cp -a renderers/web \"$SITE/walk\"" — pinned
changelog mirror OK

[1m== the bake's content test refuses the stamp and nothing else[0m
  ok    a clean tree has no content
  ok    a stamp-only bake has no content
  ok    a data byte IS content, stamp or no stamp
  ok    a NEW published file is content
  ok    the gate page changed AWAY from its stamp is content
  ok    build.json growing a real field is content
  ok    a DELETED data file is content
  ok    publish.sh still writes the stamp into build.json
  ok    publish.sh still stamps the gate page's placeholder
SELF-TEST PASS — the bake's content test refuses the stamp and nothing else (9 cases)

[1m== restamp moves the queue line it was handed, not the other one[0m
ticket restamp — the duplicate-id repair moves the line it was handed

  dev’s line ranked FIRST (the ordering that failed on 2026-08-27)
  ok    the younger file is renumbered — T-0213
  ok    the queue still holds one line per ticket — 3 line(s): T-0211 — The other nine group rows are cross-checked against nothing | T-0212 — A third ticket the owner ranked between them | T-0213 — Desktop smoke stage 8 (What’s-new) is red on dev
  ok    this run's line took the new id, in its own rank — line 3 reads "T-0213 — Desktop smoke stage 8 (What’s-new) is red on dev"
  ok    the OTHER T-0211 line is untouched — id and title both — line 1 reads "T-0211 — The other nine group rows are cross-checked against nothing"
  ok    the unrelated ticket keeps its rank — line 2
  ok    the file was renamed with it — T-0211-the-other-nine-group-rows.md, T-0212-a-third-ticket.md, T-0213-desktop-smoke-stage-8-what-s-new-is-red-on-dev.md
  ok    and `check` is green afterwards, with nothing repaired by hand — ticket queue OK — 3 tickets, 3 in the queue, 0 waiting on the owner

  this run’s line ranked FIRST (the ordering that passed by luck)
  ok    the younger file is renumbered — T-0213
  ok    the queue still holds one line per ticket — 3 line(s): T-0213 — Desktop smoke stage 8 (What’s-new) is red on dev | T-0212 — A third ticket the owner ranked between them | T-0211 — The other nine group rows are cross-checked against nothing
  ok    this run's line took the new id, in its own rank — line 1 reads "T-0213 — Desktop smoke stage 8 (What’s-new) is red on dev"
  ok    the OTHER T-0211 line is untouched — id and title both — line 3 reads "T-0211 — The other nine group rows are cross-checked against nothing"
  ok    the unrelated ticket keeps its rank — line 2
  ok    the file was renamed with it — T-0211-the-other-nine-group-rows.md, T-0212-a-third-ticket.md, T-0213-desktop-smoke-stage-8-what-s-new-is-red-on-dev.md
  ok    and `check` is green afterwards, with nothing repaired by hand — ticket queue OK — 3 tickets, 3 in the queue, 0 waiting on the owner

  the conditions that used to survive a wrong-line restamp
  ok    a queue line whose id is not in the ledger is refused — and it names T-0999
  ok    a queue line labelled with ANOTHER ticket’s title is refused — and it quotes the line it should read
  ok    and the correctly-labelled queue is green — ticket queue OK — 2 tickets, 2 in the queue, 0 waiting on the owner

ticket restamp OK

[1m== restamping the input hashes is refused when no recipe changed[0m
restamp_inputs — the guard that keeps it from blessing a stale mesh
  ok    it refuses when no scheme has moved
  ok    and the refusal says why, naming the bake as the answer
  ok    --write is refused by the same guard, not merely the dry run
restamp_inputs OK

[1m== dev preview assembles, marked and stamped[0m
== dev preview: a stamped, unindexed, clearly-marked copy
   ok   the gate says which tier it is
   ok   the gate names the dev commit
   ok   the gate dates the build in Central Time
   ok   no narrow or non-breaking spaces in the stamp
   ok   the preview is kept out of the index
   ok   the preview carries its banner
   ok   robots.txt disallows the preview path
   ok   build.json marks the tier
   ok   build.json carries the commit date, machine-readable
   ok   build.json carries the same date the gate shows
   ok   build.json does NOT claim an assembly time
   ok   a missing date degrades to just the tier and sha
   ok   a missing date nulls out in build.json
   ok   an unparseable date degrades rather than printing "Invalid Date"
   dev preview: all checks passed

[1m== the reconstructed residents' invented names re-derive[0m
Traceback (most recent call last):
  File "/home/runner/work/custom/custom/chicago/4d/tools/generate_inferred_names.py", line 344, in <module>
    sys.exit(main())
             ^^^^^^
  File "/home/runner/work/custom/custom/chicago/4d/tools/generate_inferred_names.py", line 320, in main
    drift = [p for p, text in files.items() if p.read_text(encoding="utf-8") != text]
                                               ^^^^^^^^^^^^^^^^^^^^^^^^^^^^^
  File "/opt/hostedtoolcache/Python/3.12.14/x64/lib/python3.12/pathlib.py", line 1027, in read_text
    with self.open(mode='r', encoding=encoding, errors=errors) as f:
         ^^^^^^^^^^^^^^^^^^^^^^^^^^^^^^^^^^^^^^^^^^^^^^^^^^^^^
  File "/opt/hostedtoolcache/Python/3.12.14/x64/lib/python3.12/pathlib.py", line 1013, in open
    return io.open(self, mode, buffering, encoding, errors, newline)
           ^^^^^^^^^^^^^^^^^^^^^^^^^^^^^^^^^^^^^^^^^^^^^^^^^^^^^^^^^
FileNotFoundError: [Errno 2] No such file or directory: '/home/runner/work/custom/custom/chicago/4d/data/residents/households/hh_inf_carpenter_south_01.json'
[31m   ^ the reconstructed residents' invented names re-derive failed[0m

[1m== one new household renames only the people it collides with[0m
   OK: one insertion rewrites at most 0 pre-existing name(s) (allowed 16)

[1m== the documented residents on reconstructed roofs re-derive from the register[0m
   DRIFT: data/residents/households/hh_inf_cooper_north_04.json
   DRIFT: data/residents/households/hh_inf_joiner_north_02.json
   DRIFT: data/residents/households/hh_inf_physician_south_01.json
   DRIFT: data/residents/households/hh_inf_tailor_north_02.json
   DRIFT: data/residents/households/hh_inf_tavern_keeper_north_01.json
   DRIFT: data/residents/index.json
   6 file(s) differ from what this pass derives
[31m   ^ the documented residents on reconstructed roofs re-derive from the register failed[0m

[1m== the minted documented residents re-derive from the register[0m
   OK: 16 documented resident(s) minted from the register, 54 candidate(s) refused

[1m== the residency-tested residents re-derive from the register[0m
   OK: 4 resident(s) minted by the residency test, 370 candidate(s) refused

[1m== …and its own assertions still fire when broken[0m
   OK: every refusal in the residency test still fires

[1m== the minted letter-list residents re-derive from the register[0m
   DRIFT: data/residents/households/hh_ll_william_luce.json
   DRIFT: data/residents/households/hh_ll_caleb_foster.json
   DRIFT: data/residents/households/hh_ll_thomas_conger.json
   DRIFT: data/residents/households/hh_ll_ira_herrick.json
   DRIFT: data/residents/households/hh_ll_nicholas_boilvin.json
   DRIFT: data/residents/households/hh_ll_elam_tuller.json
   DRIFT: data/residents/households/hh_ll_mary_barrows.json
   DRIFT: data/residents/households/hh_ll_nathan_hutchins.json
   DRIFT: data/residents/households/hh_ll_john_thompson.json
   DRIFT: data/residents/households/hh_ll_chester_house.json
   DRIFT: data/residents/households/hh_ll_lyman_bennet.json
   DRIFT: data/residents/households/hh_ll_pierce_downer.json
   DRIFT: data/residents/households/hh_ll_stephen_mack.json
   DRIFT: data/residents/households/hh_ll_lucas_robert.json
   DRIFT: data/residents/households/hh_ll_myers_frederick.json
   DRIFT: data/residents/households/hh_ll_chambers_john.json
   DRIFT: data/residents/households/hh_ll_harris_david.json
   DRIFT: data/residents/households/hh_ll_johnson_samuel.json
   DRIFT: data/residents/households/hh_ll_meclure_john.json
   DRIFT: data/residents/households/hh_ll_seaton_charles.json
   DRIFT: data/residents/households/hh_ll_abbot_8_g.json
   DRIFT: data/residents/households/hh_ll_adains_will_si.json
   DRIFT: data/residents/households/hh_ll_aiker_samuel.json
   DRIFT: data/residents/households/hh_ll_akers_simon.json
   DRIFT: data/residents/households/hh_ll_allen_william.json
   DRIFT: data/residents/households/hh_ll_allin_richard.json
   DRIFT: data/residents/households/hh_ll_alling_prudde.json
   DRIFT: data/residents/households/hh_ll_allison_tho_s.json
   DRIFT: data/residents/households/hh_ll_anderson_eli_f.json
   DRIFT: data/residents/households/hh_ll_andrews_davi.json
   DRIFT: data/residents/households/hh_ll_anight_clark.json
   DRIFT: data/residents/households/hh_ll_anstin_al.json
   DRIFT: data/residents/households/hh_ll_arams_benj_i.json
   DRIFT: data/residents/households/hh_ll_archer_joseph.json
   DRIFT: data/residents/households/hh_ll_ashbaugh_fre.json
   DRIFT: data/residents/households/hh_ll_avery_charles.json
   DRIFT: data/residents/households/hh_ll_ayres_levi.json
   DRIFT: data/residents/households/hh_ll_bacon_richani.json
   DRIFT: data/residents/households/hh_ll_bailly_joseph.json
   DRIFT: data/residents/households/hh_ll_bakwith_albert.json
   DRIFT: data/residents/households/hh_ll_baldwin_eimer.json
   DRIFT: data/residents/households/hh_ll_ballantine_geor.json
   DRIFT: data/residents/households/hh_ll_bandle_will_nm.json
   DRIFT: data/residents/households/hh_ll_banstun_charles.json
   DRIFT: data/residents/households/hh_ll_barber_beta_l.json
   DRIFT: data/residents/households/hh_ll_barnes_wheeler.json
   DRIFT: data/residents/households/hh_ll_barney_john.json
   DRIFT: data/residents/households/hh_ll_barrest_wilham.json
   DRIFT: data/residents/households/hh_ll_barton_james.json
   DRIFT: data/residents/households/hh_ll_baxter_daniel.json
   DRIFT: data/residents/households/hh_ll_beadieston_ste.json
   DRIFT: data/residents/households/hh_ll_bean_george_b.json
   DRIFT: data/residents/households/hh_ll_bebee_orson.json
   DRIFT: data/residents/households/hh_ll_beddlecome_ash.json
   DRIFT: data/residents/households/hh_ll_beeson_william.json
   DRIFT: data/residents/households/hh_ll_beger_tobias.json
   DRIFT: data/residents/households/hh_ll_behan_tho_s.json
   DRIFT: data/residents/households/hh_ll_bemis_samuel_c.json
   DRIFT: data/residents/households/hh_ll_benediet_loma.json
   DRIFT: data/residents/households/hh_ll_benton_datas_e.json
   DRIFT: data/residents/households/hh_ll_benubien_charl.json
   DRIFT: data/residents/households/hh_ll_berry_benjamin.json
   DRIFT: data/residents/households/hh_ll_biakie_a_or_h_p.json
   DRIFT: data/residents/households/hh_ll_bishop_j_e.json
   DRIFT: data/residents/households/hh_ll_blair_william_g.json
   DRIFT: data/residents/households/hh_ll_bloget_josiah_i.json
   DRIFT: data/residents/households/hh_ll_blood_amos.json
   DRIFT: data/residents/households/hh_ll_bly_rouse.json
   DRIFT: data/residents/households/hh_ll_boardman_elect.json
   DRIFT: data/residents/households/hh_ll_boardwell_gideo.json
   DRIFT: data/residents/households/hh_ll_bobinson_george_is.json
   DRIFT: data/residents/households/hh_ll_boles_george.json
   DRIFT: data/residents/households/hh_ll_borum_richard.json
   DRIFT: data/residents/households/hh_ll_bostwick_e_b.json
   DRIFT: data/residents/households/hh_ll_bowen_air.json
   DRIFT: data/residents/households/hh_ll_bradstreet_j_p.json
   DRIFT: data/residents/households/hh_ll_brilly_bancrott.json
   DRIFT: data/residents/households/hh_ll_brookins_david.json
   DRIFT: data/residents/households/hh_ll_brooks_gardner.json
   DRIFT: data/residents/households/hh_ll_bruen_hir.json
   DRIFT: data/residents/households/hh_ll_brush_matthias.json
   DRIFT: data/residents/households/hh_ll_bryant_j_r_m.json
   DRIFT: data/residents/households/hh_ll_bulkley_a.json
   DRIFT: data/residents/households/hh_ll_bullen_jeduthnn.json
   DRIFT: data/residents/households/hh_ll_bullock_stephen.json
   DRIFT: data/residents/households/hh_ll_burbee_jonathan.json
   DRIFT: data/residents/households/hh_ll_burdick_paul.json
   DRIFT: data/residents/households/hh_ll_butterfield_ben.json
   DRIFT: data/residents/households/hh_ll_byam_seth.json
   DRIFT: data/residents/households/hh_ll_canp_george_s.json
   DRIFT: data/residents/households/hh_ll_case_nehemiah.json
   DRIFT: data/residents/households/hh_ll_catton_william.json
   DRIFT: data/residents/households/hh_ll_chadwick_joseph.json
   DRIFT: data/residents/households/hh_ll_chamberlain_l_c.json
   DRIFT: data/residents/households/hh_ll_chanpagne_batist.json
   DRIFT: data/residents/households/hh_ll_chappel_eliza_mir.json
   DRIFT: data/residents/households/hh_ll_chariton_lewis.json
   DRIFT: data/residents/households/hh_ll_chase_peter.json
   DRIFT: data/residents/households/hh_ll_chateher_thomas.json
   DRIFT: data/residents/households/hh_ll_cheney_charles.json
   DRIFT: data/residents/households/hh_ll_chiney_ralph.json
   DRIFT: data/residents/households/hh_ll_chipman_a.json
   DRIFT: data/residents/households/hh_ll_clapp_a_p.json
   DRIFT: data/residents/households/hh_ll_clark_erastus.json
   DRIFT: data/residents/households/hh_ll_clement_dorcinrk.json
   DRIFT: data/residents/households/hh_ll_clizbe_joseph.json
   DRIFT: data/residents/households/hh_ll_codding_sally.json
   DRIFT: data/residents/households/hh_ll_comstock_h_h.json
   DRIFT: data/residents/households/hh_ll_conkiin_robert_i.json
   DRIFT: data/residents/households/hh_ll_cook_rowland_i.json
   DRIFT: data/residents/households/hh_ll_cooley_edward_v.json
   DRIFT: data/residents/households/hh_ll_covell_thomas_r.json
   DRIFT: data/residents/households/hh_ll_crandall_beman.json
   DRIFT: data/residents/households/hh_ll_crane_h_y.json
   DRIFT: data/residents/households/hh_ll_crawford_james.json
   DRIFT: data/residents/households/hh_ll_cross_oliver.json
   DRIFT: data/residents/households/hh_ll_crull_david.json
   DRIFT: data/residents/households/hh_ll_curtenius_fred_k.json
   DRIFT: data/residents/households/hh_ll_curtis_liman.json
   DRIFT: data/residents/households/hh_ll_dalton_edward.json
   DRIFT: data/residents/households/hh_ll_damels_samuel.json
   DRIFT: data/residents/households/hh_ll_darling_daniel.json
   DRIFT: data/residents/households/hh_ll_dating_brah.json
   DRIFT: data/residents/households/hh_ll_davenport_dennis.json
   DRIFT: data/residents/households/hh_ll_day_ann_airs.json
   DRIFT: data/residents/households/hh_ll_dean_james_l.json
   DRIFT: data/residents/households/hh_ll_demans_j_t.json
   DRIFT: data/residents/households/hh_ll_dement_wm.json
   DRIFT: data/residents/households/hh_ll_demotte_lenac.json
   DRIFT: data/residents/households/hh_ll_dilbee_david_b.json
   DRIFT: data/residents/households/hh_ll_dougherty_joan.json
   DRIFT: data/residents/households/hh_ll_dow_albert_f.json
   DRIFT: data/residents/households/hh_ll_dykine_elias_s.json
   DRIFT: data/residents/households/hh_ll_ehjah_doolittle.json
   DRIFT: data/residents/households/hh_ll_es_jones_high.json
   DRIFT: data/residents/households/hh_ll_fadhams_ddward.json
   DRIFT: data/residents/households/hh_ll_failor_william.json
   DRIFT: data/residents/households/hh_ll_fairchilds_ransom.json
   DRIFT: data/residents/households/hh_ll_falker_j_b.json
   DRIFT: data/residents/households/hh_ll_falsh_j_hewitt.json
   DRIFT: data/residents/households/hh_ll_felch_alaneon.json
   DRIFT: data/residents/households/hh_ll_fellows_josepu.json
   DRIFT: data/residents/households/hh_ll_field_j_e.json
   DRIFT: data/residents/households/hh_ll_filliams_gilea.json
   DRIFT: data/residents/households/hh_ll_fish_e_m.json
   DRIFT: data/residents/households/hh_ll_fitzlugh_daniel_i.json
   DRIFT: data/residents/households/hh_ll_food_alonzo_c.json
   DRIFT: data/residents/households/hh_ll_force_john.json
   DRIFT: data/residents/households/hh_ll_forceman_robert_r.json
   DRIFT: data/residents/households/hh_ll_ford_ebenezer.json
   DRIFT: data/residents/households/hh_ll_fre_humphrey_lemuel.json
   DRIFT: data/residents/households/hh_ll_gabbs_james_i1.json
   DRIFT: data/residents/households/hh_ll_galusha_ezra.json
   DRIFT: data/residents/households/hh_ll_gariner_joseph.json
   DRIFT: data/residents/households/hh_ll_gilbert_henry_r.json
   DRIFT: data/residents/households/hh_ll_gilman_eli.json
   DRIFT: data/residents/households/hh_ll_glen_james_l.json
   DRIFT: data/residents/households/hh_ll_gooding_caroline.json
   DRIFT: data/residents/households/hh_ll_gooding_jaines.json
   DRIFT: data/residents/households/hh_ll_goodrich_enos.json
   DRIFT: data/residents/households/hh_ll_goodsough_harriet_m.json
   DRIFT: data/residents/households/hh_ll_gordon_william.json
   DRIFT: data/residents/households/hh_ll_gould_a_b.json
   DRIFT: data/residents/households/hh_ll_green_damel_m.json
   DRIFT: data/residents/households/hh_ll_guard_william_a.json
   DRIFT: data/residents/households/hh_ll_hail_aifred.json
   DRIFT: data/residents/households/hh_ll_hale_john.json
   DRIFT: data/residents/households/hh_ll_hamilton_s_henry.json
   DRIFT: data/residents/households/hh_ll_harrison_caleb.json
   DRIFT: data/residents/households/hh_ll_hart_edwin_c.json
   DRIFT: data/residents/households/hh_ll_hartman_peter.json
   DRIFT: data/residents/households/hh_ll_hateh_betsey.json
   DRIFT: data/residents/households/hh_ll_hhelps_theodore_e.json
   DRIFT: data/residents/households/hh_ll_hickcox_joseph.json
   DRIFT: data/residents/households/hh_ll_holliday_william.json
   DRIFT: data/residents/households/hh_ll_holmes_hiram.json
   DRIFT: data/residents/households/hh_ll_hooibrook_lyman.json
   DRIFT: data/residents/households/hh_ll_hopkins_henry.json
   DRIFT: data/residents/households/hh_ll_horr_raiph_c.json
   DRIFT: data/residents/households/hh_ll_howard_joshua.json
   DRIFT: data/residents/households/hh_ll_howell_thomas_m.json
   DRIFT: data/residents/households/hh_ll_hugunin_leonard_c.json
   DRIFT: data/residents/households/hh_ll_hunt_henry_n.json
   DRIFT: data/residents/households/hh_ll_hussey_robert.json
   DRIFT: data/residents/households/hh_ll_hyde_thomas_s.json
   DRIFT: data/residents/households/hh_ll_indebrand_jacob.json
   DRIFT: data/residents/households/hh_ll_intmore_george.json
   DRIFT: data/residents/households/hh_ll_inven_elias.json
   DRIFT: data/residents/households/hh_ll_jenks_nathan.json
   DRIFT: data/residents/households/hh_ll_jeris_timothy_b.json
   DRIFT: data/residents/households/hh_ll_jordan_j_b.json
   DRIFT: data/residents/households/hh_ll_joter_johnson.json
   DRIFT: data/residents/households/hh_ll_junis_a_or_j_r_cary.json
   DRIFT: data/residents/households/hh_ll_kent_alex_m.json
   DRIFT: data/residents/households/hh_ll_keys_ed_or_jos_keys.json
   DRIFT: data/residents/households/hh_ll_kidder_luther.json
   DRIFT: data/residents/households/hh_ll_kilburn_milton.json
   DRIFT: data/residents/households/hh_ll_kirne_e.json
   DRIFT: data/residents/households/hh_ll_knowles_j_a.json
   DRIFT: data/residents/households/hh_ll_kooken_james.json
   DRIFT: data/residents/households/hh_ll_lamb_a.json
   DRIFT: data/residents/households/hh_ll_lapsley_john_a.json
   DRIFT: data/residents/households/hh_ll_late_albert.json
   DRIFT: data/residents/households/hh_ll_lazier_oliver.json
   DRIFT: data/residents/households/hh_ll_lewie_wm.json
   DRIFT: data/residents/households/hh_ll_linkletter_george.json
   DRIFT: data/residents/households/hh_ll_little_henry_or.json
   DRIFT: data/residents/households/hh_ll_loomis_amelizo.json
   DRIFT: data/residents/households/hh_ll_lovel_kimball_or.json
   DRIFT: data/residents/households/hh_ll_lovering_richard.json
   DRIFT: data/residents/households/hh_ll_loyell_j_hi.json
   DRIFT: data/residents/households/hh_ll_mabbet_benjamin_f.json
   DRIFT: data/residents/households/hh_ll_maccoy_lorenzo.json
   DRIFT: data/residents/households/hh_ll_malzacher_louis.json
   DRIFT: data/residents/households/hh_ll_mason_sabrina_a.json
   DRIFT: data/residents/households/hh_ll_mattore_miles_i.json
   DRIFT: data/residents/households/hh_ll_maynar_elias.json
   DRIFT: data/residents/households/hh_ll_mcadams_richard.json
   DRIFT: data/residents/households/hh_ll_mcdole_rodney.json
   DRIFT: data/residents/households/hh_ll_mcloud_i.json
   DRIFT: data/residents/households/hh_ll_me_donolds_george.json
   DRIFT: data/residents/households/hh_ll_meacham_silas.json
   DRIFT: data/residents/households/hh_ll_mecolley_mary_mis.json
   DRIFT: data/residents/households/hh_ll_merrich_j_b.json
   DRIFT: data/residents/households/hh_ll_merrill_winthrop.json
   DRIFT: data/residents/households/hh_ll_metcalf_joseph.json
   DRIFT: data/residents/households/hh_ll_mills_joel_c.json
   DRIFT: data/residents/households/hh_ll_miner_elizabeth.json
   DRIFT: data/residents/households/hh_ll_mkelly_wilham.json
   DRIFT: data/residents/households/hh_ll_morrison_orsemus.json
   DRIFT: data/residents/households/hh_ll_morrow_washington.json
   DRIFT: data/residents/households/hh_ll_mosgrove_jolin.json
   DRIFT: data/residents/households/hh_ll_naper_joln.json
   DRIFT: data/residents/households/hh_ll_nc_doel_asa.json
   DRIFT: data/residents/households/hh_ll_neleh_william.json
   DRIFT: data/residents/households/hh_ll_nelson_mary.json
   DRIFT: data/residents/households/hh_ll_nelts_wm.json
   DRIFT: data/residents/households/hh_ll_norton_n_r.json
   DRIFT: data/residents/households/hh_ll_norton_wm_h.json
   DRIFT: data/residents/households/hh_ll_oakley_benjamin_w.json
   DRIFT: data/residents/households/hh_ll_ogan_josepit.json
   DRIFT: data/residents/households/hh_ll_orinsbey_martin_t.json
   DRIFT: data/residents/households/hh_ll_orro_samuel.json
   DRIFT: data/residents/households/hh_ll_p_aylor_john_o.json
   DRIFT: data/residents/households/hh_ll_paddock_harriet.json
   DRIFT: data/residents/households/hh_ll_paddock_ira.json
   DRIFT: data/residents/households/hh_ll_page_elisha_s.json
   DRIFT: data/residents/households/hh_ll_park_hezekiah.json
   DRIFT: data/residents/households/hh_ll_parrish_stephen.json
   DRIFT: data/residents/households/hh_ll_parsons_jonathan.json
   DRIFT: data/residents/households/hh_ll_patrick_robert.json
   DRIFT: data/residents/households/hh_ll_patterson_erastus.json
   DRIFT: data/residents/households/hh_ll_paylor_margnret_g.json
   DRIFT: data/residents/households/hh_ll_payne_win.json
   DRIFT: data/residents/households/hh_ll_pearce_wilden.json
   DRIFT: data/residents/households/hh_ll_perce_elijah.json
   DRIFT: data/residents/households/hh_ll_perry_a_8.json
   DRIFT: data/residents/households/hh_ll_phillips_james.json
   DRIFT: data/residents/households/hh_ll_phite_isnacher.json
   DRIFT: data/residents/households/hh_ll_phomas_jane_f.json
   DRIFT: data/residents/households/hh_ll_phompson_w_w.json
   DRIFT: data/residents/households/hh_ll_pickett_william.json
   DRIFT: data/residents/households/hh_ll_pike_luke.json
   DRIFT: data/residents/households/hh_ll_pinedale_john_w.json
   DRIFT: data/residents/households/hh_ll_pitkin_timothv.json
   DRIFT: data/residents/households/hh_ll_pixley_john_l.json
   DRIFT: data/residents/households/hh_ll_porter_jeremial.json
   DRIFT: data/residents/households/hh_ll_powell_reuben.json
   DRIFT: data/residents/households/hh_ll_preinen_v_a.json
   DRIFT: data/residents/households/hh_ll_preston_stephen_ii.json
   DRIFT: data/residents/households/hh_ll_pugsley_john_k.json
   DRIFT: data/residents/households/hh_ll_purner_john_m.json
   DRIFT: data/residents/households/hh_ll_puttle_daniel.json
   DRIFT: data/residents/households/hh_ll_ranwin_o.json
   DRIFT: data/residents/households/hh_ll_rayond_elisha.json
   DRIFT: data/residents/households/hh_ll_regera_john_v.json
   DRIFT: data/residents/households/hh_ll_reynolds_john_hon.json
   DRIFT: data/residents/households/hh_ll_richard_jacob.json
   DRIFT: data/residents/households/hh_ll_rius_archibald.json
   DRIFT: data/residents/households/hh_ll_roberts_sidney.json
   DRIFT: data/residents/households/hh_ll_robes_philander.json
   DRIFT: data/residents/households/hh_ll_russell_janea.json
   DRIFT: data/residents/households/hh_ll_sacket_alexander.json
   DRIFT: data/residents/households/hh_ll_sanford_ruth.json
   DRIFT: data/residents/households/hh_ll_santord_steplen_g.json
   DRIFT: data/residents/households/hh_ll_saunders_william_s.json
   DRIFT: data/residents/households/hh_ll_savage_david.json
   DRIFT: data/residents/households/hh_ll_schernerborn_peter_b.json
   DRIFT: data/residents/households/hh_ll_scott_john.json
   DRIFT: data/residents/households/hh_ll_selden_sam_l_l.json
   DRIFT: data/residents/households/hh_ll_seston_charles.json
   DRIFT: data/residents/households/hh_ll_sewyer_edward_f.json
   DRIFT: data/residents/households/hh_ll_shattick_walter.json
   DRIFT: data/residents/households/hh_ll_shepherd_albert.json
   DRIFT: data/residents/households/hh_ll_shielde_willam.json
   DRIFT: data/residents/households/hh_ll_simpaon_lyman.json
   DRIFT: data/residents/households/hh_ll_simpson_john_p.json
   DRIFT: data/residents/households/hh_ll_skinner_heury_c.json
   DRIFT: data/residents/households/hh_ll_smith_elded.json
   DRIFT: data/residents/households/hh_ll_soren_helen.json
   DRIFT: data/residents/households/hh_ll_sorton_lymor.json
   DRIFT: data/residents/households/hh_ll_souee_theson.json
   DRIFT: data/residents/households/hh_ll_spencer_william.json
   DRIFT: data/residents/households/hh_ll_spicer_charles.json
   DRIFT: data/residents/households/hh_ll_sprague_willinm_b.json
   DRIFT: data/residents/households/hh_ll_stallord_arnold.json
   DRIFT: data/residents/households/hh_ll_stark_b_b.json
   DRIFT: data/residents/households/hh_ll_starkweather_rob_t.json
   DRIFT: data/residents/households/hh_ll_stater_asa_p.json
   DRIFT: data/residents/households/hh_ll_steel_richard.json
   DRIFT: data/residents/households/hh_ll_stevens_issac.json
   DRIFT: data/residents/households/hh_ll_stocking_austin.json
   DRIFT: data/residents/households/hh_ll_stoel_c_ii.json
   DRIFT: data/residents/households/hh_ll_stold_abraham_f.json
   DRIFT: data/residents/households/hh_ll_strode_p_m.json
   DRIFT: data/residents/households/hh_ll_strong_george.json
   DRIFT: data/residents/households/hh_ll_sunith_mil_on.json
   DRIFT: data/residents/households/hh_ll_sunny_miches.json
   DRIFT: data/residents/households/hh_ll_swapp_abram.json
   DRIFT: data/residents/households/hh_ll_swearingen_david.json
   DRIFT: data/residents/households/hh_ll_swena_benjam_n.json
   DRIFT: data/residents/households/hh_ll_tensenring_peter.json
   DRIFT: data/residents/households/hh_ll_teston_lemuel.json
   DRIFT: data/residents/households/hh_ll_thacker_ailen_d.json
   DRIFT: data/residents/households/hh_ll_titur_starr.json
   DRIFT: data/residents/households/hh_ll_vanorsdol_william.json
   DRIFT: data/residents/households/hh_ll_varren_anreus.json
   DRIFT: data/residents/households/hh_ll_villame_john_c.json
   DRIFT: data/residents/households/hh_ll_voodward_pilliams.json
   DRIFT: data/residents/households/hh_ll_vyekoff_henry_s.json
   DRIFT: data/residents/households/hh_ll_warren_c.json
   DRIFT: data/residents/households/hh_ll_willinm_g.json
   DRIFT: data/residents/households/hh_ll_work_james_houston.json
   DRIFT: data/residents/households/hh_ll_aaron_parcel.json
   DRIFT: data/residents/households/hh_ll_alexr_h_tucker.json
   DRIFT: data/residents/households/hh_ll_alonzo_murry.json
   DRIFT: data/residents/households/hh_ll_alva_crandal.json
   DRIFT: data/residents/households/hh_ll_amanda_miner.json
   DRIFT: data/residents/households/hh_ll_amos_rathburn.json
   DRIFT: data/residents/households/hh_ll_angeline_vann.json
   DRIFT: data/residents/households/hh_ll_asa_doel.json
   DRIFT: data/residents/households/hh_ll_b_r_paige.json
   DRIFT: data/residents/households/hh_ll_bennet_bailey.json
   DRIFT: data/residents/households/hh_ll_carl_romer.json
   DRIFT: data/residents/households/hh_ll_charles_h_bartlett.json
   DRIFT: data/residents/households/hh_ll_charles_t_richards.json
   DRIFT: data/residents/households/hh_ll_curtis_parkes.json
   DRIFT: data/residents/households/hh_ll_dangerfield_dunn.json
   DRIFT: data/residents/households/hh_ll_daniel_newton.json
   DRIFT: data/residents/households/hh_ll_daniel_roberson.json
   DRIFT: data/residents/households/hh_ll_david_harris.json
   DRIFT: data/residents/households/hh_ll_david_stiles.json
   DRIFT: data/residents/households/hh_ll_douglass_sloan.json
   DRIFT: data/residents/households/hh_ll_e_simons.json
   DRIFT: data/residents/households/hh_ll_edward_a_rogers.json
   DRIFT: data/residents/households/hh_ll_elias_maynard.json
   DRIFT: data/residents/households/hh_ll_elijah_garton.json
   DRIFT: data/residents/households/hh_ll_enos_covalt.json
   DRIFT: data/residents/households/hh_ll_esther_preston.json
   DRIFT: data/residents/households/hh_ll_f_c_berger.json
   DRIFT: data/residents/households/hh_ll_ford_freeman.json
   DRIFT: data/residents/households/hh_ll_frederick_w_page.json
   DRIFT: data/residents/households/hh_ll_george_b_bane.json
   DRIFT: data/residents/households/hh_ll_george_b_parmlee.json
   DRIFT: data/residents/households/hh_ll_george_lee.json
   DRIFT: data/residents/households/hh_ll_george_squire.json
   DRIFT: data/residents/households/hh_ll_h_vanderbogart.json
   DRIFT: data/residents/households/hh_ll_hannah_a_kirby.json
   DRIFT: data/residents/households/hh_ll_henry_a_early.json
   DRIFT: data/residents/households/hh_ll_henry_mitchell.json
   DRIFT: data/residents/households/hh_ll_henry_reeder.json
   DRIFT: data/residents/households/hh_ll_herman_a_rowley.json
   DRIFT: data/residents/households/hh_ll_hezekiah_gifford.json
   DRIFT: data/residents/households/hh_ll_hiram_eager.json
   DRIFT: data/residents/households/hh_ll_hiram_z_britain.json
   DRIFT: data/residents/households/hh_ll_horace_risley.json
   DRIFT: data/residents/households/hh_ll_hugh_todd.json
   DRIFT: data/residents/households/hh_ll_ira_minard.json
   DRIFT: data/residents/households/hh_ll_isaac_l_hill.json
   DRIFT: data/residents/households/hh_ll_j_carter.json
   DRIFT: data/residents/households/hh_ll_j_s_evert.json
   DRIFT: data/residents/households/hh_ll_jacob_langer.json
   DRIFT: data/residents/households/hh_ll_james_arrasmith.json
   DRIFT: data/residents/households/hh_ll_james_b_tuttle.json
   DRIFT: data/residents/households/hh_ll_james_g_matthews.json
   DRIFT: data/residents/households/hh_ll_james_h_gibbs.json
   DRIFT: data/residents/households/hh_ll_james_h_phelps.json
   DRIFT: data/residents/households/hh_ll_james_knaggs.json
   DRIFT: data/residents/households/hh_ll_james_m_fadin.json
   DRIFT: data/residents/households/hh_ll_james_mackie.json
   DRIFT: data/residents/households/hh_ll_james_morley.json
   DRIFT: data/residents/households/hh_ll_james_ritchey.json
   DRIFT: data/residents/households/hh_ll_jane_paddock.json
   DRIFT: data/residents/households/hh_ll_jeremiah_s_hull.json
   DRIFT: data/residents/households/hh_ll_jesse_hobson.json
   DRIFT: data/residents/households/hh_ll_jesse_holder.json
   DRIFT: data/residents/households/hh_ll_john_b_gardner.json
   DRIFT: data/residents/households/hh_ll_john_dudley.json
   DRIFT: data/residents/households/hh_ll_john_h_woods.json
   DRIFT: data/residents/households/hh_ll_john_m_nelson.json
   DRIFT: data/residents/households/hh_ll_john_milow.json
   DRIFT: data/residents/households/hh_ll_john_musgrave.json
   DRIFT: data/residents/households/hh_ll_john_p_kittridge.json
   DRIFT: data/residents/households/hh_ll_john_russel.json
   DRIFT: data/residents/households/hh_ll_john_s_barry.json
   DRIFT: data/residents/households/hh_ll_john_van_fleet.json
   DRIFT: data/residents/households/hh_ll_john_volk.json
   DRIFT: data/residents/households/hh_ll_john_y_m_lean.json
   DRIFT: data/residents/households/hh_ll_jonathan_folliott.json
   DRIFT: data/residents/households/hh_ll_joseph_chancie.json
   DRIFT: data/residents/households/hh_ll_joseph_gleason.json
   DRIFT: data/residents/households/hh_ll_joseph_m_kean.json
   DRIFT: data/residents/households/hh_ll_joseph_steward.json
   DRIFT: data/residents/households/hh_ll_joshua_ambrose.json
   DRIFT: data/residents/households/hh_ll_jules_chesnut.json
   DRIFT: data/residents/households/hh_ll_l_g_curtin.json
   DRIFT: data/residents/households/hh_ll_levi_blake.json
   DRIFT: data/residents/households/hh_ll_louis_p_chevalier.json
   DRIFT: data/residents/households/hh_ll_m_l_schermerhorn.json
   DRIFT: data/residents/households/hh_ll_manson_parker.json
   DRIFT: data/residents/households/hh_ll_marcus_bertholf.json
   DRIFT: data/residents/households/hh_ll_medad_h_gunn.json
   DRIFT: data/residents/households/hh_ll_michael_shoup.json
   DRIFT: data/residents/households/hh_ll_moritz_bomgarten.json
   DRIFT: data/residents/households/hh_ll_morris_cutler.json
   DRIFT: data/residents/households/hh_ll_n_h_palmer.json
   DRIFT: data/residents/households/hh_ll_nancey_ann_goodell.json
   DRIFT: data/residents/households/hh_ll_nelson_hickok.json
   DRIFT: data/residents/households/hh_ll_noel_vasseur.json
   DRIFT: data/residents/households/hh_ll_orange_south.json
   DRIFT: data/residents/households/hh_ll_patrick_malone.json
   DRIFT: data/residents/households/hh_ll_patrick_martin.json
   DRIFT: data/residents/households/hh_ll_phineas_how.json
   DRIFT: data/residents/households/hh_ll_porter_fuller.json
   DRIFT: data/residents/households/hh_ll_reuben_bench.json
   DRIFT: data/residents/households/hh_ll_reuben_conant.json
   DRIFT: data/residents/households/hh_ll_richard_b_allan.json
   DRIFT: data/residents/households/hh_ll_richard_sammons.json
   DRIFT: data/residents/households/hh_ll_riley_bush.json
   DRIFT: data/residents/households/hh_ll_roy_k_westover.json
   DRIFT: data/residents/households/hh_ll_samuel_b_holcomb.json
   DRIFT: data/residents/households/hh_ll_samuel_brookes.json
   DRIFT: data/residents/households/hh_ll_samuel_rice.json
   DRIFT: data/residents/households/hh_ll_samuel_s_lathrop.json
   DRIFT: data/residents/households/hh_ll_sarah_childs.json
   DRIFT: data/residents/households/hh_ll_sciota_evans.json
   DRIFT: data/residents/households/hh_ll_seth_b_doane.json
   DRIFT: data/residents/households/hh_ll_seth_paine.json
   DRIFT: data/residents/households/hh_ll_t_godfrey.json
   DRIFT: data/residents/households/hh_ll_t_m_morrison.json
   DRIFT: data/residents/households/hh_ll_theophilus_renwick.json
   DRIFT: data/residents/households/hh_ll_thomas_andrus.json
   DRIFT: data/residents/households/hh_ll_thomas_dustin.json
   DRIFT: data/residents/households/hh_ll_timothy_titcomb.json
   DRIFT: data/residents/households/hh_ll_w_y_lewin.json
   DRIFT: data/residents/households/hh_ll_willard_conter.json
   DRIFT: data/residents/households/hh_ll_william_allger.json
   DRIFT: data/residents/households/hh_ll_william_h_beach.json
   DRIFT: data/residents/households/hh_ll_winthrop_merrill.json
   DRIFT: data/residents/households/hh_ll_wm_b_m_ewen.json
   DRIFT: data/residents/households/hh_ll_wm_h_goddard.json
   DRIFT: data/residents/households/hh_ll_wm_loring.json
   DRIFT: data/residents/households/hh_ll_wm_osborn.json
   DRIFT: data/residents/households/hh_ll_wm_wood.json
   DRIFT: data/residents/households/hh_ll_hooker_edward_t.json
   DRIFT: data/residents/households/hh_ll_hussy_robert.json
   DRIFT: data/residents/households/hh_ll_ives_chauncy_p.json
   DRIFT: data/residents/households/hh_ll_jackson_samuel.json
   DRIFT: data/residents/households/hh_ll_kinder_john.json
   DRIFT: data/residents/households/hh_ll_knapp_george.json
   DRIFT: data/residents/households/hh_ll_lansing_andrew.json
   DRIFT: data/residents/households/hh_ll_leonard_anson.json
   DRIFT: data/residents/households/hh_ll_lilley_oskin.json
   DRIFT: data/residents/households/hh_ll_lincoln_edwin_a.json
   DRIFT: data/residents/households/hh_ll_livermore_thomas.json
   DRIFT: data/residents/households/hh_ll_loner_oliver.json
   DRIFT: data/residents/households/hh_ll_m_clintock_thomas.json
   DRIFT: data/residents/households/hh_ll_m_dolold_james.json
   DRIFT: data/residents/households/hh_ll_m_grigg_a_a.json
   DRIFT: data/residents/households/hh_ll_m_vaughton_angus.json
   DRIFT: data/residents/households/hh_ll_maclean_archibald.json
   DRIFT: data/residents/households/hh_ll_mattison_james.json
   DRIFT: data/residents/households/hh_ll_michel_james.json
   DRIFT: data/residents/households/hh_ll_moody_robert.json
   DRIFT: data/residents/households/hh_ll_morrow_jeremiah.json
   DRIFT: data/residents/households/hh_ll_muggs_david.json
   DRIFT: data/residents/households/hh_ll_munriou_joseph.json
   DRIFT: data/residents/households/hh_ll_neff_r_a.json
   DRIFT: data/residents/households/hh_ll_night_clapp.json
   DRIFT: data/residents/households/hh_ll_northrop_francis_b.json
   DRIFT: data/residents/households/hh_ll_ostrander_catherine.json
   DRIFT: data/residents/households/hh_ll_otto_silas_p.json
   DRIFT: data/residents/households/hh_ll_parsons_edward.json
   DRIFT: data/residents/households/hh_ll_pennington_sack_f.json
   DRIFT: data/residents/households/hh_ll_poke_edward.json
   DRIFT: data/residents/households/hh_ll_powers_t_w.json
   DRIFT: data/residents/households/hh_ll_salle_john_h.json
   DRIFT: data/residents/households/hh_ll_sanderlin_petey.json
   DRIFT: data/residents/households/hh_ll_simmons_medad_i.json
   DRIFT: data/residents/households/hh_ll_stith_sherrygood.json
   DRIFT: data/residents/households/hh_ll_tindal_james.json
   DRIFT: data/residents/households/hh_ll_tryon_david.json
   DRIFT: data/residents/households/hh_ll_vandeventer_wm.json
   DRIFT: data/residents/households/hh_ll_wame_john.json
   DRIFT: data/residents/households/hh_ll_wampler_westley.json
   DRIFT: data/residents/households/hh_ll_ward_hanibal.json
   DRIFT: data/residents/households/hh_ll_wells_charles.json
   DRIFT: data/residents/households/hh_ll_wheeler_orson.json
   DRIFT: data/residents/households/hh_ll_white_edson.json
   DRIFT: data/residents/households/hh_ll_whiting_henry.json
   DRIFT: data/residents/households/hh_ll_williams_charles_c.json
   DRIFT: data/residents/households/hh_ll_winship_charles.json
   DRIFT: data/residents/households/hh_ll_winters_moses.json
   DRIFT: data/residents/households/hh_ll_woodruff_n.json
   DRIFT: data/residents/households/hh_ll_woodworth_james_h.json
   DRIFT: data/residents/households/hh_ll_worden_nathaniel.json
   DRIFT: data/residents/households/hh_ll_works_charles.json
   DRIFT: data/residents/households/hh_ll_young_gideon.json
   DRIFT: data/residents/households/hh_ll_zearly_reason.json
   DRIFT: data/residents/households/hh_ll_a_beegle.json
   DRIFT: data/residents/households/hh_ll_h_fisher.json
   DRIFT: data/residents/households/hh_ll_j_d_doty.json
   DRIFT: data/residents/households/hh_ll_levi_cady.json
   DRIFT: data/residents/households/hh_ll_n_w_easling.json
   DRIFT: data/residents/households/hh_ll_r_c_bristol.json
   DRIFT: data/residents/households/hh_ll_joseph_burnap.json
   DRIFT: data/residents/households/hh_ll_alfred_churchill.json
   DRIFT: data/residents/households/hh_ll_alva_dunlap.json
   DRIFT: data/residents/households/hh_ll_asa_brundage.json
   DRIFT: data/residents/households/hh_ll_charles_c_drake.json
   DRIFT: data/residents/households/hh_ll_charles_friend.json
   DRIFT: data/residents/households/hh_ll_daniel_hasslen.json
   DRIFT: data/residents/households/hh_ll_daniel_howland.json
   DRIFT: data/residents/households/hh_ll_david_ayers.json
   DRIFT: data/residents/households/hh_ll_david_bigelow.json
   DRIFT: data/residents/households/hh_ll_david_ingersall.json
   DRIFT: data/residents/households/hh_ll_ebenozer_alden.json
   DRIFT: data/residents/households/hh_ll_edward_b_coleman.json
   DRIFT: data/residents/households/hh_ll_elihu_d_filer.json
   DRIFT: data/residents/households/hh_ll_elisha_h_hazzard.json
   DRIFT: data/residents/households/hh_ll_hannah_hurlburt.json
   DRIFT: data/residents/households/hh_ll_harriet_gridley.json
   DRIFT: data/residents/households/hh_ll_harvey_a_blakesley.json
   DRIFT: data/residents/households/hh_ll_jacob_galutia.json
   DRIFT: data/residents/households/hh_ll_james_a_curry.json
   DRIFT: data/residents/households/hh_ll_james_hendrix.json
   DRIFT: data/residents/households/hh_ll_john_a_chark.json
   DRIFT: data/residents/households/hh_ll_john_brink.json
   DRIFT: data/residents/households/hh_ll_john_chrouch.json
   DRIFT: data/residents/households/hh_ll_john_donnel.json
   DRIFT: data/residents/households/hh_ll_john_fitzsimmons.json
   DRIFT: data/residents/households/hh_ll_john_graham.json
   DRIFT: data/residents/households/hh_ll_john_o_deel.json
   DRIFT: data/residents/households/hh_ll_john_s_barre.json
   DRIFT: data/residents/households/hh_ll_joseph_babeue.json
   DRIFT: data/residents/households/hh_ll_joseph_boucher.json
   DRIFT: data/residents/households/hh_ll_joseph_c_cone.json
   DRIFT: data/residents/households/hh_ll_joseph_dolly.json
   DRIFT: data/residents/households/hh_ll_joshua_kinsey.json
   DRIFT: data/residents/households/hh_ll_lorenzo_downing.json
   DRIFT: data/residents/households/hh_ll_lucius_b_albyn.json
   DRIFT: data/residents/households/hh_ll_lyman_burnet.json
   DRIFT: data/residents/households/hh_ll_martin_cleland.json
   DRIFT: data/residents/households/hh_ll_nathan_christy.json
   DRIFT: data/residents/households/hh_ll_nelson_douglass.json
   DRIFT: data/residents/households/hh_ll_parker_m_cole.json
   DRIFT: data/residents/households/hh_ll_peter_d_huguenin.json
   DRIFT: data/residents/households/hh_ll_pierce_howley.json
   DRIFT: data/residents/households/hh_ll_quartus_j_carley.json
   DRIFT: data/residents/households/hh_ll_reuben_beech.json
   DRIFT: data/residents/households/hh_ll_reuben_farnsworth.json
   DRIFT: data/residents/households/hh_ll_robert_baines.json
   DRIFT: data/residents/households/hh_ll_sidney_arrowsmith.json
   DRIFT: data/residents/households/hh_ll_stephen_andress.json
   DRIFT: data/residents/households/hh_ll_t_johnston.json
   DRIFT: data/residents/households/hh_ll_timothy_barbour.json
   DRIFT: data/residents/households/hh_ll_westley_diggins.json
   DRIFT: data/residents/households/hh_ll_william_hunter.json
   DRIFT: data/residents/households/hh_ll_william_r_dorby.json
   DRIFT: data/residents/households/hh_ll_wm_kimbal.json
   DRIFT: data/residents/households/hh_ll_wm_t_bently.json
   DRIFT: data/residents/households/hh_ll_c_e_townsend.json
   DRIFT: data/residents/households/hh_ll_lyman_b_lovell.json
   DRIFT: data/residents/households/hh_ll_samuel_toby.json
   DRIFT: data/residents/households/hh_ll_thomas_u_moreland.json
   DRIFT: data/residents/households/hh_ll_a_m_wing.json
   DRIFT: data/residents/households/hh_ll_a_shepherd.json
   DRIFT: data/residents/households/hh_ll_absolam_reel.json
   DRIFT: data/residents/households/hh_ll_alanson_b_vaughan.json
   DRIFT: data/residents/households/hh_ll_alexander_wilkes.json
   DRIFT: data/residents/households/hh_ll_alison_b_vaughn.json
   DRIFT: data/residents/households/hh_ll_almon_perring.json
   DRIFT: data/residents/households/hh_ll_alonzo_murray.json
   DRIFT: data/residents/households/hh_ll_andrew_miles.json
   DRIFT: data/residents/households/hh_ll_aram_winsor.json
   DRIFT: data/residents/households/hh_ll_aron_parcell.json
   DRIFT: data/residents/households/hh_ll_benjamin_richardson.json
   DRIFT: data/residents/households/hh_ll_benjamin_sloat.json
   DRIFT: data/residents/households/hh_ll_daniel_o_robian.json
   DRIFT: data/residents/households/hh_ll_daniel_platt.json
   DRIFT: data/residents/households/hh_ll_edward_trimble.json
   DRIFT: data/residents/households/hh_ll_elijah_wentworth_sen.json
   DRIFT: data/residents/households/hh_ll_ezekiel_turner.json
   DRIFT: data/residents/households/hh_ll_f_h_morland.json
   DRIFT: data/residents/households/hh_ll_george_e_walker.json
   DRIFT: data/residents/households/hh_ll_george_r_makepiece.json
   DRIFT: data/residents/households/hh_ll_henry_c_west.json
   DRIFT: data/residents/households/hh_ll_j_chester_reid.json
   DRIFT: data/residents/households/hh_ll_j_l_sackett.json
   DRIFT: data/residents/households/hh_ll_jacob_shook.json
   DRIFT: data/residents/households/hh_ll_jacob_van_acker.json
   DRIFT: data/residents/households/hh_ll_james_a_sawyer.json
   DRIFT: data/residents/households/hh_ll_james_mcfadden.json
   DRIFT: data/residents/households/hh_ll_james_r_lawrence.json
   DRIFT: data/residents/households/hh_ll_james_sanderson.json
   DRIFT: data/residents/households/hh_ll_james_vial.json
   DRIFT: data/residents/households/hh_ll_james_wheldon.json
   DRIFT: data/residents/households/hh_ll_jeddiah_wooley.json
   DRIFT: data/residents/households/hh_ll_jesse_morgan.json
   DRIFT: data/residents/households/hh_ll_john_ludb.json
   DRIFT: data/residents/households/hh_ll_john_r_odell.json
   DRIFT: data/residents/households/hh_ll_john_stringer.json
   DRIFT: data/residents/households/hh_ll_john_v_nalla.json
   DRIFT: data/residents/households/hh_ll_joseph_loveland.json
   DRIFT: data/residents/households/hh_ll_joseph_schindler.json
   DRIFT: data/residents/households/hh_ll_judge_silver.json
   DRIFT: data/residents/households/hh_ll_lewis_sperry.json
   DRIFT: data/residents/households/hh_ll_nathan_seymour.json
   DRIFT: data/residents/households/hh_ll_nehemiah_myrick.json
   DRIFT: data/residents/households/hh_ll_niles_rose.json
   DRIFT: data/residents/households/hh_ll_ruel_starr.json
   DRIFT: data/residents/households/hh_ll_s_sherwood.json
   DRIFT: data/residents/households/hh_ll_samuel_kendall.json
   DRIFT: data/residents/households/hh_ll_samuel_olingar.json
   DRIFT: data/residents/households/hh_ll_samuel_shively.json
   DRIFT: data/residents/households/hh_ll_samuel_stout.json
   DRIFT: data/residents/households/hh_ll_samuel_stuart.json
   DRIFT: data/residents/households/hh_ll_seth_wescott.json
   DRIFT: data/residents/households/hh_ll_stephen_may.json
   DRIFT: data/residents/households/hh_ll_thomas_van_vatzah.json
   DRIFT: data/residents/households/hh_ll_d_v_s_torry.json
   DRIFT: data/residents/households/hh_ll_gregory_e_legg.json
   DRIFT: data/residents/households/hh_ll_lewis_doud.json
   DRIFT: data/residents/households/hh_ll_william_power.json
   DRIFT: data/residents/households/hh_ll_alonzo_castle.json
   DRIFT: data/residents/households/hh_ll_eli_benn.json
   DRIFT: data/residents/households/hh_ll_harriet_bradford.json
   DRIFT: data/residents/households/hh_ll_joseph_chandler.json
   DRIFT: data/residents/households/hh_ll_philo_c_mills.json
   DRIFT: data/residents/households/hh_ll_thos_fitzgerald.json
   DRIFT: data/residents/households/hh_ll_alexander_dickinson.json
   DRIFT: data/residents/households/hh_ll_amy_c_wear.json
   DRIFT: data/residents/households/hh_ll_archibald_knox.json
   DRIFT: data/residents/households/hh_ll_austin_parsalls.json
   DRIFT: data/residents/households/hh_ll_chas_h_chapman.json
   DRIFT: data/residents/households/hh_ll_clark_b_albee.json
   DRIFT: data/residents/households/hh_ll_clark_chattin.json
   DRIFT: data/residents/households/hh_ll_comstock_hanford.json
   DRIFT: data/residents/households/hh_ll_constant_abbott.json
   DRIFT: data/residents/households/hh_ll_edward_poor.json
   DRIFT: data/residents/households/hh_ll_elijah_dix.json
   DRIFT: data/residents/households/hh_ll_eliza_pearce.json
   DRIFT: data/residents/households/hh_ll_francis_perry.json
   DRIFT: data/residents/households/hh_ll_franklin_spalding.json
   DRIFT: data/residents/households/hh_ll_geo_a_burlingame.json
   DRIFT: data/residents/households/hh_ll_geo_n_powell.json
   DRIFT: data/residents/households/hh_ll_geo_square.json
   DRIFT: data/residents/households/hh_ll_h_walford.json
   DRIFT: data/residents/households/hh_ll_harrison_granger.json
   DRIFT: data/residents/households/hh_ll_henry_s_misner.json
   DRIFT: data/residents/households/hh_ll_hiram_hovey.json
   DRIFT: data/residents/households/hh_ll_ira_raymore.json
   DRIFT: data/residents/households/hh_ll_jesse_chittenden.json
   DRIFT: data/residents/households/hh_ll_john_baily.json
   DRIFT: data/residents/households/hh_ll_john_kilpatrick.json
   DRIFT: data/residents/households/hh_ll_joshua_hathaway.json
   DRIFT: data/residents/households/hh_ll_lauretta_plimpton.json
   DRIFT: data/residents/households/hh_ll_leonard_morse.json
   DRIFT: data/residents/households/hh_ll_levi_gorton.json
   DRIFT: data/residents/households/hh_ll_lewis_driggs.json
   DRIFT: data/residents/households/hh_ll_mary_meacham.json
   DRIFT: data/residents/households/hh_ll_mary_polk.json
   DRIFT: data/residents/households/hh_ll_michael_nowland.json
   DRIFT: data/residents/households/hh_ll_mons_kimbert.json
   DRIFT: data/residents/households/hh_ll_s_stephens.json
   DRIFT: data/residents/households/hh_ll_nelson_brigham.json
   DRIFT: data/residents/households/hh_ll_orange_chauncy.json
   DRIFT: data/residents/households/hh_ll_orin_jerome.json
   DRIFT: data/residents/households/hh_ll_oscar_l_hawley.json
   DRIFT: data/residents/households/hh_ll_paul_kingston.json
   DRIFT: data/residents/households/hh_ll_peter_schander.json
   DRIFT: data/residents/households/hh_ll_samuel_haviland.json
   DRIFT: data/residents/households/hh_ll_samuel_shaw.json
   DRIFT: data/residents/households/hh_ll_sidney_dyer.json
   DRIFT: data/residents/households/hh_ll_tho_c_webb.json
   DRIFT: data/residents/households/hh_ll_thos_w_donkin.json
   DRIFT: data/residents/households/hh_ll_w_l_d_ewing.json
   DRIFT: data/residents/households/hh_ll_wilson_mcclinton.json
   DRIFT: data/residents/households/hh_ll_wm_teall.json
   DRIFT: data/residents/households/hh_ll_f_plumer.json
   DRIFT: data/residents/households/hh_ll_h_pease.json
   DRIFT: data/residents/households/hh_ll_john_vandine.json
   DRIFT: data/residents/households/hh_ll_loring_delano.json
   DRIFT: data/residents/households/hh_ll_ralph_stowell.json
   DRIFT: data/residents/households/hh_ll_samuel_devoe.json
   DRIFT: data/residents/households/hh_ll_wm_h_frazer.json
   DRIFT: data/residents/households/hh_ll_h_c_shearman.json
   DRIFT: data/residents/households/hh_ll_john_wilson.json
   DRIFT: data/residents/households/hh_ll_lewis_lake.json
   DRIFT: data/residents/households/hh_ll_william_crisey.json
   DRIFT: data/residents/households/hh_ll_william_elliot.json
   DRIFT: data/residents/households/hh_ll_wm_shier.json
   DRIFT: data/residents/households/hh_ll_wm_winson.json
   DRIFT: data/residents/households/hh_ll_a_w_flint.json
   DRIFT: data/residents/households/hh_ll_adam_vandorwerk.json
   DRIFT: data/residents/households/hh_ll_anthony_heere.json
   DRIFT: data/residents/households/hh_ll_david_dickson.json
   DRIFT: data/residents/households/hh_ll_david_groover.json
   DRIFT: data/residents/households/hh_ll_david_p_frame.json
   DRIFT: data/residents/households/hh_ll_dean_farren.json
   DRIFT: data/residents/households/hh_ll_e_dimmick.json
   DRIFT: data/residents/households/hh_ll_e_w_conte.json
   DRIFT: data/residents/households/hh_ll_eben_griswold.json
   DRIFT: data/residents/households/hh_ll_isaac_scarritt.json
   DRIFT: data/residents/households/hh_ll_j_p_converse.json
   DRIFT: data/residents/households/hh_ll_jacob_fake.json
   DRIFT: data/residents/households/hh_ll_james_burk.json
   DRIFT: data/residents/households/hh_ll_james_h_rinhart.json
   DRIFT: data/residents/households/hh_ll_jane_forster.json
   DRIFT: data/residents/households/hh_ll_jesse_b_winn.json
   DRIFT: data/residents/households/hh_ll_john_vandino.json
   DRIFT: data/residents/households/hh_ll_jos_britton.json
   DRIFT: data/residents/households/hh_ll_joshua_provis.json
   DRIFT: data/residents/households/hh_ll_lewis_lafton.json
   DRIFT: data/residents/households/hh_ll_palmer_stearns.json
   DRIFT: data/residents/households/hh_ll_s_c_stimson.json
   DRIFT: data/residents/households/hh_ll_salmon_rutherford.json
   DRIFT: data/residents/households/hh_ll_william_teal.json
   DRIFT: data/residents/households/hh_ll_wm_h_fraser.json
   DRIFT: data/residents/households/hh_ll_wm_p_cleaveland.json
   DRIFT: data/residents/index.json
   741 file(s) differ from what this pass derives
[31m   ^ the minted letter-list residents re-derive from the register failed[0m

[1m== the 75-person real-resident research cohort is fixed[0m
expected 20 richer unplaced records, found 25
[31m   ^ the 75-person real-resident research cohort is fixed failed[0m

[1m== the second non-overlapping 75-person research cohort is fixed[0m
data/research/residents/pass_02_75_cohort.json is stale; regenerate without --gate
[31m   ^ the second non-overlapping 75-person research cohort is fixed failed[0m

[1m== the third non-overlapping 75-person research cohort is fixed[0m
data/research/residents/pass_03_75_cohort.json is stale
[31m   ^ the third non-overlapping 75-person research cohort is fixed failed[0m

[1m== the fourth non-overlapping 75-person research cohort is fixed[0m
resident research pass four: 75 people, committed manifest current

[1m== the fifth non-overlapping 75-person research cohort is fixed[0m
resident research pass five: 75 people, committed manifest current

[1m== all 375 reviewed residents have reproducible research outcomes[0m
resident research reviews: 375 current ({'corroborated_enrichment': 74, 'candidate_identity': 62, 'no_corroboration': 239})

[1m== the letter-list cohort is what the owner's ruling permits[0m
   hh_ll_joshua_hathaway/ll_joshua_hathaway: occupation is 'forwarding_and_commission' — a letter list gives no trade and this pass may not read one in
   hh_ll_myers_frederick/ll_myers_frederick: occupation is 'clerk' — a letter list gives no trade and this pass may not read one in
   hh_ll_samuel_s_lathrop/ll_samuel_s_lathrop: occupation is 'minister' — a letter list gives no trade and this pass may not read one in
   hh_ll_thomas_andrus/ll_thomas_andrus: occupation is 'carpenter' — a letter list gives no trade and this pass may not read one in
   hh_ll_woodworth_james_h/ll_woodworth_james_h: occupation is 'dry_goods_merchant' — a letter list gives no trade and this pass may not read one in
   5 problem(s): the minted letter-list cohort is not what the owner's ruling of 2026-08-30 permits
[31m   ^ the letter-list cohort is what the owner's ruling permits failed[0m

[1m== …and that gate's own assertions still fire when broken[0m
   the committed tree does not pass its own gate; fix that first
[31m   ^ …and that gate's own assertions still fire when broken failed[0m

[1m== the three levels mean what they say[0m
   4759 graded value(s): 216 attested, 496 inferred, 4047 reconstructed
   warn: beaubien_barn attributes.function: attested, and its note contains 'NOT STATED' — worth checking that the phrase is about some other detail and not about this value.
   warn: chicago_lighthouse_1832 attributes.function: attested, and its note contains 'no source' — worth checking that the phrase is about some other detail and not about this value.
   warn: cobweb_castle attributes.cladding: attested, and its note contains 'not stated' — worth checking that the phrase is about some other detail and not about this value.
   warn: council_house attributes.function: attested, and its note contains 'Nothing in' — worth checking that the phrase is about some other detail and not about this value.
   warn: dearborn_street_drawbridge attributes.overall_length_m: attested, and its note contains 'no source' — worth checking that the phrase is about some other detail and not about this value.
   warn: dearborn_street_drawbridge attributes.gallows_frames: attested, and its note contains 'conjectur' — worth checking that the phrase is about some other detail and not about this value.
   warn: dole_warehouse_south footprint: reconstructed, but the note says a source states it — this may be graded too low.
   warn: first_presbyterian_church attributes.cost_usd: attested, and its note contains 'invented' — worth checking that the phrase is about some other detail and not about this value.
   warn: first_presbyterian_church attributes.function: attested, and its note contains 'no source' — worth checking that the phrase is about some other detail and not about this value.
   warn: first_presbyterian_church attributes.occupants: attested, and its note contains 'NO SOURCE' — worth checking that the phrase is about some other detail and not about this value.
   warn: frederick_thomas_shop attributes.function: attested, and its note contains 'conjectur' — worth checking that the phrase is about some other detail and not about this value.
   warn: goss_cobb_saddlery attributes.occupants: attested, and its note contains 'no source' — worth checking that the phrase is about some other detail and not about this value.
   warn: hogan_store attributes.construction: attested, and its note contains 'No source' — worth checking that the phrase is about some other detail and not about this value.
   warn: hogan_store attributes.function: attested, and its note contains 'no source' — worth checking that the phrase is about some other detail and not about this value.
   warn: james_kinzie_house attributes.function: attested, and its note contains 'no source' — worth checking that the phrase is about some other detail and not about this value.
   warn: kinzie_hunter_warehouse attributes.dock: attested, and its note contains 'invented' — worth checking that the phrase is about some other detail and not about this value.
   warn: madore_beaubien_house attributes.construction: attested, and its note contains 'No source' — worth checking that the phrase is about some other detail and not about this value.
   warn: mansion_house attributes.frame_addition: attested, and its note contains 'invented' — worth checking that the phrase is about some other detail and not about this value.
   warn: mansion_house attributes.frame_addition_side: attested, and its note contains 'conjectur' — worth checking that the phrase is about some other detail and not about this value.
   warn: mason_blacksmith_shop attributes.function: attested, and its note contains 'no record' — worth checking that the phrase is about some other detail and not about this value.
   ... and 15 more warning(s)
   every graded value is consistent with what its level means

[1m== data JSON parses[0m
   2042 data file(s) parsed

[1m== every browser-launching tool honours PW_EXECUTABLE[0m
   30 browser-launching tool(s), every one pointable via PW_EXECUTABLE

[1m== the road-band movement report names a band that moved[0m
  ok    R-W1 replay: a band is named at all — 3 row(s)
  ok    R-W1 replay: the WORST band named is south_water 250-600 m, unprompted — desktop/south_water/250-600
  ok    R-W1 replay: it is named as a FALL — fell
  ok    R-W1 replay: the 55-point collapse is in the line — perceptible 71 % → 14 % (-57 points), ΔL* 2.5 → 0.3 (-2.2), ground L* 49.8 → 42.1 (-7.7, exposure)
  ok    R-W1 replay: the exposure drop is reported but does not outrank the collapse — severity 7.3
  ok    R-W1 replay: the two bands that only darkened are NOT called falls — 1 fall(s)
  ok    a band that RECOVERS is reported too, and as a rise — rose
  ok    an unchanged run reports nothing
  ok    jitter under the materiality bar reports nothing
  ok    a newly gated band is named
  ok    a band that stopped being gated is named
  ok    collect banks the gated band
  ok    collect refuses the ungated band

SELF-TEST PASS

[1m== a street's invented line reaches the picture[0m

[1m== a street's geometry confidence reaches the picture (T-0100)[0m
  ok    an invented LINE under an attested surface dithers out — 1 of 1
  ok      ...and drew at FULL confidence before T-0100 — the bug, reproduced — 0
  ok      ...so this test distinguishes the fix from the fault
  ok    an inferred line grades inferred, not attested — 0.5
  ok    a wholly attested street still draws at full confidence
  ok    an invented WEAR still dominates an attested line — the old behaviour is kept
  ok    all three invented is invented
  ok    a record with NO geometry grade is treated as invented, not as attested
  ok    the shipped index carries street records — 19
  ok    every shipped street record carries a geometry grade — 19 of 19
  ok    no shipped street changes grade under the fix — 0 moved of 19
  note  19 of 19 are already pinned at 1 by surface or wear,
        which is WHY nothing moves — a coincidence of the data, not of the layer.

[32mSTREET CONFIDENCE PASS[0m

[1m== a spatial filter still cannot bias the sward's rank deal[0m
arm          slots kept  rank chi2 (df 15)   mix dev /100   p95
none             100.0 %             0.0          0.83   1.25
halfplane         61.6 %             2.0          3.33   6.76
disc              58.8 %             4.1          5.01   8.69
stripe            72.1 %             2.3          3.22   5.91
blind             64.9 %             4.7          4.54   7.78
rank_low          56.3 %        100800.0         60.46  80.42
independent      100.0 %             0.0          5.83   9.90

  ok    the positive control is CAUGHT — a filter that reads rank fails uniformity — chi2 100800.0 > 37.7
  ok    the negative control is NOT caught — an unbiased filter passes — chi2 4.7 < 37.7
  ok    halfplane really does thin the deal — 61.6 % kept
  ok    disc really does thin the deal — 58.8 % kept
  ok    stripe really does thin the deal — 72.1 % kept
  ok    an unfiltered deal is uniform in rank — the baseline the others are read against — chi2 0.0
  ok    the positive control also moves the species mix, not only the histogram — 60.46 > 0.83 per 100
  ok    an UNFILTERED stratified deal beats an independent one — the benefit exists at all — 0.83 < 5.83 per 100
  ok    halfplane costs precision without losing all of it — the alternative to bias — 0.83 < 3.33 < 5.83
  ok    disc costs precision without losing all of it — the alternative to bias — 0.83 < 5.01 < 5.83
  ok    stripe costs precision without losing all of it — the alternative to bias — 0.83 < 3.22 < 5.83

SELF-TEST PASS

[1m== the smoke's change-to-parts map still matches the tree[0m
smoke budget self-test: the map covers all 13 parts, 75 patterns all exist, the renumbering holds

[1m== the newspaper corpus resolves, and nothing under data/research/ is published[0m
  ok    86 issues, 2 publications, deposit absent (this branch has no deposit)
  ok    23 derived text file(s) present and matching their sha256
  note  66 deposit-held text path(s) not resolvable here — they are on `main` (T-0275)

[1m== …and its own assertions still fire when broken[0m
  ok    every corpus assertion fires when broken (11 cases)

[1m== the .docx extractor is deterministic and keeps its uncertainty brackets[0m
docx_text self-test OK — deterministic, 154 chars, markers preserved

[1m== every newspaper claim resolves, quotes verbatim, and the gazetteer is compiled[0m
  ok    86 extraction file(s), 1168 claim(s), deposit absent (this branch has no deposit)
  ok    237 quote(s) reassembled from the transcription and identical
  ok    2630 person(s), 4 place(s), 206 business(es), compile deterministic and committed
  ok    225 declared identity merge(s): 177 person, 40 firm, 1 place, 7 proprietor — each one carrying its reason
  ok    5 name(s) declared a place rather than a person, each with its reason and none of them letter-list-only
  ok    4 house(s) hold two proprietors of one surname apart, each with the sentence that tells them apart
  ok    320 placement reading(s) kept with their own dates, 60 house(s) printed with more than one, 1 whose anchor CHANGES on a date — every reading of those accounted for, the live one computed from the scene date
  ok    23 firm group(s) refused rather than merged, each naming the printings the refusal rests on
  ok    86 issue(s) inside 19 declared coverage range(s), none missing
  ok    22 transcription(s) resolve their columns, 66 unreadable here, 1 unsegmented by nature
  note  931 claim(s) cite deposit-held text not readable here — it is on `main` (T-0275), so their quotes are checked there

[1m== …and its own assertions still fire when broken[0m
  ok    every gazetteer assertion fires when broken (104 cases), and all
        seven marker dialects resolve

[1m== the American's four self-contradictions still read as declared[0m
  ok    4 American contradiction(s) still read as declared, and the Democrat still settles none of the three it is silent on

[1m== …and its own assertions still fire when broken[0m
  ok    a printing that has stopped existing
  ok    a printing that has moved column
  ok    a reading that no longer reads that way
  ok    a disagreement that has collapsed
  ok    an unresolved street that has resolved
  ok    the Democrat turning out to carry the address after all
  ok    a corroboration that has gone
  ok    a transcription line that has drifted

  SELF-TEST PASS — 8/8 assertions fire when broken

[1m== the scene-date register re-derives, and every action names its target[0m
  FAIL  chicago/4d/data/research/newspapers/register_1835.json is not what a rebuild produces — run tools/compile_register.py --build and commit the result
[31m   ^ the scene-date register re-derives, and every action names its target failed[0m

[1m== …and its own assertions still fire when broken[0m
  ok    53 self-test case(s)

[1m== the street-face adoptions re-derive, and no adopted business claims a lot[0m
  ok    58 street-only business(es): 35 adopted a street face, 23 wait; no adoption claims a lot
  ok    76 unplaceable business(es) stand outside this policy (T-0354 half two)

[1m== …and its own assertions still fire when broken[0m
  fires: a record that grows a lot field
  fires: a record that fills the lot field it declares
  fires: a record that stops declaring `claims_lot: false`
  fires: a record that makes its order a claim
  fires: an adoption on a roof this project does not hold
  fires: an adoption on a roof that does not front its street
  fires: a corner adoption that calls itself a lot front
  fires: an adoption reaching its street only by the declined centreline band
  fires: two businesses on one roof
  fires: an adoption citing no printing of its street
  fires: a business seated in a yard building
  fires: a business seated in a roof the inferred-household layer holds
  ok:    every adoptable roof reads `reconstructed` from its own phase (245 roofs), which is what limit 2 re-reads
SELF-TEST PASS — all four limits, both halves of both roof refusals and both edges of the 2026-08-30 face ruling fire when broken (12 cases)

[1m== an ordinal off a corner places a position and claims no lot[0m
   4 assertions fire: the reading and the declaration agree, the declaration is well formed, it bars no lot, and the metres are admitted

[1m== …and its own assertions still fire when broken[0m
  fires: a declaration that has stopped saying `claims_lot: false`
  fires: a declaration that has filled the lot it declares
  fires: a placement rule outside the vocabulary
  fires: a declaration with no reason on it
  fires: a record that has grown a lot field under another name
  fires: …and the well-formed record is silent
  fires: an ordinal placement whose record declares nothing
  fires: a declaration no ordinal reading places
  fires: …and a business not built yet is reported, not failed
  fires: a lot barred BECAUSE a no-lot-claim record stands on it
  fires: …and a lot held only by declaring records is conceded, not failed
  fires: a declaration that FREES a lot the town bars without it
  fires: an ordinal placement graded `attested`
  fires: an ordinal placement no liberty admits
  fires: …and the admitted, inferred record is silent
SELF-TEST PASS — 16 case(s)

[1m== …and the ledger that spends them into the roofs refuses every way one could lie[0m
  fires: an adoption that claims a lot — business_a_filer_co does not declare `lot: null, claims_lot: false` — 
  fires: an adoption whose order has become a claim — business_a_filer_co makes its order on the face a claim
  fires: an adoption citing no printing of its street — business_a_filer_co cites no printing of its street
  fires: an adoption on a roof outside the anonymous layer — business_a_filer_co adopts 'green_tree_tavern', which is not an anonym
  fires: two businesses on one roof — business_a_garrett is the second business on recon_1835_blk_south_wate
  fires: a claim id that names no corpus source — the adoption cites 'the_tribune_1871#c1', which names no corpus source
  fires: an adoption on the centreline band the owner declined — business_a_filer_co took 'centreline band', which is not a face the ru
  ok:    104 inferred-household roof(s) and 35 street-face adoption(s) share none
  ok:    every street-face adoption is graded `reconstructed`, because the invented part is which roof and not which business
SELF-TEST PASS — the ledger refuses every way an adoption could lie (7 cases)

[31mCHECK FAIL[0m — fix the above before committing
